p,sigma_phys,seed,realization,route,shape_y,shape_x,margin_px,k0_px,sigma_px,n_pred_discrete_px,n_pred_continuum_px,n_meas_px,n_plus_px,n_minus_px,ratio_discrete,ratio_continuum,fd_pred_px,fft_pred_px,charge_imbalance,zero_fraction,edge_phase_abs_mean,edge_phase_abs_p95,edge_phase_abs_p99,edge_phase_frac_gt_0.9pi,edge_phase_frac_gt_0.99pi,edge_phase_max,contour_px,contour_naive_px,contour_ratio_discrete,contour_ratio_continuum,shift_half_density_px,shift_irregular_density_px,shift_half_rel_delta,shift_irregular_rel_delta,rng_provenance
4,0.1,42,0,certified,128,128,4,1.5707963267948966,0.1,0.19873686499574048,0.1987368649957405,0.2028105359790975,0.10168773391709625,0.10112280206200128,1.0204978124387962,1.020497812438796,0.1662098612024977,0.194701487200622,0.002785515320334225,0.0,1.080803759437193,2.759634030931289,3.0676156584742853,0.041369340551181105,0.00452140748031496,3.141549145889575,0.19659628557305275,0.44417767106842737,0.9892290772387217,0.9892290772387216,0.20139820634136008,0.20273991949721065,0.006963788300835597,0.0003481894150417183,
4,0.1,42,1,certified,128,128,4,1.5707963267948966,0.1,0.19873686499574048,0.1987368649957405,0.20478779747192996,0.10225266577219123,0.10253513169973871,1.0304469554570017,1.0304469554570017,0.16624749947235293,0.1951922383258908,0.001379310344827534,0.0,1.0827573348134358,2.770537409582928,3.070200314075622,0.04210752952755906,0.004490649606299212,3.1414890758160463,0.19998587670362264,0.44679048089824164,1.006284750984217,1.0062847509842168,0.2028105359790975,0.20146882282324693,0.009655172413793212,0.01620689655172425,
4,0.1,42,2,certified,128,128,4,1.5707963267948966,0.1,0.19873686499574048,0.1987368649957405,0.2064825930372149,0.1031000635548337,0.10338252948238119,1.0389747923297494,1.0389747923297492,0.17005986063527412,0.1995287028588553,0.0013679890560875667,0.0,1.0849836604537586,2.7893945455408473,3.07290713173784,0.04462967519685039,0.00452140748031496,3.1413576186974272,0.20062142504060448,0.4478497281265447,1.0094826898114972,1.009482689811497,0.20556457877268555,0.2056351952545724,0.004445964432284524,0.0041039671682627,
4,0.1,42,3,certified,128,128,4,1.5707963267948966,0.1,0.19873686499574048,0.1987368649957405,0.20161005578702068,0.10062848668879316,0.10098156909822753,1.0144572613206,1.0144572613205998,0.16918553321399374,0.19828220105322364,0.0017513134851138553,0.0,1.0826625354819708,2.780070203549996,3.067711039687199,0.04413754921259842,0.004090797244094488,3.1413262670463054,0.19497210648965468,0.4466492479344679,0.9810565669023386,0.9810565669023383,0.2031636183885319,0.20104512393192572,0.007705779334500963,0.002802101576182031,
4,0.1,42,4,certified,128,128,4,1.5707963267948966,0.1,0.19873686499574048,0.1987368649957405,0.20535272932702492,0.10302944707294683,0.10232328225407811,1.0332895677479175,1.0332895677479175,0.17023122223021273,0.19965639221869053,0.0034387895460797516,0.0,1.0814847143912472,2.7722451507044825,3.0637065578694465,0.042415108267716536,0.004183070866141733,3.141454067165312,0.19906786243909327,0.44530753477861734,1.0016655060114785,1.0016655060114783,0.2028105359790975,0.20175128875079443,0.012379642365887213,0.017537826685006874,
4,0.1,42,5,certified,128,128,4,1.5707963267948966,0.1,0.19873686499574048,0.1987368649957405,0.20168067226890757,0.10069910317068004,0.10098156909822753,1.0148125878569645,1.0148125878569643,0.16335528418476244,0.19176323662501848,0.0014005602240896517,0.0,1.0812969487771291,2.7762984028996396,3.0653625276978884,0.04266117125984252,0.003844734251968504,3.141141554557206,0.19659628557305275,0.44601369959748605,0.9892290772387217,0.9892290772387216,0.20161005578702068,0.20365793376174,0.0003501400560224817,0.009803921568627425,
4,0.1,42,6,certified,128,128,4,1.5707963267948966,0.1,0.19873686499574048,0.1987368649957405,0.2028811524609844,0.1010521855801144,0.10182896688087,1.0208531389751607,1.0208531389751605,0.1744512269987842,0.20520525074517773,0.0038287504350852514,0.0,1.0808626525163811,2.762680331239767,3.062301893285155,0.04112327755905512,0.003937007874015748,3.1401772798204144,0.19716121742814774,0.44424828755031426,0.9920716895296375,0.9920716895296374,0.20521149636325117,0.20408163265306123,0.011486251305255754,0.005917159763313608,
4,0.1,42,7,certified,128,128,4,1.5707963267948966,0.1,0.19873686499574048,0.1987368649957405,0.2008332744862651,0.10034602076124567,0.10048725372501942,1.0105486694205905,1.0105486694205905,0.17303691698376744,0.2025988975727182,0.0007032348804500783,0.0,1.0866444438654173,2.788668081281257,3.0758457517461877,0.04401451771653543,0.0044598917322834645,3.1411045821604135,0.19299484499682226,0.4417060942023868,0.971107423884133,0.9711074238841328,0.2033754678341925,0.20478779747192996,0.01265822784810127,0.019690576652602054,
4,0.1,7,0,certified,128,128,4,1.5707963267948966,0.1,0.19873686499574048,0.1987368649957405,0.20556457877268555,0.10295883059105995,0.10260574818162559,1.034355547357011,1.034355547357011,0.1650622029742305,0.19331754902657297,0.0017176228100309367,0.0,,,,,,,,,,,0.20789492267495233,0.2084598545300473,0.011336310546203978,0.014084507042253478,
4,0.1,7,1,certified,128,128,4,1.5707963267948966,0.1,0.19873686499574048,0.1987368649957405,0.20062142504060448,0.10006355483369818,0.10055787020690629,1.0094826898114972,1.009482689811497,0.16658732403944446,0.19522451100019608,0.002463921154523083,0.0,,,,,,,,,,,0.20146882282324693,0.2033754678341925,0.004223864836325147,0.01372756071805697,
4,0.1,7,2,certified,128,128,4,1.5707963267948966,0.1,0.19873686499574048,0.1987368649957405,0.20146882282324693,0.10112280206200128,0.10034602076124567,1.013746608247871,1.0137466082478708,0.17451281459227028,0.205175074045623,0.003855590606379294,0.0,,,,,,,,,,,0.203093001906645,0.20217498764211567,0.00806168944970209,0.0035050823694357217,
4,0.1,7,3,certified,128,128,4,1.5707963267948966,0.1,0.19873686499574048,0.1987368649957405,0.2023162206058894,0.10091095261634066,0.10140526798954876,1.0180105266842447,1.0180105266842447,0.16995928531966378,0.1995645054997423,0.00244328097731235,0.0,,,,,,,,,,,0.2023868370877763,0.20252807005155002,0.0003490401396161284,0.0010471204188481108,
4,0.1,7,4,certified,128,128,4,1.5707963267948966,0.1,0.19873686499574048,0.1987368649957405,0.19963279429418826,0.0997810889061507,0.09985170538803757,1.0045081183023945,1.0045081183023943,0.1615862810220519,0.18901951016967086,0.0003537318712416029,0.0,,,,,,,,,,,0.1995621778123014,0.19998587670362264,0.0003537318712415334,0.001768659356208084,
4,0.1,7,5,certified,128,128,4,1.5707963267948966,0.1,0.19873686499574048,0.1987368649957405,0.2028811524609844,0.10189958336275687,0.10098156909822753,1.0208531389751607,1.0208531389751605,0.17089145175726847,0.200823002432862,0.004524886877828037,0.0,,,,,,,,,,,0.20182190523268131,0.20394039968928748,0.0052210233205708225,0.0052210233205708225,
4,0.1,7,6,certified,128,128,4,1.5707963267948966,0.1,0.19873686499574048,0.1987368649957405,0.20676505896476238,0.10338252948238119,0.10338252948238119,1.0403960984752072,1.0403960984752072,0.1676316727101648,0.1964666858862388,0.0,0.0,,,,,,,,,,,0.20577642821834616,0.20485841395381682,0.004781420765027376,0.009221311475409872,
4,0.1,7,7,certified,128,128,4,1.5707963267948966,0.1,0.19873686499574048,0.1987368649957405,0.20189252171456817,0.10119341854388815,0.10069910317068004,1.0158785674660578,1.0158785674660578,0.17011444150098912,0.19965953797261893,0.0024484085344526336,0.0,,,,,,,,,,,0.20048019207683074,0.2033754678341925,0.006995452955578816,0.007345225603357832,
4,0.1,123,0,certified,128,128,4,1.5707963267948966,0.1,0.19873686499574048,0.1987368649957405,0.20161005578702068,0.10055787020690629,0.1010521855801144,1.0144572613206,1.0144572613205998,0.16945241610928713,0.198643108534092,0.002451838879159397,0.0,,,,,,,0.1941953251888991,0.4422710260574818,0.9771479750023292,0.9771479750023291,,,,,
4,0.1,123,1,certified,128,128,4,1.5707963267948966,0.1,0.19873686499574048,0.1987368649957405,0.20422286561683498,0.10211143280841749,0.10211143280841749,1.027604343166086,1.0276043431660857,0.1672635738750741,0.19604790134543723,0.0,0.0,,,,,,,0.1969493679824871,0.4427653414306899,0.991005709920544,0.9910057099205439,,,,,
4,0.1,123,2,certified,128,128,4,1.5707963267948966,0.1,0.19873686499574048,0.1987368649957405,0.2033754678341925,0.10197019984464374,0.10140526798954876,1.023340424729712,1.023340424729712,0.1646169418705128,0.1931287544617998,0.002777777777777809,0.0,,,,,,,0.19659628557305275,0.4413530117929525,0.9892290772387217,0.9892290772387216,,,,,
4,0.1,123,3,certified,128,128,4,1.5707963267948966,0.1,0.19873686499574048,0.1987368649957405,0.19793799872890333,0.09893369112350822,0.0990043076053951,0.9959802814296469,0.9959802814296467,0.1672321618219303,0.1959164887742114,0.00035676061362825944,0.0,,,,,,,0.19278299555116163,0.44142362827483933,0.9700414442750395,0.9700414442750394,,,,,
4,0.1,123,4,certified,128,128,4,1.5707963267948966,0.1,0.19873686499574048,0.1987368649957405,0.19970341077607515,0.09985170538803757,0.09985170538803757,1.004863444838759,1.0048634448387588,0.1763715007339599,0.20748799619867642,0.0,0.0,,,,,,,0.19532518889908904,0.44657863145258103,0.9828331995841609,0.9828331995841607,,,,,
4,0.1,123,5,certified,128,128,4,1.5707963267948966,0.1,0.19873686499574048,0.1987368649957405,0.19906786243909327,0.09971047242426383,0.09935739001482946,1.0016655060114785,1.0016655060114783,0.16910613605085584,0.1982379365765165,0.0017736786094359903,0.0,,,,,,,0.19377162629757785,0.4428359579125768,0.9750160157841423,0.9750160157841422,,,,,
4,0.1,123,6,certified,128,128,4,1.5707963267948966,0.1,0.19873686499574048,0.1987368649957405,0.1959607372360709,0.09780382741331826,0.09815690982275263,0.9860311384114413,0.9860311384114412,0.16997551024889415,0.19920192583981453,0.001801801801801822,0.0,,,,,,,0.1900995692394605,0.43951698326389377,0.9565390358931892,0.9565390358931891,,,,,
4,0.1,123,7,certified,128,128,4,1.5707963267948966,0.1,0.19873686499574048,0.1987368649957405,0.203093001906645,0.10161711743520938,0.10147588447143563,1.021919118584254,1.021919118584254,0.17236579907383495,0.20249290182080967,0.0006954102920723306,0.0,,,,,,,0.19737306687380834,0.44375397217710616,0.9931376691387309,0.9931376691387308,,,,,
4,0.1,2023,0,certified,128,128,4,1.5707963267948966,0.1,0.19873686499574048,0.1987368649957405,0.2033754678341925,0.10211143280841749,0.10126403502577501,1.023340424729712,1.023340424729712,0.16835189524353147,0.19735253737184752,0.0041666666666667134,0.0,,,,,,,,,,,0.20019772614928324,0.20295176894287126,0.015624999999999972,0.0020833333333333567,
4,0.1,2023,1,certified,128,128,4,1.5707963267948966,0.1,0.19873686499574048,0.1987368649957405,0.2021043711602288,0.10076971965256691,0.10133465150766188,1.0169445470751515,1.0169445470751513,0.16740827273619457,0.19652729602682653,0.002795248078266909,0.0,,,,,,,,,,,0.2023162206058894,0.20111574041381258,0.001048218029350048,0.004891684136967211,
4,0.1,2023,2,certified,128,128,4,1.5707963267948966,0.1,0.19873686499574048,0.1987368649957405,0.2038697832074006,0.10211143280841749,0.10175835039898312,1.0258277104842635,1.0258277104842632,0.1668393110757793,0.1957209273699198,0.00173190162798755,0.0,,,,,,,,,,,0.20443471506249558,0.20358731727985313,0.00277104260478008,0.001385521302389904,
4,0.1,2023,3,certified,128,128,4,1.5707963267948966,0.1,0.19873686499574048,0.1987368649957405,0.19935032836664077,0.09992232186992445,0.09942800649671633,1.0030868121569365,1.0030868121569363,0.17440426472235449,0.2049102980593894,0.0024796315975912434,0.0,,,,,,,,,,,0.203093001906645,0.20273991949721065,0.018774353524619203,0.017003188097768386,
4,0.1,2023,4,certified,128,128,4,1.5707963267948966,0.1,0.19873686499574048,0.1987368649957405,0.2013275898594732,0.10034602076124567,0.10098156909822753,1.013035955175142,1.0130359551751418,0.16512036447639208,0.19317344660268435,0.00315678709224837,0.0,,,,,,,,,,,0.20153943930513382,0.20111574041381258,0.001052262364082859,0.001052262364082721,
4,0.1,2023,5,certified,128,128,4,1.5707963267948966,0.1,0.19873686499574048,0.1987368649957405,0.20104512393192572,0.10062848668879316,0.10041663724313254,1.0116146490296842,1.011614649029684,0.17306378907525616,0.20265497434011318,0.0010537407797681889,0.0,,,,,,,,,,,0.20104512393192572,0.20111574041381258,0.0,0.0003512469265893273,
4,0.1,2023,6,certified,128,128,4,1.5707963267948966,0.1,0.19873686499574048,0.1987368649957405,0.2056351952545724,0.1028175976272862,0.1028175976272862,1.0347108738933755,1.0347108738933752,0.17261436017448284,0.20246950113996348,0.0,0.0,,,,,,,,,,,0.20422286561683498,0.20365793376174,0.006868131868131811,0.00961538461538459,
4,0.1,2023,7,certified,128,128,4,1.5707963267948966,0.1,0.19873686499574048,0.1987368649957405,0.2023868370877763,0.10069910317068004,0.10168773391709625,1.0183658532206092,1.0183658532206092,0.16741244794471138,0.19616821789713648,0.004884856943475213,0.0,,,,,,,,,,,0.20062142504060448,0.2023162206058894,0.008722958827634363,0.00034891835310544585,
4,0.1,314159,0,certified,128,128,4,1.5707963267948966,0.1,0.19873686499574048,0.1987368649957405,0.20478779747192996,0.10232328225407811,0.10246451521785184,1.0304469554570017,1.0304469554570017,0.1679332248746577,0.19722196474580514,0.0006896551724137331,0.0,,,,,,,0.19829108113833768,0.4434008897676718,0.9977569141114692,0.997756914111469,,,,,
4,0.1,314159,1,certified,128,128,4,1.5707963267948966,0.1,0.19873686499574048,0.1987368649957405,0.19913847892098016,0.09963985594237695,0.09949862297860321,1.002020832547843,1.002020832547843,0.164226522723981,0.1926340075778854,0.0007092198581560363,0.0,,,,,,,0.19299484499682226,0.4412117788291787,0.971107423884133,0.9711074238841328,,,,,
4,0.1,314159,2,certified,128,128,4,1.5707963267948966,0.1,0.19873686499574048,0.1987368649957405,0.20069204152249134,0.10069910317068004,0.09999293835181132,1.0098380163478617,1.0098380163478615,0.16829119918450103,0.19722122585387505,0.003518648838845854,0.0,,,,,,,0.19426594167078595,0.43930513381823316,0.9775033015386937,0.9775033015386935,,,,,
4,0.1,314159,3,certified,128,128,4,1.5707963267948966,0.1,0.19873686499574048,0.1987368649957405,0.2000564931855095,0.10013417131558505,0.09992232186992445,1.0066400775205813,1.0066400775205813,0.16481920031676778,0.1929740843892514,0.001058948111542477,0.0,,,,,,,0.19398347574323846,0.44608431607937293,0.9760819953932357,0.9760819953932356,,,,,
4,0.1,314159,4,certified,128,128,4,1.5707963267948966,0.1,0.19873686499574048,0.1987368649957405,0.19716121742814774,0.09872184167784762,0.09843937575030012,0.9920716895296375,0.9920716895296374,0.1741558186416618,0.20474509059955623,0.0014326647564470076,0.0,,,,,,,0.1908057340583292,0.4461549325612598,0.960092301256834,0.9600923012568339,,,,,
4,0.1,314159,5,certified,128,128,4,1.5707963267948966,0.1,0.19873686499574048,0.1987368649957405,0.20401101617117434,0.10204081632653061,0.10197019984464374,1.0265383635569922,1.0265383635569922,0.17302098332731625,0.20361978273289819,0.00034614053305642484,0.0,,,,,,,0.19744368335569523,0.44453075347786175,0.9934929956750955,0.9934929956750954,,,,,
4,0.1,314159,6,certified,128,128,4,1.5707963267948966,0.1,0.19873686499574048,0.1987368649957405,0.20196313819645506,0.10069910317068004,0.10126403502577501,1.0162338940024225,1.0162338940024223,0.1666864104312711,0.19555298830184634,0.00279720279720276,0.0,,,,,,,0.19687875150060025,0.44608431607937293,0.9906503833841797,0.9906503833841794,,,,,
4,0.1,314159,7,certified,128,128,4,1.5707963267948966,0.1,0.19873686499574048,0.1987368649957405,0.20768307322929172,0.10366499540992868,0.10401807781936304,1.0450153434479454,1.0450153434479454,0.16574207265212804,0.1936625147679128,0.0017001020061203195,0.0,,,,,,,0.20040957559494385,0.4477791116446579,1.0084167102024038,1.0084167102024035,,,,,
4,0.1,271828,0,certified,128,128,4,1.5707963267948966,0.1,0.19873686499574048,0.1987368649957405,0.20252807005155002,0.10084033613445378,0.10168773391709625,1.0190765062933382,1.019076506293338,0.16570817722633133,0.19418893281607263,0.004184100418410021,0.0,,,,,,,,,,,,,,,
4,0.1,271828,1,certified,128,128,4,1.5707963267948966,0.1,0.19873686499574048,0.1987368649957405,0.20803615563872607,0.10401807781936304,0.10401807781936304,1.046791976129768,1.0467919761297677,0.16767293157550883,0.1968306204478498,0.0,0.0,,,,,,,,,,,,,,,
4,0.1,271828,2,certified,128,128,4,1.5707963267948966,0.1,0.19873686499574048,0.1987368649957405,0.1992797118847539,0.09921615705105571,0.10006355483369818,1.002731485620572,1.0027314856205718,0.165022972130155,0.19357680218851123,0.004252303330970921,0.0,,,,,,,,,,,,,,,
4,0.1,271828,3,certified,128,128,4,1.5707963267948966,0.1,0.19873686499574048,0.1987368649957405,0.20076265800437823,0.10013417131558505,0.10062848668879316,1.0101933428842262,1.010193342884226,0.1724639719379483,0.20263718722401128,0.0024621878297573264,0.0,,,,,,,,,,,,,,,
4,0.1,271828,4,certified,128,128,4,1.5707963267948966,0.1,0.19873686499574048,0.1987368649957405,0.20196313819645506,0.10098156909822753,0.10098156909822753,1.0162338940024225,1.0162338940024223,0.1763768143363889,0.20738042979032795,0.0,0.0,,,,,,,,,,,,,,,
4,0.1,271828,5,certified,128,128,4,1.5707963267948966,0.1,0.19873686499574048,0.1987368649957405,0.2023162206058894,0.1015465009533225,0.10076971965256691,1.0180105266842447,1.0180105266842447,0.170329765861438,0.20014465714512455,0.003839441535776589,0.0,,,,,,,,,,,,,,,
4,0.1,271828,6,certified,128,128,4,1.5707963267948966,0.1,0.19873686499574048,0.1987368649957405,0.2023162206058894,0.10091095261634066,0.10140526798954876,1.0180105266842447,1.0180105266842447,0.17046092988539974,0.20012833324059554,0.00244328097731235,0.0,,,,,,,,,,,,,,,
4,0.1,271828,7,certified,128,128,4,1.5707963267948966,0.1,0.19873686499574048,0.1987368649957405,0.20182190523268131,0.10055787020690629,0.10126403502577501,1.0155232409296935,1.0155232409296933,0.16340779858647625,0.19165100932474458,0.003498950314905499,0.0,,,,,,,,,,,,,,,
6,0.1,42,0,certified,192,192,4,1.0471975511965976,0.06666666666666667,0.08832749555366244,0.08832749555366244,0.089432350921198,0.04488040849234077,0.04455194242885724,1.0125086232844032,1.0125086232844032,0.08328693708476635,0.08941167847523651,0.0036727879799665947,0.0,0.7367704861342762,2.3520301958952654,2.9711501341907023,0.018106457242582898,0.0018542757417102968,3.1414145106450913,0.08886500044790827,0.21374182567410194,1.006085363236856,1.006085363236856,0.08961151422855265,0.08949207202364956,0.002003338898163583,0.0006677796327212977,
6,0.1,42,1,certified,192,192,4,1.0471975511965976,0.06666666666666667,0.08832749555366244,0.08832749555366244,0.08889486099913405,0.04443250022395413,0.04446236077517991,1.006423429555148,1.006423429555148,0.08344921452626028,0.08950258885201184,0.0003359086328519124,0.0,0.7345957115455248,2.3649492789406947,2.973798933526249,0.018788176265270507,0.0022087696335078536,3.1411219320272346,0.08826778942339275,0.21642927528442174,0.9993240368710169,0.9993240368710169,0.0882080683209412,0.08814834721848966,0.007725898555592893,0.008397715821296562,
6,0.1,42,2,certified,192,192,4,1.0471975511965976,0.06666666666666667,0.08832749555366244,0.08832749555366244,0.09089551793126101,0.045477619516856284,0.04541789841440473,1.029073872880709,1.029073872880709,0.08179888619536745,0.08779421456816769,0.0006570302233902939,0.0,0.7349738182132197,2.3608966218554803,2.980403010309493,0.019469895287958117,0.001949716404886562,3.141284659351933,0.09020872525306817,0.21589178536235779,1.021298347559994,1.021298347559994,0.09110454178984144,0.09083579682880946,0.00229960578186599,0.0006570302233902174,
6,0.1,42,3,certified,192,192,4,1.0471975511965976,0.06666666666666667,0.08832749555366244,0.08832749555366244,0.08767057839887725,0.043954731404341724,0.04371584699453552,0.992562710505178,0.992562710505178,0.08409227120665032,0.09036079822501261,0.00272479564032697,0.0,0.7343233731379184,2.3549350696005,2.974314146942974,0.0184473167539267,0.001963350785340314,3.1415382014227284,0.0868643435157813,0.21436889724984323,0.9834349199112952,0.9834349199112952,0.08743169398907104,0.08829764997461853,0.002724795640327049,0.007152588555858227,
6,0.1,42,4,certified,192,192,4,1.0471975511965976,0.06666666666666667,0.08832749555366244,0.08832749555366244,0.0900594224969393,0.04499985069724387,0.04505957179969542,1.0196080159685343,1.0196080159685343,0.08091664919761707,0.08680641951607988,0.000663129973474819,0.0,0.7353153264384562,2.3585885185283986,2.9683361849971805,0.01874727312390925,0.0017588350785340313,3.1415178614907804,0.08898444265281137,0.21233837976649048,1.007437628510024,1.007437628510024,0.0900594224969393,0.09023858580429395,0.0,0.00198938992042438,
6,0.1,42,5,certified,192,192,4,1.0471975511965976,0.06666666666666667,0.08832749555366244,0.08832749555366244,0.09062677297022903,0.04538803786317895,0.04523873510705008,1.0260312760160815,1.0260312760160815,0.07899917061193797,0.08481619879430168,0.001647446457990045,0.0,0.7353715936278836,2.364361532536704,2.9759201576539223,0.01912903577661431,0.0018133726003490402,3.1415218423307336,0.08999970139448774,0.21687718355280838,1.0189318833319503,1.0189318833319503,0.08979067753590732,0.09026844635551973,0.00922570016474459,0.003953871499176231,
6,0.1,42,6,certified,192,192,4,1.0471975511965976,0.06666666666666667,0.08832749555366244,0.08832749555366244,0.09026844635551973,0.04502971124846965,0.04523873510705008,1.021974480196578,1.021974480196578,0.08270311903409837,0.08883956935193366,0.0023155805491234115,0.0,0.7349908217215907,2.361256627837984,2.975982098742714,0.019483529668411867,0.0020587914485165793,3.1415049719594665,0.08970109588222999,0.21535429544029383,1.0155512201490309,1.0155512201490309,0.09032816745797127,0.09065663352145481,0.0006615944426066232,0.004300363876943435,
6,0.1,42,7,certified,192,192,4,1.0471975511965976,0.06666666666666667,0.08832749555366244,0.08832749555366244,0.08874555824300516,0.04437277912150258,0.04437277912150258,1.0047330979636881,1.0047330979636881,0.08442729941959494,0.09060902602010172,0.0,0.0,0.7353943652093649,2.3593747311762243,2.9728854778070692,0.01861092931937173,0.0016906631762652704,3.1415243841682705,0.08770043895010302,0.21598136701603513,0.9929007768234699,0.9929007768234699,0.0891934665113918,0.08928304816506913,0.005047106325706693,0.006056527590848001,
6,0.1,7,0,certified,192,192,4,1.0471975511965976,0.06666666666666667,0.08832749555366244,0.08832749555366244,0.08823792887216698,0.0441040341604706,0.044133894711696375,0.9989859705527251,0.9989859705527251,0.0845707663428215,0.09075107991278945,0.0003384094754652829,0.0,,,,,,,,,,,0.08916360596016602,0.08859625548687629,0.010490693739424635,0.004060913705583709,
6,0.1,7,1,certified,192,192,4,1.0471975511965976,0.06666666666666667,0.08832749555366244,0.08832749555366244,0.08701364627191017,0.04341724148227776,0.04359640478963241,0.9851252515027549,0.9851252515027549,0.08337200693656212,0.08945695107929161,0.0020590253946465103,0.0,,,,,,,,,,,0.08644629579862044,0.08629699304249157,0.006520247083047335,0.008236101578586041,
6,0.1,7,2,certified,192,192,4,1.0471975511965976,0.06666666666666667,0.08832749555366244,0.08832749555366244,0.09185105557048583,0.04595538833646869,0.04589566723401714,1.0398919950660515,1.0398919950660515,0.08314785634252114,0.08936485127006923,0.000650195058517573,0.0,,,,,,,,,,,0.09170175281435695,0.09179133446803428,0.0016254876462938191,0.0006501950585174974,
6,0.1,7,3,certified,192,192,4,1.0471975511965976,0.06666666666666667,0.08832749555366244,0.08832749555366244,0.08892472155035983,0.04467138463376034,0.04425333691659948,1.00676149587344,1.00676149587344,0.08037046033953363,0.08617928101891117,0.004701141705842819,0.0,,,,,,,,,,,0.08979067753590732,0.08949207202364956,0.009738079247817317,0.006380120886500985,
6,0.1,7,4,certified,192,192,4,1.0471975511965976,0.06666666666666667,0.08832749555366244,0.08832749555366244,0.08850667383319896,0.04437277912150258,0.044133894711696375,1.0020285674173526,1.0020285674173526,0.0812761548505295,0.08719690721014113,0.0026990553306342727,0.0,,,,,,,,,,,0.08859625548687629,0.08862611603810207,0.0010121457489878426,0.0013495276653171756,
6,0.1,7,5,certified,192,192,4,1.0471975511965976,0.06666666666666667,0.08832749555366244,0.08832749555366244,0.09047747021410016,0.045328316760727405,0.045149153453372746,1.0243409444246216,1.0243409444246216,0.08214331250428855,0.08816689241042332,0.001980198019802034,0.0,,,,,,,,,,,0.08964137477977843,0.09026844635551973,0.009240924092409338,0.0023102310231023345,
6,0.1,7,6,certified,192,192,4,1.0471975511965976,0.06666666666666667,0.08832749555366244,0.08832749555366244,0.09038788856042282,0.045119292902146974,0.04526859565827585,1.0233267454697457,1.0233267454697457,0.08187314651133862,0.08795695740511637,0.001651800462504136,0.0,,,,,,,,,,,0.08928304816506913,0.08925318761384335,0.012223323422530468,0.012553683515031342,
6,0.1,7,7,certified,192,192,4,1.0471975511965976,0.06666666666666667,0.08832749555366244,0.08832749555366244,0.09002956194571352,0.04499985069724387,0.04502971124846965,1.0192699496502422,1.0192699496502422,0.08172892531102434,0.08769573080081128,0.0003316749585406777,0.0,,,,,,,,,,,0.0907760757263579,0.0904177491116486,0.00829187396351571,0.004311774461028194,
6,0.1,123,0,certified,192,192,4,1.0471975511965976,0.06666666666666667,0.08832749555366244,0.08832749555366244,0.0905371913165517,0.04541789841440473,0.045119292902146974,1.0250170770612055,1.0250170770612055,0.08310087996315127,0.08920405991162321,0.0032981530343008042,0.0,,,,,,,0.0895517931261011,0.21753411567977546,1.013860888557571,1.013860888557571,,,,,
6,0.1,123,1,certified,192,192,4,1.0471975511965976,0.06666666666666667,0.08832749555366244,0.08832749555366244,0.08958165367732689,0.044850547941114996,0.04473110573621189,1.014198954875863,1.014198954875863,0.08170463812347445,0.08764720147001925,0.0013333333333333695,0.0,,,,,,,0.0890740243064887,0.21789244229448476,1.0084518274648997,1.0084518274648997,,,,,
6,0.1,123,2,certified,192,192,4,1.0471975511965976,0.06666666666666667,0.08832749555366244,0.08832749555366244,0.08841709217952164,0.044163755262922155,0.04425333691659948,1.0010143684624768,1.0010143684624768,0.08430548393605974,0.09051496505331216,0.0010131712259371715,0.0,,,,,,,0.08799904446236077,0.2166084385917764,0.9962814400063894,0.9962814400063894,,,,,
6,0.1,123,3,certified,192,192,4,1.0471975511965976,0.06666666666666667,0.08832749555366244,0.08832749555366244,0.08823792887216698,0.044283197467825254,0.043954731404341724,0.9989859705527251,0.9989859705527251,0.08401749540957595,0.09026262575376684,0.0037225042301184262,0.0,,,,,,,0.08728239123294217,0.21583206425990623,0.9881678483673826,0.9881678483673826,,,,,
6,0.1,123,4,certified,192,192,4,1.0471975511965976,0.06666666666666667,0.08832749555366244,0.08832749555366244,0.0877302995013288,0.04377556809698707,0.043954731404341724,0.9932388431417618,0.9932388431417618,0.08208425233214282,0.08815313401068442,0.0020422055820285673,0.0,,,,,,,0.08725253068171639,0.2136821045716504,0.9878297820490906,0.9878297820490906,,,,,
6,0.1,123,5,certified,192,192,4,1.0471975511965976,0.06666666666666667,0.08832749555366244,0.08832749555366244,0.08847681328197318,0.04425333691659948,0.04422347636537371,1.0016905010990607,1.0016905010990607,0.08542436289507666,0.09187557034359582,0.0003374957813027037,0.0,,,,,,,0.08779002060378034,0.21275642748365134,0.9939149757783456,0.9939149757783456,,,,,
6,0.1,123,6,certified,192,192,4,1.0471975511965976,0.06666666666666667,0.08832749555366244,0.08832749555366244,0.08877541879423094,0.04443250022395413,0.04434291857027681,1.0050711642819803,1.0050711642819803,0.07887251648985458,0.08460485856694147,0.0010090817356205736,0.0,,,,,,,0.08781988115500612,0.21678760189913107,0.9942530420966377,0.9942530420966377,,,,,
6,0.1,123,7,certified,192,192,4,1.0471975511965976,0.06666666666666667,0.08832749555366244,0.08832749555366244,0.09011914359939084,0.0450894323509212,0.04502971124846965,1.0202841486051182,1.0202841486051182,0.08216877455679478,0.0882485811847691,0.0006626905235255316,0.0,,,,,,,0.08946221147242378,0.21472722386455254,1.012846689602695,1.012846689602695,,,,,
6,0.1,2023,0,certified,192,192,4,1.0471975511965976,0.06666666666666667,0.08832749555366244,0.08832749555366244,0.08892472155035983,0.04443250022395413,0.044492221326405686,1.00676149587344,1.00676149587344,0.08271957966335543,0.08866833231093627,0.0006715916722632821,0.0,,,,,,,,,,,0.0891934665113918,0.08886500044790827,0.0030221625251846524,0.0006715916722633601,
6,0.1,2023,1,certified,192,192,4,1.0471975511965976,0.06666666666666667,0.08832749555366244,0.08832749555366244,0.08892472155035983,0.04467138463376034,0.04425333691659948,1.00676149587344,1.00676149587344,0.07990906213103742,0.08568363002002699,0.004701141705842819,0.0,,,,,,,,,,,0.08826778942339275,0.0887156976917794,0.007387508394896026,0.0023505708529214485,
6,0.1,2023,2,certified,192,192,4,1.0471975511965976,0.06666666666666667,0.08832749555366244,0.08832749555366244,0.08967123533100421,0.04502971124846965,0.044641524082534564,1.015213153830739,1.015213153830739,0.08053067919019087,0.08633196046094403,0.004329004329004331,0.0,,,,,,,,,,,0.09026844635551973,0.09050733076532592,0.006660006660006686,0.009324009324009267,
6,0.1,2023,3,certified,192,192,4,1.0471975511965976,0.06666666666666667,0.08832749555366244,0.08832749555366244,0.08991011974081041,0.044820687389889216,0.0450894323509212,1.0179176843770745,1.0179176843770745,0.08106993657233147,0.087036767090223,0.0029890401859847654,0.0,,,,,,,,,,,0.08958165367732689,0.08892472155035983,0.0036532713384256786,0.010959814015277191,
6,0.1,2023,4,certified,192,192,4,1.0471975511965976,0.06666666666666667,0.08832749555366244,0.08832749555366244,0.09080593627758368,0.04553734061930783,0.04526859565827585,1.0280596739258332,1.0280596739258332,0.0836794240242303,0.0897094283396365,0.0029595527786911856,0.0,,,,,,,,,,,0.09107468123861566,0.09107468123861566,0.0029595527786911856,0.0029595527786911856,
6,0.1,2023,5,certified,192,192,4,1.0471975511965976,0.06666666666666667,0.08832749555366244,0.08832749555366244,0.0890740243064887,0.04440263967272836,0.04467138463376034,1.0084518274648997,1.0084518274648997,0.08177059207079293,0.08776644594346514,0.0030170968823331865,0.0,,,,,,,,,,,0.08895458210158559,0.089432350921198,0.0013409319477036905,0.004022795843110915,
6,0.1,2023,6,certified,192,192,4,1.0471975511965976,0.06666666666666667,0.08832749555366244,0.08832749555366244,0.0907760757263579,0.04526859565827585,0.04550748006808206,1.027721607607541,1.027721607607541,0.08327531235661235,0.08938195501525989,0.0026315789473684162,0.0,,,,,,,,,,,0.09032816745797127,0.09056705186777748,0.004934210526315733,0.00230263157894724,
6,0.1,2023,7,certified,192,192,4,1.0471975511965976,0.06666666666666667,0.08832749555366244,0.08832749555366244,0.08928304816506913,0.04473110573621189,0.04455194242885724,1.0108182916929436,1.0108182916929436,0.08669816447458586,0.09310124114356064,0.002006688963210679,0.0,,,,,,,,,,,0.08877541879423094,0.08865597658932783,0.0056856187290970275,0.007023411371237532,
6,0.1,314159,0,certified,192,192,4,1.0471975511965976,0.06666666666666667,0.08832749555366244,0.08832749555366244,0.08781988115500612,0.0438651497506644,0.043954731404341724,0.9942530420966377,0.9942530420966377,0.08350066839225169,0.08957854516866304,0.0010200612036722085,0.0,,,,,,,0.08728239123294217,0.21595150646480935,0.9881678483673826,0.9881678483673826,,,,,
6,0.1,314159,1,certified,192,192,4,1.0471975511965976,0.06666666666666667,0.08832749555366244,0.08832749555366244,0.09143300785332498,0.04574636447788826,0.04568664337543671,1.0351590666099642,1.0351590666099642,0.08316792043371055,0.08920980611509689,0.000653167864141102,0.0,,,,,,,0.09059691241900325,0.21726537071874347,1.0256932096977893,1.0256932096977893,,,,,
6,0.1,314159,2,certified,192,192,4,1.0471975511965976,0.06666666666666667,0.08832749555366244,0.08832749555366244,0.08895458210158559,0.04440263967272836,0.04455194242885724,1.0070995621917318,1.0070995621917318,0.08144632852065144,0.08735783855331976,0.0016784155756965492,0.0,,,,,,,0.08835737107707008,0.2189375615873869,1.0003382358258928,1.0003382358258928,,,,,
6,0.1,314159,3,certified,192,192,4,1.0471975511965976,0.06666666666666667,0.08832749555366244,0.08832749555366244,0.0895517931261011,0.04476096628743766,0.04479082683866344,1.013860888557571,1.013860888557571,0.08402132660036266,0.0902114904540199,0.00033344448149387907,0.0,,,,,,,0.08847681328197318,0.2130848935471349,1.0016905010990607,1.0016905010990607,,,,,
6,0.1,314159,4,certified,192,192,4,1.0471975511965976,0.06666666666666667,0.08832749555366244,0.08832749555366244,0.09107468123861566,0.04553734061930783,0.04553734061930783,1.0311022707904607,1.0311022707904607,0.08184328659839812,0.08773745497851021,0.0,0.0,,,,,,,0.09011914359939084,0.21693690465525994,1.0202841486051182,1.0202841486051182,,,,,
6,0.1,314159,5,certified,192,192,4,1.0471975511965976,0.06666666666666667,0.08832749555366244,0.08832749555366244,0.08952193257487533,0.04461166353130879,0.04491026904356654,1.013522822239279,1.013522822239279,0.0819921874861626,0.08796151228620865,0.003335557038025286,0.0,,,,,,,0.0887156976917794,0.21678760189913107,1.0043950316453965,1.0043950316453965,,,,,
6,0.1,314159,6,certified,192,192,4,1.0471975511965976,0.06666666666666667,0.08832749555366244,0.08832749555366244,0.08689420406700708,0.04350682313595509,0.04338738093105199,0.9837729862295872,0.9837729862295872,0.08314944483945473,0.08933519806867708,0.0013745704467353526,0.0,,,,,,,0.08593866642778225,0.21729523126996925,0.9729548640442445,0.9729548640442445,,,,,
6,0.1,314159,7,certified,192,192,4,1.0471975511965976,0.06666666666666667,0.08832749555366244,0.08832749555366244,0.08993998029203619,0.04479082683866344,0.045149153453372746,1.0182557506953664,1.0182557506953664,0.08081313503709836,0.08674006665860948,0.003984063745019874,0.0,,,,,,,0.08910388485771448,0.21741467347487234,1.0087898937831918,1.0087898937831918,,,,,
6,0.1,271828,0,certified,192,192,4,1.0471975511965976,0.06666666666666667,0.08832749555366244,0.08832749555366244,0.09002956194571352,0.04488040849234077,0.045149153453372746,1.0192699496502422,1.0192699496502422,0.08180510748031958,0.08780774824896827,0.002985074626865637,0.0,,,,,,,,,,,,,,,
6,0.1,271828,1,certified,192,192,4,1.0471975511965976,0.06666666666666667,0.08832749555366244,0.08832749555366244,0.0880886261160381,0.04404431305801905,0.04404431305801905,0.9972956389612653,0.9972956389612653,0.08270111878288129,0.0888521441877678,0.0,0.0,,,,,,,,,,,,,,,
6,0.1,271828,2,certified,192,192,4,1.0471975511965976,0.06666666666666667,0.08832749555366244,0.08832749555366244,0.08922332706261758,0.04458180298008301,0.044641524082534564,1.0101421590563595,1.0101421590563595,0.08205000495763828,0.08803321282192068,0.0006693440428380368,0.0,,,,,,,,,,,,,,,
6,0.1,271828,3,certified,192,192,4,1.0471975511965976,0.06666666666666667,0.08832749555366244,0.08832749555366244,0.08925318761384335,0.04452208187763146,0.04473110573621189,1.0104802253746514,1.0104802253746514,0.08038156226502256,0.08619324425896291,0.0023419203747072847,0.0,,,,,,,,,,,,,,,
6,0.1,271828,4,certified,192,192,4,1.0471975511965976,0.06666666666666667,0.08832749555366244,0.08832749555366244,0.09044760966287438,0.04502971124846965,0.04541789841440473,1.0240028781063297,1.0240028781063297,0.08353609626672696,0.08957292861027387,0.0042918454935622335,0.0,,,,,,,,,,,,,,,
6,0.1,271828,5,certified,192,192,4,1.0471975511965976,0.06666666666666667,0.08832749555366244,0.08832749555366244,0.08958165367732689,0.04479082683866344,0.04479082683866344,1.014198954875863,1.014198954875863,0.08313628664390472,0.08921297446943474,0.0,0.0,,,,,,,,,,,,,,,
6,0.1,271828,6,certified,192,192,4,1.0471975511965976,0.06666666666666667,0.08832749555366244,0.08832749555366244,0.08958165367732689,0.04476096628743766,0.044820687389889216,1.014198954875863,1.014198954875863,0.08095153345829124,0.08694365066667033,0.0006666666666666848,0.0,,,,,,,,,,,,,,,
6,0.1,271828,7,certified,192,192,4,1.0471975511965976,0.06666666666666667,0.08832749555366244,0.08832749555366244,0.08805876556481233,0.043954731404341724,0.0441040341604706,0.9969575726429734,0.9969575726429734,0.08332845670794393,0.08961238731777643,0.0016954899966090265,0.0,,,,,,,,,,,,,,,
8,0.1,42,0,certified,256,256,4,0.7853981633974483,0.05,0.04968421624893512,0.049684216248935126,0.04902555360684489,0.024602927436935533,0.024422626169909357,0.9867430203831716,0.9867430203831715,0.047579166947199776,0.04951239099682035,0.0036776997659645557,0.0,0.554625819880607,1.9123942865438788,2.8390991293151155,0.010340073529411764,0.0010340073529411765,3.1413448674642095,0.04874690619416808,0.12311298333032832,0.9811346514943339,0.9811346514943338,0.04909111770394532,0.04910750872822043,0.0013373453694416823,0.0016716817118021029,
8,0.1,42,1,certified,256,256,4,0.7853981633974483,0.05,0.04968421624893512,0.049684216248935126,0.04897638053401957,0.02452097231556,0.02445540821845957,0.9857533082263179,0.9857533082263178,0.047172109729949806,0.04911695368529599,0.0013386880856760615,0.0,0.5529827507737027,1.8984446340194183,2.8441899626788265,0.01050857843137255,0.0009497549019607843,3.141591239745152,0.04887803438836893,0.12258847055352488,0.9837738839126103,0.9837738839126102,0.049156681801045744,0.04923863692242128,0.0036813922356090274,0.005354752342704105,
8,0.1,42,2,certified,256,256,4,0.7853981633974483,0.05,0.04968421624893512,0.049684216248935126,0.04992705994197577,0.024979920995262993,0.02494713894671278,1.0048877432588232,1.0048877432588232,0.04853074152070249,0.05053015651898541,0.0006565988181220698,0.0,0.5551574961738321,1.9210927875731538,2.8504166718574133,0.010868566176470588,0.0011106004901960784,3.1414625501288067,0.04977954072349981,0.12393253454408366,1.0019186067882622,1.0019186067882622,0.04930420101952171,0.04948450228654789,0.012475377544320368,0.008864084044648602,
8,0.1,42,3,certified,256,256,4,0.7853981633974483,0.05,0.04968421624893512,0.049684216248935126,0.05053352784015473,0.02527495943221492,0.025258568407939812,1.0170941931933528,1.0170941931933526,0.04736307567833825,0.049324115465195446,0.00032435939020435226,0.0,0.5547150194051957,1.9303274110970572,2.847439944001998,0.010776654411764706,0.0011259191176470587,3.1414636123982733,0.05030405350030323,0.1247193037092888,1.0124755364613687,1.0124755364613685,0.050336835548853445,0.05028766247602813,0.003892312682452227,0.004865390853065146,
8,0.1,42,4,certified,256,256,4,0.7853981633974483,0.05,0.04968421624893512,0.049684216248935126,0.05012375223327706,0.025012703043813207,0.02511104918946385,1.0088465918862384,1.0088465918862382,0.048486838855131616,0.050440394704930495,0.0019620667102681843,0.0,0.5563668377140483,1.9247911499507642,2.844365739464308,0.010592830882352942,0.0010186887254901961,3.1415358035997842,0.050025406087626414,0.12367027815568195,1.006867167572531,1.0068671675725307,0.050025406087626414,0.049828713796325134,0.0019620667102681843,0.0058862001308044145,
8,0.1,42,5,certified,256,256,4,0.7853981633974483,0.05,0.04968421624893512,0.049684216248935126,0.048648560048517434,0.02424232490288318,0.02440623514563425,0.9791552271806263,0.9791552271806262,0.04690181123321089,0.0488071652772772,0.003369272237196755,0.0,0.5529347451282094,1.8878056496741562,2.8383108122060943,0.010340073529411764,0.0011182598039215686,3.141493667198871,0.04855021390286679,0.12086741300463866,0.9771758028669189,0.9771758028669187,0.04855021390286679,0.048582995951417005,0.002021563342318096,0.0013477088948787303,
8,0.1,42,6,certified,256,256,4,0.7853981633974483,0.05,0.04968421624893512,0.049684216248935126,0.05015653428182727,0.025029094068088314,0.025127440213738958,1.0095063999908074,1.0095063999908074,0.04745089728944573,0.04940312592338228,0.0019607843137255253,0.0,0.5549142968511266,1.9115693980125061,2.8336002432771177,0.010255821078431373,0.0011488970588235295,3.141322460444947,0.049959841990525986,0.12327689357307939,1.0055475513633925,1.0055475513633922,0.050205707354652594,0.050205707354652594,0.0009803921568627626,0.0009803921568627626,
8,0.1,42,7,certified,256,256,4,0.7853981633974483,0.05,0.04968421624893512,0.049684216248935126,0.05004179711190152,0.025176613286564276,0.024865183825337245,1.0071970716248153,1.0071970716248153,0.04788154225896719,0.04981529833586953,0.006223386832623622,0.0,0.5558566374847028,1.9098639277303826,2.8426656556149292,0.01055453431372549,0.0010723039215686275,3.141392685224682,0.04986149584487535,0.12257207952924978,1.003568127049685,1.003568127049685,0.049910668917700664,0.050090970184726843,0.0026203734032100045,0.0009826400262037517,
8,0.1,7,0,certified,256,256,4,0.7853981633974483,0.05,0.04968421624893512,0.049684216248935126,0.04923863692242128,0.02461931846121064,0.02461931846121064,0.991031773062871,0.9910317730628709,0.04857321272344549,0.050530760456969706,0.0,0.0,,,,,,,,,,,0.04891081643691914,0.048845252339818714,0.006657789613848181,0.007989347536617846,
8,0.1,7,1,certified,256,256,4,0.7853981633974483,0.05,0.04968421624893512,0.049684216248935126,0.04956645740792342,0.02489796587388746,0.024668491534035962,0.9976298541085626,0.9976298541085624,0.048179472513365934,0.05008503304802104,0.004629629629629643,0.0,,,,,,,,,,,0.049156681801045744,0.049336983068071924,0.008267195767195777,0.004629629629629573,
8,0.1,7,2,certified,256,256,4,0.7853981633974483,0.05,0.04968421624893512,0.049684216248935126,0.05004179711190152,0.025029094068088314,0.025012703043813207,1.0071970716248153,1.0071970716248153,0.0487202646716448,0.05072265468888197,0.00032754667540125056,0.0,,,,,,,,,,,0.050074579160451736,0.05017292530610238,0.0006550933508025011,0.0026203734032100045,
8,0.1,7,3,certified,256,256,4,0.7853981633974483,0.05,0.04968421624893512,0.049684216248935126,0.049763149699224705,0.024914356898162567,0.024848792801062138,1.0015887027359776,1.0015887027359776,0.04711740306948878,0.04901626339158318,0.0013175230566535151,0.0,,,,,,,,,,,0.04986149584487535,0.049959841990525986,0.0019762845849802726,0.003952569169960406,
8,0.1,7,4,certified,256,256,4,0.7853981633974483,0.05,0.04968421624893512,0.049684216248935126,0.04973036765067449,0.02483240177678703,0.02489796587388746,1.0009288946314085,1.0009288946314083,0.04792271281136691,0.04985162036217017,0.001318391562294025,0.0,,,,,,,,,,,0.04932059204379682,0.04917307282532085,0.008239947264337516,0.011206328279499073,
8,0.1,7,5,certified,256,256,4,0.7853981633974483,0.05,0.04968421624893512,0.049684216248935126,0.04992705994197577,0.025029094068088314,0.02489796587388746,1.0048877432588232,1.0048877432588232,0.048628411965755715,0.050596368150860375,0.0026263952724884876,0.0,,,,,,,,,,,0.04946811126227278,0.0497467586749496,0.00919238345370967,0.003611293499671627,
8,0.1,7,6,certified,256,256,4,0.7853981633974483,0.05,0.04968421624893512,0.049684216248935126,0.04910750872822043,0.024439017194184464,0.024668491534035962,0.9883925406445946,0.9883925406445944,0.047672942877092575,0.04955277923064681,0.004672897196261696,0.0,,,,,,,,,,,0.049386156140897246,0.04935337409234703,0.005674232309746289,0.005006675567423179,
8,0.1,7,7,certified,256,256,4,0.7853981633974483,0.05,0.04968421624893512,0.049684216248935126,0.050074579160451736,0.02506187611663853,0.025012703043813207,1.0078568797293845,1.0078568797293843,0.04915462147461765,0.05118322213886649,0.0009819967266775954,0.0,,,,,,,,,,,0.049877886869150456,0.0502220983789277,0.003927986906710243,0.0029459901800327863,
8,0.1,123,0,certified,256,256,4,0.7853981633974483,0.05,0.04968421624893512,0.049684216248935126,0.050402399645953874,0.025176613286564276,0.025225786359389598,1.0144549607750761,1.014454960775076,0.04645646614572518,0.04832847956601857,0.0009756097560975785,0.0,,,,,,,0.05028766247602813,0.12557163697159435,1.012145632409084,1.012145632409084,,,,,
8,0.1,123,1,certified,256,256,4,0.7853981633974483,0.05,0.04968421624893512,0.049684216248935126,0.049697585602124277,0.024799619728236817,0.02489796587388746,1.0002690865268393,1.000269086526839,0.048801917546168964,0.050793237289498874,0.0019788918205805106,0.0,,,,,,,0.049500893310822996,0.12312937435460342,0.9963102378994244,0.9963102378994243,,,,,
8,0.1,123,2,certified,256,256,4,0.7853981633974483,0.05,0.04968421624893512,0.049684216248935126,0.049582848432198526,0.024865183825337245,0.024717664606861284,0.9979597581608471,0.997959758160847,0.04657686026007218,0.048408785067005994,0.0029752066115702317,0.0,,,,,,,0.04935337409234703,0.12217869494664721,0.9933411014288631,0.993341101428863,,,,,
8,0.1,123,3,certified,256,256,4,0.7853981633974483,0.05,0.04968421624893512,0.049684216248935126,0.04914029077677064,0.02461931846121064,0.02452097231556,0.9890523487491636,0.9890523487491635,0.04733954798492855,0.04921356818582975,0.0020013342228151756,0.0,,,,,,,0.049009162582569786,0.1219000475339704,0.986413116330887,0.9864131163308869,,,,,
8,0.1,123,4,certified,256,256,4,0.7853981633974483,0.05,0.04968421624893512,0.049684216248935126,0.04822239341736465,0.024127587732957433,0.02409480568440722,0.9705777218212274,0.9705777218212271,0.04745806174518821,0.049333734646901974,0.000679809653297089,0.0,,,,,,,0.04797652805323805,0.12126079758724123,0.9656291610369587,0.9656291610369586,,,,,
8,0.1,123,5,certified,256,256,4,0.7853981633974483,0.05,0.04968421624893512,0.049684216248935126,0.0509269124227573,0.025520824796341525,0.025406087626415774,1.0250118904481826,1.0250118904481824,0.048217117626863946,0.05013895617360415,0.0022529771483746786,0.0,,,,,,,0.050713829107180905,0.1251782523889918,1.0207231377684831,1.020723137768483,,,,,
8,0.1,123,6,certified,256,256,4,0.7853981633974483,0.05,0.04968421624893512,0.049684216248935126,0.051467816223835824,0.02579947220901834,0.025668344014817487,1.0358987241735735,1.0358987241735735,0.04844846600374422,0.050435814469423246,0.0025477707006369213,0.0,,,,,,,0.05136947007818519,0.1251782523889918,1.0339192998598663,1.033919299859866,,,,,
8,0.1,123,7,certified,256,256,4,0.7853981633974483,0.05,0.04968421624893512,0.049684216248935126,0.050074579160451736,0.025094658165188743,0.024979920995262993,1.0078568797293845,1.0078568797293843,0.048472669429526966,0.05049425308992463,0.002291325695581056,0.0,,,,,,,0.04989427789342556,0.12348997688865578,1.0042279351542542,1.0042279351542542,,,,,
8,0.1,2023,0,certified,256,256,4,0.7853981633974483,0.05,0.04968421624893512,0.049684216248935126,0.04897638053401957,0.024553754364110215,0.024422626169909357,0.9857533082263179,0.9857533082263178,0.046661365067162806,0.04852520044790591,0.002677376171352123,0.0,,,,,,,,,,,0.04876329721844318,0.048845252339818714,0.0043507362784472,0.002677376171352123,
8,0.1,2023,1,certified,256,256,4,0.7853981633974483,0.05,0.04968421624893512,0.049684216248935126,0.05079578422855644,0.025356914553590452,0.02543886967496599,1.022372658029906,1.0223726580299057,0.04721619181491614,0.049132548904783496,0.0016134236850597259,0.0,,,,,,,,,,,0.05102525856840794,0.050959694471307514,0.004517586318167232,0.0032268473701194517,
8,0.1,2023,2,certified,256,256,4,0.7853981633974483,0.05,0.04968421624893512,0.049684216248935126,0.050943303447032406,0.025471651723516203,0.025471651723516203,1.0253417945004673,1.025341794500467,0.04840381990002736,0.05041428029160437,0.0,0.0,,,,,,,,,,,0.0511727777868839,0.05091052139848219,0.004504504504504449,0.0006435006435006551,
8,0.1,2023,3,certified,256,256,4,0.7853981633974483,0.05,0.04968421624893512,0.049684216248935126,0.049271418970971495,0.024635709485485748,0.024635709485485748,0.9916915811674403,0.9916915811674402,0.04734000478346472,0.04924417157622393,0.0,0.0,,,,,,,,,,,0.049074726679670215,0.04925502794669639,0.003992015968063803,0.000332667997338662,
8,0.1,2023,4,certified,256,256,4,0.7853981633974483,0.05,0.04968421624893512,0.049684216248935126,0.04992705994197577,0.02494713894671278,0.024979920995262993,1.0048877432588232,1.0048877432588232,0.04773246688352798,0.049653112795898464,0.0006565988181220698,0.0,,,,,,,,,,,0.049763149699224705,0.049877886869150456,0.0032829940906105573,0.00098489822718307,
8,0.1,2023,5,certified,256,256,4,0.7853981633974483,0.05,0.04968421624893512,0.049684216248935126,0.0502220983789277,0.02506187611663853,0.02516022226228917,1.0108260161999458,1.0108260161999456,0.048042644977060116,0.04999517442568896,0.001958224543080906,0.0,,,,,,,,,,,0.05048435476732941,0.05038600862167877,0.005221932114882462,0.003263707571801487,
8,0.1,2023,6,certified,256,256,4,0.7853981633974483,0.05,0.04968421624893512,0.049684216248935126,0.05004179711190152,0.025029094068088314,0.025012703043813207,1.0071970716248153,1.0071970716248153,0.04579704533373527,0.04763143721435424,0.00032754667540125056,0.0,,,,,,,,,,,0.04961563048074874,0.049582848432198526,0.008516213560432376,0.009171306911234878,
8,0.1,2023,7,certified,256,256,4,0.7853981633974483,0.05,0.04968421624893512,0.049684216248935126,0.04904194463112,0.024553754364110215,0.024488190267009786,0.9870729244354562,0.9870729244354561,0.04850636096382081,0.05046059809672039,0.0013368983957219491,0.0,,,,,,,,,,,0.04887803438836893,0.048697733121342755,0.003342245989304873,0.007018716577540092,
8,0.1,314159,0,certified,256,256,4,0.7853981633974483,0.05,0.04968421624893512,0.049684216248935126,0.05123834188398433,0.02558638889344195,0.02565195299054238,1.0312800674415896,1.0312800674415894,0.04721260756421006,0.049152413662788184,0.0012795905310300933,0.0,,,,,,,0.05107443164123326,0.1272926945204806,1.0279810269187437,1.0279810269187435,,,,,
8,0.1,314159,1,certified,256,256,4,0.7853981633974483,0.05,0.04968421624893512,0.049684216248935126,0.05036961759740366,0.02520939533511449,0.02516022226228917,1.013795152670507,1.0137951526705067,0.04975731075681931,0.05177770853194779,0.0009762447120078276,0.0,,,,,,,0.05012375223327706,0.12468652166073858,1.0088465918862384,1.0088465918862382,,,,,
8,0.1,314159,2,certified,256,256,4,0.7853981633974483,0.05,0.04968421624893512,0.049684216248935126,0.049648412529298955,0.024816010752511924,0.02483240177678703,0.9992793743699855,0.9992793743699854,0.048255060975418936,0.05023144053391993,0.0003301419610432546,0.0,,,,,,,0.049517284335098104,0.12532577160746775,0.996640141951709,0.9966401419517089,,,,,
8,0.1,314159,3,certified,256,256,4,0.7853981633974483,0.05,0.04968421624893512,0.049684216248935126,0.050943303447032406,0.02542247865069088,0.025520824796341525,1.0253417945004673,1.025341794500467,0.04836625656004889,0.05036065667057255,0.0019305019305019652,0.0,,,,,,,0.05086134832565687,0.12478486780638923,1.0236922742390442,1.0236922742390442,,,,,
8,0.1,314159,4,certified,256,256,4,0.7853981633974483,0.05,0.04968421624893512,0.049684216248935126,0.04941893818944746,0.024750446655411498,0.024668491534035962,0.9946607176380015,0.9946607176380013,0.04836565118896687,0.05033032888342586,0.0016583747927031807,0.0,,,,,,,0.049336983068071924,0.1226212526020751,0.9930111973765786,0.9930111973765784,,,,,
8,0.1,314159,5,certified,256,256,4,0.7853981633974483,0.05,0.04968421624893512,0.049684216248935126,0.04946811126227278,0.024701273582586177,0.024766837679686602,0.9956504297948553,0.9956504297948551,0.04778687581436282,0.04976957939697984,0.0013253810470509808,0.0,,,,,,,0.049336983068071924,0.12239177826222361,0.9930111973765786,0.9930111973765784,,,,,
8,0.1,314159,6,certified,256,256,4,0.7853981633974483,0.05,0.04968421624893512,0.049684216248935126,0.049648412529298955,0.024799619728236817,0.024848792801062138,0.9992793743699855,0.9992793743699854,0.04711492693406274,0.04896498335407305,0.0009904258831297636,0.0,,,,,,,0.049451720237997675,0.12460456653936304,0.9953205257425707,0.9953205257425706,,,,,
8,0.1,314159,7,certified,256,256,4,0.7853981633974483,0.05,0.04968421624893512,0.049684216248935126,0.04981232277205003,0.024930747922437674,0.024881574849612353,1.0025784148928314,1.0025784148928312,0.04685804705202312,0.048738712290586836,0.0009871668311944896,0.0,,,,,,,0.04977954072349981,0.12150666295136783,1.0019186067882622,1.0019186067882622,,,,,
8,0.1,271828,0,certified,256,256,4,0.7853981633974483,0.05,0.04968421624893512,0.049684216248935126,0.049500893310822996,0.024668491534035962,0.02483240177678703,0.9963102378994244,0.9963102378994243,0.0481041557456388,0.050069348172239,0.0033112582781456845,0.0,,,,,,,,,,,,,,,
8,0.1,271828,1,certified,256,256,4,0.7853981633974483,0.05,0.04968421624893512,0.049684216248935126,0.050402399645953874,0.025225786359389598,0.025176613286564276,1.0144549607750761,1.014454960775076,0.048560244673659124,0.05053295606389033,0.0009756097560975785,0.0,,,,,,,,,,,,,,,
8,0.1,271828,2,certified,256,256,4,0.7853981633974483,0.05,0.04968421624893512,0.049684216248935126,0.05017292530610238,0.02506187611663853,0.02511104918946385,1.009836304043092,1.009836304043092,0.046549849683365827,0.048407039826364955,0.000980071871937293,0.0,,,,,,,,,,,,,,,
8,0.1,271828,3,certified,256,256,4,0.7853981633974483,0.05,0.04968421624893512,0.049684216248935126,0.049533675359373204,0.024750446655411498,0.02478322870396171,0.9969700460039934,0.9969700460039933,0.04828260793316181,0.05021542766123407,0.0006618133686299882,0.0,,,,,,,,,,,,,,,
8,0.1,271828,4,certified,256,256,4,0.7853981633974483,0.05,0.04968421624893512,0.049684216248935126,0.04956645740792342,0.024848792801062138,0.024717664606861284,0.9976298541085626,0.9976298541085624,0.04755921561474981,0.049501310004389634,0.0026455026455026232,0.0,,,,,,,,,,,,,,,
8,0.1,271828,5,certified,256,256,4,0.7853981633974483,0.05,0.04968421624893512,0.049684216248935126,0.049877886869150456,0.025029094068088314,0.024848792801062138,1.0038980311019696,1.0038980311019696,0.047163854260434304,0.0490671014977917,0.003614853762734139,0.0,,,,,,,,,,,,,,,
8,0.1,271828,6,certified,256,256,4,0.7853981633974483,0.05,0.04968421624893512,0.049684216248935126,0.04918946384959596,0.024553754364110215,0.024635709485485748,0.9900420609060173,0.9900420609060172,0.04682315207550378,0.04871764698473967,0.001666111296234548,0.0,,,,,,,,,,,,,,,
8,0.1,271828,7,certified,256,256,4,0.7853981633974483,0.05,0.04968421624893512,0.049684216248935126,0.05012375223327706,0.025078267140913636,0.025045485092363422,1.0088465918862384,1.0088465918862382,0.04742495049359509,0.049400488111647385,0.0006540222367560615,0.0,,,,,,,,,,,,,,,
12,0.1,42,0,certified,384,384,6,0.5235987755982988,0.03333333333333333,0.022081873888415607,0.02208187388841561,0.02186121867757427,0.011014160024992553,0.010847058652581716,0.9900074055328658,0.9900074055328656,0.021553673198358908,0.021939054117911,0.007643735460285844,0.0,0.37179392573988096,1.273294449567487,2.479999419090559,0.004504596388163621,0.0004657582680591819,3.1415544906859054,0.021832157569328905,0.05585545004758757,0.9886913438438888,0.9886913438438887,0.02177403535283818,0.021723178413408796,0.0039880358923230766,0.006314390162844765,
12,0.1,42,1,certified,384,384,6,0.5235987755982988,0.03333333333333333,0.022081873888415607,0.02208187388841561,0.022144564482966558,0.011035955856176576,0.011108608626789983,1.0028390070003905,1.0028390070003903,0.021594196008134982,0.021972640601949336,0.0032808398950131346,0.0,0.3706017669927243,1.2682831334161968,2.4973564548615115,0.004694979329852045,0.0004861564403829417,3.141182931093212,0.022108238097659855,0.05508533067908545,1.0011939298891694,1.0011939298891692,0.022173625591211922,0.022195421422395945,0.0013123359580053165,0.002296587926509265,
12,0.1,42,2,certified,384,384,6,0.5235987755982988,0.03333333333333333,0.022081873888415607,0.02208187388841561,0.021984728387617062,0.01098509891674719,0.010999629470869871,0.9956006677110175,0.9956006677110174,0.021859216797526393,0.022252475340944326,0.0006609385327164123,0.0,0.37079371649175247,1.283340578177855,2.5070335918972924,0.004742575065274151,0.0005269527850304612,3.1415000439417105,0.02196293255643304,0.05541953342390712,0.9946136214442849,0.9946136214442848,0.021955667279371698,0.022071911712353152,0.0013218770654329823,0.00396563119629879,
12,0.1,42,3,certified,384,384,6,0.5235987755982988,0.03333333333333333,0.022081873888415607,0.02208187388841561,0.022202686699457283,0.011086812795605961,0.011115873903851324,1.0054711303783441,1.0054711303783441,0.021675431276956158,0.02206405473361603,0.0013089005235601984,0.0,0.37105709909142454,1.2684109293286547,2.4729117408298724,0.004409404917319408,0.000421562228024369,3.1415302538263155,0.02218089086827326,0.054780189042509135,1.0044840841116116,1.0044840841116114,0.022333461686561418,0.022239013084763986,0.00589005235602101,0.0016361256544502284,
12,0.1,42,4,certified,384,384,6,0.5235987755982988,0.03333333333333333,0.022081873888415607,0.02208187388841561,0.022137299205905216,0.011072282241483279,0.011065016964421939,1.0025099915781461,1.002509991578146,0.021471478966237724,0.021844612628972304,0.0003281916639317138,0.0,0.37118335382088447,1.2781141857915472,2.5125727085641594,0.004698379025239338,0.00047595735422106177,3.141116724884653,0.022115503374721197,0.05493275986079729,1.0015229453114136,1.0015229453114134,0.022195421422395945,0.02218089086827326,0.002625533311454024,0.0019691499835904395,
12,0.1,42,5,certified,384,384,6,0.5235987755982988,0.03333333333333333,0.022081873888415607,0.02208187388841561,0.022202686699457283,0.011108608626789983,0.011094078072667301,1.0054711303783441,1.0054711303783441,0.02161334365863036,0.02199487838262366,0.0006544502617801383,0.0,0.3716044172512052,1.2885395724299469,2.516529818421866,0.004943157093124456,0.0004521594865100087,3.1413518066278576,0.02216636031415058,0.056661895801396384,1.003826053267123,1.003826053267123,0.02216636031415058,0.022173625591211922,0.0016361256544502284,0.0013089005235601202,
12,0.1,42,6,certified,384,384,6,0.5235987755982988,0.03333333333333333,0.022081873888415607,0.02208187388841561,0.02276937831024186,0.01137015860099825,0.011399219709243612,1.0311343333133935,1.0311343333133933,0.021416454891298675,0.021805419537766064,0.0012763241863433205,0.0,0.37098762774318195,1.2864142088122004,2.520871193688715,0.004810568973020017,0.0005303524804177546,3.1415736757047963,0.02275484775611918,0.057446545724021185,1.0304763024689052,1.030476302468905,0.022805704695548566,0.02284203108085527,0.001595405232929284,0.0031908104658584153,
12,0.1,42,7,certified,384,384,6,0.5235987755982988,0.03333333333333333,0.022081873888415607,0.02208187388841561,0.022239013084763986,0.011130404457974004,0.011108608626789983,1.0071162074895652,1.0071162074895652,0.022143234659738706,0.02253508601079359,0.0009800718719372087,0.0,0.3713461559533989,1.2754007806118406,2.4949427212367143,0.0046371845082680595,0.0004589588772845953,3.141403474252091,0.022231747807702647,0.055775531999912815,1.0067871920673213,1.006787192067321,0.022275339470070692,0.022231747807702647,0.0016334531198955817,0.00032669062397899155,
12,0.1,7,0,certified,384,384,6,0.5235987755982988,0.03333333333333333,0.022081873888415607,0.02208187388841561,0.021941136725249017,0.010977833639685849,0.010963303085563168,0.9936265751775523,0.993626575177552,0.021867423736765777,0.022255923487753217,0.000662251655629094,0.0,,,,,,,,,,,0.02178130062989952,0.02174497424459282,0.007284768211920508,0.008940397350993322,
12,0.1,7,1,certified,384,384,6,0.5235987755982988,0.03333333333333333,0.022081873888415607,0.02208187388841561,0.022217217253579967,0.011144935012096686,0.011072282241483279,1.0061291612228327,1.0061291612228327,0.021686156619650093,0.022057065358607138,0.0032701111837802597,0.0,,,,,,,,,,,0.022195421422395945,0.022217217253579967,0.0009810333551340856,0.0,
12,0.1,7,2,certified,384,384,6,0.5235987755982988,0.03333333333333333,0.022081873888415607,0.02208187388841561,0.021832157569328905,0.010956037808501828,0.010876119760827078,0.9886913438438888,0.9886913438438887,0.020625094011309787,0.020975208745398523,0.0036605657237937456,0.0,,,,,,,,,,,0.021810361738144886,0.02178130062989952,0.0009983361064890373,0.002329450915141352,
12,0.1,7,3,certified,384,384,6,0.5235987755982988,0.03333333333333333,0.022081873888415607,0.02208187388841561,0.022377053348929463,0.011210322505648754,0.011166730843280709,1.0133675005122056,1.0133675005122054,0.021553173347463907,0.021935650488069953,0.0019480519480519702,0.0,,,,,,,,,,,0.022435175565420188,0.02246423667366555,0.0025974025974025753,0.0038961038961037855,
12,0.1,7,4,certified,384,384,6,0.5235987755982988,0.03333333333333333,0.022081873888415607,0.02208187388841561,0.021803096461083544,0.010948772531440486,0.010854323929643058,0.987375282154912,0.9873752821549119,0.021835739231535964,0.022232199540669444,0.004331889370209873,0.0,,,,,,,,,,,0.02184668812345159,0.021810361738144886,0.001999333555481529,0.0003332222592469745,
12,0.1,7,5,certified,384,384,6,0.5235987755982988,0.03333333333333333,0.022081873888415607,0.02208187388841561,0.022006524218801084,0.010977833639685849,0.011028690579115234,0.9965877139777503,0.99658771397775,0.021648953740711276,0.022026611087595353,0.00231099372730274,0.0,,,,,,,,,,,0.022028320049985107,0.02205011588116913,0.0009904258831297571,0.0019808517662595142,
12,0.1,7,6,certified,384,384,6,0.5235987755982988,0.03333333333333333,0.022081873888415607,0.02208187388841561,0.022159095037089238,0.011086812795605961,0.011072282241483279,1.0034970378448789,1.0034970378448786,0.02171374611480062,0.022098885360468685,0.0006557377049180664,0.0,,,,,,,,,,,0.022042850604107787,0.022086442266475832,0.005245901639344218,0.003278688524590097,
12,0.1,7,7,certified,384,384,6,0.5235987755982988,0.03333333333333333,0.022081873888415607,0.02208187388841561,0.02197019783349438,0.01098509891674719,0.01098509891674719,0.9949426368665292,0.9949426368665291,0.021965772369044,0.022358517890261564,0.0,0.0,,,,,,,,,,,0.021991993664678404,0.02205011588116913,0.0009920634920635033,0.003637566137566126,
12,0.1,123,0,certified,384,384,6,0.5235987755982988,0.03333333333333333,0.022081873888415607,0.02208187388841561,0.02188301450875829,0.010941507254379146,0.010941507254379146,0.9909944517995984,0.9909944517995983,0.021850574456766914,0.022250275972635094,0.0,0.0,,,,,,,0.02186121867757427,0.05453316962242355,0.9900074055328658,0.9900074055328656,,,,,
12,0.1,123,1,certified,384,384,6,0.5235987755982988,0.03333333333333333,0.022081873888415607,0.02208187388841561,0.022130033928843877,0.011079547518544619,0.011050486410299256,1.002180976155902,1.002180976155902,0.021630923914408084,0.02202002407175578,0.0013131976362442436,0.0,,,,,,,0.022093707543537174,0.055165248726760194,1.0005358990446809,1.0005358990446809,,,,,
12,0.1,123,2,certified,384,384,6,0.5235987755982988,0.03333333333333333,0.022081873888415607,0.02208187388841561,0.021890279785819634,0.010912446146133783,0.010977833639685849,0.9913234672218427,0.9913234672218426,0.02203842950197313,0.022429431039270364,0.002987056090275428,0.0,,,,,,,0.02186848395463561,0.054983616800226676,0.9903364209551101,0.9903364209551099,,,,,
12,0.1,123,3,certified,384,384,6,0.5235987755982988,0.03333333333333333,0.022081873888415607,0.02208187388841561,0.021788565906960863,0.010868854483765738,0.010919711423195123,0.9867172513104236,0.9867172513104234,0.021653614792471965,0.022026524498709142,0.002334111370456819,0.0,,,,,,,0.02176677007577684,0.054743862657202436,0.9857302050436909,0.9857302050436908,,,,,
12,0.1,123,4,certified,384,384,6,0.5235987755982988,0.03333333333333333,0.022081873888415607,0.02208187388841561,0.02194840200231036,0.010948772531440486,0.010999629470869871,0.9939555905997964,0.9939555905997963,0.021937717008503384,0.022328622627973714,0.0023171135385633896,0.0,,,,,,,0.021941136725249017,0.0560225514199984,0.9936265751775523,0.993626575177552,,,,,
12,0.1,123,5,certified,384,384,6,0.5235987755982988,0.03333333333333333,0.022081873888415607,0.02208187388841561,0.02226080891594801,0.011137669735035346,0.011123139180912664,1.008103253756298,1.0081032537562977,0.021400110500227314,0.02177810199745272,0.0006527415143603468,0.0,,,,,,,0.022239013084763986,0.05605887780530511,1.0071162074895652,1.0071162074895652,,,,,
12,0.1,123,6,certified,384,384,6,0.5235987755982988,0.03333333333333333,0.022081873888415607,0.02208187388841561,0.02236252279480678,0.011188526674464731,0.011173996120342049,1.012709469667717,1.012709469667717,0.021269505036712412,0.021640036327068287,0.0006497725795971744,0.0,,,,,,,0.022333461686561418,0.055833654216403544,1.0113934079787403,1.01139340797874,,,,,
12,0.1,123,7,certified,384,384,6,0.5235987755982988,0.03333333333333333,0.022081873888415607,0.02208187388841561,0.022137299205905216,0.011072282241483279,0.011065016964421939,1.0025099915781461,1.002509991578146,0.02172012848247953,0.022098262089244734,0.0003281916639317138,0.0,,,,,,,0.022122768651782535,0.055078065402024104,1.0018519607336578,1.0018519607336576,,,,,
12,0.1,2023,0,certified,384,384,6,0.5235987755982988,0.03333333333333333,0.022081873888415607,0.02208187388841561,0.022144564482966558,0.011115873903851324,0.011028690579115234,1.0028390070003905,1.0028390070003903,0.02213480420702949,0.022528931599598942,0.003937007874015793,0.0,,,,,,,,,,,0.022122768651782535,0.022108238097659855,0.0009842519685039483,0.0016404199475065283,
12,0.1,2023,1,certified,384,384,6,0.5235987755982988,0.03333333333333333,0.022081873888415607,0.02208187388841561,0.02236252279480678,0.01118126139740339,0.01118126139740339,1.012709469667717,1.012709469667717,0.02128579673973538,0.021669558719771595,0.0,0.0,,,,,,,,,,,0.022377053348929463,0.022427910288358846,0.0006497725795972519,0.002923976608187168,
12,0.1,2023,2,certified,384,384,6,0.5235987755982988,0.03333333333333333,0.022081873888415607,0.02208187388841561,0.022275339470070692,0.011173996120342049,0.011101343349728642,1.0087612846007865,1.0087612846007863,0.022435641465671514,0.022817487597220774,0.0032615786040443686,0.0,,,,,,,,,,,0.02226080891594801,0.022398849180113485,0.0006523157208089827,0.005544683626875419,
12,0.1,2023,3,certified,384,384,6,0.5235987755982988,0.03333333333333333,0.022081873888415607,0.02208187388841561,0.02263860332313773,0.011348362769814227,0.011290240553323502,1.0252120557129976,1.0252120557129976,0.021720308711876437,0.022107893265357545,0.0025673940949935596,0.0,,,,,,,,,,,0.02258774638370834,0.02266039915432175,0.0022464698331194606,0.0009627727856226041,
12,0.1,2023,4,certified,384,384,6,0.5235987755982988,0.03333333333333333,0.022081873888415607,0.02208187388841561,0.021338118729157737,0.010658161448986857,0.01067995728017088,0.9663182951312818,0.9663182951312816,0.021798097188726058,0.02218465714947254,0.0010214504596527184,0.0,,,,,,,,,,,0.02127273123560567,0.02125820068148299,0.0030643513789581555,0.0037453183520599134,
12,0.1,2023,5,certified,384,384,6,0.5235987755982988,0.03333333333333333,0.022081873888415607,0.02208187388841561,0.022144564482966558,0.011072282241483279,0.011072282241483279,1.0028390070003905,1.0028390070003903,0.0219960308121229,0.022392645439573266,0.0,0.0,,,,,,,,,,,0.022093707543537174,0.022071911712353152,0.0022965879265091083,0.0032808398950130565,
12,0.1,2023,6,certified,384,384,6,0.5235987755982988,0.03333333333333333,0.022081873888415607,0.02208187388841561,0.02205011588116913,0.010999629470869871,0.011050486410299256,0.9985618065112156,0.9985618065112154,0.021640267898154507,0.02201354656635478,0.0023064250411861617,0.0,,,,,,,,,,,0.022042850604107787,0.022021054772923765,0.00032948929159807926,0.0013179571663921596,
12,0.1,2023,7,certified,384,384,6,0.5235987755982988,0.03333333333333333,0.022081873888415607,0.02208187388841561,0.022289870024193373,0.011137669735035346,0.011152200289158027,1.0094193154452749,1.0094193154452749,0.021534151253011505,0.02191511810015718,0.0006518904823989125,0.0,,,,,,,,,,,0.02235525751774544,0.022304400578316053,0.00293350717079534,0.0006518904823989125,
12,0.1,314159,0,certified,384,384,6,0.5235987755982988,0.03333333333333333,0.022081873888415607,0.02208187388841561,0.02257321582958566,0.011290240553323502,0.01128297527626216,1.0222509169127996,1.0222509169127993,0.02225301876605582,0.022652298746590558,0.00032185387833928887,0.0,,,,,,,0.02256595055252432,0.05658197775372164,1.0219219014905554,1.0219219014905552,,,,,
12,0.1,314159,1,certified,384,384,6,0.5235987755982988,0.03333333333333333,0.022081873888415607,0.02208187388841561,0.022246278361825328,0.011101343349728642,0.011144935012096686,1.0074452229118096,1.0074452229118094,0.022065954568133348,0.02245569335060557,0.0019595035924232754,0.0,,,,,,,0.022217217253579967,0.05621144862359326,1.0061291612228327,1.0061291612228327,,,,,
12,0.1,314159,2,certified,384,384,6,0.5235987755982988,0.03333333333333333,0.022081873888415607,0.02208187388841561,0.022231747807702647,0.011130404457974004,0.011101343349728642,1.0067871920673213,1.006787192067321,0.02138554250278856,0.021759325708225776,0.001307189542483649,0.0,,,,,,,0.022202686699457283,0.055361411207416396,1.0054711303783441,1.0054711303783441,,,,,
12,0.1,314159,3,certified,384,384,6,0.5235987755982988,0.03333333333333333,0.022081873888415607,0.02208187388841561,0.021795831184022202,0.010905180869072443,0.01089065031494976,0.9870462667326677,0.9870462667326676,0.021646512526467473,0.022036208292320312,0.0006666666666667008,0.0,,,,,,,0.0217595047987155,0.05438786408119674,0.9854011896214466,0.9854011896214465,,,,,
12,0.1,314159,4,certified,384,384,6,0.5235987755982988,0.03333333333333333,0.022081873888415607,0.02208187388841561,0.022318931132438737,0.011137669735035346,0.01118126139740339,1.0107353771342518,1.0107353771342518,0.022196722470433677,0.022588811076621862,0.0019531249999999445,0.0,,,,,,,0.022297135301254715,0.05510712651026947,1.0097483308675193,1.009748330867519,,,,,
12,0.1,314159,5,certified,384,384,6,0.5235987755982988,0.03333333333333333,0.022081873888415607,0.02208187388841561,0.02225354363888667,0.011101343349728642,0.011152200289158027,1.0077742383340538,1.0077742383340538,0.022066583842272947,0.022463400048877466,0.002285341168788769,0.0,,,,,,,0.022224482530641305,0.05640034582718812,1.0064581766450769,1.0064581766450766,,,,,
12,0.1,314159,6,certified,384,384,6,0.5235987755982988,0.03333333333333333,0.022081873888415607,0.02208187388841561,0.02177403535283818,0.010941507254379146,0.010832528098459035,0.9860592204659351,0.9860592204659349,0.021247556694222156,0.02161231938889629,0.005005005005004982,0.0,,,,,,,0.02177403535283818,0.05520884038912824,0.9860592204659351,0.9860592204659349,,,,,
12,0.1,314159,7,certified,384,384,6,0.5235987755982988,0.03333333333333333,0.022081873888415607,0.02208187388841561,0.022340726963622756,0.011188526674464731,0.011152200289158027,1.0117224234009845,1.0117224234009843,0.021279027810902882,0.021662465721960046,0.0016260162601626463,0.0,,,,,,,0.022333461686561418,0.054373333527074054,1.0113934079787403,1.01139340797874,,,,,
12,0.1,271828,0,certified,384,384,6,0.5235987755982988,0.03333333333333333,0.022081873888415607,0.02208187388841561,0.021897545062880972,0.010934241977317806,0.010963303085563168,0.9916524826440869,0.9916524826440867,0.022106766024731626,0.022503037847540115,0.0013271400132713889,0.0,,,,,,,,,,,,,,,
12,0.1,271828,1,certified,384,384,6,0.5235987755982988,0.03333333333333333,0.022081873888415607,0.02208187388841561,0.021984728387617062,0.010992364193808531,0.010992364193808531,0.9956006677110175,0.9956006677110174,0.02253982785345879,0.022948064258503365,0.0,0.0,,,,,,,,,,,,,,,
12,0.1,271828,2,certified,384,384,6,0.5235987755982988,0.03333333333333333,0.022081873888415607,0.02208187388841561,0.02197746311055572,0.010992364193808531,0.01098509891674719,0.9952716522887732,0.9952716522887731,0.02198754957977898,0.022380428817202994,0.0003305785123966717,0.0,,,,,,,,,,,,,,,
12,0.1,271828,3,certified,384,384,6,0.5235987755982988,0.03333333333333333,0.022081873888415607,0.02208187388841561,0.022115503374721197,0.011065016964421939,0.011050486410299256,1.0015229453114136,1.0015229453114134,0.021485267072448896,0.021868410585407876,0.0006570302233903096,0.0,,,,,,,,,,,,,,,
12,0.1,271828,4,certified,384,384,6,0.5235987755982988,0.03333333333333333,0.022081873888415607,0.02208187388841561,0.022209951976518625,0.011108608626789983,0.011101343349728642,1.0058001458005885,1.0058001458005883,0.02151548603942515,0.02188269299043398,0.00032711808963041235,0.0,,,,,,,,,,,,,,,
12,0.1,271828,5,certified,384,384,6,0.5235987755982988,0.03333333333333333,0.022081873888415607,0.02208187388841561,0.02207917698941449,0.011079547518544619,0.010999629470869871,0.9998778682001924,0.9998778682001922,0.021906662939190562,0.022283040654341488,0.0036196117143797195,0.0,,,,,,,,,,,,,,,
12,0.1,271828,6,certified,384,384,6,0.5235987755982988,0.03333333333333333,0.022081873888415607,0.02208187388841561,0.0221518297600279,0.011057751687360598,0.011094078072667301,1.0031680224226347,1.0031680224226345,0.02120209093672248,0.021573772794039835,0.0016398819285011145,0.0,,,,,,,,,,,,,,,
12,0.1,271828,7,certified,384,384,6,0.5235987755982988,0.03333333333333333,0.022081873888415607,0.02208187388841561,0.021991993664678404,0.010999629470869871,0.010992364193808531,0.9959296831332618,0.9959296831332617,0.022221227140992877,0.02262546739794101,0.0003303600925008034,0.0,,,,,,,,,,,,,,,
16,0.1,42,0,certified,512,512,8,0.39269908169872414,0.025,0.01242105406223378,0.012421054062233781,0.012692582389552086,0.006358534843383328,0.006334047546168758,1.0218603289187742,1.021860328918774,0.012046156145367831,0.0121649878296584,0.0019292604501607697,0.0,0.27920656420758333,0.9326554950710764,2.1223122116184063,0.0027385793786692757,0.0002828400195694716,3.1414954982662757,0.012688501173349659,0.03196816651362106,1.0215317564657458,1.0215317564657456,0.012721150902969085,0.012696663605754515,0.0022508038585210004,0.00032154340836016245,
16,0.1,42,1,certified,512,512,8,0.39269908169872414,0.025,0.01242105406223378,0.012421054062233781,0.012766044281195797,0.0063993470054076115,0.006366697275788185,1.027774633073288,1.027774633073288,0.01228438652534818,0.012404826768266335,0.0025575447570332453,0.0,0.2786932664099736,0.9348480943188905,2.1499776016292995,0.0027901785714285715,0.00028475110078277885,3.1415227002635904,0.012761963064993368,0.032515049484746456,1.0274460606202593,1.0274460606202593,0.012729313335373941,0.0127089072543618,0.002877237851662435,0.004475703324808247,
16,0.1,42,2,certified,512,512,8,0.39269908169872414,0.025,0.01242105406223378,0.012421054062233781,0.01241505968778696,0.006211611060095909,0.006203448627691052,0.9995174021128331,0.999517402112833,0.012381241957371088,0.01250814289684903,0.0006574621959237337,0.0,0.279103027946485,0.9325263732868491,2.1123503791046634,0.002650669642857143,0.00025226272015655576,3.141422729091988,0.012410978471584531,0.032008978675645346,0.9991888296598046,0.9991888296598044,0.012435465768799102,0.012439546985001531,0.0016436554898093692,0.001972386587771271,
16,0.1,42,3,certified,512,512,8,0.39269908169872414,0.025,0.01242105406223378,0.012421054062233781,0.012353841444750536,0.006178961330476482,0.0061748801142740535,0.994588815317405,0.9945888153174048,0.012296700881501697,0.012419349155743643,0.0003303600925008606,0.0,0.2786249501927974,0.9262547507711205,2.102776763437243,0.0026965355919765168,0.0003057729941291585,3.1415310584548997,0.012349760228548107,0.031143760840730537,0.9942602428643764,0.9942602428643763,0.012357922660952965,0.012406897255382104,0.0003303600925008606,0.0042946812025107675,
16,0.1,42,4,certified,512,512,8,0.39269908169872414,0.025,0.01242105406223378,0.012421054062233781,0.012676257524742373,0.006321803897561473,0.0063544536271809,1.0205460391066599,1.0205460391066599,0.012513971145738729,0.012643060324735238,0.0025756600128782974,0.0,0.27877106389819295,0.9299786221278016,2.1246108663967878,0.002633469911937378,0.000254173801369863,3.141476513352245,0.012664013876135088,0.032025303540455054,1.0195603217475744,1.0195603217475742,0.012655851443730232,0.012664013876135088,0.0016097875080488331,0.0009658725048293273,
16,0.1,42,5,certified,512,512,8,0.39269908169872414,0.025,0.01242105406223378,0.012421054062233781,0.012459953066013671,0.00620752984389348,0.006252423222120192,1.0031316990961472,1.003131699096147,0.012255022513393452,0.012375975728042665,0.0036030134294137224,0.0,0.27840406236226023,0.9294063838073177,2.1054742541302622,0.002604803693737769,0.0002771067759295499,3.1410335607335162,0.012447709417406387,0.031200897867564536,1.0021459817370615,1.0021459817370613,0.012472196714620958,0.0124640342822161,0.0009826400262038374,0.00032754667540127913,
16,0.1,42,6,certified,512,512,8,0.39269908169872414,0.025,0.01242105406223378,0.012421054062233781,0.012472196714620958,0.006276910519334762,0.006195286195286196,1.004117416455233,1.0041174164552327,0.01218037408901156,0.01229810470215138,0.00654450261780104,0.0,0.2789175863021493,0.9382298717234326,2.1177523091369763,0.0026697804549902153,0.0002503516389432485,3.1415718674149598,0.012472196714620958,0.032204877053361905,1.004117416455233,1.0041174164552327,0.012459953066013671,0.0124640342822161,0.0009816753926702602,0.0006544502617801735,
16,0.1,42,7,certified,512,512,8,0.39269908169872414,0.025,0.01242105406223378,0.012421054062233781,0.012651770227527804,0.006321803897561473,0.00632996632996633,1.0185746043884887,1.0185746043884887,0.011883603118120322,0.01200096089897987,0.0006451612903225799,0.0,0.27891883505781717,0.9314511026181069,2.123668480887262,0.002665958292563601,0.00023697407045009783,3.1414816219965975,0.012647689011325375,0.03175186205489236,1.0182460319354603,1.01824603193546,0.012696663605754515,0.012676257524742373,0.003548387096774155,0.0019354838709676712,
16,0.1,7,0,certified,512,512,8,0.39269908169872414,0.025,0.01242105406223378,0.012421054062233781,0.012472196714620958,0.006252423222120192,0.0062197734925007655,1.004117416455233,1.0041174164552327,0.012108338937462054,0.012224807546292099,0.002617801047120416,0.0,,,,,,,,,,,0.012419140903989389,0.012468115498418529,0.00425392670157071,0.00032722513089008675,
16,0.1,7,1,certified,512,512,8,0.39269908169872414,0.025,0.01242105406223378,0.012421054062233781,0.012251811039689827,0.006125905519844914,0.006125905519844914,0.9863745039916914,0.9863745039916912,0.012236172137752495,0.01235967196419835,0.0,0.0,,,,,,,,,,,0.012227323742475258,0.012235486174880114,0.001998667554963285,0.001332445036642237,
16,0.1,7,2,certified,512,512,8,0.39269908169872414,0.025,0.01242105406223378,0.012421054062233781,0.012325272931333538,0.006154474033261912,0.006170798898071626,0.9922888081462052,0.9922888081462051,0.011831203230527805,0.011949458390549953,0.0013245033112582766,0.0,,,,,,,,,,,0.012292623201714111,0.01226813590449954,0.0026490066225165533,0.004635761589404039,
16,0.1,7,3,certified,512,512,8,0.39269908169872414,0.025,0.01242105406223378,0.012421054062233781,0.012602795633098664,0.006276910519334762,0.006325885113763902,1.0146317349521463,1.014631734952146,0.01264147373462296,0.01276701954568205,0.003886010362694296,0.0,,,,,,,,,,,0.012619120497908377,0.01261095806550352,0.0012953367875647654,0.0006476683937823138,
16,0.1,7,4,certified,512,512,8,0.39269908169872414,0.025,0.01242105406223378,0.012421054062233781,0.012623201714110806,0.006350372410978472,0.006272829303132333,1.016274597217289,1.0162745972172889,0.012570456204424417,0.012696383771284231,0.0061429033301002535,0.0,,,,,,,,,,,0.012606876849301092,0.012598714416896235,0.0012932428063368883,0.0019398642095054012,
16,0.1,7,5,certified,512,512,8,0.39269908169872414,0.025,0.01242105406223378,0.012421054062233781,0.012439546985001531,0.0062197734925007655,0.0062197734925007655,1.0014888368310044,1.0014888368310044,0.01244449079856268,0.01257122282924047,0.0,0.0,,,,,,,,,,,0.012435465768799102,0.012468115498418529,0.0003280839895013468,0.002296587926509149,
16,0.1,7,6,certified,512,512,8,0.39269908169872414,0.025,0.01242105406223378,0.012421054062233781,0.012500765228037955,0.006248342005917763,0.006252423222120192,1.0064174236264325,1.0064174236264325,0.012103932361048992,0.012222685200845143,0.0003264773098270014,0.0,,,,,,,,,,,0.012508927660442811,0.012549739822467095,0.000652954619653864,0.0039177277179236,
16,0.1,7,7,certified,512,512,8,0.39269908169872414,0.025,0.01242105406223378,0.012421054062233781,0.012557902254871953,0.006293235384144475,0.0062646668707274766,1.0110174379688324,1.0110174379688321,0.011823297302285382,0.011940982196867135,0.0022749431264218714,0.0,,,,,,,,,,,0.012533414957657382,0.012545658606264666,0.0019499512512187863,0.0009749756256094622,
16,0.1,123,0,certified,512,512,8,0.39269908169872414,0.025,0.01242105406223378,0.012421054062233781,0.012325272931333538,0.006170798898071626,0.006154474033261912,0.9922888081462052,0.9922888081462051,0.012087661080975833,0.01220869740555809,0.0013245033112582766,0.0,,,,,,,0.01231711049892868,0.0313110907050301,0.9916316632401481,0.991631663240148,,,,,
16,0.1,123,1,certified,512,512,8,0.39269908169872414,0.025,0.01242105406223378,0.012421054062233781,0.012362003877155392,0.006178961330476482,0.00618304254667891,0.995245960223462,0.9952459602234619,0.01257529343311121,0.012704177600162006,0.00033014196104321316,0.0,,,,,,,0.012357922660952965,0.0312825221916131,0.9949173877704336,0.9949173877704335,,,,,
16,0.1,123,2,certified,512,512,8,0.39269908169872414,0.025,0.01242105406223378,0.012421054062233781,0.01231711049892868,0.006138149168452199,0.006178961330476482,0.9916316632401481,0.991631663240148,0.012399016230313534,0.012523987956620694,0.0033134526176275643,0.0,,,,,,,0.01231711049892868,0.03168656259565351,0.9916316632401481,0.991631663240148,,,,,
16,0.1,123,3,certified,512,512,8,0.39269908169872414,0.025,0.01242105406223378,0.012421054062233781,0.012153861850831548,0.006093255790225487,0.006060606060606061,0.9784887651190063,0.9784887651190062,0.012559998145448583,0.012684031885264358,0.002686366689053053,0.0,,,,,,,0.012153861850831548,0.030927456382001835,0.9784887651190063,0.9784887651190062,,,,,
16,0.1,123,4,certified,512,512,8,0.39269908169872414,0.025,0.01242105406223378,0.012421054062233781,0.012647689011325375,0.0063095602489541885,0.006338128762371186,1.0182460319354603,1.01824603193546,0.012101887497247242,0.012219991907940944,0.0022587931590835387,0.0,,,,,,,0.012643607795122946,0.03159269462299765,1.0179174594824316,1.0179174594824314,,,,,
16,0.1,123,5,certified,512,512,8,0.39269908169872414,0.025,0.01242105406223378,0.012421054062233781,0.012447709417406387,0.006240179573512907,0.00620752984389348,1.0021459817370615,1.0021459817370613,0.011990889629836913,0.012112877555644129,0.0026229508196721285,0.0,,,,,,,0.012447709417406387,0.031029486787062546,1.0021459817370615,1.0021459817370613,,,,,
16,0.1,123,6,certified,512,512,8,0.39269908169872414,0.025,0.01242105406223378,0.012421054062233781,0.012406897255382104,0.006211611060095909,0.006195286195286196,0.9988602572067761,0.998860257206776,0.01197436325124096,0.012090747342706928,0.001315789473684209,0.0,,,,,,,0.012394653606774818,0.03101316192225283,0.9978745398476904,0.9978745398476903,,,,,
16,0.1,123,7,certified,512,512,8,0.39269908169872414,0.025,0.01242105406223378,0.012421054062233781,0.012410978471584531,0.0062197734925007655,0.006191204979083767,0.9991888296598046,0.9991888296598044,0.012013071768350174,0.012132130924281366,0.0023018743834265372,0.0,,,,,,,0.012410978471584531,0.030874400571370267,0.9991888296598046,0.9991888296598044,,,,,
16,0.1,2023,0,certified,512,512,8,0.39269908169872414,0.025,0.01242105406223378,0.012421054062233781,0.012582389552086522,0.006272829303132333,0.0063095602489541885,1.0129888726870035,1.0129888726870033,0.012350822891405778,0.012474705745857809,0.002919234511839149,0.0,,,,,,,,,,,0.012602795633098664,0.01261095806550352,0.0016217969510217648,0.002270515731430388,
16,0.1,2023,1,certified,512,512,8,0.39269908169872414,0.025,0.01242105406223378,0.012421054062233781,0.012492602795633098,0.006248342005917763,0.006244260789715335,1.0057602787203754,1.0057602787203752,0.012375448334734682,0.012498057863022228,0.00032669062397905677,0.0,,,,,,,,,,,0.01251300887664524,0.012533414957657382,0.0016334531198954922,0.0032669062397909844,
16,0.1,2023,2,certified,512,512,8,0.39269908169872414,0.025,0.01242105406223378,0.012421054062233781,0.012459953066013671,0.006240179573512907,0.0062197734925007655,1.0031316990961472,1.003131699096147,0.012137941956279607,0.012259137151625582,0.0016377333770061868,0.0,,,,,,,,,,,0.012476277930823385,0.012484440363228242,0.0013101867016049773,0.0019652800524075356,
16,0.1,2023,3,certified,512,512,8,0.39269908169872414,0.025,0.01242105406223378,0.012421054062233781,0.012308948066523825,0.006170798898071626,0.006138149168452199,0.990974518334091,0.9909745183340909,0.012302097062495698,0.01242485579097064,0.002652519893899201,0.0,,,,,,,,,,,0.012296704417916538,0.012296704417916538,0.0009946949602123061,0.0009946949602123061,
16,0.1,2023,4,certified,512,512,8,0.39269908169872414,0.025,0.01242105406223378,0.012421054062233781,0.012133455769819406,0.006076930925415774,0.006056524844403633,0.9768459028538635,0.9768459028538634,0.011741059231400735,0.01185736221861006,0.001681802892700938,0.0,,,,,,,,,,,0.012113049688807265,0.012129374553616979,0.0016818028927008664,0.00033636057854008754,
16,0.1,2023,5,certified,512,512,8,0.39269908169872414,0.025,0.01242105406223378,0.012421054062233781,0.012362003877155392,0.006166717681869197,0.006195286195286196,0.995245960223462,0.9952459602234619,0.012095784790482287,0.012216558607634447,0.002310993727302773,0.0,,,,,,,,,,,0.012341597796143251,0.012341597796143251,0.0016507098052161362,0.0016507098052161362,
16,0.1,2023,6,certified,512,512,8,0.39269908169872414,0.025,0.01242105406223378,0.012421054062233781,0.012606876849301092,0.0062891541679420465,0.006317722681359045,1.0149603074051747,1.0149603074051747,0.012262811531563368,0.012384287164474986,0.0022661055357721263,0.0,,,,,,,,,,,0.012582389552086522,0.012566064687276808,0.0019423761735190047,0.0032372936225316287,
16,0.1,2023,7,certified,512,512,8,0.39269908169872414,0.025,0.01242105406223378,0.012421054062233781,0.012137536986021834,0.006064687276808489,0.006072849709213346,0.977174475306892,0.9771744753068919,0.012114091577775314,0.012234569279445445,0.0006724949562878271,0.0,,,,,,,,,,,0.01217426793184369,0.012202836445260688,0.0030262273032952577,0.005379959650302617,
16,0.1,314159,0,certified,512,512,8,0.39269908169872414,0.025,0.01242105406223378,0.012421054062233781,0.012410978471584531,0.006223854708703193,0.006187123762881339,0.9991888296598046,0.9991888296598044,0.01256839748958735,0.012688098466969715,0.002959552778691182,0.0,,,,,,,0.012406897255382104,0.03151515151515152,0.9988602572067761,0.998860257206776,,,,,
16,0.1,314159,1,certified,512,512,8,0.39269908169872414,0.025,0.01242105406223378,0.012421054062233781,0.012313029282726252,0.006170798898071626,0.006142230384654627,0.9913030907871195,0.9913030907871193,0.01204837339133793,0.012160400557982905,0.002320185614849221,0.0,,,,,,,0.012313029282726252,0.031274359759208246,0.9913030907871195,0.9913030907871193,,,,,
16,0.1,314159,2,certified,512,512,8,0.39269908169872414,0.025,0.01242105406223378,0.012421054062233781,0.012357922660952965,0.006187123762881339,0.006170798898071626,0.9949173877704336,0.9949173877704335,0.012233246447066583,0.01235524750954298,0.0013210039630118875,0.0,,,,,,,0.012357922660952965,0.03168248137945107,0.9949173877704336,0.9949173877704335,,,,,
16,0.1,314159,3,certified,512,512,8,0.39269908169872414,0.025,0.01242105406223378,0.012421054062233781,0.012476277930823385,0.006244260789715335,0.00623201714110805,1.0044459889082613,1.004445988908261,0.01237801302856134,0.012496728123702673,0.0009813542688911034,0.0,,,,,,,0.012468115498418529,0.030886644219977555,1.0037888440022043,1.003788844002204,,,,,
16,0.1,314159,4,certified,512,512,8,0.39269908169872414,0.025,0.01242105406223378,0.012421054062233781,0.012325272931333538,0.0061748801142740535,0.006150392817059484,0.9922888081462052,0.9922888081462051,0.012044984091976269,0.012168955997638812,0.001986754966887415,0.0,,,,,,,0.01232119171513111,0.031188654218957248,0.9919602356931766,0.9919602356931765,,,,,
16,0.1,314159,5,certified,512,512,8,0.39269908169872414,0.025,0.01242105406223378,0.012421054062233781,0.012259973472094685,0.0061299867360473425,0.0061299867360473425,0.9870316488977485,0.9870316488977484,0.01214105216480363,0.012264178446348912,0.0,0.0,,,,,,,0.012251811039689827,0.030890725436179982,0.9863745039916914,0.9863745039916912,,,,,
16,0.1,314159,6,certified,512,512,8,0.39269908169872414,0.025,0.01242105406223378,0.012421054062233781,0.0122191613100704,0.006125905519844914,0.006093255790225487,0.983745924367463,0.9837459243674629,0.012268902682748047,0.012391587896781813,0.0026720106880427493,0.0,,,,,,,0.012206917661463116,0.03156820732578308,0.9827602070083774,0.9827602070083773,,,,,
16,0.1,314159,7,certified,512,512,8,0.39269908169872414,0.025,0.01242105406223378,0.012421054062233781,0.012251811039689827,0.006138149168452199,0.006113661871237629,0.9863745039916914,0.9863745039916912,0.012101848454713099,0.012223549307243108,0.0019986675549633556,0.0,,,,,,,0.012243648607284972,0.031123354759718395,0.9857173590856343,0.9857173590856342,,,,,
16,0.1,271828,0,certified,512,512,8,0.39269908169872414,0.025,0.01242105406223378,0.012421054062233781,0.01199877563513927,0.0059953066013672075,0.006003469033772064,0.9660030119039216,0.9660030119039213,0.012468688181295807,0.012589434160149687,0.0006802721088435367,0.0,,,,,,,,,,,,,,,
16,0.1,271828,1,certified,512,512,8,0.39269908169872414,0.025,0.01242105406223378,0.012421054062233781,0.012598714416896235,0.0062891541679420465,0.0063095602489541885,1.0143031624991177,1.0143031624991174,0.012403714700245714,0.012530347207369357,0.0016196954972465503,0.0,,,,,,,,,,,,,,,
16,0.1,271828,2,certified,512,512,8,0.39269908169872414,0.025,0.01242105406223378,0.012421054062233781,0.01226813590449954,0.0061299867360473425,0.006138149168452199,0.9876887938038055,0.9876887938038054,0.012118043230459417,0.012238104851714839,0.0006653359946773113,0.0,,,,,,,,,,,,,,,
16,0.1,271828,3,certified,512,512,8,0.39269908169872414,0.025,0.01242105406223378,0.012421054062233781,0.012194674012855832,0.006089174574023059,0.0061054994388327725,0.9817744896492918,0.9817744896492917,0.01204442525047043,0.012164383267714903,0.001338688085676036,0.0,,,,,,,,,,,,,,,
16,0.1,271828,4,certified,512,512,8,0.39269908169872414,0.025,0.01242105406223378,0.012421054062233781,0.012790531578410366,0.006383022140597898,0.006407509437812468,1.0297460677914592,1.0297460677914592,0.012565719647159631,0.01269346758315797,0.0019144862795149949,0.0,,,,,,,,,,,,,,,
16,0.1,271828,5,certified,512,512,8,0.39269908169872414,0.025,0.01242105406223378,0.012421054062233781,0.012639526578920519,0.006317722681359045,0.006321803897561473,1.0175888870294032,1.017588887029403,0.01241111532084497,0.012534310862467181,0.0003228931223764587,0.0,,,,,,,,,,,,,,,
16,0.1,271828,6,certified,512,512,8,0.39269908169872414,0.025,0.01242105406223378,0.012421054062233781,0.01217426793184369,0.006093255790225487,0.006081012141618203,0.980131627384149,0.9801316273841489,0.012186125575040731,0.01230850552020795,0.0010056989607777039,0.0,,,,,,,,,,,,,,,
16,0.1,271828,7,certified,512,512,8,0.39269908169872414,0.025,0.01242105406223378,0.012421054062233781,0.01205183144577084,0.006019793898581777,0.006032037547189062,0.9702744537932927,0.9702744537932925,0.012158424891729134,0.012282107539449742,0.0010159160176091738,0.0,,,,,,,,,,,,,,,
24,0.1,42,0,certified,768,768,12,0.2617993877991494,0.016666666666666666,0.005520468472103903,0.005520468472103903,0.005514003285940198,0.002757001642970099,0.002757001642970099,0.9988288700141347,0.9988288700141347,0.005508371410771146,0.005532350304098337,0.0,0.0,0.18598589359427284,0.5895687030181236,1.4419708406401759,0.0011535405801825294,0.00011204367666232072,3.141568372824969,0.005514003285940198,0.014109254794411366,0.9988288700141347,0.9988288700141347,0.005514003285940198,0.005506757552318726,0.0,0.0013140604467805636,
24,0.1,42,1,certified,768,768,12,0.2617993877991494,0.016666666666666666,0.005520468472103903,0.005520468472103903,0.00550313468550799,0.0027443216091325227,0.002758813076375467,0.9968600877473526,0.9968600877473526,0.005315018799494971,0.005337688618045508,0.0026333113890717815,0.0,0.18604419856626023,0.5948771464687788,1.4660050408580194,0.0011951325510647544,0.00012222946544980444,3.1413527187957118,0.00550313468550799,0.014049477492034222,0.9968600877473526,0.9968600877473526,0.00550313468550799,0.005506757552318726,0.0,0.0006583278472679454,
24,0.1,42,2,certified,768,768,12,0.2617993877991494,0.016666666666666666,0.005520468472103903,0.005520468472103903,0.005553854820858293,0.0027714931102130426,0.0027823617106452507,1.0060477383256692,1.0060477383256692,0.005481853176017064,0.005505263566328992,0.001956947162426632,0.0,0.18624878800952374,0.5900914910064242,1.4596626645103445,0.0011263784767492394,0.00011034604519774011,3.1413596988825723,0.005550231954047557,0.014044043191818118,1.005391477570075,1.005391477570075,0.005548420520642189,0.005555666254263661,0.000978473581213316,0.0003261578604044387,
24,0.1,42,3,certified,768,768,12,0.2617993877991494,0.016666666666666666,0.005520468472103903,0.005520468472103903,0.005541174787020717,0.0027696816768076745,0.0027714931102130426,1.0037508256810899,1.0037508256810899,0.005467673917560796,0.005491708869473298,0.0003269042170644031,0.0,0.18656133323381052,0.5902256534005467,1.4516879728174183,0.0011730633420252063,0.0001094972294654498,3.141269991453581,0.005541174787020717,0.013611110607935165,1.0037508256810899,1.0037508256810899,0.005546609087236821,0.005546609087236821,0.0009807126511932093,0.0009807126511932093,
24,0.1,42,4,certified,768,768,12,0.2617993877991494,0.016666666666666666,0.005520468472103903,0.005520468472103903,0.005597329222587126,0.0028149675119418746,0.0027823617106452507,1.0139228673927976,1.0139228673927976,0.005541569769370487,0.005565306807728925,0.005825242718446577,0.0,0.18548109120631448,0.5978864065742494,1.478525408260382,0.001240968600608431,0.00011628775532377227,3.141147051961827,0.005597329222587126,0.014527695911051373,1.0139228673927976,1.0139228673927976,0.0055846491887495495,0.0055792148885334455,0.00226537216828481,0.003236245954692586,
24,0.1,42,5,certified,768,768,12,0.2617993877991494,0.016666666666666666,0.005520468472103903,0.005520468472103903,0.005553854820858293,0.0027696816768076745,0.0027841731440506187,1.0060477383256692,1.0060477383256692,0.005567937675162568,0.005592261058655775,0.0026092628832355097,0.0,0.18583593993047817,0.591757992659155,1.4524112797095092,0.001150145317253368,0.00010185788787483703,3.1414810178862758,0.005553854820858293,0.013819425449552485,1.0060477383256692,1.0060477383256692,0.005524871886372405,0.005537551920209981,0.005218525766471019,0.0029354207436399484,
24,0.1,42,6,certified,768,768,12,0.2617993877991494,0.016666666666666666,0.005520468472103903,0.005520468472103903,0.005470528884211365,0.0027352644421056826,0.0027352644421056826,0.9909537409470061,0.9909537409470061,0.005569438086529972,0.005593999713406548,0.0,0.0,0.18552237785583756,0.5946043517269961,1.46010140486638,0.0011824003150803998,0.00011628775532377227,3.141441005321143,0.005468717450805997,0.014085706160141582,0.9906256105692091,0.9906256105692091,0.005465094583995261,0.005459660283779157,0.0009933774834437175,0.001986754966887435,
24,0.1,42,7,certified,768,768,12,0.2617993877991494,0.016666666666666666,0.005520468472103903,0.005520468472103903,0.005483208918048941,0.0027461330425378907,0.0027370758755110506,0.9932506535915853,0.9932506535915853,0.0053612747849565556,0.005385753442762729,0.0016518004625041445,0.0,0.18605725335975054,0.5939299401222098,1.4555568394089478,0.0011586334745762711,0.00010610196653628857,3.1415628094399537,0.005483208918048941,0.014045854625223486,0.9932506535915853,0.9932506535915853,0.005481397484643573,0.0054886432182650454,0.00033036009250082886,0.0009910802775024866,
24,0.1,7,0,certified,768,768,12,0.2617993877991494,0.016666666666666666,0.005520468472103903,0.005520468472103903,0.0055864606221549176,0.0027914188776720908,0.002795041744482827,1.0119540851260156,1.0119540851260156,0.005560594984584403,0.005584512753760797,0.0006485084306096038,0.0,,,,,,,,,,,0.005571969154911973,0.005573780588317341,0.002594033722438415,0.0022697795071336133,
24,0.1,7,1,certified,768,768,12,0.2617993877991494,0.016666666666666666,0.005520468472103903,0.005520468472103903,0.005475963184427469,0.0027280187084842106,0.0027479444759432588,0.9919381320803972,0.9919381320803972,0.005336246444591271,0.005358568986485706,0.0036387694343367845,0.0,,,,,,,,,,,0.005481397484643573,0.005481397484643573,0.0009923916639100322,0.0009923916639100322,
24,0.1,7,2,certified,768,768,12,0.2617993877991494,0.016666666666666666,0.005520468472103903,0.005520468472103903,0.005628123590478381,0.0028185903787526106,0.0028095332117257705,1.0195010838153469,1.0195010838153469,0.005552358621631212,0.005575268090202515,0.0016092693916961846,0.0,,,,,,,,,,,0.005633557890694485,0.005635369324099853,0.0009655616350177107,0.0012874155133569478,
24,0.1,7,3,certified,768,768,12,0.2617993877991494,0.016666666666666666,0.005520468472103903,0.005520468472103903,0.00552124901956167,0.0027678702434023065,0.002753378776159363,1.0001413915253228,1.0001413915253228,0.0055309450303681505,0.005555333163255767,0.0026246719160104436,0.0,,,,,,,,,,,0.005506757552318726,0.005506757552318726,0.002624671916010522,0.002624671916010522,
24,0.1,7,4,certified,768,768,12,0.2617993877991494,0.016666666666666666,0.005520468472103903,0.005520468472103903,0.00552124901956167,0.0027624359431862025,0.002758813076375467,1.0001413915253228,1.0001413915253228,0.005537592018120134,0.005561152473685192,0.000656167979002552,0.0,,,,,,,,,,,0.005519437586156302,0.005523060452967037,0.00032808398950131526,0.00032808398950115816,
24,0.1,7,5,certified,768,768,12,0.2617993877991494,0.016666666666666666,0.005520468472103903,0.005520468472103903,0.005566534854695869,0.0027877960108613547,0.0027787388438345146,1.0083446509702483,1.0083446509702483,0.0054440961224001315,0.005469091661069571,0.0016270745200130314,0.0,,,,,,,,,,,0.0055755920217227094,0.0055755920217227094,0.0016270745200130314,0.0016270745200130314,
24,0.1,7,6,certified,768,768,12,0.2617993877991494,0.016666666666666666,0.005520468472103903,0.005520468472103903,0.005595517789181758,0.002796853177888195,0.002798664611293563,1.0135947370150007,1.0135947370150007,0.005503133404792193,0.005527823043602249,0.00032372936225315925,0.0,,,,,,,,,,,0.005588272055560286,0.00559370635577639,0.001294917449012637,0.00032372936225315925,
24,0.1,7,7,certified,768,768,12,0.2617993877991494,0.016666666666666666,0.005520468472103903,0.005520468472103903,0.005646237924532061,0.0028222132455633466,0.0028240246789687147,1.0227823875933173,1.0227823875933173,0.005582359715712404,0.005607880784347893,0.0003208213025344912,0.0,,,,,,,,,,,0.005622689290262277,0.005628123590478381,0.004170676932948386,0.003208213025344912,
24,0.1,123,0,certified,768,768,12,0.2617993877991494,0.016666666666666666,0.005520468472103903,0.005520468472103903,0.005557477687669029,0.0027823617106452507,0.0027751159770237786,1.0067039990812632,1.0067039990812632,0.0053584383683420314,0.005381465937516563,0.0013037809647979258,0.0,,,,,,,0.005557477687669029,0.01420526076489587,1.0067039990812632,1.0067039990812632,,,,,
24,0.1,123,1,certified,768,768,12,0.2617993877991494,0.016666666666666666,0.005520468472103903,0.005520468472103903,0.005504946118913358,0.0027624359431862025,0.0027425101757271547,0.9971882181251496,0.9971882181251496,0.005562176519317432,0.0055867594153941455,0.003619611714379684,0.0,,,,,,,0.005504946118913358,0.013935357187496037,0.9971882181251496,0.9971882181251496,,,,,
24,0.1,123,2,certified,768,768,12,0.2617993877991494,0.016666666666666666,0.005520468472103903,0.005520468472103903,0.005394448681185909,0.0026881671735661146,0.0027062815076197948,0.9771722650795313,0.9771722650795313,0.005527322357190071,0.005552105655545389,0.00335795836131635,0.0,,,,,,,0.005394448681185909,0.013458950201884253,0.9771722650795313,0.9771722650795313,,,,,
24,0.1,123,3,certified,768,768,12,0.2617993877991494,0.016666666666666666,0.005520468472103903,0.005520468472103903,0.005463283150589893,0.0027461330425378907,0.0027171501080520024,0.989641219435818,0.989641219435818,0.005561343870235562,0.00558587539840613,0.005305039787798457,0.0,,,,,,,0.005461471717184525,0.014129180561870413,0.989313089058021,0.989313089058021,,,,,
24,0.1,123,4,certified,768,768,12,0.2617993877991494,0.016666666666666666,0.005520468472103903,0.005520468472103903,0.0054089401484288535,0.0027044700742144268,0.0027044700742144268,0.9797973081019075,0.9797973081019075,0.005364998299052326,0.005386744980639577,0.0,0.0,,,,,,,0.0054071287150234855,0.01376870531420218,0.9794691777241104,0.9794691777241104,,,,,
24,0.1,123,5,certified,768,768,12,0.2617993877991494,0.016666666666666666,0.005520468472103903,0.005520468472103903,0.005542986220426085,0.0027678702434023065,0.0027751159770237786,1.004078956058887,1.004078956058887,0.0054853459613537344,0.005510665157877621,0.001307189542483672,0.0,,,,,,,0.005542986220426085,0.013882825618740366,1.004078956058887,1.004078956058887,,,,,
24,0.1,123,6,certified,768,768,12,0.2617993877991494,0.016666666666666666,0.005520468472103903,0.005520468472103903,0.005571969154911973,0.0027896074442667227,0.0027823617106452507,1.0093290421036394,1.0093290421036394,0.00531839495693331,0.005340298815096521,0.0013003901170351223,0.0,,,,,,,0.005571969154911973,0.013841162650416901,1.0093290421036394,1.0093290421036394,,,,,
24,0.1,123,7,certified,768,768,12,0.2617993877991494,0.016666666666666666,0.005520468472103903,0.005520468472103903,0.0056661636919911095,0.0028240246789687147,0.002842139013022395,1.0263918217490844,1.0263918217490844,0.005480704796304868,0.0055049666240011815,0.003196930946291589,0.0,,,,,,,0.0056661636919911095,0.014346552570514573,1.0263918217490844,1.0263918217490844,,,,,
24,0.1,2023,0,certified,768,768,12,0.2617993877991494,0.016666666666666666,0.005520468472103903,0.005520468472103903,0.005526683319777773,0.0027769274104291466,0.0027497559093486268,1.0011257826587137,1.0011257826587137,0.005386541213073009,0.0054097477325491935,0.004916420845624352,0.0,,,,,,,,,,,0.005528494753183141,0.005526683319777773,0.00032776138970829535,0.0,
24,0.1,2023,1,certified,768,768,12,0.2617993877991494,0.016666666666666666,0.005520468472103903,0.005520468472103903,0.005633557890694485,0.0028185903787526106,0.0028149675119418746,1.020485474948738,1.020485474948738,0.00548040397384232,0.005503660683075051,0.0006430868167202631,0.0,,,,,,,,,,,0.005628123590478381,0.005628123590478381,0.0009646302250803946,0.0009646302250803946,
24,0.1,2023,2,certified,768,768,12,0.2617993877991494,0.016666666666666666,0.005520468472103903,0.005520468472103903,0.0054886432182650454,0.0027406987423217867,0.0027479444759432588,0.9942350447249764,0.9942350447249764,0.005425786364357535,0.00544871360012656,0.001320132013201332,0.0,,,,,,,,,,,0.005485020351454309,0.005483208918048941,0.000660066006600666,0.000990099009900999,
24,0.1,2023,3,certified,768,768,12,0.2617993877991494,0.016666666666666666,0.005520468472103903,0.005520468472103903,0.00560276352280323,0.002796853177888195,0.002805910344915035,1.0149072585261887,1.0149072585261887,0.005520277953456072,0.005546081353439211,0.0016165535079211268,0.0,,,,,,,,,,,0.005604574956208598,0.005591894922371022,0.00032331070158422533,0.001939864209505352,
24,0.1,2023,4,certified,768,768,12,0.2617993877991494,0.016666666666666666,0.005520468472103903,0.005520468472103903,0.00552124901956167,0.002758813076375467,0.0027624359431862025,1.0001413915253228,1.0001413915253228,0.005568061309605422,0.0055918607046872215,0.000656167979002552,0.0,,,,,,,,,,,0.005515814719345566,0.00551219185253483,0.0009842519685039459,0.0016404199475065764,
24,0.1,2023,5,certified,768,768,12,0.2617993877991494,0.016666666666666666,0.005520468472103903,0.005520468472103903,0.005468717450805997,0.0027425101757271547,0.0027262072750788425,0.9906256105692091,0.9906256105692091,0.005452440914605382,0.005475258159632932,0.002981119576018576,0.0,,,,,,,,,,,0.005470528884211365,0.005468717450805997,0.00033123550844650846,0.0,
24,0.1,2023,6,certified,768,768,12,0.2617993877991494,0.016666666666666666,0.005520468472103903,0.005520468472103903,0.0054016944148073814,0.0027026586408090587,0.0026990357739983227,0.9784847865907194,0.9784847865907194,0.0054826765714480466,0.005506494590200153,0.000670690811535888,0.0,,,,,,,,,,,0.0054053172816181175,0.0054107515818342215,0.000670690811535888,0.00167672702883972,
24,0.1,2023,7,certified,768,768,12,0.2617993877991494,0.016666666666666666,0.005520468472103903,0.005520468472103903,0.00550313468550799,0.0027497559093486268,0.002753378776159363,0.9968600877473526,0.9968600877473526,0.005501640009545,0.005525554895058162,0.0006583278472679454,0.0,,,,,,,,,,,0.00552124901956167,0.005517626152750934,0.0032916392363397267,0.0026333113890717815,
24,0.1,314159,0,certified,768,768,12,0.2617993877991494,0.016666666666666666,0.005520468472103903,0.005520468472103903,0.005457848850373789,0.0027352644421056826,0.0027225844082681065,0.988656828302427,0.988656828302427,0.005583496083475075,0.005606869302138213,0.0023232658479920556,0.0,,,,,,,0.005457848850373789,0.013828482616579325,0.988656828302427,0.988656828302427,,,,,
24,0.1,314159,1,certified,768,768,12,0.2617993877991494,0.016666666666666666,0.005520468472103903,0.005520468472103903,0.0054958889518865175,0.002758813076375467,0.0027370758755110506,0.9955475662361645,0.9955475662361645,0.005383908985098997,0.005408148057689999,0.00395517468688204,0.0,,,,,,,0.0054958889518865175,0.014145483462518725,0.9955475662361645,0.9955475662361645,,,,,
24,0.1,314159,2,certified,768,768,12,0.2617993877991494,0.016666666666666666,0.005520468472103903,0.005520468472103903,0.005457848850373789,0.0027388873089164187,0.0027189615414573705,0.988656828302427,0.988656828302427,0.005343577347181294,0.005367499583218147,0.0036508463325589445,0.0,,,,,,,0.005457848850373789,0.013868334151497422,0.988656828302427,0.988656828302427,,,,,
24,0.1,314159,3,certified,768,768,12,0.2617993877991494,0.016666666666666666,0.005520468472103903,0.005520468472103903,0.005524871886372405,0.0027624359431862025,0.0027624359431862025,1.0007976522809168,1.0007976522809168,0.005527195101457172,0.0055524041420365305,0.0,0.0,,,,,,,0.005524871886372405,0.014294021001758903,1.0007976522809168,1.0007976522809168,,,,,
24,0.1,314159,4,certified,768,768,12,0.2617993877991494,0.016666666666666666,0.005520468472103903,0.005520468472103903,0.005515814719345566,0.0027660588099969385,0.0027497559093486268,0.9991570003919317,0.9991570003919317,0.005569990910243091,0.005594036769547534,0.0029556650246304896,0.0,,,,,,,0.00551219185253483,0.013728853779284086,0.9985007396363377,0.9985007396363377,,,,,
24,0.1,314159,5,certified,768,768,12,0.2617993877991494,0.016666666666666666,0.005520468472103903,0.005520468472103903,0.0054940775184811495,0.0027479444759432588,0.0027461330425378907,0.9952194358583675,0.9952194358583675,0.005477923558977631,0.005502515533387001,0.0003297065611605701,0.0,,,,,,,0.0054922660850757815,0.013841162650416901,0.9948913054805704,0.9948913054805704,,,,,
24,0.1,314159,6,certified,768,768,12,0.2617993877991494,0.016666666666666666,0.005520468472103903,0.005520468472103903,0.005541174787020717,0.0027896074442667227,0.002751567342753995,1.0037508256810899,1.0037508256810899,0.005617328979451844,0.005643932742731877,0.006864988558352387,0.0,,,,,,,0.005541174787020717,0.01404223175841275,1.0037508256810899,1.0037508256810899,,,,,
24,0.1,314159,7,certified,768,768,12,0.2617993877991494,0.016666666666666666,0.005520468472103903,0.005520468472103903,0.005557477687669029,0.0027751159770237786,0.0027823617106452507,1.0067039990812632,1.0067039990812632,0.005559818415806099,0.005584914354220777,0.0013037809647979258,0.0,,,,,,,0.005553854820858293,0.013948037221333613,1.0060477383256692,1.0060477383256692,,,,,
24,0.1,271828,0,certified,768,768,12,0.2617993877991494,0.016666666666666666,0.005520468472103903,0.005520468472103903,0.005517626152750934,0.002760624509780835,0.002757001642970099,0.9994851307697288,0.9994851307697288,0.005460434181429885,0.005483770030627257,0.0006565988181221333,0.0,,,,,,,,,,,,,,,
24,0.1,271828,1,certified,768,768,12,0.2617993877991494,0.016666666666666666,0.005520468472103903,0.005520468472103903,0.005465094583995261,0.0027298301418895786,0.0027352644421056826,0.9899693498136151,0.9899693498136151,0.005418076150806703,0.005442378735507031,0.000994365263506804,0.0,,,,,,,,,,,,,,,
24,0.1,271828,2,certified,768,768,12,0.2617993877991494,0.016666666666666666,0.005520468472103903,0.005520468472103903,0.005504946118913358,0.0027425101757271547,0.0027624359431862025,0.9971882181251496,0.9971882181251496,0.005309764526060516,0.005333638706420028,0.003619611714379684,0.0,,,,,,,,,,,,,,,
24,0.1,271828,3,certified,768,768,12,0.2617993877991494,0.016666666666666666,0.005520468472103903,0.005520468472103903,0.005331048511998029,0.0026664299727016984,0.002664618539296331,0.9656877018566353,0.9656877018566353,0.0056141017998533145,0.005639708322566509,0.00033978933061494044,0.0,,,,,,,,,,,,,,,
24,0.1,271828,4,certified,768,768,12,0.2617993877991494,0.016666666666666666,0.005520468472103903,0.005520468472103903,0.005452414550157685,0.0027207729748627385,0.0027316415752949466,0.9876724371690359,0.9876724371690359,0.005581638864849829,0.005604288971891814,0.0019933554817275928,0.0,,,,,,,,,,,,,,,
24,0.1,271828,5,certified,768,768,12,0.2617993877991494,0.016666666666666666,0.005520468472103903,0.005520468472103903,0.005528494753183141,0.002760624509780835,0.0027678702434023065,1.0014539130365108,1.0014539130365108,0.005675569680558072,0.005700816281824728,0.0013106159895150055,0.0,,,,,,,,,,,,,,,
24,0.1,271828,6,certified,768,768,12,0.2617993877991494,0.016666666666666666,0.005520468472103903,0.005520468472103903,0.005617254990046174,0.0028095332117257705,0.002807721778320403,1.0175323015485649,1.0175323015485649,0.005398393090711077,0.0054222642979981734,0.0003224766204449434,0.0,,,,,,,,,,,,,,,
24,0.1,271828,7,certified,768,768,12,0.2617993877991494,0.016666666666666666,0.005520468472103903,0.005520468472103903,0.00561182068983007,0.002802287478104299,0.0028095332117257705,1.0165479104151738,1.0165479104151738,0.005523479890043569,0.005548363204312861,0.001291155584247836,0.0,,,,,,,,,,,,,,,
32,0.1,42,0,certified,1024,1024,16,0.19634954084936207,0.0125,0.003105263515558445,0.0031052635155584454,0.0030985224233031697,0.001545697350829514,0.0015528250724736554,0.9978291400322388,0.9978291400322387,0.0030991901096803125,0.003106843720823238,0.0023003614853762716,0.0,0.13987843757162965,0.43809389975152807,1.0716123366525443,0.0006634515518084066,6.586785190615835e-05,3.1415712603431265,0.0030975041773540065,0.007997303684726616,0.997501230357565,0.9975012303575649,0.0030975041773540065,0.0030954676854556802,0.00032862306933949736,0.000985869208018492,
32,0.1,42,1,certified,1024,1024,16,0.19634954084936207,0.0125,0.003105263515558445,0.0031052635155584454,0.003053719601539995,0.0015182047102021117,0.0015355148913378835,0.9834011143465935,0.9834011143465934,0.0030913621490467496,0.003099303168486182,0.005668556185395077,0.0,0.1396246658696963,0.43654025929367035,1.0646269375194093,0.0006534281830400782,6.777706500488758e-05,3.1410968717404484,0.003053719601539995,0.007672483226943603,0.9834011143465935,0.9834011143465934,0.0030598290772349736,0.0030577925853366474,0.002000666888963027,0.0013337779259753038,
32,0.1,42,2,certified,1024,1024,16,0.19634954084936207,0.0125,0.003105263515558445,0.0031052635155584454,0.003067975044828278,0.001528387169693742,0.0015395878751345358,0.987991849792026,0.9879918497920259,0.0031393265203214,0.00314731995662057,0.003650846332558959,0.0,0.13918307156238946,0.43642248103809045,1.0616547821618736,0.0006477005437438905,5.7276392961876836e-05,3.141568378716477,0.003067975044828278,0.007700994113520168,0.987991849792026,0.9879918497920259,0.00307204802862493,0.0030700115367266042,0.0013275804845668557,0.0006637902422834985,
32,0.1,42,3,certified,1024,1024,16,0.19634954084936207,0.0125,0.003105263515558445,0.0031052635155584454,0.0031117596206422893,0.0015507885805753293,0.00156097104006696,1.0020919658029976,1.0020919658029974,0.0031655461852778564,0.0031733381718360492,0.003272251308900541,0.0,0.1393869997347463,0.43722469455011953,1.055103946458241,0.0006486551502932551,8.352807306940371e-05,3.1415176907064426,0.0031117596206422893,0.0078119829219789405,1.0020919658029976,1.0020919658029974,0.003110741374693126,0.003110741374693126,0.000327225130890082,0.000327225130890082,
32,0.1,42,4,certified,1024,1024,16,0.19634954084936207,0.0125,0.003105263515558445,0.0031052635155584454,0.003190164558727844,0.0015945731563893407,0.0015955914023385036,1.0273410107528766,1.0273410107528766,0.0030338629362805436,0.0030411701873137146,0.0003191828917969606,0.0,0.13997278768516835,0.44045348576765414,1.0843225271944834,0.0006601104288856305,5.823099951124145e-05,3.1412584179467316,0.0031891463127786813,0.008069599147117194,1.027013101078203,1.0270131010782029,0.003185073328982029,0.003183036837083703,0.001595914458984871,0.0022342802425789282,
32,0.1,42,5,certified,1024,1024,16,0.19634954084936207,0.0125,0.003105263515558445,0.0031052635155584454,0.003110741374693126,0.0015497703346261662,0.00156097104006696,1.0017640561283239,1.0017640561283236,0.0030128063365814505,0.0030207014484054523,0.0036006546644844987,0.0,0.13924627201120748,0.4359312599458664,1.066535457521362,0.0006414956011730205,7.111818792766374e-05,3.1413466807667825,0.003110741374693126,0.00790158856550529,1.0017640561283239,1.0017640561283236,0.003109723128743963,0.003110741374693126,0.00032733224222588887,0.0,
32,0.1,42,6,certified,1024,1024,16,0.19634954084936207,0.0125,0.003105263515558445,0.0031052635155584454,0.003113796112540615,0.0015507885805753293,0.001563007531965286,1.002747785152345,1.002747785152345,0.003194491722904128,0.0032025034406011122,0.003924133420536305,0.0,0.13973917974860448,0.437438440936389,1.0640095971056227,0.0006381544782502444,5.345796676441838e-05,3.141478666734222,0.003113796112540615,0.007766161854266603,1.002747785152345,1.002747785152345,0.0031199055882355936,0.0031168508503881046,0.0019620667102681873,0.0009810333551341635,
32,0.1,42,7,certified,1024,1024,16,0.19634954084936207,0.0125,0.003105263515558445,0.0031052635155584454,0.0031748908694903986,0.0015915184185418514,0.001583372450948547,1.0224223656327704,1.0224223656327702,0.0030142396040542187,0.003021223653267024,0.0025657472738935486,0.0,0.1400131686790848,0.4402914504416354,1.077714955100973,0.0006477005437438905,6.15721224340176e-05,3.1415234766350966,0.0031748908694903986,0.00804516124433728,1.0224223656327704,1.0224223656327702,0.0031769273613887245,0.0031738726235412355,0.0006414368184733018,0.00032071840923671917,
32,0.1,7,0,certified,1024,1024,16,0.19634954084936207,0.0125,0.003105263515558445,0.0031052635155584454,0.003141288753168018,0.0015701352536094274,0.0015711534995585903,1.0116013463685365,1.0116013463685365,0.0030577974606680143,0.0030654375908340525,0.00032414910858991167,0.0,,,,,,,,,,,0.0031402705072188547,0.003144343491015507,0.0003241491085899807,0.000972447325769804,
32,0.1,7,1,certified,1024,1024,16,0.19634954084936207,0.0125,0.003105263515558445,0.0031052635155584454,0.0031188873422864304,0.0015599527941177968,0.0015589345481686338,1.0043873335257139,1.0043873335257136,0.0030452567711864234,0.0030529698650357535,0.00032647730982692707,0.0,,,,,,,,,,,0.0031178690963372677,0.0031148143584897783,0.0003264773098268575,0.0013059092393078473,
32,0.1,7,2,certified,1024,1024,16,0.19634954084936207,0.0125,0.003105263515558445,0.0031052635155584454,0.0031341610315238763,0.0015701352536094274,0.001564025777914449,1.0093059786458203,1.00930597864582,0.0030240712567133504,0.003031515631875343,0.001949317738791461,0.0,,,,,,,,,,,0.0031361975234222026,0.003133142785574713,0.0006497725795971998,0.0003248862897985999,
32,0.1,7,3,certified,1024,1024,16,0.19634954084936207,0.0125,0.003105263515558445,0.0031052635155584454,0.0030761210124215822,0.0015355148913378835,0.0015406061210836988,0.990615127189416,0.9906151271894159,0.0029801574285239084,0.0029873330249623976,0.0016550810989738585,0.0,,,,,,,,,,,0.0030781575043199085,0.0030791757502690717,0.0006620324395895999,0.0009930486593843998,
32,0.1,7,4,certified,1024,1024,16,0.19634954084936207,0.0125,0.003105263515558445,0.0031052635155584454,0.0031535077045579743,0.0015772629752535687,0.0015762447293044056,1.0155362624646216,1.0155362624646214,0.003136293325115589,0.0031438404123311655,0.0003228931223765226,0.0,,,,,,,,,,,0.0031545259505071374,0.0031555441964563006,0.0003228931223765226,0.0006457862447530452,
32,0.1,7,5,certified,1024,1024,16,0.19634954084936207,0.0125,0.003105263515558445,0.0031052635155584454,0.003128051555828898,0.0015589345481686338,0.0015691170076602642,1.0073385205977776,1.0073385205977774,0.0030986863939626266,0.003106387145096915,0.0032552083333332814,0.0,,,,,,,,,,,0.00312194208013392,0.003124996817981409,0.0019531249999998996,0.0009765624999999498,
32,0.1,7,6,certified,1024,1024,16,0.19634954084936207,0.0125,0.003105263515558445,0.0031052635155584454,0.0031087048827948,0.0015518068265244925,0.0015568980562703076,1.0011082367789763,1.001108236778976,0.0030923598642433833,0.0030995983060166433,0.0016377333770061623,0.0,,,,,,,,,,,0.0031209238341847567,0.0031209238341847567,0.003930560104815013,0.003930560104815013,
32,0.1,7,7,certified,1024,1024,16,0.19634954084936207,0.0125,0.003105263515558445,0.0031052635155584454,0.0031779456073378876,0.0015864271887960362,0.0015915184185418514,1.0234060946567918,1.0234060946567916,0.0030999742047212947,0.003109018885182457,0.0016020506247997521,0.0,,,,,,,,,,,0.0031789638532870508,0.0031769273613887245,0.0003204101249599777,0.0003204101249599777,
32,0.1,123,0,certified,1024,1024,16,0.19634954084936207,0.0125,0.003105263515558445,0.0031052635155584454,0.0030618655691332995,0.0015273689237445792,0.0015344966453887205,0.9860243917439835,0.9860243917439834,0.003060636715706528,0.003068077053268455,0.002327901563019619,0.0,,,,,,,0.0030618655691332995,0.007782453789453212,0.9860243917439835,0.9860243917439834,,,,,
32,0.1,123,1,certified,1024,1024,16,0.19634954084936207,0.0125,0.003105263515558445,0.0031052635155584454,0.0030934311935573544,0.0015395878751345358,0.0015538433184228186,0.99618959165887,0.9961895916588699,0.0031988406475140516,0.0032070606965106554,0.0046082949308755726,0.0,,,,,,,0.0030934311935573544,0.008086909328252965,0.99618959165887,0.9961895916588699,,,,,
32,0.1,123,2,certified,1024,1024,16,0.19634954084936207,0.0125,0.003105263515558445,0.0031052635155584454,0.0031209238341847567,0.001564025777914449,0.0015568980562703076,1.0050431528750614,1.0050431528750612,0.003058308509174839,0.0030659028733046297,0.0022838499184339297,0.0,,,,,,,0.0031209238341847567,0.007979993503590844,1.0050431528750614,1.0050431528750612,,,,,
32,0.1,123,3,certified,1024,1024,16,0.19634954084936207,0.0125,0.003105263515558445,0.0031052635155584454,0.0030975041773540065,0.0015538433184228186,0.001543660858931188,0.997501230357565,0.9975012303575649,0.0031327793690026444,0.0031411435467917363,0.0032873109796186894,0.0,,,,,,,0.0030975041773540065,0.007587968813163069,0.997501230357565,0.9975012303575649,,,,,
32,0.1,123,4,certified,1024,1024,16,0.19634954084936207,0.0125,0.003105263515558445,0.0031052635155584454,0.0031565624424054633,0.0015792994671518948,0.0015772629752535687,1.0165199914886427,1.0165199914886427,0.003133121251811976,0.0031406129389979064,0.0006451612903225703,0.0,,,,,,,0.0031565624424054633,0.008011559128014899,1.0165199914886427,1.0165199914886427,,,,,
32,0.1,123,5,certified,1024,1024,16,0.19634954084936207,0.0125,0.003105263515558445,0.0031052635155584454,0.0031341610315238763,0.0015680987617111013,0.0015660622698127752,1.0093059786458203,1.00930597864582,0.003134139579779653,0.003141820004500107,0.0006497725795971307,0.0,,,,,,,0.0031341610315238763,0.007820128889572245,1.0093059786458203,1.00930597864582,,,,,
32,0.1,123,6,certified,1024,1024,16,0.19634954084936207,0.0125,0.003105263515558445,0.0031052635155584454,0.0031087048827948,0.0015589345481686338,0.0015497703346261662,1.0011082367789763,1.001108236778976,0.003168735261871054,0.003176406930772399,0.0029479200786112596,0.0,,,,,,,0.0031087048827948,0.007624625667332939,1.0011082367789763,1.001108236778976,,,,,
32,0.1,123,7,certified,1024,1024,16,0.19634954084936207,0.0125,0.003105263515558445,0.0031052635155584454,0.003087321717862376,0.0015497703346261662,0.0015375513832362095,0.9942221336108275,0.9942221336108273,0.0031166161230372557,0.0031245710007723523,0.003957783641160957,0.0,,,,,,,0.003087321717862376,0.008040070014591465,0.9942221336108275,0.9942221336108273,,,,,
32,0.1,2023,0,certified,1024,1024,16,0.19634954084936207,0.0125,0.003105263515558445,0.0031052635155584454,0.003129069801778061,0.0015660622698127752,0.001563007531965286,1.0076664302724514,1.0076664302724512,0.0031556084152706155,0.003163502906181437,0.000976244712007829,0.0,,,,,,,,,,,0.003127033309879735,0.003127033309879735,0.0006508298080051269,0.0006508298080051269,
32,0.1,2023,1,certified,1024,1024,16,0.19634954084936207,0.0125,0.003105263515558445,0.0031052635155584454,0.0030975041773540065,0.0015518068265244925,0.001545697350829514,0.997501230357565,0.9975012303575649,0.003152924763179919,0.003161054472497078,0.0019723865877712414,0.0,,,,,,,,,,,0.0030995406692523324,0.0030985224233031697,0.0006574621959236539,0.0003287310979618969,
32,0.1,2023,2,certified,1024,1024,16,0.19634954084936207,0.0125,0.003105263515558445,0.0031052635155584454,0.003103613653048985,0.0015528250724736554,0.0015507885805753293,0.9994686884056075,0.9994686884056074,0.00310306109111326,0.0031111288371822128,0.0006561679790026141,0.0,,,,,,,,,,,0.003110741374693126,0.003102595407099822,0.0022965879265091143,0.000328083989501342,
32,0.1,2023,3,certified,1024,1024,16,0.19634954084936207,0.0125,0.003105263515558445,0.0031052635155584454,0.003149434720761322,0.0015752264833552426,0.0015742082374060795,1.0142246237659265,1.0142246237659265,0.0031151931665149997,0.0031224769638078494,0.0003233107015842517,0.0,,,,,,,,,,,0.003147398228862996,0.003148416474812159,0.0006466214031685034,0.0003233107015842517,
32,0.1,2023,4,certified,1024,1024,16,0.19634954084936207,0.0125,0.003105263515558445,0.0031052635155584454,0.003164708409998768,0.0015782812212027317,0.0015864271887960362,1.019143268886033,1.0191432688860327,0.003160668407412264,0.003168586628663982,0.0025740025740026012,0.0,,,,,,,,,,,0.003166744901897094,0.003165726655947931,0.0006435006435005647,0.00032175032175035085,
32,0.1,2023,5,certified,1024,1024,16,0.19634954084936207,0.0125,0.003105263515558445,0.0031052635155584454,0.0031382340153205284,0.001565044023863612,0.0015731899914569166,1.0106176173445152,1.010617617344515,0.003073472042545719,0.0030812562294526336,0.002595717066839742,0.0,,,,,,,,,,,0.0031341610315238763,0.0031311062936763873,0.0012978585334198366,0.0022712524334846792,
32,0.1,2023,6,certified,1024,1024,16,0.19634954084936207,0.0125,0.003105263515558445,0.0031052635155584454,0.003128051555828898,0.0015660622698127752,0.0015619892860161229,1.0073385205977776,1.0073385205977774,0.0030884718283785187,0.0030966318071507857,0.0013020833333333818,0.0,,,,,,,,,,,0.0031209238341847567,0.0031178690963372677,0.0022786458333332624,0.003255208333333212,
32,0.1,2023,7,certified,1024,1024,16,0.19634954084936207,0.0125,0.003105263515558445,0.0031052635155584454,0.003071029782675767,0.0015395878751345358,0.0015314419075412313,0.9889755788160473,0.9889755788160471,0.003056814682341444,0.0030642369522648405,0.0026525198938992327,0.0,,,,,,,,,,,0.0030812122421673975,0.00307204802862493,0.003315649867374023,0.00033156498673743055,
32,0.1,314159,0,certified,1024,1024,16,0.19634954084936207,0.0125,0.003105263515558445,0.0031052635155584454,0.0030353911744550603,0.0015151499723546225,0.0015202412021004378,0.977498740202466,0.9774987402024657,0.003198398555406997,0.003206896872928032,0.0016772895001677377,0.0,,,,,,,0.0030353911744550603,0.00790158856550529,0.977498740202466,0.9774987402024657,,,,,
32,0.1,314159,1,certified,1024,1024,16,0.19634954084936207,0.0125,0.003105263515558445,0.0031052635155584454,0.0031158326044389414,0.0015619892860161229,0.0015538433184228186,1.0034036045016925,1.0034036045016925,0.003088782157707651,0.0030964623028053194,0.0026143790849672784,0.0,,,,,,,0.0031158326044389414,0.007983048241438334,1.0034036045016925,1.0034036045016925,,,,,
32,0.1,314159,2,certified,1024,1024,16,0.19634954084936207,0.0125,0.003105263515558445,0.0031052635155584454,0.0030934311935573544,0.0015518068265244925,0.001541624367032862,0.99618959165887,0.9961895916588699,0.0030086164874594057,0.003015561145498325,0.0032916392363397146,0.0,,,,,,,0.0030924129476081912,0.007818092397673919,0.9958616819841962,0.9958616819841961,,,,,
32,0.1,314159,3,certified,1024,1024,16,0.19634954084936207,0.0125,0.003105263515558445,0.0031052635155584454,0.003144343491015507,0.0015691170076602642,0.0015752264833552426,1.0125850753925578,1.0125850753925576,0.0030483890840260768,0.0030557291035203066,0.0019430051813471882,0.0,,,,,,,0.003144343491015507,0.008140876363558607,1.0125850753925578,1.0125850753925576,,,,,
32,0.1,314159,4,certified,1024,1024,16,0.19634954084936207,0.0125,0.003105263515558445,0.0031052635155584454,0.0030791757502690717,0.001541624367032862,0.0015375513832362095,0.9915988562134375,0.9915988562134372,0.003189672965629857,0.0031975201958561986,0.001322751322751372,0.0,,,,,,,0.0030791757502690717,0.007865949957284582,0.9915988562134375,0.9915988562134372,,,,,
32,0.1,314159,5,certified,1024,1024,16,0.19634954084936207,0.0125,0.003105263515558445,0.0031052635155584454,0.0031178690963372677,0.001565044023863612,0.0015528250724736554,1.00405942385104,1.00405942385104,0.00305487620237615,0.003062121072651718,0.003919007184846512,0.0,,,,,,,0.0031178690963372677,0.0079453731413193,1.00405942385104,1.00405942385104,,,,,
32,0.1,314159,6,certified,1024,1024,16,0.19634954084936207,0.0125,0.003105263515558445,0.0031052635155584454,0.0030700115367266042,0.0015385696291853727,0.0015314419075412313,0.9886476691413737,0.9886476691413735,0.0030867925943088305,0.0030934655539194998,0.0023217247097844095,0.0,,,,,,,0.0030700115367266042,0.007947409633217627,0.9886476691413737,0.9886476691413735,,,,,
32,0.1,314159,7,certified,1024,1024,16,0.19634954084936207,0.0125,0.003105263515558445,0.0031052635155584454,0.003105650144947311,0.0015528250724736554,0.0015528250724736554,1.000124507754955,1.000124507754955,0.003028919620231775,0.003037013862055926,0.0,0.0,,,,,,,0.003105650144947311,0.008130693904066975,1.000124507754955,1.000124507754955,,,,,
32,0.1,271828,0,certified,1024,1024,16,0.19634954084936207,0.0125,0.003105263515558445,0.0031052635155584454,0.003113796112540615,0.0015518068265244925,0.0015619892860161229,1.002747785152345,1.002747785152345,0.002999634942872076,0.003007110467652887,0.0032701111837801964,0.0,,,,,,,,,,,,,,,
32,0.1,271828,1,certified,1024,1024,16,0.19634954084936207,0.0125,0.003105263515558445,0.0031052635155584454,0.003109723128743963,0.0015518068265244925,0.0015579163022194707,1.00143614645365,1.0014361464536499,0.0032041542053584072,0.0032125724523091336,0.0019646365422396543,0.0,,,,,,,,,,,,,,,
32,0.1,271828,2,certified,1024,1024,16,0.19634954084936207,0.0125,0.003105263515558445,0.0031052635155584454,0.0031433252450663437,0.0015742082374060795,0.0015691170076602642,1.012257165717884,1.0122571657178838,0.003083000392329912,0.0030910676990205006,0.0016196954972465263,0.0,,,,,,,,,,,,,,,
32,0.1,271828,3,certified,1024,1024,16,0.19634954084936207,0.0125,0.003105263515558445,0.0031052635155584454,0.0030985224233031697,0.0015477338427278401,0.0015507885805753293,0.9978291400322388,0.9978291400322387,0.003160341977371652,0.0031684531070450264,0.000985869208018422,0.0,,,,,,,,,,,,,,,
32,0.1,271828,4,certified,1024,1024,16,0.19634954084936207,0.0125,0.003105263515558445,0.0031052635155584454,0.0031178690963372677,0.0015619892860161229,0.0015558798103211446,1.00405942385104,1.00405942385104,0.0030611053139833404,0.0030683672451081844,0.001959503592423221,0.0,,,,,,,,,,,,,,,
32,0.1,271828,5,certified,1024,1024,16,0.19634954084936207,0.0125,0.003105263515558445,0.0031052635155584454,0.0030771392583707454,0.0015365331372870466,0.0015406061210836988,0.9909430368640899,0.9909430368640897,0.003091497386709918,0.0030997424984166313,0.0013236267372600714,0.0,,,,,,,,,,,,,,,
32,0.1,271828,6,certified,1024,1024,16,0.19634954084936207,0.0125,0.003105263515558445,0.0031052635155584454,0.0030995406692523324,0.0015477338427278401,0.0015518068265244925,0.9981570497069124,0.9981570497069123,0.0030963357773427205,0.003104264430004639,0.001314060446780601,0.0,,,,,,,,,,,,,,,
32,0.1,271828,7,certified,1024,1024,16,0.19634954084936207,0.0125,0.003105263515558445,0.0031052635155584454,0.003088339963811539,0.0015406061210836988,0.0015477338427278401,0.9945500432855012,0.9945500432855011,0.0030725576809141936,0.003079890033676489,0.002307945928123968,0.0,,,,,,,,,,,,,,,
48,0.1,42,0,certified,1536,1536,24,0.1308996938995747,0.008333333333333333,0.0013801171180259754,0.0013801171180259756,0.0013576528976301677,0.0006792786982813164,0.0006783741993488513,0.983722960825282,0.9837229608252818,0.0014199717997070058,0.001421733890305109,0.0006662225183211254,0.0,0.09301285205874506,0.2884595266492476,0.6897840957477254,0.00027038375407166125,2.6932342562432138e-05,3.1414161443803534,0.0013576528976301677,0.0034248852077792334,0.983722960825282,0.9837229608252818,0.0013576528976301677,0.0013576528976301677,0.0,0.0,
48,0.1,42,1,certified,1536,1536,24,0.1308996938995747,0.008333333333333333,0.0013801171180259754,0.0013801171180259756,0.001408304837848215,0.0007059614167890378,0.0007023434210591773,1.0204241505695961,1.020424150569596,0.0014034273705483993,0.0014050657269217524,0.0025690430314707245,0.0,0.09325049206165799,0.2894654117185383,0.6965234783650911,0.0002964678338762215,2.9265065146579803e-05,3.1413397931089064,0.001408304837848215,0.003567343789642492,1.0204241505695961,1.020424150569596,0.0014078525883819825,0.0014078525883819825,0.00032113037893385016,0.00032113037893385016,
48,0.1,42,2,certified,1536,1536,24,0.1308996938995747,0.008333333333333333,0.0013801171180259754,0.0013801171180259756,0.001367602385887284,0.0006847056918761072,0.0006828966940111769,0.9909321230964865,0.9909321230964863,0.001384028245431476,0.001385360576855729,0.001322751322751335,0.0,0.09281096365629979,0.28688166476327503,0.686164520081575,0.0002871369435396308,2.8204736699239958e-05,3.141144414018753,0.001367602385887284,0.0035379475743373755,0.9909321230964865,0.9909321230964863,0.001367602385887284,0.001367602385887284,0.0,0.0,
48,0.1,42,3,certified,1536,1536,24,0.1308996938995747,0.008333333333333333,0.0013801171180259754,0.0013801171180259756,0.0013495124072379814,0.0006756607025514558,0.0006738517046865255,0.9778245553306599,0.9778245553306598,0.0013427278817829372,0.0013441516724157015,0.001340482573726554,0.0,0.09281756233985619,0.28603228766549493,0.6818028309118288,0.0002839559581976113,2.65082111834962e-05,3.14147113505917,0.0013495124072379814,0.003459256167212909,0.9778245553306599,0.9778245553306598,0.0013526781535016094,0.001350869155636679,0.0023458445040214697,0.0010053619302949155,
48,0.1,42,4,certified,1536,1536,24,0.1308996938995747,0.008333333333333333,0.0013801171180259754,0.0013801171180259756,0.0013490601577717488,0.0006743039541527581,0.0006747562036189907,0.9774968661365143,0.9774968661365141,0.001324731616639011,0.0013262659264423244,0.0003352329869259166,0.0,0.09307749015459409,0.285876317915054,0.6793212111279355,0.0002886214033659066,2.8204736699239958e-05,3.1413247539806535,0.0013490601577717488,0.0033859917536832327,0.9774968661365143,0.9774968661365141,0.0013481556588392837,0.0013490601577717488,0.0006704659738518332,0.0,
48,0.1,42,5,certified,1536,1536,24,0.1308996938995747,0.008333333333333333,0.0013801171180259754,0.0013801171180259756,0.001387501362401517,0.0006960119285319213,0.0006914894338695956,1.0053504476388957,1.0053504476388955,0.0013440980515718277,0.0013456150553281014,0.0032594524119948154,0.0,0.09323617497107135,0.28604668666182853,0.6866762334225678,0.00029328684853420197,3.265811617806732e-05,3.1414688195223923,0.001387501362401517,0.0034814163910583044,1.0053504476388957,1.0053504476388955,0.0013893103602664473,0.0013888581108002147,0.0013037809647979263,0.0009778357235984447,
48,0.1,42,6,certified,1536,1536,24,0.1308996938995747,0.008333333333333333,0.0013801171180259754,0.0013801171180259756,0.0014087570873144476,0.0007059614167890378,0.0007027956705254098,1.0207518397637418,1.0207518397637416,0.001395111830372932,0.001396837628347276,0.002247191011235976,0.0,0.0931577867651544,0.2879521088081143,0.6928791421289466,0.0003053745928338762,2.7780605320304018e-05,3.141506097753262,0.0014087570873144476,0.0035659870412437945,1.0207518397637418,1.0207518397637416,0.0014110183346456105,0.001411470584111843,0.001605136436597126,0.0019261637239165509,
48,0.1,42,7,certified,1536,1536,24,0.1308996938995747,0.008333333333333333,0.0013801171180259754,0.0013801171180259756,0.0013775518741444006,0.0006896804360046654,0.0006878714381397352,0.9981412853676911,0.998141285367691,0.001366457223470511,0.0013678290413022673,0.001313197636244267,0.0,0.09318743514698889,0.28780159111536635,0.6840997436225071,0.0002871369435396308,2.7356473941368078e-05,3.1408512727696167,0.0013775518741444006,0.0035175963483569097,0.9981412853676911,0.998141285367691,0.001379360872009331,0.0013784563730768658,0.001313197636244267,0.0006565988181221335,
48,0.1,7,0,certified,1536,1536,24,0.1308996938995747,0.008333333333333333,0.0013801171180259754,0.0013801171180259756,0.0013712203816171446,0.0006856101908085723,0.0006856101908085723,0.9935536366496518,0.9935536366496517,0.001357319713018418,0.0013587935976873632,0.0,0.0,,,,,,,,,,,0.0013698636332184469,0.001370768132150912,0.0009894459102902466,0.00032981530343008223,
48,0.1,7,1,certified,1536,1536,24,0.1308996938995747,0.008333333333333333,0.0013801171180259754,0.0013801171180259756,0.001364436639623656,0.0006819921950787117,0.0006824444445449443,0.9886382987374668,0.9886382987374667,0.0013894114393257092,0.001390891785596754,0.0003314550878356014,0.0,,,,,,,,,,,0.0013648888890898886,0.0013639843901574235,0.0003314550878356014,0.0003314550878356014,
48,0.1,7,2,certified,1536,1536,24,0.1308996938995747,0.008333333333333333,0.0013801171180259754,0.0013801171180259756,0.0013585573965626328,0.0006801831972137814,0.0006783741993488513,0.9843783392135733,0.9843783392135731,0.0013879168780218756,0.0013893251874976466,0.001331557922769573,0.0,,,,,,,,,,,0.0013585573965626328,0.0013581051470964002,0.0,0.0003328894806924132,
48,0.1,7,3,certified,1536,1536,24,0.1308996938995747,0.008333333333333333,0.0013801171180259754,0.0013801171180259756,0.001387501362401517,0.0006946551801332236,0.0006928461822682933,1.0053504476388957,1.0053504476388955,0.0013569371456926072,0.0013584375374161653,0.0013037809647979263,0.0,,,,,,,,,,,0.0013856923645365867,0.0013861446140028193,0.0013037809647979263,0.0009778357235984447,
48,0.1,7,4,certified,1536,1536,24,0.1308996938995747,0.008333333333333333,0.0013801171180259754,0.0013801171180259756,0.0013902148591989124,0.0006982731758630842,0.0006919416833358282,1.0073165828037696,1.0073165828037696,0.001407062161847257,0.0014087345412969697,0.0045543266102798085,0.0,,,,,,,,,,,0.0013902148591989124,0.0013897626097326798,0.0,0.0003253090435914149,
48,0.1,7,5,certified,1536,1536,24,0.1308996938995747,0.008333333333333333,0.0013801171180259754,0.0013801171180259756,0.001387501362401517,0.0006951074295994562,0.0006923939328020608,1.0053504476388957,1.0053504476388955,0.0013934480497995647,0.0013949974648908873,0.0019556714471968893,0.0,,,,,,,,,,,0.0013884058613339821,0.001387501362401517,0.0006518904823989631,0.0,
48,0.1,7,6,certified,1536,1536,24,0.1308996938995747,0.008333333333333333,0.0013801171180259754,0.0013801171180259756,0.001346798910440586,0.0006738517046865255,0.0006729472057540604,0.975858420165786,0.9758584201657858,0.0013470937980962707,0.0013484370098561086,0.0006715916722632703,0.0,,,,,,,,,,,0.0013458944115081208,0.0013463466609743534,0.0006715916722632703,0.0003357958361316351,
48,0.1,7,7,certified,1536,1536,24,0.1308996938995747,0.008333333333333333,0.0013801171180259754,0.0013801171180259756,0.001357200648163935,0.0006801831972137814,0.0006770174509501535,0.9833952716311363,0.9833952716311362,0.0013230011518632265,0.0013244229210147267,0.0023325558147283655,0.0,,,,,,,,,,,0.0013553916502990048,0.0013544871513665397,0.0013328890369876832,0.0019993335554815248,
48,0.1,123,0,certified,1536,1536,24,0.1308996938995747,0.008333333333333333,0.0013801171180259754,0.0013801171180259756,0.00135629614923147,0.000680635446680014,0.0006756607025514558,0.9827398932428449,0.9827398932428448,0.0013947182130668678,0.0013961558012931875,0.003667889296432098,0.0,,,,,,,0.00135629614923147,0.003416744717387047,0.9827398932428449,0.9827398932428448,,,,,
48,0.1,123,1,certified,1536,1536,24,0.1308996938995747,0.008333333333333333,0.0013801171180259754,0.0013801171180259756,0.0013924761065300753,0.0006973686769306191,0.0006951074295994562,1.008955028774498,1.0089550287744977,0.0014183105080909084,0.001419724433729874,0.0016239038648912137,0.0,,,,,,,0.0013924761065300753,0.0035772932778996088,1.008955028774498,1.0089550287744977,,,,,
48,0.1,123,2,certified,1536,1536,24,0.1308996938995747,0.008333333333333333,0.0013801171180259754,0.0013801171180259756,0.0013703158826846795,0.0006842534424098746,0.0006860624402748049,0.9928982582613605,0.9928982582613604,0.0013647752512071806,0.001366327019595393,0.0013201320132013325,0.0,,,,,,,0.0013703158826846795,0.0034868433846530953,0.9928982582613605,0.9928982582613604,,,,,
48,0.1,123,3,certified,1536,1536,24,0.1308996938995747,0.008333333333333333,0.0013801171180259754,0.0013801171180259756,0.0013780041236106332,0.0006883236876059677,0.0006896804360046654,0.9984689745618368,0.9984689745618367,0.0013979316385165812,0.0013994292717514603,0.0009845749917952176,0.0,,,,,,,0.0013780041236106332,0.0034836776383894673,0.9984689745618368,0.9984689745618367,,,,,
48,0.1,123,4,certified,1536,1536,24,0.1308996938995747,0.008333333333333333,0.0013801171180259754,0.0013801171180259756,0.001400164347456029,0.0007023434210591773,0.0006978209263968516,1.0145257450749743,1.014525745074974,0.0013379236166936677,0.0013392679930040348,0.0032299741602067485,0.0,,,,,,,0.001400164347456029,0.003620709226657935,1.0145257450749743,1.014525745074974,,,,,
48,0.1,123,5,certified,1536,1536,24,0.1308996938995747,0.008333333333333333,0.0013801171180259754,0.0013801171180259756,0.0013780041236106332,0.0006874191886735026,0.0006905849349371306,0.9984689745618368,0.9984689745618367,0.0013976139581377937,0.0013992260326431089,0.0022973416475221744,0.0,,,,,,,0.0013780041236106332,0.0035053856127686307,0.9984689745618368,0.9984689745618367,,,,,
48,0.1,123,6,certified,1536,1536,24,0.1308996938995747,0.008333333333333333,0.0013801171180259754,0.0013801171180259756,0.0013865968634690518,0.000690132685470898,0.0006964641779981539,1.0046950692506043,1.0046950692506043,0.0014406646930120897,0.0014423188425624067,0.0045662100456620655,0.0,,,,,,,0.0013865968634690518,0.003492270378247886,1.0046950692506043,1.0046950692506043,,,,,
48,0.1,123,7,certified,1536,1536,24,0.1308996938995747,0.008333333333333333,0.0013801171180259754,0.0013801171180259756,0.001364436639623656,0.0006801831972137814,0.0006842534424098746,0.9886382987374668,0.9886382987374667,0.0013721374097157833,0.0013738602268464023,0.0029830957905204124,0.0,,,,,,,0.001364436639623656,0.003438000442299978,0.9886382987374668,0.9886382987374667,,,,,
48,0.1,2023,0,certified,1536,1536,24,0.1308996938995747,0.008333333333333333,0.0013801171180259754,0.0013801171180259756,0.0013920238570638427,0.0006955596790656888,0.0006964641779981539,1.0086273395803522,1.0086273395803522,0.0014203382189169928,0.0014220496667289523,0.000649772579597147,0.0,,,,,,,,,,,0.0013924761065300753,0.0013924761065300753,0.0003248862897985735,0.0003248862897985735,
48,0.1,2023,1,certified,1536,1536,24,0.1308996938995747,0.008333333333333333,0.0013801171180259754,0.0013801171180259756,0.0014010688463884941,0.0007005344231942471,0.0007005344231942471,1.0151811234632657,1.0151811234632655,0.0013966049782890534,0.0013980156388085998,0.0,0.0,,,,,,,,,,,0.0013992598485235638,0.0013992598485235638,0.001291155584247914,0.001291155584247914,
48,0.1,2023,2,certified,1536,1536,24,0.1308996938995747,0.008333333333333333,0.0013801171180259754,0.0013801171180259756,0.0013590096460288652,0.0006797309477475489,0.0006792786982813164,0.9847060284077188,0.9847060284077187,0.0014142674887325285,0.0014157863713534088,0.0003327787021629849,0.0,,,,,,,,,,,0.0013608186438937955,0.0013599141449613303,0.0013311148086522589,0.0006655574043261294,
48,0.1,2023,3,certified,1536,1536,24,0.1308996938995747,0.008333333333333333,0.0013801171180259754,0.0013801171180259756,0.0013798131214755635,0.0006892281865384329,0.0006905849349371306,0.9997797313384195,0.9997797313384194,0.0014083674971194704,0.0014098389270160991,0.0009832841691248863,0.0,,,,,,,,,,,0.0013820743688067263,0.0013820743688067263,0.001638806948541477,0.001638806948541477,
48,0.1,2023,4,certified,1536,1536,24,0.1308996938995747,0.008333333333333333,0.0013801171180259754,0.0013801171180259756,0.0013689591342859817,0.0006828966940111769,0.0006860624402748049,0.9919151906789234,0.9919151906789233,0.0013596338168968627,0.0013612771886475931,0.002312520647505803,0.0,,,,,,,,,,,0.0013694113837522143,0.0013694113837522143,0.00033036009250082897,0.00033036009250082897,
48,0.1,2023,5,certified,1536,1536,24,0.1308996938995747,0.008333333333333333,0.0013801171180259754,0.0013801171180259756,0.001380265370941796,0.0006896804360046654,0.0006905849349371306,1.000107420532565,1.000107420532565,0.0014005029284707518,0.001402136363248742,0.0006553079947575421,0.0,,,,,,,,,,,0.001380265370941796,0.0013798131214755635,0.0,0.00032765399737877106,
48,0.1,2023,6,certified,1536,1536,24,0.1308996938995747,0.008333333333333333,0.0013801171180259754,0.0013801171180259756,0.0013780041236106332,0.0006896804360046654,0.0006883236876059677,0.9984689745618368,0.9984689745618367,0.0013749089348385672,0.0013762617465246827,0.0009845749917952176,0.0,,,,,,,,,,,0.001377099624678168,0.0013775518741444006,0.0006563833278634784,0.0003281916639317392,
48,0.1,2023,7,certified,1536,1536,24,0.1308996938995747,0.008333333333333333,0.0013801171180259754,0.0013801171180259756,0.0013671501364210515,0.0006828966940111769,0.0006842534424098746,0.9906044339023408,0.9906044339023407,0.001371365966644471,0.001372768615074189,0.0009923916639100324,0.0,,,,,,,,,,,0.0013666978869548189,0.0013666978869548189,0.00033079722130334416,0.00033079722130334416,
48,0.1,314159,0,certified,1536,1536,24,0.1308996938995747,0.008333333333333333,0.0013801171180259754,0.0013801171180259756,0.0013933806054625404,0.0006951074295994562,0.0006982731758630842,1.0096104071627894,1.0096104071627892,0.0014372930090077855,0.00143887665863756,0.002271989613761787,0.0,,,,,,,0.0013933806054625404,0.003557846550851608,1.0096104071627894,1.0096104071627892,,,,,
48,0.1,314159,1,certified,1536,1536,24,0.1308996938995747,0.008333333333333333,0.0013801171180259754,0.0013801171180259756,0.0013544871513665397,0.0006797309477475489,0.0006747562036189907,0.9814291364662623,0.9814291364662622,0.001336310871910939,0.0013377702428478708,0.003672787979966565,0.0,,,,,,,0.0013544871513665397,0.003456994919881746,0.9814291364662623,0.9814291364662622,,,,,
48,0.1,314159,2,certified,1536,1536,24,0.1308996938995747,0.008333333333333333,0.0013801171180259754,0.0013801171180259756,0.0013951896033274707,0.0006969164274643865,0.0006982731758630842,1.010921163939372,1.0109211639393718,0.0013736364541223178,0.0013751250078021496,0.0009724473257698632,0.0,,,,,,,0.0013951896033274707,0.0036799539067344017,1.010921163939372,1.0109211639393718,,,,,
48,0.1,314159,3,certified,1536,1536,24,0.1308996938995747,0.008333333333333333,0.0013801171180259754,0.0013801171180259756,0.0013703158826846795,0.0006874191886735026,0.0006828966940111769,0.9928982582613605,0.9928982582613604,0.0013906211300987149,0.0013922106003785538,0.003300330033003331,0.0,,,,,,,0.0013703158826846795,0.003542470068999701,0.9928982582613605,0.9928982582613604,,,,,
48,0.1,314159,4,certified,1536,1536,24,0.1308996938995747,0.008333333333333333,0.0013801171180259754,0.0013801171180259756,0.0013951896033274707,0.0006987254253293168,0.0006964641779981539,1.010921163939372,1.0109211639393718,0.0014346936210867928,0.0014364003476091609,0.001620745542949772,0.0,,,,,,,0.0013951896033274707,0.0035555853035204453,1.010921163939372,1.0109211639393718,,,,,
48,0.1,314159,5,certified,1536,1536,24,0.1308996938995747,0.008333333333333333,0.0013801171180259754,0.0013801171180259756,0.0013960941022599358,0.0006978209263968516,0.0006982731758630842,1.0115765423276633,1.0115765423276633,0.001377479236918951,0.001378892472416404,0.00032393909944930657,0.0,,,,,,,0.0013960941022599358,0.003448402180023327,1.0115765423276633,1.0115765423276633,,,,,
48,0.1,314159,6,certified,1536,1536,24,0.1308996938995747,0.008333333333333333,0.0013801171180259754,0.0013801171180259756,0.0013956418527937033,0.0006991776747955493,0.0006964641779981539,1.0112488531335175,1.0112488531335175,0.0013696362375967923,0.0013712229773628615,0.001944264419961133,0.0,,,,,,,0.0013956418527937033,0.0034447841842934666,1.0112488531335175,1.0112488531335175,,,,,
48,0.1,314159,7,certified,1536,1536,24,0.1308996938995747,0.008333333333333333,0.0013801171180259754,0.0013801171180259756,0.0013712203816171446,0.0006878714381397352,0.0006833489434774094,0.9935536366496518,0.9935536366496517,0.0013982070878399723,0.0013997093555181649,0.0032981530343008224,0.0,,,,,,,0.0013712203816171446,0.0035239278408841657,0.9935536366496518,0.9935536366496517,,,,,
48,0.1,271828,0,certified,1536,1536,24,0.1308996938995747,0.008333333333333333,0.0013801171180259754,0.0013801171180259756,0.001400164347456029,0.0006973686769306191,0.0007027956705254098,1.0145257450749743,1.014525745074974,0.0013859494478436272,0.0013875279764635907,0.0038759689922480208,0.0,,,,,,,,,,,,,,,
48,0.1,271828,1,certified,1536,1536,24,0.1308996938995747,0.008333333333333333,0.0013801171180259754,0.0013801171180259756,0.001393832854928773,0.0006955596790656888,0.0006982731758630842,1.0099380963569349,1.0099380963569349,0.0013681317813007974,0.001369657007034749,0.001946787800129804,0.0,,,,,,,,,,,,,,,
48,0.1,271828,2,certified,1536,1536,24,0.1308996938995747,0.008333333333333333,0.0013801171180259754,0.0013801171180259756,0.001393832854928773,0.0006969164274643865,0.0006969164274643865,1.0099380963569349,1.0099380963569349,0.0013491768355846194,0.0013507435120932727,0.0,0.0,,,,,,,,,,,,,,,
48,0.1,271828,3,certified,1536,1536,24,0.1308996938995747,0.008333333333333333,0.0013801171180259754,0.0013801171180259756,0.001384335616137889,0.000690132685470898,0.0006942029306669911,1.0030566232798759,1.0030566232798759,0.0013769571896514402,0.0013785583430184227,0.0029402156158117756,0.0,,,,,,,,,,,,,,,
48,0.1,271828,4,certified,1536,1536,24,0.1308996938995747,0.008333333333333333,0.0013801171180259754,0.0013801171180259756,0.0014055913410508196,0.0007014389221267122,0.0007041524189241075,1.0184580154047222,1.018458015404722,0.0013485118299617674,0.001349987045119257,0.0019305019305018716,0.0,,,,,,,,,,,,,,,
48,0.1,271828,5,certified,1536,1536,24,0.1308996938995747,0.008333333333333333,0.0013801171180259754,0.0013801171180259756,0.0013897626097326798,0.0006964641779981539,0.0006932984317345259,1.006988893609624,1.0069888936096238,0.0014055929346431968,0.001407198552949598,0.0022779043280182444,0.0,,,,,,,,,,,,,,,
48,0.1,271828,6,certified,1536,1536,24,0.1308996938995747,0.008333333333333333,0.0013801171180259754,0.0013801171180259756,0.001370768132150912,0.0006847056918761072,0.0006860624402748049,0.9932259474555062,0.993225947455506,0.0013882946724167115,0.0013898058685491395,0.0009897723523589667,0.0,,,,,,,,,,,,,,,
48,0.1,271828,7,certified,1536,1536,24,0.1308996938995747,0.008333333333333333,0.0013801171180259754,0.0013801171180259756,0.0013694113837522143,0.0006856101908085723,0.000683801192943642,0.9922428798730691,0.992242879873069,0.0013306322359253506,0.0013321346096636267,0.0013210039630119014,0.0,,,,,,,,,,,,,,,
64,0.1,42,0,certified,2048,2048,32,0.09817477042468103,0.00625,0.0007763158788896112,0.0007763158788896113,0.0007901250391311523,0.0003951896719696848,0.00039493536716146753,1.0177880687707854,1.0177880687707852,0.0007682890091655584,0.0007687250574633342,0.00032185387833921135,0.0,0.06964559771644369,0.21470303736479793,0.5106386735186322,0.0001638735802393747,1.5266243282852955e-05,3.1412077660917253,0.0007901250391311523,0.001988409295451072,1.0177880687707854,1.0177880687707852,0.0007898707343229351,0.0007903793439393696,0.00032185387833921135,0.00032185387833921135,
64,0.1,42,1,certified,2048,2048,32,0.09817477042468103,0.00625,0.0007763158788896112,0.0007763158788896113,0.000779698541994243,0.0003903578806135561,0.00038934066138068693,1.004357328243073,1.0043573282430729,0.0007811352003504557,0.0007816217603359105,0.0013046314416177208,0.0,0.06978679163841177,0.2150761868942461,0.5083029208437918,0.00016518552302149486,1.58625809110894e-05,3.1413424396583496,0.000779698541994243,0.00203189541765623,1.004357328243073,1.0043573282430729,0.0007802071516106777,0.000780461456418895,0.0006523157208089647,0.0009784735812133774,
64,0.1,42,2,certified,2048,2048,32,0.09817477042468103,0.00625,0.0007763158788896112,0.0007763158788896113,0.000800805841076279,0.00040154729217511736,0.00039925854890116166,1.031546388335759,1.031546388335759,0.0007841072067917841,0.0007846023769304511,0.0028580501746586235,0.0,0.07015475438181781,0.21582617721821784,0.5126228702944068,0.00016566259312408401,1.6101115962383976e-05,3.141576054424356,0.000800805841076279,0.0020263007118754496,1.031546388335759,1.031546388335759,0.0008002972314598444,0.0008010601458844962,0.0006351222610352045,0.00031756113051760226,
64,0.1,42,3,certified,2048,2048,32,0.09817477042468103,0.00625,0.0007763158788896112,0.0007763158788896113,0.0007705435688984203,0.0003832373459834717,0.0003873062229149485,0.9925644829016672,0.9925644829016671,0.0007972189288457171,0.0007978130502229459,0.00528052805280526,0.0,0.06963102623738683,0.21289328716743844,0.49987031150682465,0.00016399284776502199,1.4073568026380068e-05,3.141415316426347,0.0007705435688984203,0.001939328467465133,0.9925644829016672,0.9925644829016671,0.0007707978737066376,0.0007710521785148549,0.0003300330033003068,0.0006600660066006136,
64,0.1,42,4,certified,2048,2048,32,0.09817477042468103,0.00625,0.0007763158788896112,0.0007763158788896113,0.000780461456418895,0.0003903578806135561,0.00039010357580533884,1.005340065354857,1.0053400653548568,0.0007639727832034991,0.0007645119114446511,0.00032583903551643194,0.0,0.06984720291792855,0.21360492955988347,0.5072136571500871,0.00016327724261113824,1.5027708231558378e-05,3.141485190105269,0.000780461456418895,0.0020064649368345,1.005340065354857,1.0053400653548568,0.0007807157612271122,0.0007807157612271122,0.00032583903551643194,0.00032583903551643194,
64,0.1,42,5,certified,2048,2048,32,0.09817477042468103,0.00625,0.0007763158788896112,0.0007763158788896113,0.0007756296650627663,0.00038781483253138313,0.00038781483253138313,0.9991160636468926,0.9991160636468925,0.000802418869711977,0.000802946385380166,0.0,0.0,0.06983002607263003,0.21389027019798554,0.5075413160846098,0.00016256163745725452,1.4312103077674645e-05,3.1410998630844493,0.0007756296650627663,0.0019510264886431288,0.9991160636468926,0.9991160636468925,0.0007756296650627663,0.000775375360254549,0.0,0.0003278688524589933,
64,0.1,42,6,certified,2048,2048,32,0.09817477042468103,0.00625,0.0007763158788896112,0.0007763158788896113,0.0007639316438847704,0.00038298304117525444,0.000380948602709516,0.9840474279328739,0.9840474279328738,0.0007881999356423498,0.0007886530001090602,0.0026631158455393063,0.0,0.06977444894861469,0.2158630406776255,0.5052547824358676,0.0001626809049829018,1.944060668050806e-05,3.1413442063717487,0.0007639316438847704,0.001948737745369173,0.9840474279328739,0.9840474279328738,0.0007659660823505089,0.0007654574727340742,0.0026631158455393774,0.001997336884154462,
64,0.1,42,7,certified,2048,2048,32,0.09817477042468103,0.00625,0.0007763158788896112,0.0007763158788896113,0.0007728323121723759,0.0003847631748327755,0.0003880691373396004,0.9955126942370186,0.9955126942370185,0.000776448397226966,0.0007769470849883533,0.004277722935176024,0.0,0.06984560594056292,0.21346335499288585,0.5035711819126786,0.0001660203957010259,1.3477230398143624e-05,3.1415024640776323,0.0007728323121723759,0.0019667933867526014,0.9955126942370186,0.9955126942370185,0.0007733409217888105,0.0007733409217888105,0.0006581112207962683,0.0006581112207962683,
64,0.1,7,0,certified,2048,2048,32,0.09817477042468103,0.00625,0.0007763158788896112,0.0007763158788896113,0.0007718150929395067,0.0003873062229149485,0.00038450887002455824,0.9942023780879735,0.9942023780879733,0.0007639368543362221,0.0007643962857316949,0.003624382207578209,0.0,,,,,,,,,,,0.0007723237025559414,0.0007723237025559414,0.0006589785831961402,0.0006589785831961402,
64,0.1,7,1,certified,2048,2048,32,0.09817477042468103,0.00625,0.0007763158788896112,0.0007763158788896113,0.0007789356275695912,0.0003875605277231658,0.0003913750998464253,1.0033745911312892,1.0033745911312892,0.0007776362695542164,0.0007781507230806617,0.004897159647404508,0.0,,,,,,,,,,,0.0007789356275695912,0.0007789356275695912,0.0,0.0,
64,0.1,7,2,certified,2048,2048,32,0.09817477042468103,0.00625,0.0007763158788896112,0.0007763158788896113,0.000772069397747724,0.0003875605277231658,0.00038450887002455824,0.9945299571252347,0.9945299571252346,0.0007912666182595364,0.0007916942942411529,0.003952569169960407,0.0,,,,,,,,,,,0.0007718150929395067,0.0007718150929395067,0.00032938076416334967,0.00032938076416334967,
64,0.1,7,3,certified,2048,2048,32,0.09817477042468103,0.00625,0.0007763158788896112,0.0007763158788896113,0.0007947025256790638,0.0003974784152436405,0.00039722411043542323,1.0236844914414884,1.0236844914414882,0.0007865527458710886,0.0007870354364361564,0.0003199999999999775,0.0,,,,,,,,,,,0.0007941939160626292,0.0007939396112544119,0.000639999999999955,0.0009599999999999324,
64,0.1,7,4,certified,2048,2048,32,0.09817477042468103,0.00625,0.0007763158788896112,0.0007763158788896113,0.0007819872852681988,0.0003921380142710772,0.0003898492709971215,1.0073055395784245,1.0073055395784245,0.0008010226800672201,0.0008015784299116652,0.0029268292682926847,0.0,,,,,,,,,,,0.0007824958948846333,0.0007824958948846333,0.0006504065040649948,0.0006504065040649948,
64,0.1,7,5,certified,2048,2048,32,0.09817477042468103,0.00625,0.0007763158788896112,0.0007763158788896113,0.0007791899323778084,0.00039086649022999074,0.0003883234421478177,1.0037021701685505,1.0037021701685505,0.0007855602676177787,0.0007860388705709184,0.003263707571801615,0.0,,,,,,,,,,,0.0007791899323778084,0.0007791899323778084,0.0,0.0,
64,0.1,7,6,certified,2048,2048,32,0.09817477042468103,0.00625,0.0007763158788896112,0.0007763158788896113,0.0007682548256244645,0.00038450887002455824,0.00038374595559990634,0.9896162715663157,0.9896162715663155,0.0007625770646905834,0.00076307147196756,0.0009930486593843105,0.0,,,,,,,,,,,0.0007690177400491165,0.0007687634352408991,0.000993048659384381,0.0006620324395894933,
64,0.1,7,7,certified,2048,2048,32,0.09817477042468103,0.00625,0.0007763158788896112,0.0007763158788896113,0.0007626601198436839,0.00038298304117525444,0.0003796770786684295,0.9824095327465675,0.9824095327465674,0.000789654599052016,0.0007901457137910776,0.004334778259419857,0.0,,,,,,,,,,,0.0007626601198436839,0.000761897205419032,0.0,0.0010003334444814234,
64,0.1,123,0,certified,2048,2048,32,0.09817477042468103,0.00625,0.0007763158788896112,0.0007763158788896113,0.0007723237025559414,0.00038628900368207933,0.000386034698873862,0.9948575361624962,0.994857536162496,0.0007897166686176289,0.0007901221646025248,0.00032927230819892745,0.0,,,,,,,0.0007723237025559414,0.0019194926924241834,0.9948575361624962,0.994857536162496,,,,,
64,0.1,123,1,certified,2048,2048,32,0.09817477042468103,0.00625,0.0007763158788896112,0.0007763158788896113,0.0007613885958025975,0.0003804399930930814,0.000380948602709516,0.9807716375602613,0.9807716375602611,0.0007700796955898222,0.0007705388543486728,0.0006680026720107122,0.0,,,,,,,0.0007613885958025975,0.001909829109711926,0.9807716375602613,0.9807716375602611,,,,,
64,0.1,123,2,certified,2048,2048,32,0.09817477042468103,0.00625,0.0007763158788896112,0.0007763158788896113,0.0007774097987202873,0.00038781483253138313,0.0003895949661889042,1.0014091169077217,1.0014091169077215,0.0007785697773655086,0.0007790237522349747,0.002289826627412474,0.0,,,,,,,0.0007774097987202873,0.001923307264547443,1.0014091169077217,1.0014091169077215,,,,,
64,0.1,123,3,certified,2048,2048,32,0.09817477042468103,0.00625,0.0007763158788896112,0.0007763158788896113,0.0007832588093092853,0.000391120795038208,0.0003921380142710772,1.008943434764731,1.0089434347647308,0.0007724511606053156,0.0007729126834119647,0.0012987012987012764,0.0,,,,,,,0.0007832588093092853,0.002049442449423224,1.008943434764731,1.0089434347647308,,,,,
64,0.1,123,4,certified,2048,2048,32,0.09817477042468103,0.00625,0.0007763158788896112,0.0007763158788896113,0.0007850389429668064,0.000393663843120381,0.0003913750998464253,1.01123648802556,1.0112364880255598,0.0007819492177511158,0.0007824943478533994,0.0029154518950437335,0.0,,,,,,,0.0007850389429668064,0.0019683192156019053,1.01123648802556,1.0112364880255598,,,,,
64,0.1,123,5,certified,2048,2048,32,0.09817477042468103,0.00625,0.0007763158788896112,0.0007763158788896113,0.0007568111092546861,0.0003786598594355603,0.0003781512498191257,0.9748752148895583,0.9748752148895582,0.0007761381837965809,0.000776523864002101,0.0006720430107527124,0.0,,,,,,,0.0007568111092546861,0.00192076421646527,0.9748752148895583,0.9748752148895582,,,,,
64,0.1,123,6,certified,2048,2048,32,0.09817477042468103,0.00625,0.0007763158788896112,0.0007763158788896113,0.0007697806544737683,0.0003827287363670371,0.00038705191810673123,0.9915817457898833,0.9915817457898832,0.0007837303838204863,0.0007841983859385507,0.005616121572514067,0.0,,,,,,,0.0007697806544737683,0.0019975642685468946,0.9915817457898833,0.9915817457898832,,,,,
64,0.1,123,7,certified,2048,2048,32,0.09817477042468103,0.00625,0.0007763158788896112,0.0007763158788896113,0.0007715607881312894,0.000386034698873862,0.0003855260892574274,0.9938747990507122,0.9938747990507121,0.0007455271154408596,0.0007460307164111541,0.0006591957811469542,0.0,,,,,,,0.0007715607881312894,0.0019103377193283606,0.9938747990507122,0.9938747990507121,,,,,
64,0.1,2023,0,certified,2048,2048,32,0.09817477042468103,0.00625,0.0007763158788896112,0.0007763158788896113,0.0007891078198982832,0.0003959525863943367,0.00039315523350394644,1.0164777526217403,1.0164777526217403,0.0007900639455145735,0.000790553970988492,0.003544956493715715,0.0,,,,,,,,,,,0.0007891078198982832,0.0007896164295147178,0.0,0.0006445375443119107,
64,0.1,2023,1,certified,2048,2048,32,0.09817477042468103,0.00625,0.0007763158788896112,0.0007763158788896113,0.0007860561621996756,0.00039493536716146753,0.000391120795038208,1.012546804174605,1.0125468041746049,0.0007901871588849542,0.0007907462013566931,0.0048527984471044994,0.0,,,,,,,,,,,0.0007870733814325447,0.0007868190766243275,0.0012940795858944413,0.0009705596894208309,
64,0.1,2023,2,certified,2048,2048,32,0.09817477042468103,0.00625,0.0007763158788896112,0.0007763158788896113,0.0007799528468024604,0.00038934066138068693,0.0003906121854217734,1.0046849072803343,1.0046849072803343,0.0007627192024383418,0.000763191295254895,0.001630257580697705,0.0,,,,,,,,,,,0.0007789356275695912,0.000779698541994243,0.0013042060645582472,0.00032605151613966605,
64,0.1,2023,3,certified,2048,2048,32,0.09817477042468103,0.00625,0.0007763158788896112,0.0007763158788896113,0.0007860561621996756,0.00039391814792859834,0.0003921380142710772,1.012546804174605,1.0125468041746049,0.00078122372654159,0.0007816331768722922,0.0022646392753154793,0.0,,,,,,,,,,,0.0007855475525832409,0.0007855475525832409,0.0006470397929473586,0.0006470397929473586,
64,0.1,2023,4,certified,2048,2048,32,0.09817477042468103,0.00625,0.0007763158788896112,0.0007763158788896113,0.0007652031679258569,0.0003824744315588198,0.0003827287363670371,0.9856853231191803,0.9856853231191802,0.0007883886759439425,0.0007888237654658147,0.0003323363243602292,0.0,,,,,,,,,,,0.0007649488631176396,0.0007649488631176396,0.0003323363243602292,0.0003323363243602292,
64,0.1,2023,5,certified,2048,2048,32,0.09817477042468103,0.00625,0.0007763158788896112,0.0007763158788896113,0.000790633648747587,0.0003934095383121637,0.00039722411043542323,1.018443226845308,1.0184432268453079,0.0007780494184401322,0.0007785767959105662,0.0048247024766806075,0.0,,,,,,,,,,,0.0007903793439393696,0.0007903793439393696,0.0003216468317788214,0.0003216468317788214,
64,0.1,2023,6,certified,2048,2048,32,0.09817477042468103,0.00625,0.0007763158788896112,0.0007763158788896113,0.0007606256813779455,0.0003801856882848641,0.0003804399930930814,0.9797889004484773,0.9797889004484772,0.0007698900393499421,0.0007703533472038701,0.00033433634236039103,0.0,,,,,,,,,,,0.0007608799861861628,0.0007608799861861628,0.00033433634236039103,0.00033433634236039103,
64,0.1,2023,7,certified,2048,2048,32,0.09817477042468103,0.00625,0.0007763158788896112,0.0007763158788896113,0.0007730866169805932,0.0003865433084902966,0.0003865433084902966,0.9958402732742799,0.9958402732742797,0.000774377138256991,0.0007748820895263224,0.0,0.0,,,,,,,,,,,0.0007723237025559414,0.0007718150929395067,0.0009868421052630883,0.0016447368421052876,
64,0.1,314159,0,certified,2048,2048,32,0.09817477042468103,0.00625,0.0007763158788896112,0.0007763158788896113,0.0007705435688984203,0.0003850174796409928,0.0003855260892574274,0.9925644829016672,0.9925644829016671,0.0007725316217078428,0.0007731092345114868,0.0006600660066006839,0.0,,,,,,,0.0007705435688984203,0.0019296648847528756,0.9925644829016672,0.9925644829016671,,,,,
64,0.1,314159,1,certified,2048,2048,32,0.09817477042468103,0.00625,0.0007763158788896112,0.0007763158788896113,0.0007733409217888105,0.0003880691373396004,0.00038527178444921014,0.9961678523115411,0.996167852311541,0.0007660591581202188,0.0007665050147445116,0.003617231173955891,0.0,,,,,,,0.0007733409217888105,0.0019395827722733501,0.9961678523115411,0.996167852311541,,,,,
64,0.1,314159,2,certified,2048,2048,32,0.09817477042468103,0.00625,0.0007763158788896112,0.0007763158788896113,0.0007761382746792008,0.0003867976132985139,0.00038934066138068693,0.9997712217214152,0.9997712217214151,0.0007842136417092201,0.0007846452242671191,0.003276539973787729,0.0,,,,,,,0.0007761382746792008,0.0019469576117116518,0.9997712217214152,0.9997712217214151,,,,,
64,0.1,314159,3,certified,2048,2048,32,0.09817477042468103,0.00625,0.0007763158788896112,0.0007763158788896113,0.0007654574727340742,0.00038374595559990634,0.0003817115171341679,0.9860129021564416,0.9860129021564414,0.0007956141553383818,0.0007961084790479579,0.002657807308970125,0.0,,,,,,,0.0007654574727340742,0.0019088118904790569,0.9860129021564416,0.9860129021564414,,,,,
64,0.1,314159,4,certified,2048,2048,32,0.09817477042468103,0.00625,0.0007763158788896112,0.0007763158788896113,0.0007680005208162472,0.0003827287363670371,0.00038527178444921014,0.9892886925290544,0.9892886925290543,0.0007703238039231376,0.0007707739888702968,0.0033112582781457444,0.0,,,,,,,0.0007680005208162472,0.0019255960078213986,0.9892886925290544,0.9892886925290543,,,,,
64,0.1,314159,5,certified,2048,2048,32,0.09817477042468103,0.00625,0.0007763158788896112,0.0007763158788896113,0.000783004504501068,0.0003903578806135561,0.0003926466238875118,1.0086158557274698,1.0086158557274696,0.0007695247134757079,0.000769996915140075,0.002923026956804159,0.0,,,,,,,0.000783004504501068,0.0020568172888615257,1.0086158557274698,1.0086158557274696,,,,,
64,0.1,314159,6,certified,2048,2048,32,0.09817477042468103,0.00625,0.0007763158788896112,0.0007763158788896113,0.0007697806544737683,0.0003857803940656447,0.0003840002604081236,0.9915817457898833,0.9915817457898832,0.0007868326840705145,0.0007873602849409649,0.0023125206475057593,0.0,,,,,,,0.0007697806544737683,0.001922544350122791,0.9915817457898833,0.9915817457898832,,,,,
64,0.1,314159,7,certified,2048,2048,32,0.09817477042468103,0.00625,0.0007763158788896112,0.0007763158788896113,0.0007776641035285046,0.00038934066138068693,0.0003883234421478177,1.001736695944983,1.0017366959449827,0.0007775558788908503,0.000778070581868621,0.0013080444735121468,0.0,,,,,,,0.0007776641035285046,0.0019192383876159662,1.001736695944983,1.0017366959449827,,,,,
64,0.1,271828,0,certified,2048,2048,32,0.09817477042468103,0.00625,0.0007763158788896112,0.0007763158788896113,0.0007583369381039899,0.0003778969450109084,0.0003804399930930814,0.9768406891131259,0.9768406891131258,0.0007816435602627666,0.0007820929375894974,0.003353454057679388,0.0,,,,,,,,,,,,,,,
64,0.1,271828,1,certified,2048,2048,32,0.09817477042468103,0.00625,0.0007763158788896112,0.0007763158788896113,0.0007781727131449392,0.0003880691373396004,0.00039010357580533884,1.0023918540195054,1.0023918540195051,0.0007268984740059597,0.0007273278349182675,0.0026143790849673452,0.0,,,,,,,,,,,,,,,
64,0.1,271828,2,certified,2048,2048,32,0.09817477042468103,0.00625,0.0007763158788896112,0.0007763158788896113,0.0007786813227613739,0.00038781483253138313,0.00039086649022999074,1.003047012094028,1.0030470120940278,0.0007885243865765468,0.0007890089714843025,0.003919007184846508,0.0,,,,,,,,,,,,,,,
64,0.1,271828,3,certified,2048,2048,32,0.09817477042468103,0.00625,0.0007763158788896112,0.0007763158788896113,0.0007743581410216797,0.00038705191810673123,0.0003873062229149485,0.9974781684605863,0.9974781684605861,0.0007681836007022152,0.0007686165840929693,0.00032840722495892596,0.0,,,,,,,,,,,,,,,
64,0.1,271828,4,certified,2048,2048,32,0.09817477042468103,0.00625,0.0007763158788896112,0.0007763158788896113,0.0007812243708435468,0.0003921380142710772,0.0003890863565724696,1.0063228024666406,1.0063228024666406,0.0007632794212981229,0.000763749941324949,0.003906250000000003,0.0,,,,,,,,,,,,,,,
64,0.1,271828,5,certified,2048,2048,32,0.09817477042468103,0.00625,0.0007763158788896112,0.0007763158788896113,0.0007723237025559414,0.000386034698873862,0.00038628900368207933,0.9948575361624962,0.994857536162496,0.0007591234994883605,0.0007596023327057443,0.00032927230819892745,0.0,,,,,,,,,,,,,,,
64,0.1,271828,6,certified,2048,2048,32,0.09817477042468103,0.00625,0.0007763158788896112,0.0007763158788896113,0.0007687634352408991,0.00038298304117525444,0.0003857803940656447,0.9902714296408381,0.990271429640838,0.0007646535974063826,0.0007650771066377899,0.0036387694343367073,0.0,,,,,,,,,,,,,,,
64,0.1,271828,7,certified,2048,2048,32,0.09817477042468103,0.00625,0.0007763158788896112,0.0007763158788896113,0.0007967369641448022,0.00039925854890116166,0.0003974784152436405,1.0263051237395786,1.0263051237395786,0.0007689620258749832,0.0007694864614020204,0.0022342802425790445,0.0,,,,,,,,,,,,,,,
4,0.25,42,0,certified,128,128,4,1.5707963267948966,0.25,0.21127031672360821,0.21127031676338237,0.21199067862439094,0.10620718875785608,0.10578348986653485,1.0034096692424859,1.003409669053582,0.17558739808123602,0.2107315537741428,0.001998667554963315,0.0,1.1089005907147655,2.7977225355944273,3.0673312296848967,0.04518331692913386,0.0037832185039370077,3.14096667536454,0.20443471506249558,0.4602782289386343,0.9676452339963345,0.9676452338141638,0.21100204787797472,0.21248499399759904,0.004663557628247887,0.002331778814123878,
4,0.25,42,1,certified,128,128,4,1.5707963267948966,0.25,0.21127031672360821,0.21127031676338237,0.2062001271096674,0.1028175976272862,0.10338252948238119,0.9760014104557156,0.9760014102719718,0.17374954553224073,0.20893728401740919,0.002739726027397291,0.0,1.1059848658393956,2.796410016537705,3.0706985615441473,0.04552165354330709,0.004705954724409449,3.141543610118244,0.19871478002965892,0.4551232257608926,0.9405712222679397,0.940571222090866,0.20556457877268555,0.2041522491349481,0.003082191780821885,0.009931506849315113,
4,0.25,42,2,certified,128,128,4,1.5707963267948966,0.25,0.21127031672360821,0.21127031676338237,0.20789492267495233,0.10359437892804181,0.10430054374691053,0.9840233398567215,0.9840233396714674,0.17531978070340987,0.21007415021718023,0.0033967391304347543,0.0,1.10834359157496,2.793582851068235,3.0711488169201626,0.04475270669291338,0.004244586614173229,3.141558110089692,0.20012710966739636,0.4594308311559918,0.9472561634354446,0.9472561632571123,0.20732999081985737,0.20860108749382106,0.0027173913043477232,0.003396739130434821,
4,0.25,42,3,certified,128,128,4,1.5707963267948966,0.25,0.21127031672360821,0.21127031676338237,0.2100134171315585,0.10493609208389237,0.10507732504766612,0.9940507516079788,0.994050751420837,0.17395799663727007,0.2087618825796469,0.0006724949562878355,0.0,1.1044303818233399,2.8028239213965525,3.075195663615334,0.04644438976377953,0.004582923228346456,3.1412246894379887,0.2023868370877763,0.45858343337334934,0.9579520693034526,0.9579520691231066,0.2121319115881647,0.21015465009533224,0.010087424344317532,0.0006724949562878355,
4,0.25,42,4,certified,128,128,4,1.5707963267948966,0.25,0.21127031672360821,0.21127031676338237,0.20789492267495233,0.10380622837370242,0.10408869430124991,0.9840233398567215,0.9840233396714674,0.1772889685998211,0.21310862763984958,0.0013586956521739284,0.0,1.1059056427510232,2.788535171731335,3.074315901854329,0.04469119094488189,0.004306102362204725,3.1414116412545514,0.20125697337758633,0.4594308311559918,0.9526041163694485,0.9526041161901094,0.21100204787797472,0.21086081491420097,0.01494565217391308,0.014266304347826116,
4,0.25,42,5,certified,128,128,4,1.5707963267948966,0.25,0.21127031672360821,0.21127031676338237,0.20464656450815621,0.10211143280841749,0.10253513169973871,0.9686479751714604,0.9686479749891008,0.17857972521504753,0.21413495630951054,0.0020703933747411563,0.0,1.1055577201282585,2.780691459316808,3.066015434669449,0.043491633858267716,0.0043676181102362205,3.1415824932564496,0.19652566909116587,0.4535696631593814,0.9302095634583071,0.930209563283184,0.2056351952545724,0.20302238542475814,0.004830917874396054,0.007936507936507959,
4,0.25,42,6,certified,128,128,4,1.5707963267948966,0.25,0.21127031672360821,0.21127031676338237,0.21071958195042723,0.10528917449332674,0.10543040745710049,0.9973932221917313,0.9973932220039602,0.17492601364872215,0.20992139770030066,0.0006702412868632784,0.0,1.1120215344903968,2.7905133873346997,3.062358642698572,0.04355314960629921,0.0036294291338582678,3.141416831626628,0.20273991949721065,0.46345597062354355,0.9596233045953287,0.9596233044146681,0.2090247863851423,0.21107266435986158,0.00804289544235921,0.0016756032171581301,
4,0.25,42,7,certified,128,128,4,1.5707963267948966,0.25,0.21127031672360821,0.21127031676338237,0.2100134171315585,0.10521855801143987,0.10479485912011864,0.9940507516079788,0.994050751420837,0.17510743354082836,0.21000198949754353,0.0020174848688634403,0.0,1.1077958877538905,2.7967909025771247,3.0708999433367405,0.04567544291338583,0.004121555118110236,3.141414697048957,0.2013275898594732,0.45710048725372504,0.9529383634278237,0.9529383632484217,0.20916601934891604,0.20966033472212414,0.004034969737726881,0.0016812373907195226,
4,0.25,7,0,certified,128,128,4,1.5707963267948966,0.25,0.21127031672360821,0.21127031676338237,0.2093072523126898,0.1043711602287974,0.10493609208389237,0.9907082810242265,0.9907082808377139,0.17642037613246353,0.21104289863840128,0.0026990553306342423,0.0,,,,,,,,,,,0.20803615563872607,0.20803615563872607,0.006072874493927194,0.006072874493927194,
4,0.25,7,1,certified,128,128,4,1.5707963267948966,0.25,0.21127031672360821,0.21127031676338237,0.2051408798813643,0.10232328225407811,0.1028175976272862,0.970987704580087,0.970987704397287,0.17399057617945043,0.2087261295490201,0.002409638554216827,0.0,,,,,,,,,,,0.20605889414589365,0.20725937433797048,0.00447504302925988,0.010327022375215128,
4,0.25,7,2,certified,128,128,4,1.5707963267948966,0.25,0.21127031672360821,0.21127031676338237,0.2100134171315585,0.10493609208389237,0.10507732504766612,0.9940507516079788,0.994050751420837,0.1766133416727955,0.21173789186929834,0.0006724949562878355,0.0,,,,,,,,,,,0.20627074359155426,0.2087423204575948,0.017821116341627443,0.006052454606590387,
4,0.25,7,3,certified,128,128,4,1.5707963267948966,0.25,0.21127031672360821,0.21127031676338237,0.20937786879457665,0.10500670856577925,0.1043711602287974,0.9910425280826017,0.9910425278960261,0.17791002203020229,0.21356132863262303,0.0030354131534569666,0.0,,,,,,,,,,,0.2121319115881647,0.21354424122590213,0.013153456998313742,0.01989881956155146,
4,0.25,7,4,certified,128,128,4,1.5707963267948966,0.25,0.21127031672360821,0.21127031676338237,0.20408163265306123,0.10232328225407811,0.10175835039898312,0.9659739987044583,0.9659739985226022,0.1768155875969578,0.21185779941386487,0.002768166089965429,0.0,,,,,,,,,,,0.20711814137419673,0.20881293693948166,0.014878892733563978,0.02318339100346013,
4,0.25,7,5,certified,128,128,4,1.5707963267948966,0.25,0.21127031672360821,0.21127031676338237,0.21396794011722337,0.10691335357672481,0.10705458654049856,1.0127685868769927,1.012768586686327,0.17773170472543343,0.21303011725162746,0.0006600660066006676,0.0,,,,,,,,,,,0.21269684344325965,0.2123437610338253,0.0059405940594060075,0.007590759075907612,
4,0.25,7,6,certified,128,128,4,1.5707963267948966,0.25,0.21127031672360821,0.21127031676338237,0.2079655391568392,0.10422992726502366,0.10373561189181554,0.9843575869150969,0.9843575867297798,0.17499808299266253,0.20956909166726456,0.0023769100169779554,0.0,,,,,,,,,,,0.20690629192853613,0.20662382600098864,0.005093378607809838,0.0064516129032258125,
4,0.25,7,7,certified,128,128,4,1.5707963267948966,0.25,0.21127031672360821,0.21127031676338237,0.20761245674740483,0.10345314596426806,0.10415931078313678,0.9826863516232205,0.9826863514382181,0.1764154333753004,0.21180395802194518,0.0034013605442176588,0.0,,,,,,,,,,,0.21382670715344962,0.21163759621495656,0.02993197278911572,0.019387755102040837,
4,0.25,123,0,certified,128,128,4,1.5707963267948966,0.25,0.21127031672360821,0.21127031676338237,0.2085304710119342,0.10373561189181554,0.10479485912011864,0.9870315633820989,0.9870315631962784,0.178257064231089,0.21414914363784535,0.005079580088046112,0.0,,,,,,,0.20168067226890757,0.4566061718805169,0.9546095987197001,0.9546095985399834,,,,,
4,0.25,123,1,certified,128,128,4,1.5707963267948966,0.25,0.21127031672360821,0.21127031676338237,0.20937786879457665,0.10444177671068428,0.10493609208389237,0.9910425280826017,0.9910425278960261,0.17672825561170283,0.211804011967808,0.0023608768971331816,0.0,,,,,,,0.20182190523268131,0.464868300261281,0.9552780928364505,0.955278092656608,,,,,
4,0.25,123,2,certified,128,128,4,1.5707963267948966,0.25,0.21127031672360821,0.21127031676338237,0.21142574676929596,0.1056422569027611,0.10578348986653485,1.0007356927754838,1.0007356925870834,0.17795526705314416,0.21367540558097142,0.0006680026720106956,0.0,,,,,,,0.20379916672551374,0.461549325612598,0.9646370104709574,0.9646370102893529,,,,,
4,0.25,123,3,certified,128,128,4,1.5707963267948966,0.25,0.21127031672360821,0.21127031676338237,0.21086081491420097,0.10528917449332674,0.10557164042087423,0.9980617163084818,0.9980617161205848,0.18059325526998368,0.21668156787891663,0.0013395847287341076,0.0,,,,,,,0.20302238542475814,0.45766541910882,0.9609602928288297,0.9609602926479175,,,,,
4,0.25,123,4,certified,128,128,4,1.5707963267948966,0.25,0.21127031672360821,0.21127031676338237,0.20471718099004307,0.10218204929030436,0.10253513169973871,0.9689822222298355,0.9689822220474131,0.17640444880409087,0.21119280845886654,0.001724732666436654,0.0,,,,,,,0.19786738224701644,0.4546289103876845,0.9365602575674368,0.936560257391118,,,,,
4,0.25,123,5,certified,128,128,4,1.5707963267948966,0.25,0.21127031672360821,0.21127031676338237,0.21241437751571215,0.1061365722759692,0.10627780523974295,1.0054151515927372,1.0054151514034557,0.17513821457125495,0.20980518362047887,0.0006648936170212842,0.0,,,,,,,0.20429348209872183,0.46338535414165666,0.966976739879584,0.9669767396975392,,,,,
4,0.25,123,6,certified,128,128,4,1.5707963267948966,0.25,0.21127031672360821,0.21127031676338237,0.21015465009533224,0.10451239319257115,0.1056422569027611,0.9947192457247294,0.9947192455374616,0.17513355462133487,0.2098862476823094,0.005376344086021501,0.0,,,,,,,0.2013275898594732,0.4539933620507026,0.9529383634278237,0.9529383632484217,,,,,
4,0.25,123,7,certified,128,128,4,1.5707963267948966,0.25,0.21127031672360821,0.21127031676338237,0.2085304710119342,0.10387684485558929,0.1046536261563449,0.9870315633820989,0.9870315631962784,0.1752877070752249,0.20996663544060631,0.003725025397900482,0.0,,,,,,,0.20104512393192572,0.4597132970835393,0.9516013751943229,0.9516013750151725,,,,,
4,0.25,2023,0,certified,128,128,4,1.5707963267948966,0.25,0.21127031672360821,0.21127031676338237,0.20838923804816045,0.10394746133747616,0.10444177671068428,0.9863630692653483,0.9863630690796538,0.17642666611514757,0.2109182086675524,0.00237207726194513,0.0,,,,,,,,,,,0.20690629192853613,0.20676505896476238,0.007116231785835324,0.007793968146391075,
4,0.25,2023,1,certified,128,128,4,1.5707963267948966,0.25,0.21127031672360821,0.21127031676338237,0.21008403361344538,0.10493609208389237,0.105147941529553,0.9943849986663542,0.9943849984791494,0.17670555540067054,0.21210393398138142,0.0010084033613445493,0.0,,,,,,,,,,,0.21361485770778899,0.2131205423345809,0.016806722689075557,0.014453781512605008,
4,0.25,2023,2,certified,128,128,4,1.5707963267948966,0.25,0.21127031672360821,0.21127031676338237,0.2085304710119342,0.10415931078313678,0.1043711602287974,0.9870315633820989,0.9870315631962784,0.17338987406811004,0.2081686526883077,0.0010159160176092224,0.0,,,,,,,,,,,0.21057834898665348,0.20860108749382106,0.009820521503555616,0.0003386386725363409,
4,0.25,2023,3,certified,128,128,4,1.5707963267948966,0.25,0.21127031672360821,0.21127031676338237,0.21008403361344538,0.10472424263823177,0.10535979097521361,0.9943849986663542,0.9943849984791494,0.17300699386762983,0.20719917151475373,0.0030252100840335817,0.0,,,,,,,,,,,0.20810677212061296,0.20718875785608362,0.009411764705882328,0.013781512605041974,
4,0.25,2023,4,certified,128,128,4,1.5707963267948966,0.25,0.21127031672360821,0.21127031676338237,0.21015465009533224,0.10535979097521361,0.10479485912011864,0.9947192457247294,0.9947192455374616,0.17549323105493145,0.21061413662125264,0.0026881720430107173,0.0,,,,,,,,,,,0.21100204787797472,0.2112845138055222,0.004032258064516175,0.0053763440860215665,
4,0.25,2023,5,certified,128,128,4,1.5707963267948966,0.25,0.21127031672360821,0.21127031676338237,0.20973095120401103,0.10521855801143987,0.10451239319257115,0.992713763374478,0.9927137631875879,0.17638659664741546,0.21153604008305169,0.0033670033670033387,0.0,,,,,,,,,,,0.20768307322929172,0.20676505896476238,0.009764309764309809,0.014141414141414168,
4,0.25,2023,6,certified,128,128,4,1.5707963267948966,0.25,0.21127031672360821,0.21127031676338237,0.21425040604477086,0.10684273709483794,0.10740766894993291,1.0141055751104937,1.0141055749195762,0.16972708772285972,0.2030330474997668,0.0026367831245879677,0.0,,,,,,,,,,,0.21290869288892028,0.21347362474401527,0.006262359920896512,0.00362557679630848,
4,0.25,2023,7,certified,128,128,4,1.5707963267948966,0.25,0.21127031672360821,0.21127031676338237,0.2107901984323141,0.1056422569027611,0.105147941529553,0.9977274692501067,0.9977274690622726,0.1732355133154839,0.20743227531877653,0.002345058626465688,0.0,,,,,,,,,,,0.21043711602287973,0.2100134171315585,0.0016750418760469858,0.00368509212730329,
4,0.25,314159,0,certified,128,128,4,1.5707963267948966,0.25,0.21127031672360821,0.21127031676338237,0.20888355342136855,0.10472424263823177,0.10415931078313678,0.988702798673975,0.9887027984878399,0.1733308319498352,0.20815702856409177,0.0027045300878972586,0.0,,,,,,,0.20302238542475814,0.4607725443118424,0.9609602928288297,0.9609602926479175,,,,,
4,0.25,314159,1,certified,128,128,4,1.5707963267948966,0.25,0.21127031672360821,0.21127031676338237,0.20937786879457665,0.105147941529553,0.10422992726502366,0.9910425280826017,0.9910425278960261,0.17908804394028688,0.21477341297263203,0.004384485666104537,0.0,,,,,,,0.20118635689569947,0.4596426806016524,0.9522698693110734,0.9522698691317972,,,,,
4,0.25,314159,2,certified,128,128,4,1.5707963267948966,0.25,0.21127031672360821,0.21127031676338237,0.20817738860249982,0.10415931078313678,0.10401807781936304,0.9853603280902226,0.9853603279047167,0.17495681794217785,0.2094782670082661,0.0006784260515603876,0.0,,,,,,,0.20153943930513382,0.45321658074994703,0.9539411046029496,0.9539411044233588,,,,,
4,0.25,314159,3,certified,128,128,4,1.5707963267948966,0.25,0.21127031672360821,0.21127031676338237,0.20860108749382106,0.10430054374691053,0.10430054374691053,0.987365810440474,0.9873658102545907,0.1773079217064291,0.21289643828138627,0.0,0.0,,,,,,,0.20104512393192572,0.45724172021749876,0.9516013751943229,0.9516013750151725,,,,,
4,0.25,314159,4,certified,128,128,4,1.5707963267948966,0.25,0.21127031672360821,0.21127031676338237,0.21093143139608786,0.10521855801143987,0.10571287338464798,0.9983959633668572,0.9983959631788972,0.1743149990237157,0.20893117030651176,0.0023434884499498087,0.0,,,,,,,0.20273991949721065,0.4623261069133536,0.9596233045953287,0.9596233044146681,,,,,
4,0.25,314159,5,certified,128,128,4,1.5707963267948966,0.25,0.21127031672360821,0.21127031676338237,0.20422286561683498,0.10232328225407811,0.10189958336275687,0.9666424928212088,0.9666424926392269,0.17441251837001187,0.2088427581725602,0.0020746887966805213,0.0,,,,,,,0.19737306687380834,0.46373843655109104,0.9342205281588101,0.9342205279829319,,,,,
4,0.25,314159,6,certified,128,128,4,1.5707963267948966,0.25,0.21127031672360821,0.21127031676338237,0.20577642821834616,0.10295883059105995,0.1028175976272862,0.9739959281054642,0.9739959279220979,0.178089288545098,0.21358122561448772,0.0006863417982155191,0.0,,,,,,,0.19850293058399832,0.4548407598333451,0.939568481092814,0.939568480915929,,,,,
4,0.25,314159,7,certified,128,128,4,1.5707963267948966,0.25,0.21127031672360821,0.21127031676338237,0.20676505896476238,0.10338252948238119,0.10338252948238119,0.9786753869227177,0.9786753867384703,0.17426440255738074,0.208858398259967,0.0,0.0,,,,,,,0.1998446437398489,0.461549325612598,0.9459191752019437,0.9459191750238631,,,,,
4,0.25,271828,0,certified,128,128,4,1.5707963267948966,0.25,0.21127031672360821,0.21127031676338237,0.2066944424828755,0.1031000635548337,0.10359437892804181,0.9783411398643423,0.978341139680158,0.17781717612839074,0.21343144415876023,0.0023915271609156403,0.0,,,,,,,,,,,,,,,
4,0.25,271828,1,certified,128,128,4,1.5707963267948966,0.25,0.21127031672360821,0.21127031676338237,0.2092366358308029,0.1043711602287974,0.10486547560200551,0.9903740339658512,0.9903740337794015,0.17462241360882544,0.20931356295643178,0.002362470469119163,0.0,,,,,,,,,,,,,,,
4,0.25,271828,2,certified,128,128,4,1.5707963267948966,0.25,0.21127031672360821,0.21127031676338237,0.20507026339947743,0.10204081632653061,0.10302944707294683,0.9706534575217117,0.9706534573389747,0.17573593707954685,0.21047180871515758,0.004820936639118444,0.0,,,,,,,,,,,,,,,
4,0.25,271828,3,certified,128,128,4,1.5707963267948966,0.25,0.21127031672360821,0.21127031676338237,0.21008403361344538,0.10479485912011864,0.10528917449332674,0.9943849986663542,0.9943849984791494,0.1800315682558514,0.2160218220111977,0.0023529411764705486,0.0,,,,,,,,,,,,,,,
4,0.25,271828,4,certified,128,128,4,1.5707963267948966,0.25,0.21127031672360821,0.21127031676338237,0.2074712237836311,0.10380622837370242,0.10366499540992868,0.9820178575064701,0.9820178573215935,0.1791486602823478,0.21491199884635873,0.0006807351940094712,0.0,,,,,,,,,,,,,,,
4,0.25,271828,5,certified,128,128,4,1.5707963267948966,0.25,0.21127031672360821,0.21127031676338237,0.2085304710119342,0.10408869430124991,0.10444177671068428,0.9870315633820989,0.9870315631962784,0.17452619702281458,0.20926148582352463,0.0016931933626820374,0.0,,,,,,,,,,,,,,,
4,0.25,271828,6,certified,128,128,4,1.5707963267948966,0.25,0.21127031672360821,0.21127031676338237,0.21425040604477086,0.10705458654049856,0.1071958195042723,1.0141055751104937,1.0141055749195762,0.1733565668847656,0.2078571032896164,0.0006591957811470081,0.0,,,,,,,,,,,,,,,
4,0.25,271828,7,certified,128,128,4,1.5707963267948966,0.25,0.21127031672360821,0.21127031676338237,0.2100134171315585,0.10500670856577925,0.10500670856577925,0.9940507516079788,0.994050751420837,0.17818922270752757,0.21422521638255107,0.0,0.0,,,,,,,,,,,,,,,
6,0.25,42,0,certified,192,192,4,1.0471975511965976,0.16666666666666666,0.0938979185615301,0.09389791856150327,0.09301561706829108,0.04652273880975843,0.046492878258532655,0.9906036096778774,0.9906036096781604,0.08662332637235372,0.09390850267740782,0.0003210272873193936,0.0,0.7553422932945373,2.379841706416887,2.9736672061941984,0.019456260907504363,0.0020042539267015706,3.1409814339804547,0.09223924273642091,0.22550688285705753,0.9823353291476608,0.9823353291479414,0.09265729045358177,0.09226910328764669,0.0038523274478330215,0.008025682182985511,
6,0.25,42,1,certified,192,192,4,1.0471975511965976,0.16666666666666666,0.0938979185615301,0.09389791856150327,0.09131356564842187,0.04556720117053361,0.04574636447788826,0.9724769946693256,0.9724769946696034,0.08762555843423922,0.09499474881681608,0.001962066710268126,0.0,0.7542914076115543,2.394623155197608,2.985832840981828,0.02087423647469459,0.002086060209424084,3.141512823385675,0.09050733076532592,0.22601451222789573,0.9638907033494851,0.9638907033497606,0.09149272895577652,0.09116426289229299,0.001962066710268126,0.0016350555918902066,
6,0.25,42,2,certified,192,192,4,1.0471975511965976,0.16666666666666666,0.0938979185615301,0.09389791856150327,0.09244826659500134,0.046343575502403776,0.04610469109259757,0.9845614046750267,0.9845614046753081,0.08610200333358019,0.09315341906015233,0.00258397932816537,0.0,0.7539252394418403,2.4038203030424943,2.9978875330059163,0.021037849040139615,0.002195135253054101,3.1412559175045436,0.09158231060945385,0.2292394517602795,0.975339091775939,0.9753390917762176,0.09319478037564573,0.09307533817074264,0.008074935400516752,0.00678294573643418,
6,0.25,42,3,certified,192,192,4,1.0471975511965976,0.16666666666666666,0.0938979185615301,0.09389791856150327,0.09325450147809729,0.04652273880975843,0.04673176266833886,0.9931476959948672,0.9931476959951508,0.08591126833018382,0.09306680468810168,0.0022414345180916022,0.0,0.7533040436226445,2.409411874606603,2.9795611528038566,0.02005617364746946,0.0017724694589877836,3.141579233115422,0.09235868494132402,0.22756726089163606,0.9836073723061556,0.9836073723064367,0.09223924273642091,0.09194063722416315,0.010886967659302025,0.014089016970861436,
6,0.25,42,4,certified,192,192,4,1.0471975511965976,0.16666666666666666,0.0938979185615301,0.09389791856150327,0.09462808683448297,0.04738869479530592,0.04723939203917704,1.007776192317558,1.007776192317846,0.08672978968684743,0.09421466609781327,0.001577784790154629,0.0,0.7537980853037692,2.4108516424532285,2.981937371648657,0.019797120418848166,0.0019769851657940665,3.140709670707038,0.09352324643912927,0.22858251963331244,0.9960097931014806,0.9960097931017652,0.09525515841022425,0.0954343217175789,0.006626696118649339,0.008520037866834865,
6,0.25,42,5,certified,192,192,4,1.0471975511965976,0.16666666666666666,0.0938979185615301,0.09389791856150327,0.09406073636119323,0.047149810385499716,0.04691092597569351,1.0017339873147075,1.0017339873149937,0.0854884687032316,0.09262345655074994,0.0025396825396825345,0.0,0.756498086448657,2.4030088115423327,2.974788162614271,0.019742582897033158,0.0018951788830715531,3.1413623444660503,0.09322464092687151,0.22858251963331244,0.9928296852052434,0.9928296852055271,0.0942100391173221,0.09379199140016124,0.0015873015873015196,0.002857142857142971,
6,0.25,42,6,certified,192,192,4,1.0471975511965976,0.16666666666666666,0.0938979185615301,0.09389791856150327,0.09379199140016124,0.04709008928304816,0.04670190211711308,0.998871890208094,0.9988718902083794,0.08740698249867941,0.09469550385390212,0.004138809296402421,0.0,0.7562337106230743,2.3886058920562996,2.9689102857299576,0.019892561082024432,0.0019906195462478186,3.1407051844142524,0.09307533817074264,0.225447161754606,0.9912396312571249,0.9912396312574081,0.09388157305383857,0.09352324643912927,0.0009551098376313166,0.0028653295128939498,
6,0.25,42,7,certified,192,192,4,1.0471975511965976,0.16666666666666666,0.0938979185615301,0.09389791856150327,0.0927468721072591,0.0464331571560811,0.046313714951177996,0.987741512571264,0.9877415125715462,0.08691210120026108,0.09428571398373316,0.001287830006439185,0.0,0.7544721837260557,2.4010970485076886,2.9798929752993546,0.01975621727748691,0.0018270069808027922,3.1415734211037165,0.09158231060945385,0.22637283884260503,0.975339091775939,0.9753390917762176,0.09328436202932307,0.09340380423422616,0.005795235028976257,0.0070830650354152935,
6,0.25,7,0,certified,192,192,4,1.0471975511965976,0.16666666666666666,0.0938979185615301,0.09389791856150327,0.09432948132222521,0.04720953148795127,0.04711994983427394,1.004596084421321,1.004596084421608,0.08563543830046381,0.09291988367126076,0.000949667616334272,0.0,,,,,,,,,,,0.09423989966854789,0.09394129415629013,0.000949667616334272,0.004115226337448561,
6,0.25,7,1,certified,192,192,4,1.0471975511965976,0.16666666666666666,0.0938979185615301,0.09389791856150327,0.0937322702977097,0.04711994983427394,0.046612320463435754,0.9982358686288466,0.9982358686291318,0.0873548899620434,0.09467390180255865,0.0054157374960178755,0.0,,,,,,,,,,,0.09391143360506435,0.09349338588790349,0.001911436763300392,0.002548582351067288,
6,0.25,7,2,certified,192,192,4,1.0471975511965976,0.16666666666666666,0.0938979185615301,0.09389791856150327,0.09262742990235599,0.04640329660485532,0.04622413329750067,0.986469469412769,0.9864694694130509,0.0869322235874378,0.09420594727850036,0.001934235976789146,0.0,,,,,,,,,,,0.0933739436830004,0.09232882439009824,0.008059316569954974,0.00322372662798196,
6,0.25,7,3,certified,192,192,4,1.0471975511965976,0.16666666666666666,0.0938979185615301,0.09389791856150327,0.09292603541461375,0.046492878258532655,0.0464331571560811,0.9896495773090063,0.9896495773092889,0.08569070003662095,0.09290276008203387,0.0006426735218509173,0.0,,,,,,,,,,,0.09343366478545194,0.09358296754158081,0.0054627249357326844,0.0070694087403598655,
6,0.25,7,4,certified,192,192,4,1.0471975511965976,0.16666666666666666,0.0938979185615301,0.09389791856150327,0.09400101525874167,0.04703036818059662,0.046970647078145064,1.00109796573546,1.001097965735746,0.08687759408850587,0.09409855561777054,0.0006353240152477936,0.0,,,,,,,,,,,0.09352324643912927,0.09343366478545194,0.005082592121982202,0.006035578144853855,
6,0.25,7,5,certified,192,192,4,1.0471975511965976,0.16666666666666666,0.0938979185615301,0.09389791856150327,0.09214966108274358,0.04604496999014602,0.04610469109259757,0.9813812967787896,0.9813812967790699,0.08776375537639655,0.09517336609558256,0.0006480881399870558,0.0,,,,,,,,,,,0.09203021887784049,0.09229896383887247,0.0012961762799739611,0.0016202203499676774,
6,0.25,7,6,certified,192,192,4,1.0471975511965976,0.16666666666666666,0.0938979185615301,0.09389791856150327,0.09313505927319418,0.04652273880975843,0.046612320463435754,0.9918756528363722,0.9918756528366557,0.08681354016197822,0.09410148329745023,0.0009618467457518324,0.0,,,,,,,,,,,0.09343366478545194,0.09382185195138702,0.0032061558191728242,0.007374158384097481,
6,0.25,7,7,certified,192,192,4,1.0471975511965976,0.16666666666666666,0.0938979185615301,0.09389791856150327,0.09480725014183762,0.04723939203917704,0.04756785810266057,1.0096842570553004,1.0096842570555888,0.08801679410657212,0.09548419701657518,0.0034645669291338424,0.0,,,,,,,,,,,0.09394129415629013,0.09462808683448297,0.009133858267716528,0.0018897637795275372,
6,0.25,123,0,certified,192,192,4,1.0471975511965976,0.16666666666666666,0.0938979185615301,0.09389791856150327,0.09313505927319418,0.0464331571560811,0.04670190211711308,0.9918756528363722,0.9918756528366557,0.08947314899325595,0.0971190276020924,0.002885540237255497,0.0,,,,,,,0.09179133446803428,0.22891098569679597,0.977565167303305,0.9775651673035843,,,,,
6,0.25,123,1,certified,192,192,4,1.0471975511965976,0.16666666666666666,0.0938979185615301,0.09389791856150327,0.09247812714622712,0.0461942727462749,0.04628385439995222,0.9848794154646505,0.9848794154649319,0.08622341174980214,0.09342641292379678,0.0009686793671294689,0.0,,,,,,,0.09161217116067963,0.22667144435486278,0.9756571025655627,0.9756571025658415,,,,,
6,0.25,123,2,certified,192,192,4,1.0471975511965976,0.16666666666666666,0.0938979185615301,0.09389791856150327,0.0939711547075159,0.04711994983427394,0.04685120487324196,1.0007799549458363,1.0007799549461223,0.08475447177054266,0.09186820380614898,0.0028598665395615282,0.0,,,,,,,0.09307533817074264,0.22870196183821553,0.9912396312571249,0.9912396312574081,,,,,
6,0.25,123,3,certified,192,192,4,1.0471975511965976,0.16666666666666666,0.0938979185615301,0.09389791856150327,0.09206007942906626,0.045806085580339814,0.04625399384872645,0.9804272644099185,0.9804272644101986,0.08592597233836888,0.09308334859410859,0.0048653908530652155,0.0,,,,,,,0.09089551793126101,0.22437218191047806,0.9680248436145935,0.9680248436148701,,,,,
6,0.25,123,4,certified,192,192,4,1.0471975511965976,0.16666666666666666,0.0938979185615301,0.09389791856150327,0.09492669234674073,0.04744841589775747,0.047478276448983246,1.0109563002137953,1.0109563002140842,0.08560953300944353,0.0927059225885768,0.0003145643284051308,0.0,,,,,,,0.09403087580996745,0.225447161754606,1.0014159765250839,1.0014159765253698,,,,,
6,0.25,123,5,certified,192,192,4,1.0471975511965976,0.16666666666666666,0.0938979185615301,0.09389791856150327,0.09591209053719131,0.048105348024724534,0.047806742512466784,1.0214506562713779,1.0214506562716696,0.08715196174813686,0.09444411368543866,0.0031133250311331903,0.0,,,,,,,0.09495655289796649,0.2302248499507301,1.011274311003419,1.011274311003708,,,,,
6,0.25,123,6,certified,192,192,4,1.0471975511965976,0.16666666666666666,0.0938979185615301,0.09389791856150327,0.09352324643912927,0.04676162321956463,0.04676162321956463,0.9960097931014806,0.9960097931017652,0.08546445676096162,0.09250012127833004,0.0,0.0,,,,,,,0.09268715100480755,0.22631311774015347,0.9871054909920166,0.9871054909922986,,,,,
6,0.25,123,7,certified,192,192,4,1.0471975511965976,0.16666666666666666,0.0938979185615301,0.09389791856150327,0.09295589596583953,0.04670190211711308,0.04625399384872645,0.98996758809863,0.9899675880989128,0.08618483042985191,0.09331608374092279,0.0048185030517185435,0.0,,,,,,,0.09214966108274358,0.223715249783511,0.9813812967787896,0.9813812967790699,,,,,
6,0.25,2023,0,certified,192,192,4,1.0471975511965976,0.16666666666666666,0.0938979185615301,0.09389791856150327,0.0937322702977097,0.04691092597569351,0.046821344322016185,0.9982358686288466,0.9982358686291318,0.08815716516202779,0.09572886366987832,0.000955718381650196,0.0,,,,,,,,,,,0.09319478037564573,0.09328436202932307,0.005734310289901324,0.00477859190825098,
6,0.25,2023,1,certified,192,192,4,1.0471975511965976,0.16666666666666666,0.0938979185615301,0.09389791856150327,0.09456836573203141,0.047299113141628595,0.04726925259040282,1.0071401707383105,1.0071401707385983,0.08521289206174562,0.09233256660024915,0.0003157562361856366,0.0,,,,,,,,,,,0.0951954373077727,0.09477738959061184,0.006630880959899028,0.002210293653299676,
6,0.25,2023,2,certified,192,192,4,1.0471975511965976,0.16666666666666666,0.0938979185615301,0.09389791856150327,0.09400101525874167,0.04709008928304816,0.04691092597569351,1.00109796573546,1.001097965735746,0.08768224716353523,0.09498304455277182,0.001905972045743307,0.0,,,,,,,,,,,0.09322464092687151,0.09367254919525815,0.008259212198221096,0.0034942820838626803,
6,0.25,2023,3,certified,192,192,4,1.0471975511965976,0.16666666666666666,0.0938979185615301,0.09389791856150327,0.09370240974648392,0.04685120487324196,0.04685120487324196,0.9979178578392228,0.9979178578395079,0.08732317554726877,0.09473188187864216,0.0,0.0,,,,,,,,,,,0.09295589596583953,0.09226910328764669,0.007966857871255534,0.01529636711281068,
6,0.25,2023,4,certified,192,192,4,1.0471975511965976,0.16666666666666666,0.0938979185615301,0.09389791856150327,0.09400101525874167,0.04706022873182239,0.046940786526919284,1.00109796573546,1.001097965735746,0.08479991417876635,0.09195727180939667,0.0012706480304955873,0.0,,,,,,,,,,,0.09525515841022425,0.09522529785899848,0.013341804320203297,0.013024142312579512,
6,0.25,2023,5,certified,192,192,4,1.0471975511965976,0.16666666666666666,0.0938979185615301,0.09389791856150327,0.09486697124428917,0.0474185553465317,0.04744841589775747,1.0103202786345478,1.0103202786348364,0.08643378385898277,0.09382678788600855,0.00031476235442238305,0.0,,,,,,,,,,,0.09474752903938606,0.0951954373077727,0.0012590494176896786,0.0034623858986465796,
6,0.25,2023,6,certified,192,192,4,1.0471975511965976,0.16666666666666666,0.0938979185615301,0.09389791856150327,0.09426976021977365,0.04717967093672549,0.04709008928304816,1.0039600628420735,1.0039600628423602,0.08545943563164372,0.09273524163089329,0.0009502692429521588,0.0,,,,,,,,,,,0.09453850518080564,0.09474752903938606,0.002850807728856624,0.005068102629078229,
6,0.25,2023,7,certified,192,192,4,1.0471975511965976,0.16666666666666666,0.0938979185615301,0.09389791856150327,0.09328436202932307,0.0465525993609842,0.04673176266833886,0.993465706784491,0.9934657067847747,0.08752151052076203,0.09497355973958556,0.0019206145966709867,0.0,,,,,,,,,,,0.09355310699035504,0.09361282809280659,0.0028809218950063683,0.0035211267605632897,
6,0.25,314159,0,certified,192,192,4,1.0471975511965976,0.16666666666666666,0.0938979185615301,0.09389791856150327,0.09656902266415839,0.048314371883304966,0.04825465078085341,1.0284468936430997,1.0284468936433935,0.08640654136830406,0.09368367636003944,0.000618429189857778,0.0,,,,,,,0.09528501896145003,0.22637283884260503,1.01477242968928,1.0147724296895697,,,,,
6,0.25,314159,1,certified,192,192,4,1.0471975511965976,0.16666666666666666,0.0938979185615301,0.09389791856150327,0.09325450147809729,0.04670190211711308,0.0465525993609842,0.9931476959948672,0.9931476959951508,0.08553057541434393,0.092620832330735,0.0016010246557797052,0.0,,,,,,,0.09232882439009824,0.2282241930186031,0.9832893615165319,0.9832893615168128,,,,,
6,0.25,314159,2,certified,192,192,4,1.0471975511965976,0.16666666666666666,0.0938979185615301,0.09389791856150327,0.09364268864403237,0.04688106542446774,0.04676162321956463,0.9972818362599755,0.9972818362602603,0.08907248155208891,0.09665685720536374,0.0012755102040816672,0.0,,,,,,,0.09280659320971064,0.22664158380363703,0.9883775341505113,0.9883775341507937,,,,,
6,0.25,314159,3,certified,192,192,4,1.0471975511965976,0.16666666666666666,0.0938979185615301,0.09389791856150327,0.09232882439009824,0.04610469109259757,0.04622413329750067,0.9832893615165319,0.9832893615168128,0.08579632955118588,0.0929837898767506,0.0012936610608020298,0.0,,,,,,,0.09134342619964765,0.22708949207202364,0.9727950054589494,0.9727950054592273,,,,,
6,0.25,314159,4,certified,192,192,4,1.0471975511965976,0.16666666666666666,0.0938979185615301,0.09389791856150327,0.0948371106930634,0.0475379975514348,0.047299113141628595,1.0100022678449243,1.0100022678452127,0.08666227552288903,0.09403784738709293,0.002518891687657426,0.0,,,,,,,0.09388157305383857,0.22816447191615158,0.9998259225769651,0.9998259225772508,,,,,
6,0.25,314159,5,certified,192,192,4,1.0471975511965976,0.16666666666666666,0.0938979185615301,0.09389791856150327,0.0933739436830004,0.046821344322016185,0.0465525993609842,0.994419739153362,0.9944197391536461,0.08869007679204075,0.09622726193705466,0.002878157978893549,0.0,,,,,,,0.09247812714622712,0.22962763892621457,0.9848794154646505,0.9848794154649319,,,,,
6,0.25,314159,6,certified,192,192,4,1.0471975511965976,0.16666666666666666,0.0938979185615301,0.09389791856150327,0.09429962077099943,0.04711994983427394,0.04717967093672549,1.0042780736316972,1.004278073631984,0.08836537368174618,0.09583133409424706,0.0006333122229258461,0.0,,,,,,,0.09352324643912927,0.22529785899847712,0.9960097931014806,0.9960097931017652,,,,,
6,0.25,314159,7,certified,192,192,4,1.0471975511965976,0.16666666666666666,0.0938979185615301,0.09389791856150327,0.09349338588790349,0.046821344322016185,0.04667204156588731,0.9956917823118568,0.9956917823121413,0.08487662454892299,0.09196594108921823,0.0015969338869370872,0.0,,,,,,,0.09259756935113023,0.22377497088596254,0.9861514586231455,0.9861514586234271,,,,,
6,0.25,271828,0,certified,192,192,4,1.0471975511965976,0.16666666666666666,0.0938979185615301,0.09389791856150327,0.09465794738570874,0.047149810385499716,0.047508137000209026,1.0080942031071818,1.0080942031074698,0.08676856480727113,0.09415189838521212,0.003785488958990566,0.0,,,,,,,,,,,,,,,
6,0.25,271828,1,certified,192,192,4,1.0471975511965976,0.16666666666666666,0.0938979185615301,0.09389791856150327,0.0925079876974529,0.04640329660485532,0.04610469109259757,0.9851974262542743,0.9851974262545558,0.08751086816195133,0.09497539367716237,0.0032278889606196922,0.0,,,,,,,,,,,,,,,
6,0.25,271828,2,certified,192,192,4,1.0471975511965976,0.16666666666666666,0.0938979185615301,0.09389791856150327,0.09453850518080564,0.047299113141628595,0.04723939203917704,1.006822159948687,1.0068221599489746,0.0861684340985585,0.0934640125540744,0.0006317119393556709,0.0,,,,,,,,,,,,,,,
6,0.25,271828,3,certified,192,192,4,1.0471975511965976,0.16666666666666666,0.0938979185615301,0.09389791856150327,0.09474752903938606,0.04735883424408015,0.04738869479530592,1.0090482354760528,1.0090482354763413,0.08863837962758986,0.09622489977438735,0.00031515915537343555,0.0,,,,,,,,,,,,,,,
6,0.25,271828,4,certified,192,192,4,1.0471975511965976,0.16666666666666666,0.0938979185615301,0.09389791856150327,0.09489683179551495,0.0474185553465317,0.047478276448983246,1.0106382894241717,1.0106382894244603,0.08558439179938325,0.09270855946162695,0.0006293266205159918,0.0,,,,,,,,,,,,,,,
6,0.25,271828,5,certified,192,192,4,1.0471975511965976,0.16666666666666666,0.0938979185615301,0.09389791856150327,0.09456836573203141,0.04732897369285437,0.04723939203917704,1.0071401707383105,1.0071401707385983,0.08701732660811524,0.09419829150110948,0.0009472687085569831,0.0,,,,,,,,,,,,,,,
6,0.25,271828,6,certified,192,192,4,1.0471975511965976,0.16666666666666666,0.0938979185615301,0.09389791856150327,0.09477738959061184,0.04732897369285437,0.04744841589775747,1.0093662462656767,1.009366246265965,0.0859792457208717,0.09308146358974917,0.0012602394454946783,0.0,,,,,,,,,,,,,,,
6,0.25,271828,7,certified,192,192,4,1.0471975511965976,0.16666666666666666,0.0938979185615301,0.09389791856150327,0.0942100391173221,0.04717967093672549,0.04703036818059662,1.0033240412628261,1.0033240412631128,0.0878462797987085,0.09533766907903131,0.0015847860538826585,0.0,,,,,,,,,,,,,,,
8,0.25,42,0,certified,256,256,4,0.7853981633974483,0.125,0.0528175791908607,0.05281757919084559,0.05259879689881821,0.026307593961546655,0.02629120293727155,0.9958577750931769,0.9958577750934616,0.050361114952603654,0.05272763904135217,0.0003116235587409805,0.0,0.5694824724963335,1.9632290883343213,2.8589687560476262,0.011274509803921568,0.0012254901960784314,3.141543716277899,0.05230375846186628,0.1298824763559475,0.9902717857034362,0.9902717857037194,0.05232014948614139,0.05266436099591863,0.005297600498597789,0.0012464942349640538,
8,0.25,42,1,certified,256,256,4,0.7853981633974483,0.125,0.0528175791908607,0.05281757919084559,0.0516317264665869,0.0257011260633677,0.025930600403219196,0.9775481432045829,0.9775481432048626,0.05043612726170951,0.05273664375703864,0.00444444444444439,0.0,0.5717111487513169,1.9421768269922237,2.856751812670683,0.011213235294117647,0.0012408088235294117,3.1415687785836273,0.051385861102460295,0.1294727007490698,0.972893152046466,0.9728931520467442,0.051385861102460295,0.0516317264665869,0.004761904761904713,0.0,
8,0.25,42,2,certified,256,256,4,0.7853981633974483,0.125,0.0528175791908607,0.05281757919084559,0.052385713583241816,0.026192856791620908,0.026192856791620908,0.9918234494228086,0.9918234494230923,0.05042923114468624,0.052748911493059596,0.0,0.0,0.5691573789703601,1.9562606629405153,2.8655264967134566,0.01135876225490196,0.0010416666666666667,3.141569741961035,0.052205412316215644,0.13089871986100413,0.9884097892401895,0.9884097892404722,0.0525824058745431,0.05277909816584438,0.003754693366708453,0.007509386733416774,
8,0.25,42,3,certified,256,256,4,0.7853981633974483,0.125,0.0528175791908607,0.05281757919084559,0.05341834811257355,0.0268812798111754,0.026537068301398153,1.0113744122869002,1.0113744122871895,0.04996691834248331,0.05228582625110031,0.006443694384780594,0.0,0.5712865973952311,1.960632541298239,2.8514029759655197,0.010723039215686275,0.0010033700980392156,3.1414973454529624,0.05322165582127227,0.13094789293382944,1.0076504193604068,1.0076504193606948,0.05300857250569588,0.05307413660279631,0.0076710647437864465,0.006443694384780594,
8,0.25,42,4,certified,256,256,4,0.7853981633974483,0.125,0.0528175791908607,0.05281757919084559,0.05179563670933797,0.025946991427494303,0.025848645281843663,0.9806514706433278,0.9806514706436082,0.05101890591533757,0.05338257260949554,0.001898734177215157,0.0,0.5707840412741889,1.9583782774982563,2.84857831754179,0.010768995098039216,0.001056985294117647,3.1415777133705554,0.051516989296661146,0.1301447327443492,0.9753758139974616,0.9753758139977406,0.05204150207346457,0.052205412316215644,0.004746835443037926,0.007911392405063299,
8,0.25,42,5,certified,256,256,4,0.7853981633974483,0.125,0.0528175791908607,0.05281757919084559,0.053467521185398874,0.02671736956842433,0.026750151616974544,1.0123054105185236,1.0123054105188132,0.050418385486664295,0.052698746598387754,0.0006131207847946156,0.0,0.5712742942460585,1.9661967177993258,2.8683330152930484,0.011488970588235295,0.001210171568627451,3.141514902398892,0.05318887377272206,0.13207887360881182,1.0070297538726578,1.0070297538729458,0.053401957088298445,0.053516694258224196,0.0012262415695892311,0.0009196811771919233,
8,0.25,42,6,certified,256,256,4,0.7853981633974483,0.125,0.0528175791908607,0.05281757919084559,0.052893835335770134,0.026422331131472406,0.026471504204297728,1.0014437644829173,1.0014437644832037,0.04959911213226853,0.05189509614407882,0.0009296560272699268,0.0,0.5712142850705286,1.9631867080674377,2.860823610134717,0.011251531862745098,0.0011642156862745098,3.141377121148552,0.052713534068743954,0.13084954678817878,0.998030104300298,0.9980301043005835,0.05307413660279631,0.05295939943287056,0.0034087387666562672,0.0012395413696932357,
8,0.25,42,7,certified,256,256,4,0.7853981633974483,0.125,0.0528175791908607,0.05281757919084559,0.051762854660787755,0.02586503630611877,0.025897818354668985,0.9800308051555788,0.980030805155859,0.04951770551651652,0.05179379900338562,0.0006333122229259139,0.0,0.5714638837879104,1.9710345181378026,2.8579618274528835,0.011014093137254903,0.0011488970588235295,3.1414208871003835,0.05161533544231179,0.1316035339048337,0.9772378104607086,0.977237810460988,0.05192676490353882,0.052074284122014786,0.0031665611146294353,0.006016466117796048,
8,0.25,7,0,certified,256,256,4,0.7853981633974483,0.125,0.0528175791908607,0.05281757919084559,0.05223819436476585,0.02612729269452048,0.026110901670245372,0.9890304547279384,0.9890304547282213,0.05043700428514526,0.05277934615475239,0.00031377470975839914,0.0,,,,,,,,,,,0.05272992509301906,0.052943008408595456,0.009413241292751841,0.01349231251961103,
8,0.25,7,1,certified,256,256,4,0.7853981633974483,0.125,0.0528175791908607,0.05281757919084559,0.052647969971643525,0.02629120293727155,0.026356767034371977,0.9967887733248001,0.9967887733250852,0.050397461616518174,0.05275519714184849,0.0012453300124532567,0.0,,,,,,,,,,,0.05263157894736842,0.05272992509301906,0.00031133250311333067,0.0015566625155666533,
8,0.25,7,2,certified,256,256,4,0.7853981633974483,0.125,0.0528175791908607,0.05281757919084559,0.05297579045714567,0.02650428625284794,0.026471504204297728,1.0029954282022897,1.0029954282025766,0.05034739611168135,0.052623410999858,0.0006188118811880644,0.0,,,,,,,,,,,0.05279548919011949,0.05263157894736842,0.0034034653465347146,0.006497524752475364,
8,0.25,7,3,certified,256,256,4,0.7853981633974483,0.125,0.0528175791908607,0.05281757919084559,0.0518775918307135,0.025996164500319625,0.025881427330393877,0.9822031343627,0.9822031343629809,0.05070447362053064,0.05304488043697511,0.0022116903633491044,0.0,,,,,,,,,,,0.05174646363651265,0.051828418757888184,0.002527646129541776,0.0009478672985780824,
8,0.25,7,4,certified,256,256,4,0.7853981633974483,0.125,0.0528175791908607,0.05281757919084559,0.05212345719484011,0.026012555524594732,0.026110901670245372,0.9868581255208172,0.9868581255210994,0.049960409390579705,0.05224806292889059,0.001886792452830156,0.0,,,,,,,,,,,0.05212345719484011,0.052221803340490744,0.0,0.0018867924528300894,
8,0.25,7,5,certified,256,256,4,0.7853981633974483,0.125,0.0528175791908607,0.05281757919084559,0.05330361094264781,0.02668458751987412,0.02661902342277369,1.009202083079779,1.0092020830800676,0.04984189626623365,0.052163990543413065,0.0012300123001230234,0.0,,,,,,,,,,,0.0535330852824993,0.05330361094264781,0.004305043050430451,0.0,
8,0.25,7,6,certified,256,256,4,0.7853981633974483,0.125,0.0528175791908607,0.05281757919084559,0.05153338032093625,0.025766690160468127,0.025766690160468127,0.9756861467413361,0.9756861467416151,0.05100607756551225,0.053360545937003595,0.0,0.0,,,,,,,,,,,0.05200872002491436,0.05205789309773968,0.009223918575063645,0.010178117048346105,
8,0.25,7,7,certified,256,256,4,0.7853981633974483,0.125,0.0528175791908607,0.05281757919084559,0.05345113016112377,0.026651805471323904,0.026799324689799866,1.0119950777746491,1.0119950777749387,0.050316895275444834,0.05262902352368395,0.0027598896044158084,0.0,,,,,,,,,,,0.053582258355324625,0.05322165582127227,0.0024532352039252207,0.004293161606869007,
8,0.25,123,0,certified,256,256,4,0.7853981633974483,0.125,0.0528175791908607,0.05281757919084559,0.05253323280171778,0.026307593961546655,0.026225638840171123,0.9946164441176789,0.9946164441179633,0.05021640209740809,0.05252624102510926,0.0015600624024960617,0.0,,,,,,,0.052221803340490744,0.13043977118130112,0.9887201219840639,0.9887201219843467,,,,,
8,0.25,123,1,certified,256,256,4,0.7853981633974483,0.125,0.0528175791908607,0.05281757919084559,0.053139700699896736,0.026520677277123046,0.02661902342277369,1.0060987556410343,1.0060987556413221,0.051033975837343024,0.053394213632350945,0.0018507094386181703,0.0,,,,,,,0.05291022636004524,0.1306528544968775,1.0017540972267918,1.0017540972270782,,,,,
8,0.25,123,2,certified,256,256,4,0.7853981633974483,0.125,0.0528175791908607,0.05281757919084559,0.05330361094264781,0.026635414447048797,0.02666819649559901,1.009202083079779,1.0092020830800676,0.05032646877112041,0.052658724783310164,0.0006150061500615117,0.0,,,,,,,0.053090527627071414,0.12871871363241488,1.005167757409411,1.0051677574096984,,,,,
8,0.25,123,3,certified,256,256,4,0.7853981633974483,0.125,0.0528175791908607,0.05281757919084559,0.052402104607516924,0.02624202986444623,0.026160074743070694,0.9921337821666831,0.9921337821669669,0.04912625824290661,0.051391866987430784,0.0015639662183297123,0.0,,,,,,,0.05217263026766543,0.12884984182661574,0.9877891237524405,0.9877891237527231,,,,,
8,0.25,123,4,certified,256,256,4,0.7853981633974483,0.125,0.0528175791908607,0.05281757919084559,0.05286105328721992,0.026487895228572835,0.026373158058647084,1.0008230989951683,1.0008230989954545,0.04974421941090289,0.052071460244257406,0.0021705426356589536,0.0,,,,,,,0.05268075202019374,0.13242308511858905,0.9974094388125491,0.9974094388128344,,,,,
8,0.25,123,5,certified,256,256,4,0.7853981633974483,0.125,0.0528175791908607,0.05281757919084559,0.05291022636004524,0.026471504204297728,0.026438722155747513,1.0017540972267918,1.0017540972270782,0.049709140478119,0.052024400602071565,0.0006195786864931958,0.0,,,,,,,0.05272992509301906,0.13129210444360667,0.9983404370441725,0.9983404370444581,,,,,
8,0.25,123,6,certified,256,256,4,0.7853981633974483,0.125,0.0528175791908607,0.05281757919084559,0.05212345719484011,0.026094510645970268,0.02602894654886984,0.9868581255208172,0.9868581255210994,0.05048578851732713,0.05281828313565177,0.0012578616352201485,0.0,,,,,,,0.05194315592781393,0.13104623907948007,0.983444465338198,0.9834444653384792,,,,,
8,0.25,123,7,certified,256,256,4,0.7853981633974483,0.125,0.0528175791908607,0.05281757919084559,0.052943008408595456,0.026487895228572835,0.02645511318002262,1.0023747627145407,1.0023747627148274,0.050474092479687024,0.052838956681631064,0.0006191950464396396,0.0,,,,,,,0.05266436099591863,0.13021029684144964,0.9970991060686746,0.9970991060689598,,,,,
8,0.25,2023,0,certified,256,256,4,0.7853981633974483,0.125,0.0528175791908607,0.05281757919084559,0.053139700699896736,0.02655345932567326,0.026586241374223475,1.0060987556410343,1.0060987556413221,0.05053206216384986,0.05286098446622787,0.0006169031462060567,0.0,,,,,,,,,,,0.05343473913684866,0.05341834811257355,0.00555212831585438,0.005243676742751352,
8,0.25,2023,1,certified,256,256,4,0.7853981633974483,0.125,0.0528175791908607,0.05281757919084559,0.05381173269517612,0.026946843908275828,0.026864888786900295,1.0188223981398876,1.018822398140179,0.051370891109241215,0.05373445860193411,0.0015229972586048976,0.0,,,,,,,,,,,0.053828123719451226,0.05368060450097527,0.0003045994517209924,0.0024367956137678103,
8,0.25,2023,2,certified,256,256,4,0.7853981633974483,0.125,0.0528175791908607,0.05281757919084559,0.05368060450097527,0.026733760592699437,0.026946843908275828,1.016339736188892,1.0163397361891826,0.05052413311094092,0.052851927440873955,0.003969465648854968,0.0,,,,,,,,,,,0.05425429035060401,0.05440180956907997,0.010687022900763293,0.013435114503816776,
8,0.25,2023,3,certified,256,256,4,0.7853981633974483,0.125,0.0528175791908607,0.05281757919084559,0.052336540510416495,0.02624202986444623,0.026094510645970268,0.9908924511911852,0.9908924511914686,0.050695709037453116,0.0529993199412082,0.0028186658315064047,0.0,,,,,,,,,,,0.05274631611729417,0.05261518792309331,0.007829627309740066,0.0053241465706232016,
8,0.25,2023,4,certified,256,256,4,0.7853981633974483,0.125,0.0528175791908607,0.05281757919084559,0.05317248274844695,0.026569850349948368,0.026602632398498582,1.0067194211287833,1.006719421129071,0.050021173541020376,0.052295895002101626,0.0006165228113440308,0.0,,,,,,,,,,,0.05338556606402334,0.053090527627071414,0.00400739827373607,0.001541307028360077,
8,0.25,2023,5,certified,256,256,4,0.7853981633974483,0.125,0.0528175791908607,0.05281757919084559,0.0532872199183727,0.02671736956842433,0.026569850349948368,1.0088917503359045,1.0088917503361932,0.05104425616661411,0.05343603575848382,0.0027683789603198863,0.0,,,,,,,,,,,0.053270828894097594,0.0532872199183727,0.0003075976622577724,0.0,
8,0.25,2023,6,certified,256,256,4,0.7853981633974483,0.125,0.0528175791908607,0.05281757919084559,0.05379534167090101,0.026864888786900295,0.02693045288400072,1.0185120653960131,1.0185120653963045,0.05047180530021854,0.05276588726026444,0.0012187690432662586,0.0,,,,,,,,,,,0.05318887377272206,0.053320001966922916,0.01127361365021323,0.008836075563680584,
8,0.25,2023,7,certified,256,256,4,0.7853981633974483,0.125,0.0528175791908607,0.05281757919084559,0.05230375846186628,0.02624202986444623,0.026061728597420054,0.9902717857034362,0.9902717857037194,0.05054940730434482,0.05286003446957016,0.003447195236602942,0.0,,,,,,,,,,,0.05284466226294481,0.052647969971643525,0.01034158570980889,0.006581009088060155,
8,0.25,314159,0,certified,256,256,4,0.7853981633974483,0.125,0.0528175791908607,0.05281757919084559,0.0530577455785212,0.026602632398498582,0.02645511318002262,1.004547091921662,1.0045470919219492,0.049478358139877214,0.0517437120386454,0.0027803521779425243,0.0,,,,,,,0.05279548919011949,0.12962021996754577,0.9995817680196705,0.9995817680199564,,,,,
8,0.25,314159,1,certified,256,256,4,0.7853981633974483,0.125,0.0528175791908607,0.05281757919084559,0.052516841777442674,0.0261764657673458,0.02634037601009687,0.9943061113738044,0.9943061113740889,0.05093816211560082,0.053272786690449735,0.003121098626716594,0.0,,,,,,,0.05228736743759117,0.12962021996754577,0.9899614529595618,0.989961452959845,,,,,
8,0.25,314159,2,certified,256,256,4,0.7853981633974483,0.125,0.0528175791908607,0.05281757919084559,0.052336540510416495,0.02612729269452048,0.026209247815896015,0.9908924511911852,0.9908924511914686,0.05017096004866495,0.05246581892935684,0.0015659254619480394,0.0,,,,,,,0.05212345719484011,0.13007916864724878,0.9868581255208172,0.9868581255210994,,,,,
8,0.25,314159,3,certified,256,256,4,0.7853981633974483,0.125,0.0528175791908607,0.05281757919084559,0.05266436099591863,0.026307593961546655,0.026356767034371977,0.9970991060686746,0.9970991060689598,0.049294445752437833,0.0516035586607362,0.0009337068160597741,0.0,,,,,,,0.05250045075316757,0.13383271320624826,0.9939957786299299,0.9939957786302143,,,,,
8,0.25,314159,4,certified,256,256,4,0.7853981633974483,0.125,0.0528175791908607,0.05281757919084559,0.05254962382599289,0.02624202986444623,0.026307593961546655,0.9949267768615534,0.994926776861838,0.05058723605026532,0.0529442385120187,0.001247660636306881,0.0,,,,,,,0.052270976413316066,0.13196413643888608,0.9896511202156874,0.9896511202159703,,,,,
8,0.25,314159,5,certified,256,256,4,0.7853981633974483,0.125,0.0528175791908607,0.05281757919084559,0.053024963529970985,0.026569850349948368,0.02645511318002262,1.003926426433913,1.0039264264342,0.050343842466094406,0.05271151449024065,0.002163833075734131,0.0,,,,,,,0.05272992509301906,0.13121014932223116,0.9983404370441725,0.9983404370444581,,,,,
8,0.25,314159,6,certified,256,256,4,0.7853981633974483,0.125,0.0528175791908607,0.05281757919084559,0.05312330967562163,0.026602632398498582,0.026520677277123046,1.0057884228971599,1.0057884228974474,0.05062884540718621,0.052945424788653946,0.001542733724159238,0.0,,,,,,,0.05287744431149503,0.13045616220557624,1.0011334317390428,1.0011334317393292,,,,,
8,0.25,314159,7,certified,256,256,4,0.7853981633974483,0.125,0.0528175791908607,0.05281757919084559,0.05404120703502762,0.02704519005392647,0.02699601698110115,1.0231670565541302,1.0231670565544229,0.05019312297452199,0.05248832850423529,0.0009099181073703531,0.0,,,,,,,0.053631431428149946,0.13117736727368093,1.0154087379572685,1.015408737957559,,,,,
8,0.25,271828,0,certified,256,256,4,0.7853981633974483,0.125,0.0528175791908607,0.05281757919084559,0.05292661738432035,0.026422331131472406,0.02650428625284794,1.0020644299706662,1.002064429970953,0.05060355047280943,0.052940879317831924,0.0015484670176524862,0.0,,,,,,,,,,,,,,,
8,0.25,271828,1,certified,256,256,4,0.7853981633974483,0.125,0.0528175791908607,0.05281757919084559,0.05168089953941222,0.025832254257568556,0.025848645281843663,0.9784791414362064,0.9784791414364863,0.05093267508859464,0.05330350199146837,0.0003171582619727301,0.0,,,,,,,,,,,,,,,
8,0.25,271828,2,certified,256,256,4,0.7853981633974483,0.125,0.0528175791908607,0.05281757919084559,0.052205412316215644,0.02612729269452048,0.02607811962169516,0.9884097892401895,0.9884097892404722,0.04926373662039245,0.051494282487353486,0.0009419152276294638,0.0,,,,,,,,,,,,,,,
8,0.25,271828,3,certified,256,256,4,0.7853981633974483,0.125,0.0528175791908607,0.05281757919084559,0.053959251913652084,0.027012408005376257,0.026946843908275828,1.0216153928347578,1.02161539283505,0.049652843935110935,0.05196134004780081,0.001215066828675599,0.0,,,,,,,,,,,,,,,
8,0.25,271828,4,certified,256,256,4,0.7853981633974483,0.125,0.0528175791908607,0.05281757919084559,0.05310691865134652,0.02661902342277369,0.026487895228572835,1.0054780901532854,1.005478090153573,0.05037590143999625,0.05270229001647729,0.002469135802469115,0.0,,,,,,,,,,,,,,,
8,0.25,271828,5,certified,256,256,4,0.7853981633974483,0.125,0.0528175791908607,0.05281757919084559,0.05291022636004524,0.026422331131472406,0.026487895228572835,1.0017540972267918,1.0017540972270782,0.050672867330713904,0.053015573881816,0.0012391573729863916,0.0,,,,,,,,,,,,,,,
8,0.25,271828,6,certified,256,256,4,0.7853981633974483,0.125,0.0528175791908607,0.05281757919084559,0.053320001966922916,0.026733760592699437,0.026586241374223475,1.0095124158236535,1.0095124158239424,0.05019938443792338,0.052511454900324044,0.0027666769136181833,0.0,,,,,,,,,,,,,,,
8,0.25,271828,7,certified,256,256,4,0.7853981633974483,0.125,0.0528175791908607,0.05281757919084559,0.05266436099591863,0.026373158058647084,0.02629120293727155,0.9970991060686746,0.9970991060689598,0.05018473047342763,0.05246286608721607,0.0015561780267662243,0.0,,,,,,,,,,,,,,,
12,0.25,42,0,certified,384,384,6,0.5235987755982988,0.08333333333333333,0.023474479640382524,0.023474479640375818,0.02315443799449292,0.01157358635871579,0.01158085163577713,0.9863664008407221,0.9863664008410039,0.02295119923553339,0.02341304945631339,0.0003137747097583721,0.0,0.38173094232583404,1.3083945630243041,2.5202679186139476,0.004824167754569191,0.0003977643603133159,3.140914083673143,0.023118111609186216,0.05842735812730218,0.984818916685026,0.9848189166853073,0.023205294933922305,0.02317623382567694,0.0021964229683088293,0.0009413241292751912,
12,0.25,42,1,certified,384,384,6,0.5235987755982988,0.08333333333333333,0.023474479640382524,0.023474479640375818,0.02317623382567694,0.01158811691283847,0.01158811691283847,0.9872948913341398,0.9872948913344218,0.02326439969646596,0.023732993634994346,0.0,0.0,0.38222387140998487,1.315379698409683,2.5256819202238763,0.00489556135770235,0.0004317613141862489,3.1415555426797193,0.02314717271743158,0.05871070393269447,0.9860569040095829,0.9860569040098647,0.023190764379799625,0.023168968548615602,0.0006269592476490098,0.0003134796238243552,
12,0.25,42,2,certified,384,384,6,0.5235987755982988,0.08333333333333333,0.023474479640382524,0.023474479640375818,0.023270682427474373,0.011624443298145175,0.011646239129329198,0.9913183501389499,0.9913183501392331,0.023562645605254822,0.02403894232656511,0.0009366219169528674,0.0,0.38221538024672985,1.3165524375277344,2.5392638474752243,0.00485476501305483,0.0005167536988685814,3.140585245611684,0.023234356042167666,0.058856009473921285,0.9897708659832536,0.9897708659835364,0.023328804643965098,0.023336069921026437,0.0024976584452075967,0.002809865750858453,
12,0.25,42,3,certified,384,384,6,0.5235987755982988,0.08333333333333333,0.023474479640382524,0.023474479640375818,0.023910026808872355,0.01197317659708953,0.011936850211782826,1.0185540712792018,1.018554071279493,0.022335531746496134,0.02277902276008266,0.0015192950470981155,0.0,0.38269237871535045,1.3247069539457454,2.544677138483368,0.005136939730200174,0.0005609497389033942,3.1415166647097235,0.023873700423565652,0.0595171496865033,1.017006587123506,1.0170065871237963,0.02396814902536308,0.023989944856547103,0.0024308720753570138,0.0033424491036159122,
12,0.25,42,4,certified,384,384,6,0.5235987755982988,0.08333333333333333,0.023474479640382524,0.023474479640375818,0.02361941572641873,0.011747953008187968,0.011871462718230759,1.006174198033633,1.0061741980339203,0.023051822303704526,0.023521210223189048,0.005229160258381973,0.0,0.3823175635777813,1.3199765704137174,2.545471267334658,0.005051947345517842,0.0004861564403829417,3.141500563018901,0.023604885172296045,0.05948808857825793,1.0055552043713543,1.0055552043716416,0.02365574211172543,0.023641211557602747,0.0015379883112888028,0.0009227929867731641,
12,0.25,42,5,certified,384,384,6,0.5235987755982988,0.08333333333333333,0.023474479640382524,0.023474479640375818,0.02316170327155426,0.01158085163577713,0.01158085163577713,0.9866758976718614,0.9866758976721433,0.022918370328870938,0.023387355693762713,0.0,0.0,0.38163055006385954,1.3201763779147442,2.523933059808003,0.00487516318537859,0.0004963555265448216,3.141554922124712,0.02315443799449292,0.059379109422337824,0.9863664008407221,0.9863664008410039,0.02315443799449292,0.02324162131922901,0.00031367628607282643,0.0034504391468004915,
12,0.25,42,6,certified,384,384,6,0.5235987755982988,0.08333333333333333,0.023474479640382524,0.023474479640375818,0.023023663007388787,0.011537259973409085,0.0114864030339797,0.980795457880216,0.9807954578804963,0.02362350163876019,0.024103922977152303,0.002208898706216472,0.0,0.38232069784653705,1.3117050994174184,2.539449762092664,0.00483436684073107,0.0004963555265448216,3.141480102350301,0.022987336622082084,0.058318378971382076,0.9792479737245199,0.9792479737247997,0.02305998939269549,0.02305998939269549,0.0015777847901545907,0.0015777847901545907,
12,0.25,42,7,certified,384,384,6,0.5235987755982988,0.08333333333333333,0.023474479640382524,0.023474479640375818,0.023779251821768224,0.0118787279952921,0.011900523826476123,1.0129831283186959,1.0129831283189852,0.02308339441388751,0.02354424819408755,0.0009165902841429985,0.0,0.3832275814176826,1.3178786130938132,2.5423539954667436,0.005051947345517842,0.0005031549173194082,3.141371570070078,0.0237211296052775,0.06006931074316519,1.010507153669582,1.0105071536698707,0.023880965700626994,0.02383737403825895,0.004277421326000611,0.002444240757714614,
12,0.25,7,0,certified,384,384,6,0.5235987755982988,0.08333333333333333,0.023474479640382524,0.023474479640375818,0.02263860332313773,0.011341097492752887,0.011297505830384842,0.9643921258298369,0.9643921258301125,0.02321192060139183,0.0236779544581825,0.0019255455712452081,0.0,,,,,,,,,,,0.02267492970844443,0.02257321582958566,0.0016046213093709556,0.002888318356867812,
12,0.25,7,1,certified,384,384,6,0.5235987755982988,0.08333333333333333,0.023474479640382524,0.023474479640375818,0.023779251821768224,0.011871462718230759,0.011907789103537464,1.0129831283186959,1.0129831283189852,0.023440714859106333,0.02390765846414357,0.0015276504735716886,0.0,,,,,,,,,,,0.023880965700626994,0.023895496254749675,0.004277421326000611,0.004888481515429228,
12,0.25,7,2,certified,384,384,6,0.5235987755982988,0.08333333333333333,0.023474479640382524,0.023474479640375818,0.02356855878698934,0.011806075224678693,0.011762483562310648,1.004007720215658,1.004007720215945,0.023291820570472726,0.02377862909485349,0.0018495684340320802,0.0,,,,,,,,,,,0.023670272665848112,0.023677537942909454,0.004315659679408139,0.004623921085080201,
12,0.25,7,3,certified,384,384,6,0.5235987755982988,0.08333333333333333,0.023474479640382524,0.023474479640375818,0.023474110185191913,0.011740687731126626,0.011733422454065286,0.9999842614108483,0.999984261411134,0.02296744510293523,0.02343087184749571,0.00030950170225934134,0.0,,,,,,,,,,,0.023415987968701188,0.023495906016375936,0.002476013618074878,0.0009285051067780978,
12,0.25,7,4,certified,384,384,6,0.5235987755982988,0.08333333333333333,0.023474479640382524,0.023474479640375818,0.023684803219970792,0.011820605778801374,0.011864197441169419,1.0089596695138858,1.008959669514174,0.023014898215496148,0.023480116134347955,0.0018404907975460333,0.0,,,,,,,,,,,0.023539497678743977,0.023539497678743977,0.006134969325153396,0.006134969325153396,
12,0.25,7,5,certified,384,384,6,0.5235987755982988,0.08333333333333333,0.023474479640382524,0.023474479640375818,0.02345231435400789,0.0116825655146359,0.011769748839371989,0.9990557709174306,0.999055770917716,0.0229755699902249,0.02344949918541845,0.003717472118959076,0.0,,,,,,,,,,,0.023517701847559958,0.02346684490813057,0.002788104089219363,0.0006195786864931424,
12,0.25,7,6,certified,384,384,6,0.5235987755982988,0.08333333333333333,0.023474479640382524,0.023474479640375818,0.023023663007388787,0.011500933588102382,0.011522729419286405,0.980795457880216,0.9807954578804963,0.023051048805595456,0.023526194159888675,0.0009466708740927845,0.0,,,,,,,,,,,0.023023663007388787,0.023089050500940855,0.0,0.0028400126222783537,
12,0.25,7,7,certified,384,384,6,0.5235987755982988,0.08333333333333333,0.023474479640382524,0.023474479640375818,0.023488640739314594,0.011755218285249308,0.011733422454065286,1.0006032550731268,1.0006032550734125,0.023027208962891642,0.023491530163520707,0.0009279307145066607,0.0,,,,,,,,,,,0.023510436570498616,0.023517701847559958,0.0009279307145066607,0.001237240952675597,
12,0.25,123,0,certified,384,384,6,0.5235987755982988,0.08333333333333333,0.023474479640382524,0.023474479640375818,0.02356855878698934,0.011791544670556011,0.01177701411643333,1.004007720215658,1.004007720215945,0.023213380201589286,0.023696993592417413,0.0006165228113439777,0.0,,,,,,,0.02355402823286666,0.05938637469939916,1.0033887265533799,1.0033887265536665,,,,,
12,0.25,123,1,certified,384,384,6,0.5235987755982988,0.08333333333333333,0.023474479640382524,0.023474479640375818,0.023590354618173364,0.011827871055862716,0.011762483562310648,1.0049362107090758,1.004936210709363,0.023481542087678185,0.023959851156731608,0.0027717893440098867,0.0,,,,,,,0.023539497678743977,0.05927739554347905,1.0027697328911012,1.0027697328913876,,,,,
12,0.25,123,2,certified,384,384,6,0.5235987755982988,0.08333333333333333,0.023474479640382524,0.023474479640375818,0.02364847683466409,0.011842401609985396,0.011806075224678693,1.0074121853581897,1.0074121853584774,0.022994501909659588,0.023457350001947135,0.0015360983102918275,0.0,,,,,,,0.02361941572641873,0.059822291323079604,1.006174198033633,1.0061741980339203,,,,,
12,0.25,123,3,certified,384,384,6,0.5235987755982988,0.08333333333333333,0.023474479640382524,0.023474479640375818,0.02335786575221046,0.011697096068758583,0.011660769683451878,0.9950323121126204,0.9950323121129048,0.023227735625955124,0.023686865141263586,0.0015552099533437441,0.0,,,,,,,0.023328804643965098,0.058652581716203744,0.9937943247880636,0.9937943247883476,,,,,
12,0.25,123,4,certified,384,384,6,0.5235987755982988,0.08333333333333333,0.023474479640382524,0.023474479640375818,0.02361941572641873,0.011827871055862716,0.011791544670556011,1.006174198033633,1.0061741980339203,0.023120111871358946,0.023596485250848873,0.001537988311288876,0.0,,,,,,,0.023590354618173364,0.058856009473921285,1.0049362107090758,1.004936210709363,,,,,
12,0.25,123,5,certified,384,384,6,0.5235987755982988,0.08333333333333333,0.023474479640382524,0.023474479640375818,0.02337966158339448,0.011704361345819923,0.01167530023757456,0.9959608026060381,0.9959608026063227,0.0231251925878933,0.023581956484335066,0.0012430080795525066,0.0,,,,,,,0.02335060047514912,0.059408170530583185,0.9947228152814813,0.9947228152817655,,,,,
12,0.25,123,6,certified,384,384,6,0.5235987755982988,0.08333333333333333,0.023474479640382524,0.023474479640375818,0.02304545883857281,0.011529994696347745,0.011515464142225065,0.9817239483736337,0.9817239483739142,0.023294538259643126,0.023762071356484872,0.0006305170239596039,0.0,,,,,,,0.023023663007388787,0.05866711227032643,0.980795457880216,0.9807954578804963,,,,,
12,0.25,123,7,certified,384,384,6,0.5235987755982988,0.08333333333333333,0.023474479640382524,0.023474479640375818,0.023299743535719734,0.011653504406390538,0.011646239129329198,0.9925563374635067,0.9925563374637902,0.022905008153838467,0.02336719463579875,0.0003118178983473439,0.0,,,,,,,0.023285212981597053,0.058354705356688776,0.9919373438012282,0.9919373438015117,,,,,
12,0.25,2023,0,certified,384,384,6,0.5235987755982988,0.08333333333333333,0.023474479640382524,0.023474479640375818,0.023408722691639846,0.011697096068758583,0.011711626622881263,0.9971987899305952,0.9971987899308801,0.023189098258849235,0.02365627794947652,0.000620732464307841,0.0,,,,,,,,,,,0.023612150449357387,0.023583089341112022,0.008690254500310366,0.007448789571694536,
12,0.25,2023,1,certified,384,384,6,0.5235987755982988,0.08333333333333333,0.023474479640382524,0.023474479640375818,0.023641211557602747,0.01178427939349467,0.011856932164108078,1.0071026885270504,1.0071026885273382,0.02315207248067635,0.023621644772447666,0.0030731407498463537,0.0,,,,,,,,,,,0.023677537942909454,0.02363394628054141,0.001536570374923287,0.00030731407498454,
12,0.25,2023,2,certified,384,384,6,0.5235987755982988,0.08333333333333333,0.023474479640382524,0.023474479640375818,0.02325615187335169,0.011653504406390538,0.011602647466961153,0.9906993564766713,0.9906993564769543,0.022947485703508082,0.023408232867422548,0.0021868166198063107,0.0,,,,,,,,,,,0.0233651310292718,0.023314274089842418,0.004686035613870719,0.002499218994064483,
12,0.25,2023,3,certified,384,384,6,0.5235987755982988,0.08333333333333333,0.023474479640382524,0.023474479640375818,0.023793782375890905,0.011915054380598804,0.0118787279952921,1.0136021219809743,1.0136021219812639,0.02322463495815587,0.023700593633466396,0.0015267175572518772,0.0,,,,,,,,,,,0.02375019071352286,0.02375019071352286,0.001832061068702311,0.001832061068702311,
12,0.25,2023,4,certified,384,384,6,0.5235987755982988,0.08333333333333333,0.023474479640382524,0.023474479640375818,0.023510436570498616,0.01177701411643333,0.011733422454065286,1.0015317455665445,1.0015317455668304,0.02286119216282495,0.02332405024828879,0.001854140914709539,0.0,,,,,,,,,,,0.02355402823286666,0.023575824064050684,0.001854140914709539,0.0027812113720643086,
12,0.25,2023,5,certified,384,384,6,0.5235987755982988,0.08333333333333333,0.023474479640382524,0.023474479640375818,0.023198029656860963,0.01157358635871579,0.011624443298145175,0.9882233818275574,0.9882233818278398,0.02324700974063572,0.02371345164145823,0.002192295646727216,0.0,,,,,,,,,,,0.023205294933922305,0.023198029656860963,0.0003131850923896557,0.0,
12,0.25,2023,6,certified,384,384,6,0.5235987755982988,0.08333333333333333,0.023474479640382524,0.023474479640375818,0.023437783799885207,0.011726157177003945,0.011711626622881263,0.998436777255152,0.9984367772554372,0.02275370123129534,0.023217799909029394,0.0006199628022318979,0.0,,,,,,,,,,,0.023503171293437274,0.02345231435400789,0.0027898326100434293,0.0006199628022319719,
12,0.25,2023,7,certified,384,384,6,0.5235987755982988,0.08333333333333333,0.023474479640382524,0.023474479640375818,0.023539497678743977,0.011806075224678693,0.011733422454065286,1.0027697328911012,1.0027697328913876,0.02305566522301166,0.02352250467060705,0.003086419753086431,0.0,,,,,,,,,,,0.023517701847559958,0.023561293509928,0.0009259259259257891,0.0009259259259259366,
12,0.25,314159,0,certified,384,384,6,0.5235987755982988,0.08333333333333333,0.023474479640382524,0.023474479640375818,0.023597619895234706,0.01178427939349467,0.011813340501740034,1.0052457075402152,1.0052457075405024,0.022876770513636964,0.023344389136138184,0.0012315270935960487,0.0,,,,,,,0.023561293509928,0.059233803881111005,1.0036982233845189,1.0036982233848057,,,,,
12,0.25,314159,1,certified,384,384,6,0.5235987755982988,0.08333333333333333,0.023474479640382524,0.023474479640375818,0.02335060047514912,0.011646239129329198,0.011704361345819923,0.9947228152814813,0.9947228152817655,0.023589293869950023,0.024069392439899116,0.002489110143123812,0.0,,,,,,,0.023336069921026437,0.05901584556927079,0.9941038216192027,0.9941038216194868,,,,,
12,0.25,314159,2,certified,384,384,6,0.5235987755982988,0.08333333333333333,0.023474479640382524,0.023474479640375818,0.02327794770453571,0.011638973852267856,0.011638973852267856,0.991627846970089,0.9916278469703723,0.023377425862298358,0.023862915628120138,0.0,0.0,,,,,,,0.023234356042167666,0.05919021221874296,0.9897708659832536,0.9897708659835364,,,,,
12,0.25,314159,3,certified,384,384,6,0.5235987755982988,0.08333333333333333,0.023474479640382524,0.023474479640375818,0.023423253245762526,0.0116825655146359,0.011740687731126626,0.9978177835928735,0.9978177835931586,0.02291491514887956,0.023375127786377715,0.002481389578163751,0.0,,,,,,,0.023386926860455824,0.05919021221874296,0.9962702994371775,0.9962702994374621,,,,,
12,0.25,314159,4,certified,384,384,6,0.5235987755982988,0.08333333333333333,0.023474479640382524,0.023474479640375818,0.023336069921026437,0.011638973852267856,0.011697096068758583,0.9941038216192027,0.9941038216194868,0.02262945424705469,0.02309541978895354,0.0024906600249066536,0.0,,,,,,,0.023307008812781076,0.05922653860404967,0.9928658342946459,0.9928658342949296,,,,,
12,0.25,314159,5,certified,384,384,6,0.5235987755982988,0.08333333333333333,0.023474479640382524,0.023474479640375818,0.023372396306333143,0.01167530023757456,0.011697096068758583,0.995651305774899,0.9956513057751835,0.023018883942402868,0.02349272087023781,0.0009325458501709774,0.0,,,,,,,0.02334333519808778,0.059444496915889884,0.9944133184503421,0.9944133184506262,,,,,
12,0.25,314159,6,certified,384,384,6,0.5235987755982988,0.08333333333333333,0.023474479640382524,0.023474479640375818,0.023139907440370238,0.011595382189899812,0.011544525250470427,0.9857474071784437,0.9857474071787253,0.02362998265832386,0.024098204089817814,0.002197802197802198,0.0,,,,,,,0.023103581055063535,0.058994049738086765,0.9841999230227475,0.9841999230230287,,,,,
12,0.25,314159,7,certified,384,384,6,0.5235987755982988,0.08333333333333333,0.023474479640382524,0.023474479640375818,0.023285212981597053,0.011631708575206515,0.011653504406390538,0.9919373438012282,0.9919373438015117,0.023351778758192547,0.023830761678894842,0.0009360374414976706,0.0,,,,,,,0.02325615187335169,0.05962612884242341,0.9906993564766713,0.9906993564769543,,,,,
12,0.25,271828,0,certified,384,384,6,0.5235987755982988,0.08333333333333333,0.023474479640382524,0.023474479640375818,0.023510436570498616,0.011762483562310648,0.011747953008187968,1.0015317455665445,1.0015317455668304,0.023074380008648438,0.02354915191467937,0.0006180469715697972,0.0,,,,,,,,,,,,,,,
12,0.25,271828,1,certified,384,384,6,0.5235987755982988,0.08333333333333333,0.023474479640382524,0.023474479640375818,0.02292921440559136,0.011450076648672997,0.01147913775691836,0.9767719990754061,0.9767719990756851,0.02316416510280088,0.023652053524220843,0.00126742712294042,0.0,,,,,,,,,,,,,,,
12,0.25,271828,2,certified,384,384,6,0.5235987755982988,0.08333333333333333,0.023474479640382524,0.023474479640375818,0.023401457414578504,0.011668034960513218,0.011733422454065286,0.9968892930994558,0.9968892930997407,0.02282241869279716,0.02327599986878835,0.002794163303321982,0.0,,,,,,,,,,,,,,,
12,0.25,271828,3,certified,384,384,6,0.5235987755982988,0.08333333333333333,0.023474479640382524,0.023474479640375818,0.02376472126764554,0.011864197441169419,0.011900523826476123,1.0123641346564174,1.0123641346567065,0.02312788538005544,0.023600851507614613,0.001528584530724591,0.0,,,,,,,,,,,,,,,
12,0.25,271828,4,certified,384,384,6,0.5235987755982988,0.08333333333333333,0.023474479640382524,0.023474479640375818,0.023401457414578504,0.0116825655146359,0.011718891899942603,0.9968892930994558,0.9968892930997407,0.02298930043020794,0.023466968224909217,0.0015523129462899404,0.0,,,,,,,,,,,,,,,
12,0.25,271828,5,certified,384,384,6,0.5235987755982988,0.08333333333333333,0.023474479640382524,0.023474479640375818,0.023321539366903756,0.01167530023757456,0.011646239129329198,0.9934848279569244,0.9934848279572082,0.0229428343906161,0.02340846855158231,0.0012461059190031047,0.0,,,,,,,,,,,,,,,
12,0.25,271828,6,certified,384,384,6,0.5235987755982988,0.08333333333333333,0.023474479640382524,0.023474479640375818,0.02345231435400789,0.011733422454065286,0.011718891899942603,0.9990557709174306,0.999055770917716,0.022748888523484685,0.023213594161213318,0.0006195786864932163,0.0,,,,,,,,,,,,,,,
12,0.25,271828,7,certified,384,384,6,0.5235987755982988,0.08333333333333333,0.023474479640382524,0.023474479640375818,0.023488640739314594,0.011747953008187968,0.011740687731126626,1.0006032550731268,1.0006032550734125,0.02314359304717162,0.02361575064307076,0.00030931023816893616,0.0,,,,,,,,,,,,,,,
16,0.25,42,0,certified,512,512,8,0.39269908169872414,0.0625,0.013204394797715175,0.013204394797711398,0.013251709009284766,0.0065993265993266,0.006652382409958167,1.0035832169739258,1.003583216974213,0.013028887462698842,0.013174600456966258,0.0040036957191253095,0.0,0.28757625885562477,0.9564374480821987,2.130134724069635,0.0025589377446183954,0.0002675513698630137,3.1415219557637037,0.013251709009284766,0.03315171921232527,1.0035832169739258,1.003583216974213,0.013247627793082339,0.01324354657687991,0.0003079765937787743,0.0006159531875576795,
16,0.25,42,1,certified,512,512,8,0.39269908169872414,0.0625,0.013204394797715175,0.013204394797711398,0.01314559738802163,0.006578920518314458,0.006566676869707173,0.9955471333147569,0.9955471333150415,0.01298102886479026,0.013133412946210893,0.0009313877677739492,0.0,0.2875122702206587,0.9585103021457506,2.1449835337207626,0.0026946245107632096,0.0002771067759295499,3.141485207021391,0.013141516171819202,0.0332700744821957,0.9952380531740195,0.9952380531743041,0.013133353739414346,0.013125191307009489,0.0009313877677739492,0.0015523129462900033,
16,0.25,42,2,certified,512,512,8,0.39269908169872414,0.0625,0.013204394797715175,0.013204394797711398,0.013263952657892052,0.006644219977553311,0.006619732680338741,1.0045104573961379,1.004510457396425,0.013257390677116497,0.013407099065887974,0.0018461538461538442,0.0,0.2872979576383796,0.9612745390235675,2.1306357370687388,0.0026888912671232876,0.00025226272015655576,3.1412923531395407,0.013255790225487195,0.03324558718498113,1.003892297114663,1.0038922971149502,0.013247627793082339,0.013235384144475053,0.0012307692307692293,0.0021538461538462496,
16,0.25,42,3,certified,512,512,8,0.39269908169872414,0.0625,0.013204394797715175,0.013204394797711398,0.013210896847260484,0.0065993265993266,0.006611570247933884,1.000492415566553,1.0004924155668393,0.013333117546858803,0.013487161775756177,0.000926784059314146,0.0,0.28796569665481014,0.9654342972888919,2.1447477621776563,0.002771067759295499,0.00029430650684931505,3.1415911341987512,0.013202734414855626,0.03390674420977451,0.9998742552850786,0.9998742552853646,0.01321905927966534,0.013174165901438628,0.0006178560395427202,0.0027803521779425694,
16,0.25,42,4,certified,512,512,8,0.39269908169872414,0.0625,0.013204394797715175,0.013204394797711398,0.012982348739924498,0.006497296194265891,0.006485052545658607,0.983183927685266,0.9831839276855471,0.013032580728383055,0.013181496451732591,0.000943099654196759,0.0,0.2875337966970843,0.9551347688768844,2.15302841831001,0.0027118242416829747,0.000309595156555773,3.1414855900141196,0.01297418630751964,0.03258034894398531,0.9825657674037913,0.9825657674040723,0.012917049280685645,0.012912968064483216,0.005029864822382893,0.0053442313737818575,
16,0.25,42,5,certified,512,512,8,0.39269908169872414,0.0625,0.013204394797715175,0.013204394797711398,0.013227221712070197,0.006619732680338741,0.006607489031731456,1.0017287361295022,1.0017287361297889,0.013019391525085995,0.013167652936931975,0.0009256402344954923,0.0,0.2866318900798516,0.9618395452074958,2.16256001180674,0.002811200464774951,0.00031723948140900194,3.1413216290641612,0.013227221712070197,0.03367819610243852,1.0017287361295022,1.0017287361297889,0.013202734414855626,0.013202734414855626,0.0018512804689911158,0.0018512804689911158,
16,0.25,42,6,certified,512,512,8,0.39269908169872414,0.0625,0.013204394797715175,0.013204394797711398,0.013333333333333334,0.006664626058565453,0.006668707274767881,1.0097648197886715,1.0097648197889602,0.012910673267223192,0.01306397128102968,0.0003060912151820914,0.0,0.2877230880673934,0.9551333896042539,2.160956158547562,0.0028303112769080233,0.0003057729941291585,3.1415785355093435,0.013321089684726048,0.033294561779410266,1.0088375793664595,1.0088375793667481,0.013370064279155188,0.013345576981940619,0.002754820936639018,0.0009182736455463392,
16,0.25,42,7,certified,512,512,8,0.39269908169872414,0.0625,0.013204394797715175,0.013204394797711398,0.01314967860422406,0.006558514437302316,0.006591164166921743,0.9958562134554941,0.9958562134557789,0.01299673949870705,0.013149297341073044,0.0024829298572315306,0.0,0.28701252186250953,0.9569262165227063,2.1743978623224667,0.002899110200587084,0.00027901785714285713,3.1415520070598695,0.01314559738802163,0.033559840832568105,0.9955471333147569,0.9955471333150415,0.013129272523211917,0.013129272523211917,0.0015518311607697396,0.0015518311607697396,
16,0.25,7,0,certified,512,512,8,0.39269908169872414,0.0625,0.013204394797715175,0.013204394797711398,0.013296602387511479,0.006676869707172737,0.006619732680338741,1.006983098522036,1.006983098522324,0.013098122221898146,0.013246768450090905,0.0042971147943523585,0.0,,,,,,,,,,,0.013272115090296908,0.013284358738904193,0.001841620626151076,0.0009208103130756033,
16,0.25,7,1,certified,512,512,8,0.39269908169872414,0.0625,0.013204394797715175,0.013204394797711398,0.01314559738802163,0.006570758085909601,0.00657483930211203,0.9955471333147569,0.9955471333150415,0.012974046964405343,0.013124360978584129,0.00031046258925802704,0.0,,,,,,,,,,,0.013133353739414346,0.013104785225997347,0.0009313877677739492,0.0031046258925800066,
16,0.25,7,2,certified,512,512,8,0.39269908169872414,0.0625,0.013204394797715175,0.013204394797711398,0.013231302928272626,0.0066238138965411695,0.006607489031731456,1.0020378162702397,1.0020378162705261,0.01293143036867999,0.01308300689866826,0.0012338062924120898,0.0,,,,,,,,,,,0.013202734414855626,0.013235384144475053,0.0021591610117212556,0.00030845157310292417,
16,0.25,7,3,certified,512,512,8,0.39269908169872414,0.0625,0.013204394797715175,0.013204394797711398,0.013247627793082339,0.006640138761350883,0.006607489031731456,1.0032741368331888,1.0032741368334757,0.012926172892525178,0.01307433135499225,0.0024645717806531086,0.0,,,,,,,,,,,0.013247627793082339,0.01324354657687991,0.0,0.0003080714725816713,
16,0.25,7,4,certified,512,512,8,0.39269908169872414,0.0625,0.013204394797715175,0.013204394797711398,0.013451688603203754,0.006701357004387307,0.006750331598816447,1.0187281438700522,1.0187281438703437,0.013145101466700117,0.013292623478088418,0.0036407766990291224,0.0,,,,,,,,,,,0.013419038873584328,0.01343944495459647,0.002427184466019415,0.0009101941747572484,
16,0.25,7,5,certified,512,512,8,0.39269908169872414,0.0625,0.013204394797715175,0.013204394797711398,0.013108866442199775,0.00655035200489746,0.006558514437302316,0.9927654120481213,0.9927654120484053,0.012848506902553406,0.01299390174767215,0.0006226650062266494,0.0,,,,,,,,,,,0.01309662279359249,0.01307213549637792,0.000933997509339941,0.0028019925280199556,
16,0.25,7,6,certified,512,512,8,0.39269908169872414,0.0625,0.013204394797715175,0.013204394797711398,0.012696663605754515,0.0063095602489541885,0.006387103356800326,0.9615483178336568,0.9615483178339318,0.012854373192925754,0.013004971276833106,0.0061073609771777155,0.0,,,,,,,,,,,0.012729313335373941,0.012704826038159372,0.002571520411443263,0.0006428801028608841,
16,0.25,7,7,certified,512,512,8,0.39269908169872414,0.0625,0.013204394797715175,0.013204394797711398,0.01312111009080706,0.00655035200489746,0.006570758085909601,0.9936926524703331,0.9936926524706173,0.013210653588830633,0.013360372784253479,0.0015552099533436667,0.0,,,,,,,,,,,0.013161922252831344,0.013157841036628915,0.0031104199066874657,0.002799377916018693,
16,0.25,123,0,certified,512,512,8,0.39269908169872414,0.0625,0.013204394797715175,0.013204394797711398,0.013443526170798898,0.006729925517804306,0.0067136006529945925,1.0181099835885778,1.018109983588869,0.01318449549484598,0.013341109988503467,0.001214329083181541,0.0,,,,,,,0.013423120089786756,0.03371900826446281,1.0165645828848915,1.0165645828851821,,,,,
16,0.25,123,1,certified,512,512,8,0.39269908169872414,0.0625,0.013204394797715175,0.013204394797711398,0.013231302928272626,0.006619732680338741,0.006611570247933884,1.0020378162702397,1.0020378162705261,0.013116817583955278,0.013263178019748295,0.0006169031462060449,0.0,,,,,,,0.013231302928272626,0.03369043975104581,1.0020378162702397,1.0020378162705261,,,,,
16,0.25,123,2,certified,512,512,8,0.39269908169872414,0.0625,0.013204394797715175,0.013204394797711398,0.013443526170798898,0.006689113355780023,0.006754412815018876,1.0181099835885778,1.018109983588869,0.012802074700042304,0.012943438777022516,0.004857316332726164,0.0,,,,,,,0.013435363738394041,0.03398836853382308,1.017491823307103,1.0174918233073942,,,,,
16,0.25,123,3,certified,512,512,8,0.39269908169872414,0.0625,0.013204394797715175,0.013204394797711398,0.013263952657892052,0.006644219977553311,0.006619732680338741,1.0045104573961379,1.004510457396425,0.013166162582396473,0.013321463625203592,0.0018461538461538442,0.0,,,,,,,0.013251709009284766,0.03315171921232527,1.0035832169739258,1.003583216974213,,,,,
16,0.25,123,4,certified,512,512,8,0.39269908169872414,0.0625,0.013204394797715175,0.013204394797711398,0.013006836037139067,0.006485052545658607,0.006521783491480461,0.9850384085296895,0.9850384085299713,0.012840745380689316,0.012992096404900627,0.002823972387825505,0.0,,,,,,,0.01300275482093664,0.03307417610447914,0.9847293283889523,0.984729328389234,,,,,
16,0.25,123,5,certified,512,512,8,0.39269908169872414,0.0625,0.013204394797715175,0.013204394797711398,0.012978267523722069,0.006493214978063463,0.006485052545658607,0.9828748475445286,0.9828748475448097,0.013033039011429126,0.013179262288633828,0.0006289308176100622,0.0,,,,,,,0.01297418630751964,0.0331558004285277,0.9825657674037913,0.9825657674040723,,,,,
16,0.25,123,6,certified,512,512,8,0.39269908169872414,0.0625,0.013204394797715175,0.013204394797711398,0.01343944495459647,0.0067176818691970204,0.006721763085399449,1.0178009034478406,1.0178009034481317,0.012975245196428875,0.013126028121884114,0.0003036744609778637,0.0,,,,,,,0.013423120089786756,0.033592490562187535,1.0165645828848915,1.0165645828851821,,,,,
16,0.25,123,7,certified,512,512,8,0.39269908169872414,0.0625,0.013204394797715175,0.013204394797711398,0.013349658198143047,0.006664626058565453,0.006685032139577594,1.0110011403516206,1.0110011403519097,0.013211211479810853,0.013360662950003448,0.0015285845307245148,0.0,,,,,,,0.013345576981940619,0.03427813488419549,1.0106920602108833,1.0106920602111722,,,,,
16,0.25,2023,0,certified,512,512,8,0.39269908169872414,0.0625,0.013204394797715175,0.013204394797711398,0.013431282522191614,0.006701357004387307,0.006729925517804306,1.017182743166366,1.017182743166657,0.01328278513300404,0.01343771857930587,0.002127013065937435,0.0,,,,,,,,,,,0.013447607387001327,0.013431282522191614,0.0012154360376785158,0.0,
16,0.25,2023,1,certified,512,512,8,0.39269908169872414,0.0625,0.013204394797715175,0.013204394797711398,0.01326803387409448,0.006587082950719314,0.006680950923375166,1.004819537536875,1.0048195375371622,0.013380351893894284,0.013531426426555446,0.007074746231928663,0.0,,,,,,,,,,,0.01331700846852362,0.013300683603713906,0.003691171947093198,0.0024607812980621323,
16,0.25,2023,2,certified,512,512,8,0.39269908169872414,0.0625,0.013204394797715175,0.013204394797711398,0.013353739414345474,0.0066931945719824505,0.006660544842363024,1.0113102204923576,1.011310220492647,0.012750250720027376,0.01289360678825179,0.002444987775061122,0.0,,,,,,,,,,,0.01339047036016733,0.013419038873584328,0.002750611246943795,0.004889975550122244,
16,0.25,2023,3,certified,512,512,8,0.39269908169872414,0.0625,0.013204394797715175,0.013204394797711398,0.013374145495357617,0.006680950923375166,0.0066931945719824505,1.0128556211960442,1.0128556211963338,0.012988127611497985,0.013138314884828414,0.0009154714678058866,0.0,,,,,,,,,,,0.013296602387511479,0.013308846036118763,0.005797985962770789,0.004882514494964902,
16,0.25,2023,4,certified,512,512,8,0.39269908169872414,0.0625,0.013204394797715175,0.013204394797711398,0.013378226711560045,0.006689113355780023,0.006689113355780023,1.0131647013367815,1.0131647013370713,0.012704596544438293,0.012844906014485019,0.0,0.0,,,,,,,,,,,0.013325170900928477,0.013284358738904193,0.003965832824893256,0.007016473459426569,
16,0.25,2023,5,certified,512,512,8,0.39269908169872414,0.0625,0.013204394797715175,0.013204394797711398,0.012721150902969085,0.006346291194776043,0.006374859708193042,0.9634027986780804,0.963402798678356,0.012822722426808342,0.012967621901115934,0.0022457491177414494,0.0,,,,,,,,,,,0.012712988470564228,0.0127089072543618,0.000641642605069044,0.0009624639076035661,
16,0.25,2023,6,certified,512,512,8,0.39269908169872414,0.0625,0.013204394797715175,0.013204394797711398,0.013178247117641057,0.006583001734516886,0.006595245383124171,0.998019774440655,0.9980197744409405,0.01285049017128574,0.012999866954260059,0.0009290802105914804,0.0,,,,,,,,,,,0.013178247117641057,0.013186409550045913,0.0,0.0006193868070609431,
16,0.25,2023,7,certified,512,512,8,0.39269908169872414,0.0625,0.013204394797715175,0.013204394797711398,0.013047648199163351,0.006521783491480461,0.00652586470768289,0.9881292099370623,0.9881292099373449,0.013292604177029311,0.013439681065723841,0.00031279324366596974,0.0,,,,,,,,,,,0.013039485766758493,0.01305172941536578,0.0006255864873319395,0.00031279324366596974,
16,0.25,314159,0,certified,512,512,8,0.39269908169872414,0.0625,0.013204394797715175,0.013204394797711398,0.013210896847260484,0.0066034078155290275,0.006607489031731456,1.000492415566553,1.0004924155668393,0.01338770265490419,0.01354037472681228,0.00030892801977142574,0.0,,,,,,,0.013202734414855626,0.032910927456382,0.9998742552850786,0.9998742552853646,,,,,
16,0.25,314159,1,certified,512,512,8,0.39269908169872414,0.0625,0.013204394797715175,0.013204394797711398,0.012982348739924498,0.0065136210590756045,0.006468727680848893,0.983183927685266,0.9831839276855471,0.01266901652040808,0.012818583352760352,0.0034580320653882055,0.0,,,,,,,0.012982348739924498,0.033616977859402104,0.983183927685266,0.9831839276855471,,,,,
16,0.25,314159,2,certified,512,512,8,0.39269908169872414,0.0625,0.013204394797715175,0.013204394797711398,0.013321089684726048,0.006636057545148454,0.006685032139577594,1.0088375793664595,1.0088375793667481,0.013172593698808572,0.013322123399448733,0.00367647058823529,0.0,,,,,,,0.013321089684726048,0.03293133353739414,1.0088375793664595,1.0088375793667481,,,,,
16,0.25,314159,3,certified,512,512,8,0.39269908169872414,0.0625,0.013204394797715175,0.013204394797711398,0.013312927252321192,0.006664626058565453,0.0066483011937557394,1.0082194190849851,1.0082194190852733,0.013120709671081846,0.013276337466932724,0.0012262415695892077,0.0,,,,,,,0.013312927252321192,0.03399244975002551,1.0082194190849851,1.0082194190852733,,,,,
16,0.25,314159,4,certified,512,512,8,0.39269908169872414,0.0625,0.013204394797715175,0.013204394797711398,0.013296602387511479,0.006656463626160596,0.006640138761350883,1.006983098522036,1.006983098522324,0.012998993948527073,0.013142542417910687,0.0012277470841006739,0.0,,,,,,,0.01329252117130905,0.03356800326497296,1.0066740183812986,1.0066740183815865,,,,,
16,0.25,314159,5,certified,512,512,8,0.39269908169872414,0.0625,0.013204394797715175,0.013204394797711398,0.013088460361187633,0.0065340271400877465,0.006554433221099888,0.9912200113444349,0.9912200113447185,0.01336933422388953,0.01351858347078993,0.0015590894917367909,0.0,,,,,,,0.013088460361187633,0.033225181103968986,0.9912200113444349,0.9912200113447185,,,,,
16,0.25,314159,6,certified,512,512,8,0.39269908169872414,0.0625,0.013204394797715175,0.013204394797711398,0.013345576981940619,0.006680950923375166,0.006664626058565453,1.0106920602108833,1.0106920602111722,0.013276777978163045,0.013428125334231307,0.001223241590214066,0.0,,,,,,,0.01334149576573819,0.03313947556371799,1.010382980070146,1.010382980070435,,,,,
16,0.25,314159,7,certified,512,512,8,0.39269908169872414,0.0625,0.013204394797715175,0.013204394797711398,0.013280277522701766,0.0066483011937557394,0.006631976328946026,1.005746777959087,1.0057467779593745,0.012780984525796133,0.0129235133746514,0.0012292562999385358,0.0,,,,,,,0.013255790225487195,0.03340475461687583,1.003892297114663,1.0038922971149502,,,,,
16,0.25,271828,0,certified,512,512,8,0.39269908169872414,0.0625,0.013204394797715175,0.013204394797711398,0.013006836037139067,0.00650137741046832,0.006505458626670748,0.9850384085296895,0.9850384085299713,0.013016011819767689,0.013167879508684368,0.0003137747097583598,0.0,,,,,,,,,,,,,,,
16,0.25,271828,1,certified,512,512,8,0.39269908169872414,0.0625,0.013204394797715175,0.013204394797711398,0.013272115090296908,0.006652382409958167,0.006619732680338741,1.0051286176776122,1.0051286176778997,0.012968707808583977,0.013113915104664526,0.002460024600246,0.0,,,,,,,,,,,,,,,
16,0.25,271828,2,certified,512,512,8,0.39269908169872414,0.0625,0.013204394797715175,0.013204394797711398,0.01314967860422406,0.006578920518314458,0.006570758085909601,0.9958562134554941,0.9958562134557789,0.013199716108655744,0.01334497639802831,0.0006207324643078826,0.0,,,,,,,,,,,,,,,
16,0.25,271828,3,certified,512,512,8,0.39269908169872414,0.0625,0.013204394797715175,0.013204394797711398,0.01305172941536578,0.006529945923885318,0.006521783491480461,0.9884382900777996,0.9884382900780823,0.012636749051075181,0.012780727920601326,0.0006253908692933076,0.0,,,,,,,,,,,,,,,
16,0.25,271828,4,certified,512,512,8,0.39269908169872414,0.0625,0.013204394797715175,0.013204394797711398,0.01321905927966534,0.006619732680338741,0.0065993265993266,1.0011105758480277,1.001110575848314,0.013275076363505191,0.01342758925022814,0.0015436863229391445,0.0,,,,,,,,,,,,,,,
16,0.25,271828,5,certified,512,512,8,0.39269908169872414,0.0625,0.013204394797715175,0.013204394797711398,0.012790531578410366,0.0063993470054076115,0.006391184573002755,0.968657161070614,0.9686571610708911,0.013055908028681772,0.013204509127478354,0.000638162093171665,0.0,,,,,,,,,,,,,,,
16,0.25,271828,6,certified,512,512,8,0.39269908169872414,0.0625,0.013204394797715175,0.013204394797711398,0.01324354657687991,0.006619732680338741,0.0066238138965411695,1.0029650566924513,1.0029650566927382,0.013022395864419034,0.013164950491149923,0.00030816640986135754,0.0,,,,,,,,,,,,,,,
16,0.25,271828,7,certified,512,512,8,0.39269908169872414,0.0625,0.013204394797715175,0.013204394797711398,0.013247627793082339,0.006607489031731456,0.006640138761350883,1.0032741368331888,1.0032741368334757,0.01298513902540453,0.013132149346895331,0.0024645717806531086,0.0,,,,,,,,,,,,,,,
24,0.25,42,0,certified,768,768,12,0.2617993877991494,0.041666666666666664,0.005868619910095631,0.0058686199100939545,0.005888970000851374,0.002949013583939107,0.002939956416912267,1.0034676109660357,1.0034676109663223,0.005861017130172981,0.005889610868522822,0.0015379883112888481,0.0,0.19207203338053133,0.6108913827575668,1.5009386542616434,0.0012749212299000435,0.0001290199913081269,3.141504460410546,0.005888970000851374,0.014822959556126359,1.0034676109660357,1.0034676109663223,0.005898027167878214,0.005894404301067478,0.0015379883112888481,0.0009227929867733089,
24,0.25,42,1,certified,768,768,12,0.2617993877991494,0.041666666666666664,0.005868619910095631,0.0058686199100939545,0.005936067269390942,0.002977996518424995,0.0029580707509659467,1.0114928825394336,1.0114928825397227,0.005825575719302481,0.005855675261936637,0.003356728715288404,0.0,0.1920913139821868,0.6141447780449707,1.5022673209394088,0.0012910487288135594,0.00012222946544980444,3.1414545723436085,0.0059342558359855736,0.014888171158719606,1.011184218248149,1.0111842182484378,0.005950558736633886,0.00594693586982315,0.0024412572474824755,0.0018309429356118568,
24,0.25,42,2,certified,768,768,12,0.2617993877991494,0.041666666666666664,0.005868619910095631,0.0058686199100939545,0.00593787870279631,0.002970750784803523,0.0029671279179927868,1.0118015468307182,1.0118015468310073,0.005941395687883956,0.005972918300036683,0.0006101281269066559,0.0,0.1920228608327952,0.6127214487484247,1.4947543954421125,0.001218899391568883,0.00012222946544980444,3.1410272787684357,0.00593787870279631,0.014777673720992158,1.0118015468307182,1.0118015468310073,0.00594693586982315,0.00593787870279631,0.0015253203172666398,0.0,
24,0.25,42,3,certified,768,768,12,0.2617993877991494,0.041666666666666664,0.005868619910095631,0.0058686199100939545,0.005876289967013798,0.002930899249885427,0.002945390717128371,1.001306960927044,1.00130696092733,0.00594096647956015,0.005971100032093187,0.002466091245376101,0.0,0.19233722218689833,0.6175723975151068,1.5153343752208812,0.0012587937309865276,0.0001290199913081269,3.1412739790568525,0.00587447853360843,0.015178000503578487,1.0009982966357593,1.0009982966360453,0.005878101400419166,0.005879912833824534,0.00030826140567201263,0.0006165228113440253,
24,0.25,42,4,certified,768,768,12,0.2617993877991494,0.041666666666666664,0.005868619910095631,0.0058686199100939545,0.00600127887198419,0.0030033565861001467,0.002997922285884043,1.022604797025677,1.0226047970259693,0.005896591727375557,0.005926791914232523,0.0009055236945366095,0.0,0.19205115614475043,0.6164544989428226,1.517506550022332,0.0012757700456323337,0.00012222946544980444,3.1406486315928506,0.005999467438578822,0.015136337535255022,1.0222961327343925,1.0222961327346847,0.005997656005173454,0.00600127887198419,0.0006036824630244545,0.0,
24,0.25,42,5,certified,768,768,12,0.2617993877991494,0.041666666666666664,0.005868619910095631,0.0058686199100939545,0.005878101400419166,0.002938144983506899,0.002939956416912267,1.0016156252183284,1.0016156252186146,0.005890250802853042,0.005920891502423314,0.0003081664098613279,0.0,0.19179720771297729,0.6177642134851341,1.5182139088498645,0.0012290851803563668,0.00011374130812690135,3.1413120348328785,0.005876289967013798,0.015100108867147662,1.001306960927044,1.00130696092733,0.005881724267229902,0.005881724267229902,0.0006163328197226558,0.0006163328197226558,
24,0.25,42,6,certified,768,768,12,0.2617993877991494,0.041666666666666664,0.005868619910095631,0.0058686199100939545,0.0059342558359855736,0.0029562593175605787,0.002977996518424995,1.011184218248149,1.0111842182484378,0.005804878517113878,0.005833712815291276,0.0036630036630036964,0.0,0.1926554573078186,0.616843831686345,1.5127360771421339,0.0012316316275532376,0.00012222946544980444,3.141591209121929,0.0059324444025802055,0.015123657501417446,1.0108755539568646,1.0108755539571532,0.00593787870279631,0.0059324444025802055,0.000610500610500616,0.000305250305250308,
24,0.25,42,7,certified,768,768,12,0.2617993877991494,0.041666666666666664,0.005868619910095631,0.0058686199100939545,0.005863609933176222,0.002932710683290795,0.002930899249885427,0.9991463108880521,0.9991463108883375,0.005894031247077803,0.005926125640809363,0.00030892801977139604,0.0,0.19169542856150426,0.613754528072319,1.503258969139782,0.0012944439917427207,0.0001400545958279009,3.141573229595816,0.005863609933176222,0.014895416892341078,0.9991463108880521,0.9991463108883375,0.005854552766149382,0.00585636419955475,0.0015446400988569802,0.0012357120790855841,
24,0.25,7,0,certified,768,768,12,0.2617993877991494,0.041666666666666664,0.005868619910095631,0.0058686199100939545,0.00586542136658159,0.002925464949669323,0.002939956416912267,0.9994549751793367,0.9994549751796221,0.0058053591037481875,0.005835670969438996,0.0024706609017912514,0.0,,,,,,,,,,,0.005870855666797694,0.005878101400419166,0.0009264978381717193,0.002161828289067345,
24,0.25,7,1,certified,768,768,12,0.2617993877991494,0.041666666666666664,0.005868619910095631,0.0058686199100939545,0.005887158567446006,0.002947202150533739,0.002939956416912267,1.003158946674751,1.0031589466750377,0.005723929473909924,0.005750537376048825,0.0012307692307692419,0.0,,,,,,,,,,,0.005887158567446006,0.005887158567446006,0.0,0.0,
24,0.25,7,2,certified,768,768,12,0.2617993877991494,0.041666666666666664,0.005868619910095631,0.0058686199100939545,0.00586542136658159,0.002932710683290795,0.002932710683290795,0.9994549751793367,0.9994549751796221,0.0058015075580045644,0.005831074945105817,0.0,0.0,,,,,,,,,,,0.005861798499770854,0.00587447853360843,0.0006176652254478129,0.0015441630636195323,
24,0.25,7,3,certified,768,768,12,0.2617993877991494,0.041666666666666664,0.005868619910095631,0.0058686199100939545,0.005787529730150766,0.002885613414751227,0.002901916315399539,0.9861824106541015,0.9861824106543833,0.005841030743978014,0.005870826000135278,0.0028169014084507295,0.0,,,,,,,,,,,0.005773038262907822,0.005767603962691718,0.002503912363067315,0.003442879499217558,
24,0.25,7,4,certified,768,768,12,0.2617993877991494,0.041666666666666664,0.005868619910095631,0.0058686199100939545,0.005905272901499686,0.002950825017344475,0.0029544478841552107,1.0062455895875966,1.0062455895878841,0.005840269670850692,0.005871045067542474,0.0006134969325152695,0.0,,,,,,,,,,,0.005908895768310421,0.005910707201715789,0.0006134969325151961,0.0009202453987728675,
24,0.25,7,5,certified,768,768,12,0.2617993877991494,0.041666666666666664,0.005868619910095631,0.0058686199100939545,0.005910707201715789,0.002949013583939107,0.0029616936177766827,1.00717158246145,1.0071715824617378,0.005982737478230062,0.006013363327101611,0.002145265093472211,0.0,,,,,,,,,,,0.005916141501931893,0.005917952935337261,0.0009193993257738362,0.0012258657676984482,
24,0.25,7,6,certified,768,768,12,0.2617993877991494,0.041666666666666664,0.005868619910095631,0.0058686199100939545,0.005785718296745398,0.002901916315399539,0.002883801981345859,0.985873746362817,0.9858737463630987,0.005926623597212425,0.005957616045480052,0.0031308703819662147,0.0,,,,,,,,,,,0.005771226829502454,0.0057603582290702456,0.0025046963055729717,0.004383218534752701,
24,0.25,7,7,certified,768,768,12,0.2617993877991494,0.041666666666666664,0.005868619910095631,0.0058686199100939545,0.00576579252928635,0.002887424848156595,0.0028783676811297548,0.982478439158687,0.9824784391589677,0.005933916959962103,0.005962882168331198,0.0015708451146717076,0.0,,,,,,,,,,,0.005780283996529294,0.005776661129718558,0.002513352183474732,0.0018850141376060491,
24,0.25,123,0,certified,768,768,12,0.2617993877991494,0.041666666666666664,0.005868619910095631,0.0058686199100939545,0.0058382498655010695,0.0029236535162639548,0.0029145963492371147,0.9948250108100685,0.9948250108103527,0.005832798519348073,0.00586429378171714,0.0015513496742165826,0.0,,,,,,,0.0058364384320957014,0.014764993687154582,0.994516346518784,0.9945163465190681,,,,,
24,0.25,123,1,certified,768,768,12,0.2617993877991494,0.041666666666666664,0.005868619910095631,0.0058686199100939545,0.005898027167878214,0.0029598821843713147,0.002938144983506899,1.0050109324224583,1.0050109324227454,0.005793911812195815,0.005823124179414154,0.003685503685503645,0.0,,,,,,,0.005898027167878214,0.014964251361745062,1.0050109324224583,1.0050109324227454,,,,,
24,0.25,123,2,certified,768,768,12,0.2617993877991494,0.041666666666666664,0.005868619910095631,0.0058686199100939545,0.00593787870279631,0.0029671279179927868,0.002970750784803523,1.0118015468307182,1.0118015468310073,0.005862391166601113,0.005892399143098583,0.0006101281269066559,0.0,,,,,,,0.00593787870279631,0.015100108867147662,1.0118015468307182,1.0118015468310073,,,,,
24,0.25,123,3,certified,768,768,12,0.2617993877991494,0.041666666666666664,0.005868619910095631,0.0058686199100939545,0.005820135531447389,0.0029200306494532187,0.002900104881994171,0.9917383678972231,0.9917383678975065,0.005676986131883015,0.005705358143216775,0.003423591658885733,0.0,,,,,,,0.005818324098042021,0.01478491945461363,0.9914297036059385,0.9914297036062218,,,,,
24,0.25,123,4,certified,768,768,12,0.2617993877991494,0.041666666666666664,0.005868619910095631,0.0058686199100939545,0.0057494896286380374,0.0028783676811297548,0.0028711219475082827,0.9797004605371261,0.979700460537406,0.005756153411759284,0.005784698075179098,0.0012602394454946553,0.0,,,,,,,0.005747678195232669,0.01475774795353311,0.9793917962458416,0.9793917962461214,,,,,
24,0.25,123,5,certified,768,768,12,0.2617993877991494,0.041666666666666664,0.005868619910095631,0.0058686199100939545,0.0058436841657171735,0.002930899249885427,0.0029127849158317467,0.9957510036839221,0.9957510036842067,0.0058962763358858,0.005926893959042996,0.0030998140111593584,0.0,,,,,,,0.0058436841657171735,0.014625513314941246,0.9957510036839221,0.9957510036842067,,,,,
24,0.25,123,6,certified,768,768,12,0.2617993877991494,0.041666666666666664,0.005868619910095631,0.0058686199100939545,0.005896215734472846,0.002950825017344475,0.002945390717128371,1.004702268131174,1.0047022681314608,0.005827805823993348,0.005857255877009683,0.0009216589861751234,0.0,,,,,,,0.005894404301067478,0.014924399826826966,1.0043936038398893,1.0043936038401762,,,,,
24,0.25,123,7,certified,768,768,12,0.2617993877991494,0.041666666666666664,0.005868619910095631,0.0058686199100939545,0.00587447853360843,0.002938144983506899,0.002936333550101531,1.0009982966357593,1.0009982966360453,0.005855103126395494,0.005884244168210388,0.0003083564600678412,0.0,,,,,,,0.00587447853360843,0.014946137027691382,1.0009982966357593,1.0009982966360453,,,,,
24,0.25,2023,0,certified,768,768,12,0.2617993877991494,0.041666666666666664,0.005868619910095631,0.0058686199100939545,0.0058418727323118055,0.0029164077826424827,0.002925464949669323,0.9954423393926376,0.995442339392922,0.005853038509669162,0.005882440640646446,0.0015503875968992389,0.0,,,,,,,,,,,0.0058436841657171735,0.0058364384320957014,0.00031007751937984774,0.0009302325581395433,
24,0.25,2023,1,certified,768,768,12,0.2617993877991494,0.041666666666666664,0.005868619910095631,0.0058686199100939545,0.00580202119739371,0.002894670581778067,0.0029073506156156426,0.9886517249843778,0.9886517249846603,0.005828752715697954,0.005858384065273182,0.0021854511395566103,0.0,,,,,,,,,,,0.005807455497609814,0.005807455497609814,0.0009366219169528651,0.0009366219169528651,
24,0.25,2023,2,certified,768,768,12,0.2617993877991494,0.041666666666666664,0.005868619910095631,0.0058686199100939545,0.00593787870279631,0.002972562218208891,0.0029653164845874188,1.0118015468307182,1.0118015468310073,0.006015413643712442,0.006046210793219371,0.0012202562538133118,0.0,,,,,,,,,,,0.005919764368742629,0.0059233872355533655,0.0030506406345332795,0.0024405125076266236,
24,0.25,2023,3,certified,768,768,12,0.2617993877991494,0.041666666666666664,0.005868619910095631,0.0058686199100939545,0.005872667100203062,0.002945390717128371,0.002927276383074691,1.0006896323444747,1.0006896323447607,0.005885943409385776,0.005915812364552276,0.003084515731030256,0.0,,,,,,,,,,,0.005872667100203062,0.005859987066365486,0.0,0.0021591610117211793,
24,0.25,2023,4,certified,768,768,12,0.2617993877991494,0.041666666666666664,0.005868619910095631,0.0058686199100939545,0.005818324098042021,0.0029109734824263787,0.0029073506156156426,0.9914297036059385,0.9914297036062218,0.005899834502591173,0.005930473624144174,0.0006226650062266557,0.0,,,,,,,,,,,0.0058400612989064375,0.005834626998690333,0.0037359900373599344,0.002801992528019951,
24,0.25,2023,5,certified,768,768,12,0.2617993877991494,0.041666666666666664,0.005868619910095631,0.0058686199100939545,0.005878101400419166,0.002939956416912267,0.002938144983506899,1.0016156252183284,1.0016156252186146,0.005941176825938818,0.0059701766009277865,0.0003081664098613279,0.0,,,,,,,,,,,0.005859987066365486,0.005869044233392326,0.003081664098613279,0.0015408320493066395,
24,0.25,2023,6,certified,768,768,12,0.2617993877991494,0.041666666666666664,0.005868619910095631,0.0058686199100939545,0.005825569831663493,0.0029164077826424827,0.0029091620490210106,0.9926643607710767,0.9926643607713603,0.0059463286678880095,0.005976699814447535,0.0012437810945273744,0.0,,,,,,,,,,,0.0058473070325279096,0.005827381265068861,0.0037313432835821233,0.0003109452736318436,
24,0.25,2023,7,certified,768,768,12,0.2617993877991494,0.041666666666666664,0.005868619910095631,0.0058686199100939545,0.0058364384320957014,0.002929087816480059,0.0029073506156156426,0.994516346518784,0.9945163465190681,0.005965580390601573,0.005995783119827619,0.0037243947858473336,0.0,,,,,,,,,,,0.005829192698474229,0.005832815565284965,0.0012414649286157779,0.0006207324643078889,
24,0.25,314159,0,certified,768,768,12,0.2617993877991494,0.041666666666666664,0.005868619910095631,0.0058686199100939545,0.005999467438578822,0.002997922285884043,0.0030015451526947787,1.0222961327343925,1.0222961327346847,0.005828194483663013,0.005857995380464485,0.00060386473429945,0.0,,,,,,,0.005999467438578822,0.015235966372550263,1.0222961327343925,1.0222961327346847,,,,,
24,0.25,314159,1,certified,768,768,12,0.2617993877991494,0.041666666666666664,0.005868619910095631,0.0058686199100939545,0.005762169662475614,0.0028747448143190187,0.002887424848156595,0.9818611105761179,0.9818611105763985,0.005822296218356759,0.005851946190380166,0.0022005658597925378,0.0,,,,,,,0.0057603582290702456,0.014339306836893101,0.9815524462848334,0.9815524462851138,,,,,
24,0.25,314159,2,certified,768,768,12,0.2617993877991494,0.041666666666666664,0.005868619910095631,0.0058686199100939545,0.005894404301067478,0.002952636450749843,0.002941767850317635,1.0043936038398893,1.0043936038401762,0.0057440622356722815,0.0057722417927391426,0.0018438844499078224,0.0,,,,,,,0.00589259286766211,0.014985988562609479,1.0040849395486047,1.0040849395488916,,,,,
24,0.25,314159,3,certified,768,768,12,0.2617993877991494,0.041666666666666664,0.005868619910095631,0.0058686199100939545,0.005914330068526525,0.0029598821843713147,0.0029544478841552107,1.007788911044019,1.007788911044307,0.005861814682570235,0.005890898246572839,0.0009188361408882166,0.0,,,,,,,0.005912518635121157,0.014819336689315623,1.0074802467527346,1.0074802467530224,,,,,
24,0.25,314159,4,certified,768,768,12,0.2617993877991494,0.041666666666666664,0.005868619910095631,0.0058686199100939545,0.005907084334905053,0.002976185085019627,0.002930899249885427,1.006554253878881,1.0065542538791685,0.005946111290529066,0.00597528150054384,0.007666360012266172,0.0,,,,,,,0.005907084334905053,0.015087428833310086,1.006554253878881,1.0065542538791685,,,,,
24,0.25,314159,5,certified,768,768,12,0.2617993877991494,0.041666666666666664,0.005868619910095631,0.0058686199100939545,0.005921575802147997,0.0029653164845874188,0.0029562593175605787,1.0090235682091573,1.0090235682094455,0.0057725910300165184,0.005801116238527481,0.0015295197308045412,0.0,,,,,,,0.005921575802147997,0.014964251361745062,1.0090235682091573,1.0090235682094455,,,,,
24,0.25,314159,6,certified,768,768,12,0.2617993877991494,0.041666666666666664,0.005868619910095631,0.0058686199100939545,0.005908895768310421,0.002949013583939107,0.0029598821843713147,1.0068629181701654,1.0068629181704531,0.005830065361841186,0.005859142347084735,0.001839362354383757,0.0,,,,,,,0.005908895768310421,0.014810279522288783,1.0068629181701654,1.0068629181704531,,,,,
24,0.25,314159,7,certified,768,768,12,0.2617993877991494,0.041666666666666664,0.005868619910095631,0.0058686199100939545,0.005872667100203062,0.002934522116696163,0.002938144983506899,1.0006896323444747,1.0006896323447607,0.005966341173410749,0.0059955190295759115,0.0006169031462060512,0.0,,,,,,,0.005870855666797694,0.014882736858503503,1.0003809680531903,1.000380968053476,,,,,
24,0.25,271828,0,certified,768,768,12,0.2617993877991494,0.041666666666666664,0.005868619910095631,0.0058686199100939545,0.0058418727323118055,0.0029145963492371147,0.002927276383074691,0.9954423393926376,0.995442339392922,0.005775488193529747,0.005804998248137974,0.0021705426356589345,0.0,,,,,,,,,,,,,,,
24,0.25,271828,1,certified,768,768,12,0.2617993877991494,0.041666666666666664,0.005868619910095631,0.0058686199100939545,0.005879912833824534,0.002930899249885427,0.002949013583939107,1.001924289509613,1.0019242895098992,0.00580021719398372,0.005829671479645879,0.003080714725816417,0.0,,,,,,,,,,,,,,,
24,0.25,271828,2,certified,768,768,12,0.2617993877991494,0.041666666666666664,0.005868619910095631,0.0058686199100939545,0.00588353570063527,0.002934522116696163,0.002949013583939107,1.002541618092182,1.0025416180924684,0.005825187884676666,0.005855296003561784,0.0024630541871921404,0.0,,,,,,,,,,,,,,,
24,0.25,271828,3,certified,768,768,12,0.2617993877991494,0.041666666666666664,0.005868619910095631,0.0058686199100939545,0.005863609933176222,0.002930899249885427,0.002932710683290795,0.9991463108880521,0.9991463108883375,0.005808971609902604,0.005837020610949286,0.00030892801977139604,0.0,,,,,,,,,,,,,,,
24,0.25,271828,4,certified,768,768,12,0.2617993877991494,0.041666666666666664,0.005868619910095631,0.0058686199100939545,0.005776661129718558,0.002887424848156595,0.002889236281561963,0.9843304249063942,0.9843304249066754,0.005852087008713309,0.0058823431929540745,0.0003135779241141452,0.0,,,,,,,,,,,,,,,
24,0.25,271828,5,certified,768,768,12,0.2617993877991494,0.041666666666666664,0.005868619910095631,0.0058686199100939545,0.005816512664636653,0.002901916315399539,0.0029145963492371147,0.991121039314654,0.9911210393149371,0.005840704439900955,0.0058705692024216515,0.0021800062285891697,0.0,,,,,,,,,,,,,,,
24,0.25,271828,6,certified,768,768,12,0.2617993877991494,0.041666666666666664,0.005868619910095631,0.0058686199100939545,0.0060121474724163975,0.003023282353559195,0.002988865118857203,1.0244567827733841,1.0244567827736768,0.005827959617389781,0.005856079062650897,0.005724615848147012,0.0,,,,,,,,,,,,,,,
24,0.25,271828,7,certified,768,768,12,0.2617993877991494,0.041666666666666664,0.005868619910095631,0.0058686199100939545,0.005849118465933278,0.0029218420828585868,0.002927276383074691,0.9966769965577758,0.9966769965580605,0.005797243365283151,0.005827600798964582,0.0009290802105915228,0.0,,,,,,,,,,,,,,,
32,0.25,42,0,certified,1024,1024,16,0.19634954084936207,0.03125,0.0033010986994287937,0.0033010986994278495,0.003322536532119041,0.001662795634983265,0.0016597408971357759,1.0064941507789382,1.006494150779226,0.003370728850860463,0.0033794844961962216,0.0009193993257738456,0.0,0.14420417858952847,0.4543208055111652,1.11074595104621,0.0006949535679374389,5.823099951124145e-05,3.14129823838805,0.003322536532119041,0.008351653275035358,1.0064941507789382,1.006494150779226,0.003318463548322389,0.0033194817942715517,0.0012258657676984175,0.0009193993257739109,
32,0.25,42,1,certified,1024,1024,16,0.19634954084936207,0.03125,0.0033010986994287937,0.0033010986994278495,0.003317445302373226,0.0016638138809324282,0.0016536314214407976,1.0049518673729025,1.0049518673731899,0.0033522273487759423,0.003362645479599021,0.003069367710251704,0.0,0.1444861890206696,0.4556150598534663,1.1224820626117098,0.0007307513135386119,6.682245845552297e-05,3.141241900499974,0.003317445302373226,0.008485043494375719,1.0049518673729025,1.0049518673731899,0.003305226350983269,0.003306244596932432,0.0036832412523020975,0.003376304481276901,
32,0.25,42,2,certified,1024,1024,16,0.19634954084936207,0.03125,0.0033010986994287937,0.0033010986994278495,0.0032777337103558667,0.0016373394862541888,0.001640394224101678,0.9929220568058235,0.9929220568061075,0.0033059079795427376,0.0033150348098462995,0.0009319664492078467,0.0,0.14385159175543466,0.4520397283881737,1.1133307968634152,0.000710704576001955,7.445931085043988e-05,3.1415574954434096,0.0032777337103558667,0.00842903996717175,0.9929220568058235,0.9929220568061075,0.003280788448203356,0.00327875195630503,0.0009319664492079128,0.0003106554830693043,
32,0.25,42,3,certified,1024,1024,16,0.19634954084936207,0.03125,0.0033010986994287937,0.0033010986994278495,0.0032777337103558667,0.0016363212403050257,0.001641412470050841,0.9929220568058235,0.9929220568061075,0.003254248225261584,0.0032636890772060937,0.001553277415346389,0.0,0.1434660189828449,0.44859082881551804,1.099741119694287,0.0006653607649071358,5.53671798631476e-05,3.141429761408628,0.0032777337103558667,0.008351653275035358,0.9929220568058235,0.9929220568061075,0.0032716242346608883,0.0032726424806100514,0.0018639328984156934,0.001553277415346389,
32,0.25,42,4,certified,1024,1024,16,0.19634954084936207,0.03125,0.0033010986994287937,0.0033010986994278495,0.0033133723185765737,0.0016556679133391237,0.0016577044052374498,1.003718040648074,1.003718040648361,0.0033011771031350836,0.003310415094077604,0.0006146281499692588,0.0,0.14390038227292612,0.4505502861922276,1.1030239428873947,0.0007297967069892473,7.255009775171066e-05,3.1414359470795383,0.0033133723185765737,0.008456532607799152,1.003718040648074,1.003718040648361,0.003320500040220715,0.003321518286169878,0.002151198524892373,0.002458512599877035,
32,0.25,42,5,certified,1024,1024,16,0.19634954084936207,0.03125,0.0033010986994287937,0.0033010986994278495,0.003303189859084943,0.0016485401916949824,0.0016546496673899608,1.0006334738360023,1.0006334738362885,0.0033416919937367877,0.0033513395170150146,0.0018495684340320952,0.0,0.14459620081354246,0.45259150970446466,1.1060232900052118,0.0007035450268817205,6.729976173020527e-05,3.1415508568790824,0.003303189859084943,0.0083587809966795,1.0006334738360023,1.0006334738362885,0.00330217161313578,0.0033042081050341063,0.00030826140567203773,0.00030826140567203773,
32,0.25,42,6,certified,1024,1024,16,0.19634954084936207,0.03125,0.0033010986994287937,0.0033010986994278495,0.0032695877427625624,0.0016353029943558628,0.0016342847484066996,0.9904544033561663,0.9904544033564496,0.0032737237217989475,0.0032825826191064684,0.00031142946122706024,0.0,0.14370224804923154,0.4487041690074084,1.0961886267763534,0.0006710884042033235,5.7276392961876836e-05,3.141481647821726,0.0032695877427625624,0.008310923437068837,0.9904544033561663,0.9904544033564496,0.0032736607265592146,0.0032716242346608883,0.0012457178449081085,0.0006228589224539879,
32,0.25,42,7,certified,1024,1024,16,0.19634954084936207,0.03125,0.0033010986994287937,0.0033010986994278495,0.0032940256455424757,0.0016495584376441455,0.0016444672078983302,0.997857363705138,0.9978573637054233,0.0032872033451087136,0.0032963774654190194,0.001545595054095835,0.0,0.14403895429173083,0.45019706201203163,1.0969407920171979,0.0006901805351906159,7.064088465298143e-05,3.1415524714299674,0.0032940256455424757,0.008271211845051477,0.997857363705138,0.9978573637054233,0.0032970803833899647,0.003298098629339128,0.0009273570324574484,0.0012364760432766416,
32,0.25,7,0,certified,1024,1024,16,0.19634954084936207,0.03125,0.0033010986994287937,0.0033010986994278495,0.0032919891536441494,0.0016485401916949824,0.001643448961949167,0.9972404503427236,0.9972404503430088,0.0033211084047999355,0.0033308498072978157,0.001546551190844425,0.0,,,,,,,,,,,0.0032940256455424757,0.0032960621374408016,0.0006186204763378228,0.0012372409526755137,
32,0.25,7,1,certified,1024,1024,16,0.19634954084936207,0.03125,0.0033010986994287937,0.0033010986994278495,0.0032909709076949863,0.0016505766835933084,0.001640394224101678,0.9969319936615164,0.9969319936618015,0.003299174093666946,0.003309272633873014,0.0030940594059405448,0.0,,,,,,,,,,,0.0032940256455424757,0.0032919891536441494,0.0009282178217822622,0.00030940594059408744,
32,0.25,7,2,certified,1024,1024,16,0.19634954084936207,0.03125,0.0033010986994287937,0.0033010986994278495,0.003324573024017367,0.0016577044052374498,0.0016668686187799172,1.0071110641413525,1.0071110641416405,0.003293204241883688,0.0033017467489246805,0.0027565084226646133,0.0,,,,,,,,,,,0.0033154088104748996,0.003317445302373226,0.0027565084226646133,0.0021439509954057526,
32,0.25,7,3,certified,1024,1024,16,0.19634954084936207,0.03125,0.0033010986994287937,0.0033010986994278495,0.0032930073995933126,0.0016444672078983302,0.0016485401916949824,0.9975489070239308,0.9975489070242161,0.0033109332165430338,0.0033203978759817933,0.0012368583797155027,0.0,,,,,,,,,,,0.003300135121237454,0.0032970803833899647,0.0021645021645022287,0.0012368583797155027,
32,0.25,7,4,certified,1024,1024,16,0.19634954084936207,0.03125,0.0033010986994287937,0.0033010986994278495,0.0033082810888307584,0.0016505766835933084,0.0016577044052374498,1.002175757242038,1.0021757572423247,0.003318662810540525,0.0033275445379307624,0.002154509079716834,0.0,,,,,,,,,,,0.0033154088104748996,0.0033103175807290843,0.0021545090797167685,0.0006155740227761635,
32,0.25,7,5,certified,1024,1024,16,0.19634954084936207,0.03125,0.0033010986994287937,0.0033010986994278495,0.0032278396588468774,0.001620029305118417,0.0016078103537284602,0.9778076794266731,0.9778076794269528,0.0033008796388232908,0.0033098199753868267,0.003785488958990543,0.0,,,,,,,,,,,0.0032298761507452032,0.0032308943966943664,0.0006309148264983455,0.0009463722397475853,
32,0.25,7,6,certified,1024,1024,16,0.19634954084936207,0.03125,0.0033010986994287937,0.0033010986994278495,0.003322536532119041,0.001662795634983265,0.0016597408971357759,1.0064941507789382,1.006494150779226,0.003314435131006269,0.0033238546976329295,0.0009193993257738456,0.0,,,,,,,,,,,0.003320500040220715,0.0033266095159156933,0.000612932883849274,0.0012258657676984175,
32,0.25,7,7,certified,1024,1024,16,0.19634954084936207,0.03125,0.0033010986994287937,0.0033010986994278495,0.0033337372375598345,0.0016668686187799172,0.0016668686187799172,1.0098871742722169,1.0098871742725057,0.003370751049978288,0.003380713830402135,0.0,0.0,,,,,,,,,,,0.003336791975407324,0.0033347554835089976,0.000916310323763064,0.000305436774587688,
32,0.25,123,0,certified,1024,1024,16,0.19634954084936207,0.03125,0.0033010986994287937,0.0033010986994278495,0.0033429014511023023,0.001662795634983265,0.001680105816119037,1.0126632844030814,1.012663284403371,0.0033135045556842626,0.003322231047193532,0.0051781906792567915,0.0,,,,,,,0.0033429014511023023,0.008307868699221347,1.0126632844030814,1.012663284403371,,,,,
32,0.25,123,1,certified,1024,1024,16,0.19634954084936207,0.03125,0.0033010986994287937,0.0033010986994278495,0.003301153367186617,0.0016505766835933084,0.0016505766835933084,1.000016560473588,1.000016560473874,0.0033027097080182907,0.0033118531303465326,0.0,0.0,,,,,,,0.003301153367186617,0.008336379585797913,1.000016560473588,1.000016560473874,,,,,
32,0.25,123,2,certified,1024,1024,16,0.19634954084936207,0.03125,0.0033010986994287937,0.0033010986994278495,0.003317445302373226,0.0016597408971357759,0.0016577044052374498,1.0049518673729025,1.0049518673731899,0.003283719965429573,0.003293029071143078,0.0006138735420503278,0.0,,,,,,,0.003317445302373226,0.008428021721222588,1.0049518673729025,1.0049518673731899,,,,,
32,0.25,123,3,certified,1024,1024,16,0.19634954084936207,0.03125,0.0033010986994287937,0.0033010986994278495,0.0032522775616267902,0.0016230840429659061,0.0016291935186608843,0.9852106397756446,0.9852106397759264,0.0033047496888295182,0.003313460519761898,0.001878522229179682,0.0,,,,,,,0.0032522775616267902,0.008317032912763814,0.9852106397756446,0.9852106397759264,,,,,
32,0.25,123,4,certified,1024,1024,16,0.19634954084936207,0.03125,0.0033010986994287937,0.0033010986994278495,0.0033072628428815953,0.0016536314214407976,0.0016536314214407976,1.001867300560831,1.0018673005611174,0.0032305953105332768,0.0032397896415095745,0.0,0.0,,,,,,,0.003306244596932432,0.008296667993780553,1.0015588438796237,1.0015588438799101,,,,,
32,0.25,123,5,certified,1024,1024,16,0.19634954084936207,0.03125,0.0033010986994287937,0.0033010986994278495,0.0033276277618648565,0.0016658503728307543,0.0016617773890341022,1.008036434184974,1.0080364341852623,0.003337243829928484,0.003346565096844631,0.0012239902080783157,0.0,,,,,,,0.0033276277618648565,0.008391364867052718,1.008036434184974,1.0080364341852623,,,,,
32,0.25,123,6,certified,1024,1024,16,0.19634954084936207,0.03125,0.0033010986994287937,0.0033010986994278495,0.0033042081050341063,0.0016556679133391237,0.0016485401916949824,1.0009419305172096,1.0009419305174958,0.0032787115928992164,0.003288476593330636,0.002157164869029274,0.0,,,,,,,0.0033042081050341063,0.008053307211930583,1.0009419305172096,1.0009419305174958,,,,,
32,0.25,123,7,certified,1024,1024,16,0.19634954084936207,0.03125,0.0033010986994287937,0.0033010986994278495,0.003300135121237454,0.0016536314214407976,0.0016465036997966563,0.999708103792381,0.9997081037926668,0.003266221942087627,0.0032750142996352052,0.002159827213822892,0.0,,,,,,,0.003300135121237454,0.008349616783137033,0.999708103792381,0.9997081037926668,,,,,
32,0.25,2023,0,certified,1024,1024,16,0.19634954084936207,0.03125,0.0033010986994287937,0.0033010986994278495,0.0032502410697284644,0.001624102288915069,0.0016261387808133951,0.9845937264132304,0.984593726413512,0.0032187371879041503,0.0032276784307998215,0.0006265664160400902,0.0,,,,,,,,,,,0.0032471863318809754,0.0032471863318809754,0.000939849624060102,0.000939849624060102,
32,0.25,2023,1,certified,1024,1024,16,0.19634954084936207,0.03125,0.0033010986994287937,0.0033010986994278495,0.003280788448203356,0.001640394224101678,0.001640394224101678,0.993847426849445,0.9938474268497293,0.0032609463011148633,0.003269876354305164,0.0,0.0,,,,,,,,,,,0.003275697218457541,0.003279770202254193,0.0015518311607697164,0.00031036623215396973,
32,0.25,2023,2,certified,1024,1024,16,0.19634954084936207,0.03125,0.0033010986994287937,0.0033010986994278495,0.003360211632238074,0.001682142308017363,0.001678069324220711,1.0179070479836028,1.017907047983894,0.0033509289154827157,0.0033609094232418847,0.0012121212121211928,0.0,,,,,,,,,,,0.003361229878187237,0.0033622481241364004,0.00030303030303033046,0.0006060606060606609,
32,0.25,2023,3,certified,1024,1024,16,0.19634954084936207,0.03125,0.0033010986994287937,0.0033010986994278495,0.0033113358266782474,0.0016526131754916345,0.001658722651186613,1.0031011272856596,1.0031011272859465,0.0032978718327404902,0.0033067884755118315,0.0018450184501845378,0.0,,,,,,,,,,,0.0033235547780682043,0.003318463548322389,0.0036900369003690756,0.002152521525215316,
32,0.25,2023,4,certified,1024,1024,16,0.19634954084936207,0.03125,0.0033010986994287937,0.0033010986994278495,0.0032695877427625624,0.0016373394862541888,0.0016322482565083736,0.9904544033561663,0.9904544033564496,0.003310972212659232,0.0033204561294560148,0.0015571473061351687,0.0,,,,,,,,,,,0.0032665330049150734,0.0032685694968133993,0.0009342883836810481,0.00031142946122706024,
32,0.25,2023,5,certified,1024,1024,16,0.19634954084936207,0.03125,0.0033010986994287937,0.0033010986994278495,0.003279770202254193,0.001640394224101678,0.001639375978152515,0.9935389701682379,0.993538970168522,0.0032841430278974008,0.0032936283307693657,0.0003104625892580225,0.0,,,,,,,,,,,0.003282824940101682,0.003286897923898334,0.0009313877677739352,0.002173238124805893,
32,0.25,2023,6,certified,1024,1024,16,0.19634954084936207,0.03125,0.0033010986994287937,0.0033010986994278495,0.003343919697051465,0.0016719598485257325,0.0016719598485257325,1.0129717410842884,1.012971741084578,0.003308936222327882,0.003318622572048638,0.0,0.0,,,,,,,,,,,0.003341883205153139,0.003340864959203976,0.000609013398294688,0.0009135200974420967,
32,0.25,2023,7,certified,1024,1024,16,0.19634954084936207,0.03125,0.0033010986994287937,0.0033010986994278495,0.003298098629339128,0.0016465036997966563,0.0016515949295424716,0.9990911904299665,0.9990911904302523,0.003289013211612667,0.003298276438266167,0.001543686322939187,0.0,,,,,,,,,,,0.003301153367186617,0.003299116875288291,0.0009262117937634595,0.00030873726458786367,
32,0.25,314159,0,certified,1024,1024,16,0.19634954084936207,0.03125,0.0033010986994287937,0.0033010986994278495,0.003261441775169258,0.0016322482565083736,0.0016291935186608843,0.9879867499065091,0.9879867499067917,0.003270637087317053,0.0032798072399952004,0.0009366219169528749,0.0,,,,,,,0.003261441775169258,0.00812865741216865,0.9879867499065091,0.9879867499067917,,,,,
32,0.25,314159,1,certified,1024,1024,16,0.19634954084936207,0.03125,0.0033010986994287937,0.0033010986994278495,0.003281806694152519,0.001639375978152515,0.0016424307160000041,0.9941558835306521,0.9941558835309364,0.003305191882711758,0.0033143347367493056,0.0009308098045299593,0.0,,,,,,,0.003281806694152519,0.008474861034884087,0.9941558835306521,0.9941558835309364,,,,,
32,0.25,314159,2,certified,1024,1024,16,0.19634954084936207,0.03125,0.0033010986994287937,0.0033010986994278495,0.0032960621374408016,0.0016495584376441455,0.0016465036997966563,0.9984742770675522,0.9984742770678378,0.003372761916255263,0.003382512539418553,0.0009267840593141979,0.0,,,,,,,0.0032960621374408016,0.00832212414250963,0.9984742770675522,0.9984742770678378,,,,,
32,0.25,314159,3,certified,1024,1024,16,0.19634954084936207,0.03125,0.0033010986994287937,0.0033010986994278495,0.003303189859084943,0.0016546496673899608,0.0016485401916949824,1.0006334738360023,1.0006334738362885,0.00332562754849008,0.003335195278812284,0.0018495684340320952,0.0,,,,,,,0.00330217161313578,0.008339434323645402,1.000325017154795,1.0003250171550813,,,,,
32,0.25,314159,4,certified,1024,1024,16,0.19634954084936207,0.03125,0.0033010986994287937,0.0033010986994278495,0.003283843186050845,0.0016373394862541888,0.0016465036997966563,0.9947727968930664,0.994772796893351,0.0033170311398997444,0.0033263929569316716,0.002790697674418593,0.0,,,,,,,0.003283843186050845,0.008436167688815891,0.9947727968930664,0.994772796893351,,,,,
32,0.25,314159,5,certified,1024,1024,16,0.19634954084936207,0.03125,0.0033010986994287937,0.0033010986994278495,0.003306244596932432,0.0016556679133391237,0.0016505766835933084,1.0015588438796237,1.0015588438799101,0.003269060488004999,0.003277277977450733,0.0015398829688943723,0.0,,,,,,,0.003306244596932432,0.008373036439967783,1.0015588438796237,1.0015588438799101,,,,,
32,0.25,314159,6,certified,1024,1024,16,0.19634954084936207,0.03125,0.0033010986994287937,0.0033010986994278495,0.0033123540726274106,0.0016495584376441455,0.001662795634983265,1.0034095839668666,1.0034095839671537,0.0033033667495941097,0.003312317657104882,0.003996311097448478,0.0,,,,,,,0.0033123540726274106,0.008381182407561086,1.0034095839668666,1.0034095839671537,,,,,
32,0.25,314159,7,certified,1024,1024,16,0.19634954084936207,0.03125,0.0033010986994287937,0.0033010986994278495,0.003337810221356487,0.001662795634983265,0.0016750145863732217,1.0111210009970455,1.0111210009973348,0.003321216623892836,0.003330243949413622,0.0036607687614399085,0.0,,,,,,,0.003337810221356487,0.00852271859449475,1.0111210009970455,1.0111210009973348,,,,,
32,0.25,271828,0,certified,1024,1024,16,0.19634954084936207,0.03125,0.0033010986994287937,0.0033010986994278495,0.0032695877427625624,0.001639375978152515,0.0016302117646100475,0.9904544033561663,0.9904544033564496,0.003324294017931605,0.003332853167551045,0.002802865151043277,0.0,,,,,,,,,,,,,,,
32,0.25,271828,1,certified,1024,1024,16,0.19634954084936207,0.03125,0.0033010986994287937,0.0033010986994278495,0.003396868486407944,0.0016933430134581566,0.0017035254729497872,1.0290114885070603,1.0290114885073547,0.0032693987058464128,0.0032783344170509536,0.002997601918465244,0.0,,,,,,,,,,,,,,,
32,0.25,271828,2,certified,1024,1024,16,0.19634954084936207,0.03125,0.0033010986994287937,0.0033010986994278495,0.0032471863318809754,0.0016261387808133951,0.00162104755106758,0.983668356369609,0.9836683563698904,0.003293485475074346,0.0033021640796410596,0.0015678896205706533,0.0,,,,,,,,,,,,,,,
32,0.25,271828,3,certified,1024,1024,16,0.19634954084936207,0.03125,0.0033010986994287937,0.0033010986994278495,0.003295043891491639,0.001643448961949167,0.0016515949295424716,0.9981658203863452,0.9981658203866306,0.003340552736086409,0.0033499430522336343,0.0024721878862793835,0.0,,,,,,,,,,,,,,,
32,0.25,271828,4,certified,1024,1024,16,0.19634954084936207,0.03125,0.0033010986994287937,0.0033010986994278495,0.0033103175807290843,0.001658722651186613,0.0016515949295424716,1.0027926706044523,1.0027926706047392,0.003269364777417691,0.003278938254969076,0.002153183635804366,0.0,,,,,,,,,,,,,,,
32,0.25,271828,5,certified,1024,1024,16,0.19634954084936207,0.03125,0.0033010986994287937,0.0033010986994278495,0.0033541021565430956,0.0016739963404240588,0.001680105816119037,1.0160563078963598,1.0160563078966505,0.0032928695482758435,0.003302134908907614,0.0018214936247722842,0.0,,,,,,,,,,,,,,,
32,0.25,271828,6,certified,1024,1024,16,0.19634954084936207,0.03125,0.0033010986994287937,0.0033010986994278495,0.0032502410697284644,0.001620029305118417,0.0016302117646100475,0.9845937264132304,0.984593726413512,0.003317039848781996,0.003327150856704698,0.003132832080200518,0.0,,,,,,,,,,,,,,,
32,0.25,271828,7,certified,1024,1024,16,0.19634954084936207,0.03125,0.0033010986994287937,0.0033010986994278495,0.003286897923898334,0.0016383577322033518,0.0016485401916949824,0.9956981669366879,0.9956981669369727,0.003299517868163542,0.003308562654590695,0.00309789343246594,0.0,,,,,,,,,,,,,,,
48,0.25,42,0,certified,1536,1536,24,0.1308996938995747,0.020833333333333332,0.0014671549775239078,0.0014671549775234886,0.0014716197631207747,0.0007358098815603873,0.0007358098815603873,1.0030431588109403,1.003043158811227,0.001449551744592793,0.001451328971840111,0.0,0.0,0.09607398351258585,0.2964553073827936,0.7094972298889756,0.0003153416802388708,3.1385722041259504e-05,3.1415270893186427,0.0014716197631207747,0.0037563840665277054,1.0030431588109403,1.003043158811227,0.0014720720125870072,0.0014720720125870072,0.00030731407498463714,0.00030731407498463714,
48,0.25,42,1,certified,1536,1536,24,0.1308996938995747,0.020833333333333332,0.0014671549775239078,0.0014671549775234886,0.0014499117887416114,0.0007258603933032709,0.0007240513954383406,0.9882471933459972,0.9882471933462795,0.001489765890478344,0.00149151969331079,0.001247660636306936,0.0,0.09576664628239727,0.29552705473359386,0.7124477043682824,0.0002865007464712269,2.8628868078175895e-05,3.1415641232395957,0.0014499117887416114,0.003741007584675798,0.9882471933459972,0.9882471933462795,0.001450364038207844,0.001450364038207844,0.000311915159076734,0.000311915159076734,
48,0.25,42,2,certified,1536,1536,24,0.1308996938995747,0.020833333333333332,0.0014671549775239078,0.0014671549775234886,0.0014268470659637505,0.000713197408248759,0.0007136496577149915,0.972526480039495,0.9725264800397729,0.0014856803024653022,0.0014876161774404321,0.0003169572107765481,0.0,0.0957866893714635,0.2950562023249371,0.7032347367290905,0.00031088830076004344,2.9477130836047775e-05,3.1411977402245306,0.0014268470659637505,0.003592669759751516,0.972526480039495,0.9725264800397729,0.0014282038143624482,0.001427299315429983,0.0009508716323296443,0.0003169572107765481,
48,0.25,42,3,certified,1536,1536,24,0.1308996938995747,0.020833333333333332,0.0014671549775239078,0.0014671549775234886,0.0014951367353648682,0.0007457593698175038,0.0007493773655473643,1.019072121397962,1.0190721213982532,0.0014633855201828306,0.001465325480738825,0.0024198427102237853,0.0,0.09566790237047099,0.2946321515817933,0.7110231229654751,0.0003376085776330076,3.3294313246471225e-05,3.1415681799350237,0.0014951367353648682,0.0038622104416261263,1.019072121397962,1.0190721213982532,0.0014969457332297985,0.001497397982696031,0.0012099213551119289,0.0015124016938899113,
48,0.25,42,4,certified,1536,1536,24,0.1308996938995747,0.020833333333333332,0.0014671549775239078,0.0014671549775234886,0.0015010159784258914,0.000750734113946062,0.0007502818644798294,1.0230793620447174,1.0230793620450098,0.0014809048834045655,0.001482837722049463,0.0003012955709551098,0.0,0.09595675599787193,0.2972977228974456,0.7121056829872716,0.0003219157166123779,3.117365635179153e-05,3.141503055613868,0.0015010159784258914,0.0038210557401989627,1.0230793620447174,1.0230793620450098,0.0015001114794934262,0.001501468227892124,0.0006025911419102196,0.0003012955709551098,
48,0.25,42,5,certified,1536,1536,24,0.1308996938995747,0.020833333333333332,0.0014671549775239078,0.0014671549775234886,0.0014833782492428213,0.0007421413740876432,0.0007412368751551781,1.011057640104451,1.01105764010474,0.0014472698114451946,0.0014492701745415526,0.0006097560975609814,0.0,0.09586517071769905,0.2956964080229997,0.7074323527931697,0.00032170365092290987,3.477877307274702e-05,3.141391603309893,0.0014833782492428213,0.0037197518597628675,1.011057640104451,1.01105764010474,0.0014829259997765887,0.0014838304987090539,0.0003048780487804907,0.0003048780487804907,
48,0.25,42,6,certified,1536,1536,24,0.1308996938995747,0.020833333333333332,0.0014671549775239078,0.0014671549775234886,0.0014349875563559366,0.00072043339970848,0.0007145541566474566,0.9780749670888487,0.9780749670891281,0.0014449853812821723,0.0014467162829825211,0.004097069019855066,0.0,0.09580473414648515,0.2954371672335449,0.702904702123332,0.00030304187024972855,2.587201411509229e-05,3.1415356138881934,0.0014349875563559366,0.0036234227234553306,0.9780749670888487,0.9780749670891281,0.0014349875563559366,0.0014349875563559366,0.0,0.0,
48,0.25,42,7,certified,1536,1536,24,0.1308996938995747,0.020833333333333332,0.0014671549775239078,0.0014671549775234886,0.001475237758850635,0.0007385233783577826,0.0007367143804928525,1.0055091530550975,1.0055091530553848,0.0014444318276869983,0.0014461852344263778,0.0012262415695891472,0.0,0.09597074849050087,0.29639068326173484,0.7068956979429712,0.0003155537459283388,2.8628868078175895e-05,3.1415203619756644,0.001475237758850635,0.0037645245569198917,1.0055091530550975,1.0055091530553848,0.0014716197631207747,0.0014725242620532398,0.0024524831391782944,0.0018393623543836838,
48,0.25,7,0,certified,1536,1536,24,0.1308996938995747,0.020833333333333332,0.0014671549775239078,0.0014671549775234886,0.0014838304987090539,0.0007421413740876432,0.0007416891246214107,1.0113658893849709,1.0113658893852597,0.0014760190529245838,0.0014779393083295155,0.00030478512648583034,0.0,,,,,,,,,,,0.0014824737503103562,0.0014824737503103562,0.000914355379457491,0.000914355379457491,
48,0.25,7,1,certified,1536,1536,24,0.1308996938995747,0.020833333333333332,0.0014671549775239078,0.0014671549775234886,0.0014571477802013324,0.0007285738901006662,0.0007285738901006662,0.9931791818343115,0.9931791818345952,0.0014762927170661527,0.0014781843062096406,0.0,0.0,,,,,,,,,,,0.0014589567780662626,0.001460765775931193,0.0012414649286157783,0.0024829298572315566,
48,0.25,7,2,certified,1536,1536,24,0.1308996938995747,0.020833333333333332,0.0014671549775239078,0.0014671549775234886,0.0014621225243298906,0.0007312873868980616,0.000730835137431829,0.9965699239200276,0.9965699239203124,0.0014535252642348562,0.0014552259555836804,0.0003093102381688863,0.0,,,,,,,,,,,0.0014621225243298906,0.0014612180253974255,0.0,0.0006186204763377726,
48,0.25,7,3,certified,1536,1536,24,0.1308996938995747,0.020833333333333332,0.0014671549775239078,0.0014671549775234886,0.001522271703338822,0.0007606836022031786,0.0007615881011356436,1.037567078229141,1.0375670782294375,0.001482687364951426,0.0014845635384375213,0.0005941770647652344,0.0,,,,,,,,,,,0.0015227239528050546,0.0015231762022712872,0.0002970885323826528,0.0005941770647653056,
48,0.25,7,4,certified,1536,1536,24,0.1308996938995747,0.020833333333333332,0.0014671549775239078,0.0014671549775234886,0.00147433325991817,0.0007380711288915501,0.0007362621310266199,1.0048926544940582,1.0048926544943453,0.0014626139557373703,0.0014646368875655576,0.0012269938650306127,0.0,,,,,,,,,,,0.0014761422577831002,0.0014756900083168676,0.0012269938650305392,0.0009202453987728676,
48,0.25,7,5,certified,1536,1536,24,0.1308996938995747,0.020833333333333332,0.0014671549775239078,0.0014671549775234886,0.0014517207866065417,0.0007254081438370383,0.0007263126427695033,0.9894801904680758,0.9894801904683584,0.0014512129491278697,0.001453194746764388,0.0006230529595014887,0.0,,,,,,,,,,,0.0014530775350052392,0.0014539820339377044,0.0009345794392521958,0.0015576323987537592,
48,0.25,7,6,certified,1536,1536,24,0.1308996938995747,0.020833333333333332,0.0014671549775239078,0.0014671549775234886,0.001468001767390914,0.0007326441352967593,0.0007353576320941548,1.0005771645667831,1.000577164567069,0.001461719526813876,0.001463443750629502,0.0018484288354898507,0.0,,,,,,,,,,,0.0014675495179246815,0.001468001767390914,0.00030807147258164183,0.0,
48,0.25,7,7,certified,1536,1536,24,0.1308996938995747,0.020833333333333332,0.0014671549775239078,0.0014671549775234886,0.001460765775931193,0.0007349053826279222,0.0007258603933032709,0.9956451760784687,0.9956451760787531,0.0014625076091773145,0.0014642913410245154,0.006191950464396269,0.0,,,,,,,,,,,0.001463931522194821,0.0014621225243298906,0.0021671826625387198,0.0009287925696594515,
48,0.25,123,0,certified,1536,1536,24,0.1308996938995747,0.020833333333333332,0.0014671549775239078,0.0014671549775234886,0.0014462937930117509,0.0007231468965058754,0.0007231468965058754,0.9857811991018399,0.9857811991021216,0.0014649117846881473,0.0014665286062908488,0.0,0.0,,,,,,,0.0014462937930117509,0.0037206563586953327,0.9857811991018399,0.9857811991021216,,,,,
48,0.25,123,1,certified,1536,1536,24,0.1308996938995747,0.020833333333333332,0.0014671549775239078,0.0014671549775234886,0.0014960412342973333,0.0007453071203512712,0.000750734113946062,1.0196886199590014,1.0196886199592927,0.0014732348626820418,0.0014749462265645553,0.0036275695284159223,0.0,,,,,,,0.0014960412342973333,0.0037699515505146826,1.0196886199590014,1.0196886199592927,,,,,
48,0.25,123,2,certified,1536,1536,24,0.1308996938995747,0.020833333333333332,0.0014671549775239078,0.0014671549775234886,0.0014236813197001225,0.0007109361609175961,0.0007127451587825264,0.9703687350758575,0.9703687350761347,0.0014574859724180288,0.0014593595115511122,0.0012706480304955645,0.0,,,,,,,0.0014236813197001225,0.003637894706374773,0.9703687350758575,0.9703687350761347,,,,,
48,0.25,123,3,certified,1536,1536,24,0.1308996938995747,0.020833333333333332,0.0014671549775239078,0.0014671549775234886,0.0014869962449726819,0.0007462116192837364,0.0007407846256889455,1.0135236343486085,1.013523634348898,0.0014941715043792388,0.0014960551336245687,0.0036496350364963845,0.0,,,,,,,0.0014865439955064493,0.0038825616676065916,1.0132153850680887,1.0132153850683783,,,,,
48,0.25,123,4,certified,1536,1536,24,0.1308996938995747,0.020833333333333332,0.0014671549775239078,0.0014671549775234886,0.0014978502321622636,0.000750734113946062,0.0007471161182162015,1.02092161708108,1.0209216170813717,0.0014512975053499776,0.0014529405145095873,0.0024154589371980176,0.0,,,,,,,0.0014978502321622636,0.003914219130242871,1.02092161708108,1.0209216170813717,,,,,
48,0.25,123,5,certified,1536,1536,24,0.1308996938995747,0.020833333333333332,0.0014671549775239078,0.0014671549775234886,0.001502372726824589,0.0007466638687499689,0.0007557088580746203,1.0240041098862764,1.024004109886569,0.0015100316828318338,0.001511816829116245,0.006020469596628521,0.0,,,,,,,0.001502372726824589,0.0037238221049589607,1.0240041098862764,1.024004109886569,,,,,
48,0.25,123,6,certified,1536,1536,24,0.1308996938995747,0.020833333333333332,0.0014671549775239078,0.0014671549775234886,0.0014874484944389144,0.0007434981224863409,0.0007439503719525735,1.013831883629128,1.0138318836294178,0.0014661254262933537,0.0014679244070482504,0.0003040437823046547,0.0,,,,,,,0.0014874484944389144,0.0038052270088808227,1.013831883629128,1.0138318836294178,,,,,
48,0.25,123,7,certified,1536,1536,24,0.1308996938995747,0.020833333333333332,0.0014671549775239078,0.0014671549775234886,0.0014684540168571467,0.0007358098815603873,0.0007326441352967593,1.000885413847303,1.0008854138475887,0.0014860289162117652,0.0014880638111338476,0.00215583615645213,0.0,,,,,,,0.0014684540168571467,0.0036975916359174715,1.000885413847303,1.0008854138475887,,,,,
48,0.25,2023,0,certified,1536,1536,24,0.1308996938995747,0.020833333333333332,0.0014671549775239078,0.0014671549775234886,0.0014883529933713796,0.0007448548708850387,0.0007434981224863409,1.0144483821901673,1.014448382190457,0.0015179209537492125,0.001519741444702365,0.0009115770282588964,0.0,,,,,,,,,,,0.0014888052428376122,0.0014869962449726819,0.00030385900941963214,0.0009115770282588964,
48,0.25,2023,1,certified,1536,1536,24,0.1308996938995747,0.020833333333333332,0.0014671549775239078,0.0014671549775234886,0.0014530775350052392,0.0007272171417019685,0.0007258603933032709,0.9904049383096346,0.9904049383099176,0.0014999155581240122,0.001501822140973445,0.0009337068160596914,0.0,,,,,,,,,,,0.001452173036072774,0.0014508162876740766,0.0006224712107065107,0.0015561780267661274,
48,0.25,2023,2,certified,1536,1536,24,0.1308996938995747,0.020833333333333332,0.0014671549775239078,0.0014671549775234886,0.0014327263090247737,0.0007168154039786194,0.0007159109050461543,0.9765337206862503,0.9765337206865293,0.0014614062512177568,0.0014631334128897807,0.0006313131313131372,0.0,,,,,,,,,,,0.0014327263090247737,0.0014318218100923086,0.0,0.0006313131313131372,
48,0.25,2023,3,certified,1536,1536,24,0.1308996938995747,0.020833333333333332,0.0014671549775239078,0.0014671549775234886,0.001470263014722077,0.0007349053826279222,0.0007353576320941548,1.0021184109693815,1.0021184109696677,0.0014859747276565615,0.001487779344664462,0.0003075976622577697,0.0,,,,,,,,,,,0.0014698107652558444,0.0014693585157896118,0.0003075976622577697,0.0006151953245155394,
48,0.25,2023,4,certified,1536,1536,24,0.1308996938995747,0.020833333333333332,0.0014671549775239078,0.0014671549775234886,0.0014580522791337975,0.0007303828879655965,0.000727669391168201,0.9937956803953508,0.9937956803956347,0.001465122837697415,0.001466899329237757,0.0018610421836228461,0.0,,,,,,,,,,,0.001457600029667565,0.0014557910318026346,0.0003101736972704744,0.001550868486352372,
48,0.25,2023,5,certified,1536,1536,24,0.1308996938995747,0.020833333333333332,0.0014671549775239078,0.0014671549775234886,0.0014512685371403091,0.0007254081438370383,0.0007258603933032709,0.9891719411875561,0.9891719411878387,0.0014798843312407756,0.0014816912416511132,0.0003116235587410437,0.0,,,,,,,,,,,0.0014485550403429137,0.0014481027908766811,0.0018697413524462623,0.002181364911187306,
48,0.25,2023,6,certified,1536,1536,24,0.1308996938995747,0.020833333333333332,0.0014671549775239078,0.0014671549775234886,0.0014652882705935186,0.0007312873868980616,0.000734000883695457,0.9987276688836653,0.9987276688839506,0.0014789300884886127,0.0014809158686177114,0.001851851851851869,0.0,,,,,,,,,,,0.0014652882705935186,0.0014652882705935186,0.0,0.0,
48,0.25,2023,7,certified,1536,1536,24,0.1308996938995747,0.020833333333333332,0.0014671549775239078,0.0014671549775234886,0.0014851872471077516,0.0007407846256889455,0.0007444026214188061,1.01229063722653,1.012290637226819,0.0014659913279345422,0.0014677521245845416,0.002436053593179073,0.0,,,,,,,,,,,0.0014842827481752864,0.0014842827481752864,0.0006090133982947682,0.0006090133982947682,
48,0.25,314159,0,certified,1536,1536,24,0.1308996938995747,0.020833333333333332,0.0014671549775239078,0.0014671549775234886,0.001484734997641519,0.0007412368751551781,0.0007434981224863409,1.0119823879460101,1.0119823879462992,0.0014598888449688242,0.0014616024890194816,0.0015229972586049488,0.0,,,,,,,0.001484734997641519,0.0038065837572795204,1.0119823879460101,1.0119823879462992,,,,,
48,0.25,314159,1,certified,1536,1536,24,0.1308996938995747,0.020833333333333332,0.0014671549775239078,0.0014671549775234886,0.0014779512556480304,0.0007398801267564804,0.0007380711288915501,1.0073586487382153,1.0073586487385031,0.001447097076241681,0.0014487792114381835,0.001223990208078347,0.0,,,,,,,0.0014779512556480304,0.0037414598341420306,1.0073586487382153,1.0073586487385031,,,,,
48,0.25,314159,2,certified,1536,1536,24,0.1308996938995747,0.020833333333333332,0.0014671549775239078,0.0014671549775234886,0.001467097268458449,0.0007321918858305268,0.0007349053826279222,0.9999606660057438,0.9999606660060295,0.0014536270136987215,0.001455608471237973,0.0018495684340320763,0.0,,,,,,,0.001467097268458449,0.003762263309588729,0.9999606660057438,0.9999606660060295,,,,,
48,0.25,314159,3,certified,1536,1536,24,0.1308996938995747,0.020833333333333332,0.0014671549775239078,0.0014671549775234886,0.001475237758850635,0.0007376188794253175,0.0007376188794253175,1.0055091530550975,1.0055091530553848,0.0014694345069636056,0.0014712345009794947,0.0,0.0,,,,,,,0.001475237758850635,0.0037048276273771927,1.0055091530550975,1.0055091530553848,,,,,
48,0.25,314159,4,certified,1536,1536,24,0.1308996938995747,0.020833333333333332,0.0014671549775239078,0.0014671549775234886,0.0014571477802013324,0.0007285738901006662,0.0007285738901006662,0.9931791818343115,0.9931791818345952,0.0014818398102375225,0.0014836465850919815,0.0,0.0,,,,,,,0.0014571477802013324,0.003675431412072076,0.9931791818343115,0.9931791818345952,,,,,
48,0.25,314159,5,certified,1536,1536,24,0.1308996938995747,0.020833333333333332,0.0014671549775239078,0.0014671549775234886,0.0015019204773583565,0.0007516386128785271,0.0007502818644798294,1.023695860605757,1.0236958606060493,0.001457658474558304,0.0014594993239930383,0.0009033423667570094,0.0,,,,,,,0.0015019204773583565,0.003868994183619615,1.023695860605757,1.0236958606060493,,,,,
48,0.25,314159,6,certified,1536,1536,24,0.1308996938995747,0.020833333333333332,0.0014671549775239078,0.0014671549775234886,0.001467097268458449,0.000730835137431829,0.0007362621310266199,0.9999606660057438,0.9999606660060295,0.0014717642545088532,0.0014735734258848104,0.0036991368680641527,0.0,,,,,,,0.001467097268458449,0.003810201753009381,0.9999606660057438,0.9999606660060295,,,,,
48,0.25,314159,7,certified,1536,1536,24,0.1308996938995747,0.020833333333333332,0.0014671549775239078,0.0014671549775234886,0.0014820215008441236,0.0007398801267564804,0.0007421413740876432,1.0101328922628923,1.0101328922631807,0.0014700223514779072,0.0014720266956656162,0.0015257857796765477,0.0,,,,,,,0.0014820215008441236,0.0037260833522901235,1.0101328922628923,1.0101328922631807,,,,,
48,0.25,271828,0,certified,1536,1536,24,0.1308996938995747,0.020833333333333332,0.0014671549775239078,0.0014671549775234886,0.0014856394965739842,0.0007412368751551781,0.0007444026214188061,1.0125988865070494,1.0125988865073388,0.001457538212860817,0.0014596196003937027,0.002130898021309,0.0,,,,,,,,,,,,,,,
48,0.25,271828,1,certified,1536,1536,24,0.1308996938995747,0.020833333333333332,0.0014671549775239078,0.0014671549775234886,0.0014426757972818903,0.0007195289007760149,0.0007231468965058754,0.9833152048576828,0.9833152048579636,0.001473952676269557,0.0014758222600732439,0.002507836990595635,0.0,,,,,,,,,,,,,,,
48,0.25,271828,2,certified,1536,1536,24,0.1308996938995747,0.020833333333333332,0.0014671549775239078,0.0014671549775234886,0.0014458415435455183,0.0007222423975734103,0.000723599145972108,0.9854729498213203,0.9854729498216018,0.0014378619661775016,0.001439589481235098,0.0009383797309978192,0.0,,,,,,,,,,,,,,,
48,0.25,271828,3,certified,1536,1536,24,0.1308996938995747,0.020833333333333332,0.0014671549775239078,0.0014671549775234886,0.001464836021127286,0.0007326441352967593,0.0007321918858305268,0.9984194196031456,0.9984194196034308,0.0014880225021646981,0.001489862989318296,0.0003087372645878386,0.0,,,,,,,,,,,,,,,
48,0.25,271828,4,certified,1536,1536,24,0.1308996938995747,0.020833333333333332,0.0014671549775239078,0.0014671549775234886,0.0014707152641883095,0.0007353576320941548,0.0007353576320941548,1.002426660249901,1.0024266602501875,0.0014460978505721385,0.001447677921806411,0.0,0.0,,,,,,,,,,,,,,,
48,0.25,271828,5,certified,1536,1536,24,0.1308996938995747,0.020833333333333332,0.0014671549775239078,0.0014671549775234886,0.001501468227892124,0.0007511863634122945,0.0007502818644798294,1.0233876113252371,1.0233876113255296,0.001468832903422504,0.0014705624328007027,0.0006024096385542226,0.0,,,,,,,,,,,,,,,
48,0.25,271828,6,certified,1536,1536,24,0.1308996938995747,0.020833333333333332,0.0014671549775239078,0.0014671549775234886,0.0014603135264649604,0.0007267648922357359,0.0007335486342292245,0.995336926797949,0.9953369267982334,0.001452307709248717,0.0014541126482961494,0.004645401052957615,0.0,,,,,,,,,,,,,,,
48,0.25,271828,7,certified,1536,1536,24,0.1308996938995747,0.020833333333333332,0.0014671549775239078,0.0014671549775234886,0.0014449370446130531,0.0007249558943708057,0.0007199811502422474,0.984856451260281,0.9848564512605623,0.001487701983956727,0.0014894311678001276,0.0034428794992175595,0.0,,,,,,,,,,,,,,,
64,0.25,42,0,certified,2048,2048,32,0.09817477042468103,0.015625,0.0008252746748571984,0.0008252746748569624,0.0008269992363226609,0.00041400822777776507,0.0004129910085448959,1.0020896817968648,1.0020896817971512,0.0008348871796131989,0.0008355070668988989,0.0012300123001229802,0.0,0.07210719953083379,0.22066632919079632,0.5229092868264715,0.00017687374053492917,1.8247931424035173e-05,3.141583964190495,0.0008269992363226609,0.002149892848669058,1.0020896817968648,1.0020896817971512,0.0008264906267062263,0.0008264906267062263,0.0006150061500614573,0.0006150061500614573,
64,0.25,42,1,certified,2048,2048,32,0.09817477042468103,0.015625,0.0008252746748571984,0.0008252746748569624,0.0008272535411308782,0.00041349961816133045,0.0004137539229695478,1.0023978274554737,1.0023978274557603,0.0008233911850971288,0.0008239865383153728,0.0003074085459576215,0.0,0.0718824681903056,0.22044419076830057,0.5189613420243152,0.0001752039951758671,1.574331338544211e-05,3.1413452905619788,0.0008272535411308782,0.0021089497745460724,1.0023978274554737,1.0023978274557603,0.0008275078459390956,0.0008275078459390956,0.00030740854595768705,0.00030740854595768705,
64,0.25,42,2,certified,2048,2048,32,0.09817477042468103,0.015625,0.0008252746748571984,0.0008252746748569624,0.000823693273815836,0.00041095657007915746,0.00041273670373667855,0.9980837882349461,0.9980837882352316,0.0008264649371118511,0.0008270897005913516,0.0021611608521148297,0.0,0.07207364232106306,0.2202298590279483,0.5222823328315049,0.00018140590650952612,1.657818606497313e-05,3.1415194392229355,0.000823693273815836,0.0020870795610393846,0.9980837882349461,0.9980837882352316,0.0008239475786240533,0.0008239475786240533,0.000308737264587814,0.000308737264587814,
64,0.25,42,3,certified,2048,2048,32,0.09817477042468103,0.015625,0.0008252746748571984,0.0008252746748569624,0.0008333568565280934,0.00041756849509280724,0.00041578836143528616,1.0097933232620926,1.0097933232623815,0.0008097158151463616,0.0008102298839669159,0.0021361000915471264,0.0,0.07200608779432159,0.22050791940005066,0.5237011318173999,0.00017401131991939424,1.8725001526624328e-05,3.140759023167558,0.0008333568565280934,0.0020769073687106924,1.0097933232620926,1.0097933232623815,0.0008331025517198761,0.0008336111613363107,0.0003051571559352852,0.0003051571559352852,
64,0.25,42,4,certified,2048,2048,32,0.09817477042468103,0.015625,0.0008252746748571984,0.0008252746748569624,0.0008338654661445281,0.00041731419028458996,0.00041655127585993806,1.010409614579311,1.0104096145796,0.000817389673597983,0.0008179918618143457,0.0009149130832570912,0.0,0.072020631426196,0.22216077293528783,0.5280988883416252,0.0001797361611504641,1.8247931424035173e-05,3.1413965227838694,0.0008338654661445281,0.0021361603890253235,1.010409614579311,1.0104096145796,0.0008333568565280934,0.0008338654661445281,0.0006099420555048141,0.0,
64,0.25,42,5,certified,2048,2048,32,0.09817477042468103,0.015625,0.0008252746748571984,0.0008252746748569624,0.0008351369901856145,0.00041807710470924186,0.0004170598854763727,1.0119503428723566,1.011950342872646,0.0008259270612626737,0.0008265403878129773,0.001218026796589504,0.0,0.07202121874609288,0.22064812055637184,0.5219646012609807,0.0001699562240473864,1.7293791218856863e-05,3.141335057922025,0.0008351369901856145,0.0020837735985325596,1.0119503428723566,1.011950342872646,0.0008353912949938319,0.0008356455998020492,0.00030450669914748965,0.0006090133982948494,
64,0.25,42,6,certified,2048,2048,32,0.09817477042468103,0.015625,0.0008252746748571984,0.0008252746748569624,0.0008242018834322706,0.00041171948450380937,0.00041248239892846127,0.9987000795521643,0.9987000795524499,0.0008401071764718089,0.0008406777857002859,0.0009256402344955267,0.0,0.07182340281032686,0.21985791190106554,0.5193899823379613,0.00017198377198339034,1.6220383488031265e-05,3.1415428307624365,0.0008242018834322706,0.0021033550687652915,0.9987000795521643,0.9987000795524499,0.0008247104930487053,0.000824456188240488,0.0006170934896637722,0.00030854674483195185,
64,0.25,42,7,certified,2048,2048,32,0.09817477042468103,0.015625,0.0008252746748571984,0.0008252746748569624,0.000816064129569317,0.00040612477872302877,0.0004099393508462883,0.9888394184766724,0.9888394184769552,0.0008384307691538315,0.0008389775433478916,0.004674353381115616,0.0,0.07193311972703423,0.22000175165518904,0.5172949981559168,0.00016971768899609184,1.5385510808500244e-05,3.141087846456948,0.000816064129569317,0.002031641112848013,0.9888394184766724,0.9888394184769552,0.0008155555199528824,0.0008155555199528824,0.0006232471174820377,0.0006232471174820377,
64,0.25,7,0,certified,2048,2048,32,0.09817477042468103,0.015625,0.0008252746748571984,0.0008252746748569624,0.0008282707603637474,0.00041324531335311317,0.00041502544701063426,1.0036304100899103,1.0036304100901974,0.0008235620109246248,0.0008241009606226523,0.002149217070924143,0.0,,,,,,,,,,,0.0008285250651719647,0.0008285250651719647,0.0003070310101320017,0.0003070310101320017,
64,0.25,7,1,certified,2048,2048,32,0.09817477042468103,0.015625,0.0008252746748571984,0.0008252746748569624,0.0008163184343775343,0.0004091764364216364,0.00040714199795589796,0.9891475641352815,0.9891475641355644,0.0008357744395436192,0.000836370375908903,0.0024922118380062545,0.0,,,,,,,,,,,0.0008170813488021862,0.000816827043993969,0.0009345794392524035,0.0006230529595016466,
64,0.25,7,2,certified,2048,2048,32,0.09817477042468103,0.015625,0.0008252746748571984,0.0008252746748569624,0.000837171428651353,0.00042036584798319757,0.00041680558066815534,1.0144155081412296,1.0144155081415198,0.0008217375934435129,0.0008222843804176817,0.004252733900364544,0.0,,,,,,,,,,,0.0008374257334595702,0.000837171428651353,0.0003037667071688729,0.0,
64,0.25,7,3,certified,2048,2048,32,0.09817477042468103,0.015625,0.0008252746748571984,0.0008252746748569624,0.0008140296911035786,0.00040561616910659415,0.0004084135219969845,0.9863742532077995,0.9863742532080816,0.0008274017092245112,0.0008279723632181031,0.003436426116838512,0.0,,,,,,,,,,,0.0008140296911035786,0.0008145383007200132,0.0,0.0006248047485160447,
64,0.25,7,4,certified,2048,2048,32,0.09817477042468103,0.015625,0.0008252746748571984,0.0008252746748569624,0.0008239475786240533,0.00041248239892846127,0.0004114651796955921,0.9983919338935552,0.9983919338938407,0.0008252867137071066,0.0008257572006304334,0.0012345679012345468,0.0,,,,,,,,,,,0.0008249647978569225,0.0008252191026651398,0.0012345679012346125,0.0015432098765432328,
64,0.25,7,5,certified,2048,2048,32,0.09817477042468103,0.015625,0.0008252746748571984,0.0008252746748569624,0.0008219131401583149,0.0004107022652709402,0.00041121087488737475,0.9959267686246822,0.9959267686249671,0.0008187742248881553,0.000819314874424787,0.0006188118811880752,0.0,,,,,,,,,,,0.0008221674449665322,0.0008221674449665322,0.0003094059405940376,0.0003094059405940376,
64,0.25,7,6,certified,2048,2048,32,0.09817477042468103,0.015625,0.0008252746748571984,0.0008252746748569624,0.0008252191026651398,0.00041324531335311317,0.00041197378931202665,0.9999326621866008,0.9999326621868868,0.0008308507255912582,0.0008315500920387825,0.0015408320493066484,0.0,,,,,,,,,,,0.0008242018834322706,0.0008247104930487053,0.001232665639445345,0.0006163328197226068,
64,0.25,7,7,certified,2048,2048,32,0.09817477042468103,0.015625,0.0008252746748571984,0.0008252746748569624,0.0008206416161172284,0.00041171948450380937,0.00040892213161341904,0.9943860403316366,0.994386040331921,0.0008234277059914359,0.0008240424244692524,0.0034087387666563614,0.0,,,,,,,,,,,0.0008214045305418804,0.0008219131401583149,0.0009296560272699768,0.0015494267121165398,
64,0.25,123,0,certified,2048,2048,32,0.09817477042468103,0.015625,0.0008252746748571984,0.0008252746748569624,0.0008226760545829668,0.0004091764364216364,0.00041349961816133045,0.9968512056005095,0.9968512056007947,0.0008293454143938547,0.0008299273635065973,0.0052550231839257715,0.0,,,,,,,0.0008226760545829668,0.0020659722619573483,0.9968512056005095,0.9968512056007947,,,,,
64,0.25,123,1,certified,2048,2048,32,0.09817477042468103,0.015625,0.0008252746748571984,0.0008252746748569624,0.0008221674449665322,0.00041273670373667855,0.00040943074122985366,0.9962349142832914,0.9962349142835762,0.0008248554788348266,0.0008254112858260025,0.004021033096195465,0.0,,,,,,,0.0008221674449665322,0.0020939457908612518,0.9962349142832914,0.9962349142835762,,,,,
64,0.25,123,2,certified,2048,2048,32,0.09817477042468103,0.015625,0.0008252746748571984,0.0008252746748569624,0.0008292879795966167,0.00041502544701063426,0.00041426253258598235,1.0048629927243469,1.0048629927246342,0.000823390911489802,0.0008239528806612614,0.0009199632014719417,0.0,,,,,,,0.0008292879795966167,0.002098523277409163,1.0048629927243469,1.0048629927246342,,,,,
64,0.25,123,3,certified,2048,2048,32,0.09817477042468103,0.015625,0.0008252746748571984,0.0008252746748569624,0.0008239475786240533,0.00041095657007915746,0.0004129910085448959,0.9983919338935552,0.9983919338938407,0.0008221594121252693,0.0008228150269906052,0.002469135802469159,0.0,,,,,,,0.0008239475786240533,0.0021277683303541524,0.9983919338935552,0.9983919338938407,,,,,
64,0.25,123,4,certified,2048,2048,32,0.09817477042468103,0.015625,0.0008252746748571984,0.0008252746748569624,0.0008303051988294858,0.0004129910085448959,0.00041731419028458996,1.0060955753587832,1.006095575359071,0.0008360389737184254,0.0008367779435065573,0.005206738131699807,0.0,,,,,,,0.0008303051988294858,0.002090894133162644,1.0060955753587832,1.006095575359071,,,,,
64,0.25,123,5,certified,2048,2048,32,0.09817477042468103,0.015625,0.0008252746748571984,0.0008252746748569624,0.0008369171238431357,0.0004178227999010246,0.00041909432394211105,1.0141073624826205,1.0141073624829104,0.0008379949919486388,0.0008385521928672467,0.0015192950470981042,0.0,,,,,,,0.0008369171238431357,0.002119630576491199,1.0141073624826205,1.0141073624829104,,,,,
64,0.25,123,6,certified,2048,2048,32,0.09817477042468103,0.015625,0.0008252746748571984,0.0008252746748569624,0.0008412403055828297,0.00042036584798319757,0.0004208744575996322,1.0193458386789755,1.019345838679267,0.0008255397752900902,0.0008261752787608894,0.0006045949214026821,0.0,,,,,,,0.0008412403055828297,0.002142518009230756,1.0193458386789755,1.019345838679267,,,,,
64,0.25,123,7,certified,2048,2048,32,0.09817477042468103,0.015625,0.0008252746748571984,0.0008252746748569624,0.0008125038622542748,0.00040561616910659415,0.0004068876931476807,0.9845253792561448,0.9845253792564264,0.0008143847382292255,0.0008149445802816106,0.0015649452269170811,0.0,,,,,,,0.0008125038622542748,0.002007227851259152,0.9845253792561448,0.9845253792564264,,,,,
64,0.25,2023,0,certified,2048,2048,32,0.09817477042468103,0.015625,0.0008252746748571984,0.0008252746748569624,0.0008216588353500976,0.0004129910085448959,0.00040866782680520176,0.9956186229660732,0.995618622966358,0.0008108563380246398,0.0008113556148707996,0.005261528938409186,0.0,,,,,,,,,,,0.0008221674449665322,0.0008226760545829668,0.0006190034045186813,0.0012380068090373625,
64,0.25,2023,1,certified,2048,2048,32,0.09817477042468103,0.015625,0.0008252746748571984,0.0008252746748569624,0.000838951562308874,0.00041833140951745914,0.00042062015279141485,1.0165725277514934,1.016572527751784,0.0008124839775926645,0.0008130987558133784,0.002728099424067901,0.0,,,,,,,,,,,0.0008394601719253086,0.0008397144767335259,0.0006062443164594905,0.0009093664746892357,
64,0.25,2023,2,certified,2048,2048,32,0.09817477042468103,0.015625,0.0008252746748571984,0.0008252746748569624,0.0008269992363226609,0.00041451683739419964,0.00041248239892846127,1.0020896817968648,1.0020896817971512,0.0008236860584755358,0.0008242562242155977,0.0024600246002459605,0.0,,,,,,,,,,,0.0008275078459390956,0.0008275078459390956,0.0006150061500615885,0.0006150061500615885,
64,0.25,2023,3,certified,2048,2048,32,0.09817477042468103,0.015625,0.0008252746748571984,0.0008252746748569624,0.0008282707603637474,0.00041400822777776507,0.00041426253258598235,1.0036304100899103,1.0036304100901974,0.0008106374419629167,0.0008112094590047737,0.0003070310101320017,0.0,,,,,,,,,,,0.0008272535411308782,0.0008277621507473129,0.0012281240405281378,0.0006140620202640034,
64,0.25,2023,4,certified,2048,2048,32,0.09817477042468103,0.015625,0.0008252746748571984,0.0008252746748569624,0.0008224217497747495,0.00041095657007915746,0.0004114651796955921,0.9965430599419005,0.9965430599421855,0.0008167248262620695,0.0008172658077590555,0.0006184291898577837,0.0,,,,,,,,,,,0.0008226760545829668,0.0008229303593911842,0.0003092145949288589,0.0006184291898578496,
64,0.25,2023,5,certified,2048,2048,32,0.09817477042468103,0.015625,0.0008252746748571984,0.0008252746748569624,0.0008201330065007938,0.00040892213161341904,0.00041121087488737475,0.9937697490144184,0.9937697490147026,0.0008168258303643854,0.0008173773254614712,0.0027906976744186064,0.0,,,,,,,,,,,0.0008208959209254457,0.0008208959209254457,0.0009302325581394693,0.0009302325581394693,
64,0.25,2023,6,certified,2048,2048,32,0.09817477042468103,0.015625,0.0008252746748571984,0.0008252746748569624,0.0008303051988294858,0.00041527975181885154,0.00041502544701063426,1.0060955753587832,1.006095575359071,0.000843922881381805,0.0008444675928090857,0.0003062787136293812,0.0,,,,,,,,,,,0.0008300508940212685,0.0008305595036377031,0.0003062787136293812,0.0003062787136293812,
64,0.25,2023,7,certified,2048,2048,32,0.09817477042468103,0.015625,0.0008252746748571984,0.0008252746748569624,0.0008247104930487053,0.000412228094120244,0.00041248239892846127,0.9993163708693826,0.9993163708696684,0.0008273315277456192,0.0008278745916337354,0.0003083564600678167,0.0,,,,,,,,,,,0.000824456188240488,0.0008242018834322706,0.0003083564600678167,0.0006167129201357648,
64,0.25,314159,0,certified,2048,2048,32,0.09817477042468103,0.015625,0.0008252746748571984,0.0008252746748569624,0.0008277621507473129,0.0004137539229695478,0.00041400822777776507,1.0030141187726922,1.0030141187729789,0.0008380454004581031,0.0008386265470109515,0.0003072196620583501,0.0,,,,,,,0.0008277621507473129,0.002146078276545798,1.0030141187726922,1.0030141187729789,,,,,
64,0.25,314159,1,certified,2048,2048,32,0.09817477042468103,0.015625,0.0008252746748571984,0.0008252746748569624,0.0008292879795966167,0.00041655127585993806,0.00041273670373667855,1.0048629927243469,1.0048629927246342,0.0008342702808676265,0.0008348330102090367,0.004599816007359708,0.0,,,,,,,0.0008292879795966167,0.002033166941697317,1.0048629927243469,1.0048629927246342,,,,,
64,0.25,314159,2,certified,2048,2048,32,0.09817477042468103,0.015625,0.0008252746748571984,0.0008252746748569624,0.0008282707603637474,0.0004155340566270689,0.00041273670373667855,1.0036304100899103,1.0036304100901974,0.0008467105517627689,0.0008473223295994554,0.003377341111452281,0.0,,,,,,,0.0008282707603637474,0.002099286191833815,1.0036304100899103,1.0036304100901974,,,,,
64,0.25,314159,3,certified,2048,2048,32,0.09817477042468103,0.015625,0.0008252746748571984,0.0008252746748569624,0.0008427661344321335,0.00042189167683250137,0.0004208744575996322,1.0211947126306302,1.0211947126309222,0.0008364598401871564,0.000837017230784307,0.0012070006035002812,0.0,,,,,,,0.0008427661344321335,0.0021318372072856293,1.0211947126306302,1.0211947126309222,,,,,
64,0.25,314159,4,certified,2048,2048,32,0.09817477042468103,0.015625,0.0008252746748571984,0.0008252746748569624,0.0008414946103910471,0.00042036584798319757,0.00042112876240784947,1.0196539843375847,1.0196539843378762,0.000832029452604092,0.0008325445600526552,0.0009066183136899371,0.0,,,,,,,0.0008414946103910471,0.002148621324627971,1.0196539843375847,1.0196539843378762,,,,,
64,0.25,314159,5,certified,2048,2048,32,0.09817477042468103,0.015625,0.0008252746748571984,0.0008252746748569624,0.0008150469103364478,0.0004068876931476807,0.00040815921718876714,0.9876068358422359,0.9876068358425184,0.0008238730586905596,0.0008244215623398924,0.0015600624024960565,0.0,,,,,,,0.0008150469103364478,0.0020466450965328335,0.9876068358422359,0.9876068358425184,,,,,
64,0.25,314159,6,certified,2048,2048,32,0.09817477042468103,0.015625,0.0008252746748571984,0.0008252746748569624,0.0008043661083913211,0.00040307312102442117,0.0004012929873669,0.9746647181806528,0.9746647181809315,0.0008358592855495877,0.0008364143758475093,0.0022130888397091835,0.0,,,,,,,0.0008043661083913211,0.00204511926768353,0.9746647181806528,0.9746647181809315,,,,,
64,0.25,314159,7,certified,2048,2048,32,0.09817477042468103,0.015625,0.0008252746748571984,0.0008252746748569624,0.0008117409478296229,0.00040637908353124605,0.00040536186429837687,0.9836009422803174,0.9836009422805987,0.000812683410116185,0.0008132121829193303,0.0012531328320801792,0.0,,,,,,,0.0008117409478296229,0.0021051352024228126,0.9836009422803174,0.9836009422805987,,,,,
64,0.25,271828,0,certified,2048,2048,32,0.09817477042468103,0.015625,0.0008252746748571984,0.0008252746748569624,0.0008379343430760048,0.00041655127585993806,0.00042138306721606675,1.0153399451170568,1.0153399451173473,0.0008378253793389247,0.0008384110040722482,0.00576631259484065,0.0,,,,,,,,,,,,,,,
64,0.25,271828,1,certified,2048,2048,32,0.09817477042468103,0.015625,0.0008252746748571984,0.0008252746748569624,0.0008348826853773972,0.0004170598854763727,0.0004178227999010246,1.0116421972137475,1.0116421972140368,0.0008383290256493972,0.0008389530646003117,0.0009137983551629613,0.0,,,,,,,,,,,,,,,
64,0.25,271828,2,certified,2048,2048,32,0.09817477042468103,0.015625,0.0008252746748571984,0.0008252746748569624,0.0008180985680350554,0.00040943074122985366,0.00040866782680520176,0.9913045837455453,0.9913045837458289,0.000825945805505446,0.0008266339909150427,0.0009325458501709674,0.0,,,,,,,,,,,,,,,
64,0.25,271828,3,certified,2048,2048,32,0.09817477042468103,0.015625,0.0008252746748571984,0.0008252746748569624,0.0008506495834868699,0.0004257062489557609,0.000424943334531109,1.0307472280475132,1.0307472280478078,0.0008387472869413335,0.0008392971969645601,0.0008968609865470858,0.0,,,,,,,,,,,,,,,
64,0.25,271828,4,certified,2048,2048,32,0.09817477042468103,0.015625,0.0008252746748571984,0.0008252746748569624,0.0008399687815417433,0.0004201115431749803,0.00041985723836676295,1.01780511038593,1.0178051103862211,0.0008181485946541436,0.0008187371248660013,0.0003027550711474849,0.0,,,,,,,,,,,,,,,
64,0.25,271828,5,certified,2048,2048,32,0.09817477042468103,0.015625,0.0008252746748571984,0.0008252746748569624,0.0008384429526924395,0.00042036584798319757,0.00041807710470924186,1.0159562364342751,1.0159562364345658,0.0008301906067551187,0.0008307273592362745,0.0027297543221110115,0.0,,,,,,,,,,,,,,,
64,0.25,271828,6,certified,2048,2048,32,0.09817477042468103,0.015625,0.0008252746748571984,0.0008252746748569624,0.0008432747440485682,0.000422400286448936,0.0004208744575996322,1.0218110039478485,1.0218110039481407,0.0008209086520192879,0.0008215031225130204,0.0018094089264173714,0.0,,,,,,,,,,,,,,,
64,0.25,271828,7,certified,2048,2048,32,0.09817477042468103,0.015625,0.0008252746748571984,0.0008252746748569624,0.0008277621507473129,0.000414771142202417,0.0004129910085448959,1.0030141187726922,1.0030141187729789,0.0008319659483973023,0.0008325029331551833,0.0021505376344085818,0.0,,,,,,,,,,,,,,,
4,0.5,42,0,certified,128,128,4,1.5707963267948966,0.5,0.255640279001267,0.25601447675574845,0.23508226820139821,0.11800014123296378,0.11708212696843444,0.9195822705240949,0.9182381839511338,0.20080304789748063,0.2585734664425097,0.003905076599579438,0.0,1.1810570540180834,2.83742127941015,3.0804348768336,0.05158095472440945,0.004952017716535433,3.141014262620142,0.22117082126968435,0.4978461973024504,0.8651642148637624,0.8638996672078555,0.23190452651648893,0.2325400748534708,0.0135175728446982,0.01081405827575849,
4,0.5,42,1,certified,128,128,4,1.5707963267948966,0.5,0.255640279001267,0.25601447675574845,0.2338111715274345,0.11687027752277382,0.11694089400466069,0.9146100623926939,0.9132732433349966,0.198671002269857,0.25599557720252253,0.00030202355783751474,0.0,1.1893987165154527,2.8392275960576656,3.0771235847824694,0.051611712598425195,0.0053211122047244095,3.1415319307704306,0.2215239036791187,0.5078737377303862,0.8665453837891516,0.8652788173790047,0.2332462396723395,0.2361415154297013,0.002416188462700118,0.009966777408637927,
4,0.5,42,2,certified,128,128,4,1.5707963267948966,0.5,0.255640279001267,0.25601447675574845,0.23416425393686888,0.11743520937786879,0.11672904455900007,0.9159912313180831,0.9146523935061459,0.19977824603108282,0.25707483006181525,0.0030156815440289253,0.0,1.18734477653894,2.8538680645145673,3.0895513034657394,0.054749015748031496,0.005690206692913386,3.141489580318767,0.22032342348704187,0.5004590071322647,0.8618494094428284,0.8605897067970973,0.237412612103665,0.2358590495021538,0.013872135102533092,0.007237635705669444,
4,0.5,42,3,certified,128,128,4,1.5707963267948966,0.5,0.255640279001267,0.25601447675574845,0.22879740131346657,0.1146105501023939,0.11418685121107267,0.894997463652168,0.8936893109046781,0.19820460371747683,0.25560811386734167,0.0018518518518518727,0.0,1.1792468162900307,2.8235331434963276,3.0760845353239956,0.04967396653543307,0.005474901574803149,3.140927438485426,0.21636890050137703,0.5005296236141515,0.84638031747847,0.8451432248802264,0.22625520796553916,0.2304921968787515,0.011111111111111115,0.0074074074074073695,
4,0.5,42,4,certified,128,128,4,1.5707963267948966,0.5,0.255640279001267,0.25601447675574845,0.23444671986441634,0.11715274345032131,0.11729397641409504,0.9170961664583943,0.9157557136430652,0.1967786563363618,0.25360743975764005,0.0006024096385541646,0.0,1.1846750588915613,2.840682749162661,3.084217830940743,0.052780511811023625,0.005690206692913386,3.141501389627316,0.22201821905232683,0.507450038839065,0.8684790202846964,0.8672096276186136,0.23204575948026268,0.23133959466139398,0.010240963855421685,0.013253012048192686,
4,0.5,42,5,certified,128,128,4,1.5707963267948966,0.5,0.255640279001267,0.25601447675574845,0.22943294965044841,0.11482239954805451,0.1146105501023939,0.8974835677178685,0.8961717812127467,0.19842137733371287,0.2552103297815904,0.0009233610341643082,0.0,1.178956935351693,2.823223264202587,3.07518589052311,0.04945866141732284,0.004890501968503937,3.141442878105237,0.21523903679118706,0.4965751006284867,0.8419605769172247,0.840729944332549,0.22830308594025844,0.230209730951204,0.004924592182209966,0.0033856571252692913,
4,0.5,42,6,certified,128,128,4,1.5707963267948966,0.5,0.255640279001267,0.25601447675574845,0.23508226820139821,0.11729397641409504,0.11778829178730316,0.9195822705240949,0.9182381839511338,0.19332600635285993,0.2491821158292986,0.0021027335536197293,0.0,1.184085176019688,2.8438261218542364,3.0811264754539227,0.05244217519685039,0.005105807086614173,3.1414773280513786,0.22194760257043994,0.5018007202881153,0.8682027864996186,0.8669337975843837,0.2331050067085658,0.23564720005649317,0.0084109342144788,0.0024031240612795725,
4,0.5,42,7,certified,128,128,4,1.5707963267948966,0.5,0.255640279001267,0.25601447675574845,0.2360708989478144,0.11785890826919003,0.1182119906786244,0.9234495435151845,0.9220998044303514,0.1998209555649915,0.25749872065602564,0.0014956625785223024,0.0,1.1864261932052844,2.8566301983369864,3.086666673012331,0.055056594488188976,0.00562869094488189,3.140815740314314,0.2230774662806299,0.5005296236141515,0.8726225270608639,0.8713470781320611,0.23861309229574182,0.24016665489725303,0.010768770565360459,0.01734968591085859,
4,0.5,7,0,certified,128,128,4,1.5707963267948966,0.5,0.255640279001267,0.25601447675574845,0.23268130781724455,0.11658781159522633,0.11609349622201821,0.9101903218314487,0.9088599627873193,0.199435044449712,0.2557325010639463,0.002124430955993954,0.0,,,,,,,,,,,0.2389661747051762,0.23402302097309513,0.027010622154779975,0.005766312594840673,
4,0.5,7,1,certified,128,128,4,1.5707963267948966,0.5,0.255640279001267,0.25601447675574845,0.23218699244403643,0.11588164677635761,0.11630534566767883,0.9082566853359038,0.9069291525477103,0.1999891642349102,0.2574953249114903,0.001824817518248136,0.0,,,,,,,,,,,0.2345879528281901,0.23338747263611326,0.010340632603406324,0.005170316301703162,
4,0.5,7,2,certified,128,128,4,1.5707963267948966,0.5,0.255640279001267,0.25601447675574845,0.23155144410705458,0.11545794788503637,0.11609349622201821,0.9057705812702034,0.9044466822396418,0.19841009206502067,0.25561212679296824,0.0027447392497712427,0.0,,,,,,,,,,,0.2299978815055434,0.2299978815055434,0.006709362610551954,0.006709362610551954,
4,0.5,7,3,certified,128,128,4,1.5707963267948966,0.5,0.255640279001267,0.25601447675574845,0.23105712873384648,0.11566979733069699,0.1153873314031495,0.9038369447746586,0.9025158720000329,0.1974566088788429,0.25363707989411705,0.0012224938875305762,0.0,,,,,,,,,,,0.23416425393686888,0.2335993220817739,0.013447432762836218,0.011002444987775065,
4,0.5,7,4,certified,128,128,4,1.5707963267948966,0.5,0.255640279001267,0.25601447675574845,0.23345808911800014,0.11644657863145258,0.11701151048654757,0.9132288934673047,0.9118940931638475,0.19801298199550058,0.25477640252539696,0.002419842710223863,0.0,,,,,,,,,,,0.23550596709271945,0.23656521432102254,0.008771929824561443,0.013309134906231127,
4,0.5,7,5,certified,128,128,4,1.5707963267948966,0.5,0.255640279001267,0.25601447675574845,0.23204575948026268,0.11644657863145258,0.11559918084881012,0.9077042177657482,0.9063774924792506,0.19958850707748266,0.25704760343547495,0.003651856360316476,0.0,,,,,,,,,,,0.23268130781724455,0.23437610338252948,0.0027388922702374615,0.010042604990870414,
4,0.5,7,6,certified,128,128,4,1.5707963267948966,0.5,0.255640279001267,0.25601447675574845,0.23232822540781017,0.11644657863145258,0.11588164677635761,0.9088091529060595,0.90748081261617,0.19913499130018356,0.2569477509275949,0.002431610942249208,0.0,,,,,,,,,,,0.2327519242991314,0.2333168561542264,0.0018237082066869508,0.004255319148936219,
4,0.5,7,7,certified,128,128,4,1.5707963267948966,0.5,0.255640279001267,0.25601447675574845,0.22957418261422216,0.11496363251182826,0.1146105501023939,0.8980360352880241,0.8967234412812063,0.19736755799993183,0.2541394420691279,0.001537988311288791,0.0,,,,,,,,,,,0.226890756302521,0.22731445519384225,0.011688711165795151,0.009843125192248529,
4,0.5,123,0,certified,128,128,4,1.5707963267948966,0.5,0.255640279001267,0.25601447675574845,0.2358590495021538,0.11785890826919003,0.11800014123296378,0.922620842159951,0.921272314327662,0.19706219083469875,0.25355544059762547,0.0005988023952095876,0.0,,,,,,,0.22166513664289245,0.501941953251889,0.8670978513593072,0.8658304774474643,,,,,
4,0.5,123,1,certified,128,128,4,1.5707963267948966,0.5,0.255640279001267,0.25601447675574845,0.2276675376032766,0.11432808417484641,0.1133394534284302,0.8905777230909228,0.8892760303570006,0.19830795540541946,0.25570940860248637,0.0043424317617865886,0.0,,,,,,,0.21382670715344962,0.4977755808205635,0.8364359012156681,0.8352133436479523,,,,,
4,0.5,123,2,certified,128,128,4,1.5707963267948966,0.5,0.255640279001267,0.25601447675574845,0.23494103523762447,0.11785890826919003,0.11708212696843444,0.9190298029539392,0.9176865238826741,0.20128245248001592,0.2605353043089194,0.003306281935677766,0.0,,,,,,,0.22258315090742178,0.4991172939764141,0.870688890565319,0.8694162678924522,,,,,
4,0.5,123,3,certified,128,128,4,1.5707963267948966,0.5,0.255640279001267,0.25601447675574845,0.22491349480968859,0.11235082268201398,0.1125626721276746,0.8798046054728874,0.878518659022037,0.20065372965033385,0.2593299855339108,0.0009419152276295239,0.0,,,,,,,0.21319115881646777,0.4960807852552786,0.8339497971499678,0.8327308733398837,,,,,
4,0.5,123,4,certified,128,128,4,1.5707963267948966,0.5,0.255640279001267,0.25601447675574845,0.2304921968787515,0.115104865475602,0.1153873314031495,0.9016270744940359,0.9003092317261943,0.19746459549540468,0.2539923119102137,0.0012254901960784452,0.0,,,,,,,0.21700444883835887,0.5020125697337758,0.8488664215441705,0.847625695188295,,,,,
4,0.5,123,5,certified,128,128,4,1.5707963267948966,0.5,0.255640279001267,0.25601447675574845,0.22964479909610902,0.11524609843937575,0.11439870065673328,0.8983122690731019,0.8969992713154361,0.1971198185848958,0.2542928556874212,0.0036900369003689854,0.0,,,,,,,0.21735753124779322,0.5048372290092508,0.8502475904695596,0.8490048453594441,,,,,
4,0.5,123,6,certified,128,128,4,1.5707963267948966,0.5,0.255640279001267,0.25601447675574845,0.2335993220817739,0.11672904455900007,0.11687027752277382,0.9137813610374604,0.9124457532323071,0.1997748531505167,0.2570917614490779,0.000604594921402667,0.0,,,,,,,0.21912294329496504,0.4988348280488666,0.8571534350965053,0.8559005962151901,,,,,
4,0.5,123,7,certified,128,128,4,1.5707963267948966,0.5,0.255640279001267,0.25601447675574845,0.23366993856366075,0.1166584280771132,0.11701151048654757,0.9140575948225382,0.912721583266537,0.20045926610975606,0.25778274439503,0.001511030522816578,0.0,,,,,,,0.22194760257043994,0.5028599675164184,0.8682027864996186,0.8669337975843837,,,,,
4,0.5,2023,0,certified,128,128,4,1.5707963267948966,0.5,0.255640279001267,0.25601447675574845,0.2299978815055434,0.115104865475602,0.11489301602994138,0.8996934379984911,0.8983784214865854,0.19977347460951056,0.25767550168453285,0.0009210930303960804,0.0,,,,,,,,,,,0.23395240449120824,0.23374055504554764,0.01719373656739326,0.016272643536997238,
4,0.5,2023,1,certified,128,128,4,1.5707963267948966,0.5,0.255640279001267,0.25601447675574845,0.22816185297648472,0.11397500176541205,0.11418685121107267,0.8925113595864675,0.8912068405966096,0.20028314686308626,0.2576980502157001,0.0009285051067780977,0.0,,,,,,,,,,,0.23169267707082833,0.23261069133535767,0.015475085112968053,0.019498607242339747,
4,0.5,2023,2,certified,128,128,4,1.5707963267948966,0.5,0.255640279001267,0.25601447675574845,0.2355765835746063,0.11814137419673752,0.11743520937786879,0.9215159070196397,0.9201689941907426,0.19972331744395067,0.2572520040287348,0.0029976019184652617,0.0,,,,,,,,,,,0.23388178800932138,0.23416425393686888,0.007194244604316511,0.005995203836930405,
4,0.5,2023,3,certified,128,128,4,1.5707963267948966,0.5,0.255640279001267,0.25601447675574845,0.23056281336063839,0.11524609843937575,0.11531671492126262,0.9019033082791138,0.9005850617604241,0.19756061959879168,0.2541627268663357,0.0003062787136294062,0.0,,,,,,,,,,,0.2335993220817739,0.2335993220817739,0.013169984686064286,0.013169984686064286,
4,0.5,2023,4,certified,128,128,4,1.5707963267948966,0.5,0.255640279001267,0.25601447675574845,0.2331050067085658,0.11651719511333945,0.11658781159522633,0.9118477245419156,0.9105149429926983,0.1982484946386014,0.25564428695912067,0.0003029385034837962,0.0,,,,,,,,,,,0.2333168561542264,0.2312689781795071,0.0009088155104513291,0.0078764010905787,
4,0.5,2023,5,certified,128,128,4,1.5707963267948966,0.5,0.255640279001267,0.25601447675574845,0.2279500035308241,0.1138337688016383,0.11411623472918579,0.891682658231234,0.89037935049392,0.19749968323218062,0.2541276664197065,0.0012391573729863834,0.0,,,,,,,,,,,0.23197514299837582,0.2297154155779959,0.01765799256505578,0.007744733581164835,
4,0.5,2023,6,certified,128,128,4,1.5707963267948966,0.5,0.255640279001267,0.25601447675574845,0.2332462396723395,0.1163759621495657,0.11687027752277382,0.9124001921120712,0.9110666030611579,0.19912352360995278,0.25646457800766603,0.0021192854980321162,0.0,,,,,,,,,,,0.2325400748534708,0.23592966598404067,0.0030275507114743325,0.011504692703602798,
4,0.5,2023,7,certified,128,128,4,1.5707963267948966,0.5,0.255640279001267,0.25601447675574845,0.23472918579196383,0.11750582585975566,0.11722335993220817,0.9182011015987057,0.9168590337799846,0.1996498699742611,0.2573564001572127,0.0012033694344163795,0.0,,,,,,,,,,,0.23112774521573334,0.23218699244403643,0.01534296028880866,0.010830324909747297,
4,0.5,314159,0,certified,128,128,4,1.5707963267948966,0.5,0.255640279001267,0.25601447675574845,0.23826000988630747,0.11927123790692748,0.11898877197937999,0.9320127908525973,0.9306505354914765,0.19997858695245838,0.2578772523571782,0.0011855364552460122,0.0,,,,,,,0.22498411129157544,0.5034248993715134,0.8800808392579652,0.8787944890562668,,,,,
4,0.5,314159,1,certified,128,128,4,1.5707963267948966,0.5,0.255640279001267,0.25601447675574845,0.2386837087776287,0.11962432031636185,0.11905938846126686,0.9336701935630642,0.9323055156968556,0.20028103419906512,0.2587070781680814,0.0023668639053254703,0.0,,,,,,,0.22533719370100982,0.5049078454911377,0.8814620081833544,0.880173639227416,,,,,
4,0.5,314159,2,certified,128,128,4,1.5707963267948966,0.5,0.255640279001267,0.25601447675574845,0.2392486406327237,0.11955370383447497,0.1196949367982487,0.9358800638436868,0.9345121559706943,0.19988760490286844,0.2571103977266009,0.0005903187721369026,0.0,,,,,,,0.22533719370100982,0.4977755808205635,0.8814620081833544,0.880173639227416,,,,,
4,0.5,314159,3,certified,128,128,4,1.5707963267948966,0.5,0.255640279001267,0.25601447675574845,0.23826000988630747,0.1192006214250406,0.11905938846126686,0.9320127908525973,0.9306505354914765,0.19936579263452628,0.25747071255092474,0.0005927682276230061,0.0,,,,,,,0.223571781653838,0.5007414730598122,0.8745561635564086,0.87327788837167,,,,,
4,0.5,314159,4,certified,128,128,4,1.5707963267948966,0.5,0.255640279001267,0.25601447675574845,0.23141021114328084,0.11588164677635761,0.11552856436692324,0.9052181137000477,0.9038950221711821,0.19607894342660728,0.25185663669801955,0.0015257857796765507,0.0,,,,,,,0.2182755455123226,0.49396229079867243,0.8538386296755714,0.8525906358044322,,,,,
4,0.5,314159,5,certified,128,128,4,1.5707963267948966,0.5,0.255640279001267,0.25601447675574845,0.23112774521573334,0.1153873314031495,0.11574041381258386,0.9041131785597364,0.9027917020342627,0.19841996183234847,0.25563156820276584,0.001527650473571664,0.0,,,,,,,0.2187698608855307,0.49939975990396157,0.8557722661711162,0.854521446044041,,,,,
4,0.5,314159,6,certified,128,128,4,1.5707963267948966,0.5,0.255640279001267,0.25601447675574845,0.23232822540781017,0.11609349622201821,0.11623472918579196,0.9088091529060595,0.90748081261617,0.1971986174316761,0.25327658494071703,0.0006079027355623169,0.0,,,,,,,0.2182049290304357,0.4962220182190523,0.8535623958904935,0.8523148057702022,,,,,
4,0.5,314159,7,certified,128,128,4,1.5707963267948966,0.5,0.255640279001267,0.25601447675574845,0.23423487041875574,0.11729397641409504,0.11694089400466069,0.9162674651031609,0.9149282235403757,0.1975429057178888,0.254132918735938,0.001507386192342436,0.0,,,,,,,0.22004095755949438,0.5004590071322647,0.8607444743025171,0.8594863866601781,,,,,
4,0.5,271828,0,certified,128,128,4,1.5707963267948966,0.5,0.255640279001267,0.25601447675574845,0.23211637596214957,0.11559918084881012,0.11651719511333945,0.907980451550826,0.9066533225134805,0.1983878114249404,0.25612035244776776,0.0039549741405536815,0.0,,,,,,,,,,,,,,,
4,0.5,271828,1,certified,128,128,4,1.5707963267948966,0.5,0.255640279001267,0.25601447675574845,0.22915048372290092,0.11468116658428078,0.11446931713862016,0.8963786325775571,0.8950684610758273,0.19704582446371216,0.2540890562306978,0.0009244992295839858,0.0,,,,,,,,,,,,,,,
4,0.5,271828,2,certified,128,128,4,1.5707963267948966,0.5,0.255640279001267,0.25601447675574845,0.22448979591836735,0.11213897323635337,0.11235082268201398,0.8781472027624204,0.8768636788166579,0.20014356370258293,0.2572964915134646,0.0009436929852154254,0.0,,,,,,,,,,,,,,,
4,0.5,271828,3,certified,128,128,4,1.5707963267948966,0.5,0.255640279001267,0.25601447675574845,0.2299272650236565,0.11531671492126262,0.1146105501023939,0.8994172042134132,0.8981025914523555,0.2001466812371319,0.2571427847044778,0.003071253071253046,0.0,,,,,,,,,,,,,,,
4,0.5,271828,4,certified,128,128,4,1.5707963267948966,0.5,0.255640279001267,0.25601447675574845,0.23465856931007698,0.11729397641409504,0.11736459289598192,0.9179248678136279,0.9165832037457547,0.19701766236039062,0.25375679206117263,0.00030093289196509517,0.0,,,,,,,,,,,,,,,
4,0.5,271828,5,certified,128,128,4,1.5707963267948966,0.5,0.255640279001267,0.25601447675574845,0.23204575948026268,0.11616411270390509,0.11588164677635761,0.9077042177657482,0.9063774924792506,0.1978029594256672,0.25506357912326283,0.0012172854534387855,0.0,,,,,,,,,,,,,,,
4,0.5,271828,6,certified,128,128,4,1.5707963267948966,0.5,0.255640279001267,0.25601447675574845,0.23487041875573758,0.11722335993220817,0.11764705882352941,0.9187535691688613,0.9174106938484442,0.19618365172066507,0.252482019883831,0.0018039687312086795,0.0,,,,,,,,,,,,,,,
4,0.5,271828,7,certified,128,128,4,1.5707963267948966,0.5,0.255640279001267,0.25601447675574845,0.23183391003460208,0.1153873314031495,0.11644657863145258,0.9068755164105147,0.9055500023765611,0.19805999912682254,0.2548819646591167,0.004568991775814796,0.0,,,,,,,,,,,,,,,
6,0.5,42,0,certified,192,192,4,1.0471975511965976,0.3333333333333333,0.11378422305088183,0.11378421189144375,0.1113798560721431,0.055779509689748874,0.05560034638239422,0.9788690653741727,0.9788691613771994,0.10182656923852344,0.11414060271448301,0.0016085790884718312,0.0,0.8231359602182406,2.50868233528709,3.0071032543546066,0.024173756544502618,0.0022087696335078536,3.141333906251088,0.10946878079369345,0.26549016094837113,0.9620734567457686,0.9620735511015583,0.11212636985278748,0.11129027441846577,0.0067024128686326715,0.0008042895442359156,
6,0.5,42,1,certified,192,192,4,1.0471975511965976,0.3333333333333333,0.11378422305088183,0.11378421189144375,0.11108125055988534,0.055630206933619995,0.055451043626265344,0.9762447515259846,0.9762448472716304,0.10150115631244748,0.11374241131155828,0.001612903225806433,0.0,0.8244839659975012,2.5121218073594096,3.007089164878793,0.023710187609075044,0.002535994764397906,3.1413289031673766,0.10925975693511303,0.26764012063662695,0.960236437052037,0.9602365312276602,0.11033473677924094,0.11096180835498223,0.00672043010752697,0.0010752688172043301,
6,0.5,42,2,certified,192,192,4,1.0471975511965976,0.3333333333333333,0.11378422305088183,0.11378421189144375,0.10890143032040371,0.05455522708949207,0.05434620323091164,0.9570872604342111,0.9570873543009775,0.10032706619590435,0.11232103999639625,0.0019193857965451259,0.0,0.8214068938245815,2.4941360279348435,3.0024122673887423,0.022987565445026177,0.0025768979057591624,3.141000374750284,0.10675147063214786,0.2591298635372809,0.9381922007272566,0.9381922927408813,0.1090507330765326,0.10902087252530682,0.0013709898546751444,0.0010967918837400902,
6,0.5,42,3,certified,192,192,4,1.0471975511965976,0.3333333333333333,0.11378422305088183,0.11378421189144375,0.10961808354982233,0.054943414255427155,0.05467466929439518,0.9633856136698628,0.9633857081543429,0.10141857661987937,0.11364797597691143,0.002451648052301797,0.0,0.8200030318379969,2.4876177918687508,3.0104730650005354,0.02356020942408377,0.0022905759162303663,3.1413145646926313,0.10782645047627579,0.262444384723342,0.9476397305807339,0.9476398235209293,0.10854310370569441,0.10893129087162949,0.009806592209207314,0.006265322800326898,
6,0.5,42,4,certified,192,192,4,1.0471975511965976,0.3333333333333333,0.11378422305088183,0.11378421189144375,0.11027501567678939,0.05506285646033026,0.05521215921645914,0.9691591041358766,0.9691591991865944,0.10086845086547201,0.11307202358168804,0.0013539128080151692,0.0,0.8230989034649862,2.498942736089088,3.011513273451672,0.02289212478184991,0.0024405541012216406,3.1414815138292504,0.10854310370569441,0.264176296694437,0.9539380838163855,0.9539381773742948,0.11143957717459464,0.11120069276478844,0.010560519902518281,0.008394259409694087,
6,0.5,42,5,certified,192,192,4,1.0471975511965976,0.3333333333333333,0.11378422305088183,0.11378421189144375,0.10946878079369345,0.05491355370420138,0.05455522708949207,0.9620734567457686,0.9620735511015583,0.10114720031799139,0.11335754333461072,0.003273322422258618,0.0,0.8179863649692448,2.498732643204574,3.0164493471107585,0.024310100349040138,0.002399650959860384,3.141580796433794,0.10809519543730778,0.2610707993669563,0.9500016130441032,0.9500017062159415,0.10908059362775836,0.10982710740840276,0.003546099290780143,0.0032733224222586815,
6,0.5,42,6,certified,192,192,4,1.0471975511965976,0.3333333333333333,0.11378422305088183,0.11378421189144375,0.11126041386723999,0.05571978858729732,0.05554062527994267,0.9778193398348974,0.9778194357349718,0.10109032797701069,0.11305979986061375,0.0016103059581320264,0.0,0.821467255197962,2.511122598574651,3.005380168916667,0.023655650087260036,0.0022224040139616056,3.1415183464041085,0.1092896174863388,0.2639971333870823,0.9604988684368557,0.960498962638217,0.11048403953536982,0.10997641016453163,0.006977992485238864,0.011540526033279689,
6,0.5,42,7,certified,192,192,4,1.0471975511965976,0.3333333333333333,0.11378422305088183,0.11378421189144375,0.10875212756427484,0.05431634267968587,0.05443578488458897,0.9557751035101172,0.955775197248193,0.10293165627703778,0.11535765814765885,0.0010982976386601066,0.0,0.8207640216876732,2.503976782430765,3.0033876353767863,0.023669284467713787,0.002045157068062827,3.1414810186530513,0.10716951834930873,0.2628922929917286,0.94186624011472,0.9418663324886778,0.10994654961330586,0.11024515512556361,0.010982976386600684,0.013728720483250887,
6,0.5,7,0,certified,192,192,4,1.0471975511965976,0.3333333333333333,0.11378422305088183,0.11378421189144375,0.1090507330765326,0.054465645435814745,0.054585087640717844,0.9583994173583053,0.9583995113537619,0.10123877935120318,0.11352989979732901,0.001095290251916724,0.0,,,,,,,,,,,0.11060348174027293,0.11027501567678939,0.014238773274917857,0.011226725082146723,
6,0.5,7,1,certified,192,192,4,1.0471975511965976,0.3333333333333333,0.11378422305088183,0.11378421189144375,0.10931947803756457,0.0547642509480725,0.05455522708949207,0.9607612998216746,0.9607613940487739,0.10088277180134926,0.11296722477158007,0.0019120458891013585,0.0,,,,,,,,,,,0.10955836244737077,0.10994654961330586,0.002185195301830033,0.005736137667303949,
6,0.5,7,2,certified,192,192,4,1.0471975511965976,0.3333333333333333,0.11378422305088183,0.11378421189144375,0.11248469646749679,0.05613783630445818,0.05634686016303861,0.9885790266124688,0.9885791235678042,0.1000668566798467,0.11199562246127646,0.0018582426333952945,0.0,,,,,,,,,,,0.11263399922362567,0.11236525426259368,0.0013273161667109775,0.0010618529333687573,
6,0.5,7,3,certified,192,192,4,1.0471975511965976,0.3333333333333333,0.11378422305088183,0.11378421189144375,0.11081250559885336,0.055421183075039564,0.05539132252381379,0.9738828690626152,0.9738829645766185,0.10205047948845343,0.11438481180502294,0.00026946914578278384,0.0,,,,,,,,,,,0.11126041386723999,0.11027501567678939,0.004042037186742071,0.0048504446240906106,
6,0.5,7,4,certified,192,192,4,1.0471975511965976,0.3333333333333333,0.11378422305088183,0.11378421189144375,0.1083042192958882,0.05407745826987966,0.05422676102600854,0.9518386327378349,0.9518387260898395,0.10147007505090917,0.11380919231088346,0.0013785497656465453,0.0,,,,,,,,,,,0.10896115142285527,0.10934933858879035,0.006065618968844876,0.00964984835952588,
6,0.5,7,5,certified,192,192,4,1.0471975511965976,0.3333333333333333,0.11378422305088183,0.11378421189144375,0.10979724685717698,0.054943414255427155,0.05485383260174983,0.9649602019787756,0.9649602966176841,0.10280550445615486,0.1152121196819207,0.0008158825129181304,0.0,,,,,,,,,,,0.1094090596912419,0.10911045417898414,0.00353549088931194,0.00625509926570575,
6,0.5,7,6,certified,192,192,4,1.0471975511965976,0.3333333333333333,0.11378422305088183,0.11378421189144375,0.10833407984711398,0.054137179372331215,0.05419690047478277,0.9521010641226537,0.9521011575003965,0.1027313147174525,0.11502632710003,0.0005512679162072917,0.0,,,,,,,,,,,0.10693063393950253,0.10740840275911494,0.012954796030870939,0.008544652701212734,
6,0.5,7,7,certified,192,192,4,1.0471975511965976,0.3333333333333333,0.11378422305088183,0.11378421189144375,0.11021529457433785,0.055271880318910685,0.054943414255427155,0.968634241366239,0.9686343363654807,0.10207165621955235,0.11447117370462881,0.0029802221620157,0.0,,,,,,,,,,,0.10896115142285527,0.10893129087162949,0.011379030073150902,0.011649959360606914,
6,0.5,123,0,certified,192,192,4,1.0471975511965976,0.3333333333333333,0.11378422305088183,0.11378421189144375,0.112723580877303,0.05649616291916749,0.05622741795813551,0.9906784776910192,0.9906785748522594,0.10150879100083388,0.11377115367295361,0.002384105960264873,0.0,,,,,,,0.11066320284272448,0.26569918480695154,0.9725707121385212,0.972570807523834,,,,,
6,0.5,123,1,certified,192,192,4,1.0471975511965976,0.3333333333333333,0.11378422305088183,0.11378421189144375,0.11021529457433785,0.05518229866523336,0.05503299590910448,0.968634241366239,0.9686343363654807,0.10271268224314484,0.11503059093005914,0.0013546464372798752,0.0,,,,,,,0.10848338260324286,0.26286243244050284,0.9534132210467479,0.953413314553181,,,,,
6,0.5,123,2,certified,192,192,4,1.0471975511965976,0.3333333333333333,0.11378422305088183,0.11378421189144375,0.11146943772582042,0.05571978858729732,0.055749649138523094,0.9796563595286292,0.97965645560887,0.10245539211297601,0.11472885606990683,0.0002678810608089769,0.0,,,,,,,0.10970766520349966,0.2695213353638508,0.9641729078243192,0.9641730023860134,,,,,
6,0.5,123,3,certified,192,192,4,1.0471975511965976,0.3333333333333333,0.11378422305088183,0.11378421189144375,0.11069306339395026,0.05533160142136224,0.05536146197258801,0.97283314352334,0.9728332389343909,0.10278600400430118,0.11519325497039119,0.0002697599136768036,0.0,,,,,,,0.10917017528143569,0.2677595628415301,0.9594491428975804,0.9594492369959894,,,,,
6,0.5,123,4,certified,192,192,4,1.0471975511965976,0.3333333333333333,0.11378422305088183,0.11378421189144375,0.11197706709665861,0.05592881244587775,0.05604825465078085,0.984117693070549,0.9841177895883372,0.10351126755272924,0.116155238825752,0.0010666666666666335,0.0,,,,,,,0.11000627071575741,0.26471378661650097,0.9667972216725073,0.9667973164915824,,,,,
6,0.5,123,5,certified,192,192,4,1.0471975511965976,0.3333333333333333,0.11378422305088183,0.11378421189144375,0.10797575323240467,0.05401773716742811,0.053958016064976556,0.9489518875048281,0.9489519805737139,0.10257216134951026,0.11500233305521383,0.0005530973451327583,0.0,,,,,,,0.10657230732479321,0.2639672728358565,0.9366176124183437,0.93661770427754,,,,,
6,0.5,123,6,certified,192,192,4,1.0471975511965976,0.3333333333333333,0.11378422305088183,0.11378421189144375,0.10943892024246768,0.05473439039684672,0.05470452984562095,0.9618110253609499,0.9618111196910015,0.102280404721714,0.11459708048575835,0.0002728512960436319,0.0,,,,,,,0.10758756606646959,0.2630415957478575,0.9455402795021834,0.9455403722364744,,,,,
6,0.5,123,7,certified,192,192,4,1.0471975511965976,0.3333333333333333,0.11378422305088183,0.11378421189144375,0.10821463764221087,0.05419690047478277,0.05401773716742811,0.9510513385833784,0.951051431858169,0.10153548220979046,0.1138542297697236,0.0016556291390728928,0.0,,,,,,,0.10693063393950253,0.26316103795276063,0.9397667890361696,0.9397668812042228,,,,,
6,0.5,2023,0,certified,192,192,4,1.0471975511965976,0.3333333333333333,0.11378422305088183,0.11378421189144375,0.10994654961330586,0.05503299590910448,0.05491355370420138,0.9662723589028696,0.9662724536704685,0.10053174927962126,0.1124301259240282,0.0010863661053774787,0.0,,,,,,,,,,,0.11069306339395026,0.11036459733046672,0.006789788158609541,0.003802281368821333,
6,0.5,2023,1,certified,192,192,4,1.0471975511965976,0.3333333333333333,0.11378422305088183,0.11378421189144375,0.1084236615007913,0.053958016064976556,0.054465645435814745,0.9528883582771102,0.9528884517320672,0.10108943631005929,0.11326972566117251,0.004681905811071361,0.0,,,,,,,,,,,0.1097673863059512,0.10961808354982233,0.012393280088129977,0.011016248967226703,
6,0.5,2023,2,certified,192,192,4,1.0471975511965976,0.3333333333333333,0.11378422305088183,0.11378421189144375,0.11102152945743378,0.05554062527994267,0.05548090417749112,0.9757198887563469,0.9757199844505166,0.10228103684352866,0.11464818080800683,0.0005379236148467064,0.0,,,,,,,,,,,0.10914031473020992,0.10931947803756457,0.01694459386767072,0.015330823023130663,
6,0.5,2023,3,certified,192,192,4,1.0471975511965976,0.3333333333333333,0.11378422305088183,0.11378421189144375,0.11045417898414404,0.05521215921645914,0.05524201976768491,0.9707336924447895,0.9707337876499357,0.10143793602768604,0.11372722569278428,0.00027034333603674263,0.0,,,,,,,,,,,0.10979724685717698,0.10982710740840276,0.0059475533928088405,0.005677210056772035,
6,0.5,2023,4,certified,192,192,4,1.0471975511965976,0.3333333333333333,0.11378422305088183,0.11378421189144375,0.11060348174027293,0.05536146197258801,0.05524201976768491,0.9720458493688836,0.9720459447027202,0.10112880003726261,0.11326436255823723,0.0010799136069114135,0.0,,,,,,,,,,,0.11024515512556361,0.11081250559885336,0.0032397408207344293,0.0018898488120950522,
6,0.5,2023,5,certified,192,192,4,1.0471975511965976,0.3333333333333333,0.11378422305088183,0.11378421189144375,0.11108125055988534,0.05557048583116844,0.05551076472871689,0.9762447515259846,0.9762448472716304,0.10256790978164321,0.11499564172608728,0.0005376344086021651,0.0,,,,,,,,,,,0.10964794410104811,0.11045417898414404,0.012903225806451589,0.00564516129032264,
6,0.5,2023,6,certified,192,192,4,1.0471975511965976,0.3333333333333333,0.11378422305088183,0.11378421189144375,0.11191734599420705,0.055988533548329306,0.05592881244587775,0.9835928303009113,0.9835929267672233,0.10358595797491296,0.11618814103464069,0.0005336179295624478,0.0,,,,,,,,,,,0.11149929827704619,0.11132013496969154,0.0037353255069370725,0.005336179295624354,
6,0.5,2023,7,certified,192,192,4,1.0471975511965976,0.3333333333333333,0.11378422305088183,0.11378421189144375,0.11179790378930395,0.0558690913434262,0.05592881244587775,0.982543104761636,0.9825432011249957,0.10310379957594927,0.11561599385347886,0.0005341880341880487,0.0,,,,,,,,,,,0.11236525426259368,0.11305204694078652,0.005074786324786308,0.011217948717948713,
6,0.5,314159,0,certified,192,192,4,1.0471975511965976,0.3333333333333333,0.11378422305088183,0.11378421189144375,0.1107527844964018,0.05536146197258801,0.05539132252381379,0.9733580062929775,0.9733581017555046,0.10147398323160466,0.11365151376108389,0.0002696144513346302,0.0,,,,,,,0.10884170921795217,0.26713249126578875,0.9565623976645736,0.9565624914798637,,,,,
6,0.5,314159,1,certified,192,192,4,1.0471975511965976,0.3333333333333333,0.11378422305088183,0.11378421189144375,0.10851324315446863,0.054256621577234314,0.054256621577234314,0.9536756524315666,0.9536757459637378,0.10063809392100619,0.11282360564278501,0.0,0.0,,,,,,,0.10713965779808295,0.2633103407088895,0.9416038087299011,0.9416039010781209,,,,,
6,0.5,314159,2,certified,192,192,4,1.0471975511965976,0.3333333333333333,0.11378422305088183,0.11378421189144375,0.11084236615007913,0.05554062527994267,0.055301740870136465,0.974145300447434,0.9741453959871753,0.10229487595492838,0.11473308087609035,0.0021551724137930995,0.0,,,,,,,0.1092896174863388,0.2661172325241124,0.9604988684368557,0.960498962638217,,,,,
6,0.5,314159,3,certified,192,192,4,1.0471975511965976,0.3333333333333333,0.11378422305088183,0.11378421189144375,0.1105139000865956,0.055301740870136465,0.05521215921645914,0.9712585552144272,0.9712586504710495,0.10170001083178175,0.11393905004895681,0.0008105917319643245,0.0,,,,,,,0.10860282480814595,0.26853593717340024,0.954462946586023,0.9544630401954085,,,,,
6,0.5,314159,4,certified,192,192,4,1.0471975511965976,0.3333333333333333,0.11378422305088183,0.11378421189144375,0.10854310370569441,0.054286482128460094,0.054256621577234314,0.9539380838163855,0.9539381773742948,0.10092721575457297,0.11297594097708263,0.0002751031636864218,0.0,,,,,,,0.10678133118337364,0.2643554600017916,0.9384546321120755,0.9384547241514383,,,,,
6,0.5,314159,5,certified,192,192,4,1.0471975511965976,0.3333333333333333,0.11378422305088183,0.11378421189144375,0.11006599181820896,0.054943414255427155,0.055122577562781806,0.9673220844421448,0.9673221793126962,0.10198010162018242,0.11419644584276102,0.0016277807921866335,0.0,,,,,,,0.10836394039833976,0.2641165755919854,0.9523634955074726,0.9523635889109534,,,,,
6,0.5,314159,6,certified,192,192,4,1.0471975511965976,0.3333333333333333,0.11378422305088183,0.11378421189144375,0.11126041386723999,0.055630206933619995,0.055630206933619995,0.9778193398348974,0.9778194357349718,0.10044907546840227,0.11255324711127275,0.0,0.0,,,,,,,0.10881184866672639,0.263638806772373,0.9562999662797548,0.9563000600693068,,,,,
6,0.5,314159,7,certified,192,192,4,1.0471975511965976,0.3333333333333333,0.11378422305088183,0.11378421189144375,0.10934933858879035,0.0546448087431694,0.05470452984562095,0.9610237312064934,0.9610238254593308,0.10180618772653756,0.1140672160364239,0.0005461496450027456,0.0,,,,,,,0.10791603212995311,0.26301173519663174,0.9484270247351904,0.9484271177526,,,,,
6,0.5,271828,0,certified,192,192,4,1.0471975511965976,0.3333333333333333,0.11378422305088183,0.11378421189144375,0.11057362118904715,0.05524201976768491,0.05533160142136224,0.9717834179840648,0.9717835132921633,0.10179210149103264,0.11407698105436095,0.0008101539292465474,0.0,,,,,,,,,,,,,,,
6,0.5,271828,1,certified,192,192,4,1.0471975511965976,0.3333333333333333,0.11378422305088183,0.11378421189144375,0.11072292394517602,0.05551076472871689,0.05521215921645914,0.9730955749081587,0.9730956703449477,0.10150892671833828,0.11376304374893013,0.002696871628910412,0.0,,,,,,,,,,,,,,,
6,0.5,271828,2,certified,192,192,4,1.0471975511965976,0.3333333333333333,0.11378422305088183,0.11378421189144375,0.11120069276478844,0.05566006748484577,0.05554062527994267,0.9772944770652598,0.977294572913858,0.10238610137015008,0.11466016785783352,0.00107411385606871,0.0,,,,,,,,,,,,,,,
6,0.5,271828,3,certified,192,192,4,1.0471975511965976,0.3333333333333333,0.11378422305088183,0.11378421189144375,0.10731882110543761,0.05371913165517035,0.05359968945026725,0.9431783970388141,0.9431784895414623,0.10158331175176454,0.11389341738779474,0.0011129660545353022,0.0,,,,,,,,,,,,,,,
6,0.5,271828,4,certified,192,192,4,1.0471975511965976,0.3333333333333333,0.11378422305088183,0.11378421189144375,0.10848338260324286,0.05431634267968587,0.05416703992355699,0.9534132210467479,0.953413314553181,0.10212370677405964,0.11444537719379534,0.0013762730525736359,0.0,,,,,,,,,,,,,,,
6,0.5,271828,5,certified,192,192,4,1.0471975511965976,0.3333333333333333,0.11378422305088183,0.11378421189144375,0.10964794410104811,0.05467466929439518,0.05497327480665293,0.9636480450546816,0.9636481395648998,0.10261617770251187,0.11498544131544677,0.002723311546840906,0.0,,,,,,,,,,,,,,,
6,0.5,271828,6,certified,192,192,4,1.0471975511965976,0.3333333333333333,0.11378422305088183,0.11378421189144375,0.11042431843291828,0.05521215921645914,0.05521215921645914,0.9704712610599707,0.9704713562393789,0.10166083250943254,0.1138891569431961,0.0,0.0,,,,,,,,,,,,,,,
6,0.5,271828,7,certified,192,192,4,1.0471975511965976,0.3333333333333333,0.11378422305088183,0.11378421189144375,0.11018543402311207,0.055152438114007586,0.05503299590910448,0.9683718099814201,0.9683719049549238,0.10090799157718579,0.11304153502564371,0.0010840108401084306,0.0,,,,,,,,,,,,,,,
8,0.5,42,0,certified,256,256,4,0.7853981633974483,0.25,0.06400362550830066,0.06400361918893711,0.0632201806290875,0.03163467685095642,0.031585503778131095,0.9877593671766055,0.9877594647025051,0.0591943296906842,0.06309900391256155,0.0007778065854291041,0.0,0.624625893986626,2.1155705287986084,2.908039343736345,0.013587622549019608,0.0012561274509803922,3.141507646801979,0.06274484092510942,0.1551082627153371,0.9803326050173831,0.9803327018100052,0.06282679604648495,0.06285957809503516,0.006222452683432613,0.00570391495981321,
8,0.5,42,1,certified,256,256,4,0.7853981633974483,0.25,0.06400362550830066,0.06400361918893711,0.0622531101968562,0.031093773049877888,0.031159337146978314,0.9726497476112906,0.9726498436453499,0.060792293889840955,0.06480860111775841,0.0010531858873090733,0.0,0.62509384227218,2.113193334612856,2.9003975284911454,0.012974877450980393,0.0010799632352941177,3.141324011667482,0.06179416151715321,0.15479683325411006,0.9654790806989378,0.9654791760250051,0.061958071759904275,0.061958071759904275,0.00473933649289097,0.00473933649289097,
8,0.5,42,2,certified,256,256,4,0.7853981633974483,0.25,0.06400362550830066,0.06400361918893711,0.06179416151715321,0.03086429871002639,0.030929862807126816,0.9654790806989378,0.9654791760250051,0.059805602004655775,0.06370122274789276,0.0010610079575596445,0.0,0.6212893199366006,2.101681938037481,2.9128050054007644,0.01330422794117647,0.0014629289215686275,3.141559960129059,0.061466341031651064,0.1507154682096084,0.9603571757615429,0.9603572705819016,0.061892507662803846,0.06197446278417938,0.0015915119363394388,0.0029177718832890647,
8,0.5,42,3,certified,256,256,4,0.7853981633974483,0.25,0.06400362550830066,0.06400361918893711,0.0622531101968562,0.031093773049877888,0.031159337146978314,0.9726497476112906,0.9726498436453499,0.059804201704252075,0.06371701379079353,0.0010531858873090733,0.0,0.6233751885563664,2.1080296381902808,2.9001675926192196,0.013250612745098039,0.0011948529411764707,3.141244142380237,0.06185972561425363,0.1549115704240358,0.9665034616864168,0.9665035571136257,0.06231867429395663,0.06228589224540641,0.001053185887309129,0.0005265929436545645,
8,0.5,42,4,certified,256,256,4,0.7853981633974483,0.25,0.06400362550830066,0.06400361918893711,0.06249897556098281,0.031274074316904064,0.031224901244078743,0.9764911763143368,0.9764912727276776,0.06046784021053048,0.06444566753461947,0.000786782061369015,0.0,0.6239042429891632,2.108832591558174,2.8999961348882954,0.013196997549019608,0.0011795343137254901,3.141360654067032,0.06208919995410513,0.1549115704240358,0.9700887951425933,0.9700888909237982,0.06231867429395663,0.06259732170663344,0.002884867558353055,0.001573564122737919,
8,0.5,42,5,certified,256,256,4,0.7853981633974483,0.25,0.06400362550830066,0.06400361918893711,0.06300709731351112,0.031519939681030666,0.03148715763248045,0.9844301289672989,0.9844302261644878,0.06010209061500112,0.06408419686690651,0.0005202913631633809,0.0,0.6246697891966382,2.107316371245983,2.8987127955382754,0.013365502450980392,0.0013020833333333333,3.1413426828194355,0.06254814863380813,0.15581307675916667,0.9772594620549461,0.977259558544143,0.0634332639446639,0.06356439213886476,0.006763787721123952,0.008844953173777474,
8,0.5,42,6,certified,256,256,4,0.7853981633974483,0.25,0.06400362550830066,0.06400361918893711,0.06299070628923602,0.03153633070530577,0.03145437558393024,0.9841740337204292,0.9841741308923327,0.060555673165951486,0.06454186966905931,0.00130106687483739,0.0,0.6256149223127166,2.1087772328913936,2.905771569441664,0.013013174019607844,0.0012254901960784314,3.141564432922879,0.06254814863380813,0.1544198396957826,0.9772594620549461,0.977259558544143,0.06251536658525791,0.06254814863380813,0.007546187874056752,0.0070257611241217955,
8,0.5,42,7,certified,256,256,4,0.7853981633974483,0.25,0.06400362550830066,0.06400361918893711,0.06256453965808323,0.03125768329262896,0.03130685636545428,0.9775155573018157,0.9775156538162981,0.05967949421954255,0.06358704449694012,0.0007859575582918664,0.0,0.6240118419780888,2.1041271446414513,2.905633736397973,0.01326593137254902,0.0012637867647058824,3.141529104847085,0.0622531101968562,0.15358389745775214,0.9726497476112906,0.9726498436453499,0.06300709731351112,0.06263010375518366,0.007073618024626687,0.001047943411055822,
8,0.5,7,0,certified,256,256,4,0.7853981633974483,0.25,0.06400362550830066,0.06400361918893711,0.06281040502220984,0.03143798455965513,0.03137242046255471,0.9813569860048621,0.9813570828986259,0.05940826976613841,0.06331132199327222,0.0010438413361168184,0.0,,,,,,,,,,,0.06338409087183858,0.0627284499008343,0.009133611691022796,0.0013048016701462716,
8,0.5,7,1,certified,256,256,4,0.7853981633974483,0.25,0.06400362550830066,0.06400361918893711,0.062138373026930455,0.03107738202560278,0.031060991001327674,0.9708570808832024,0.9708571767402637,0.05981594774471976,0.06382285785509637,0.0002637826431020886,0.0,,,,,,,,,,,0.0624825845367077,0.062449802488157485,0.005539435505143749,0.005011870218939572,
8,0.5,7,2,certified,256,256,4,0.7853981633974483,0.25,0.06400362550830066,0.06400361918893711,0.06266288580373387,0.031323247389729386,0.03133963841400449,0.9790521287830343,0.9790522254492292,0.05960352880568971,0.06359139811831402,0.00026157467957102227,0.0,,,,,,,,,,,0.06251536658525791,0.06266288580373387,0.0023541721161390895,0.0,
8,0.5,7,3,certified,256,256,4,0.7853981633974483,0.25,0.06400362550830066,0.06400361918893711,0.06267927682800899,0.031274074316904064,0.03140520251110492,0.9793082240299041,0.9793083207213845,0.06038616259839564,0.06439080567877974,0.0020920502092050585,0.0,,,,,,,,,,,0.062384238391057056,0.06235145634250684,0.004707112970711381,0.005230125523012646,
8,0.5,7,4,certified,256,256,4,0.7853981633974483,0.25,0.06400362550830066,0.06400361918893711,0.0627284499008343,0.03137242046255471,0.0313560294382796,0.9800765097705132,0.9800766065378499,0.060086659100641815,0.06413711275898042,0.00026130128037627853,0.0,,,,,,,,,,,0.06236784736678195,0.06235145634250684,0.005748628168278018,0.006009929448654296,
8,0.5,7,5,certified,256,256,4,0.7853981633974483,0.25,0.06400362550830066,0.06400361918893711,0.06384303955154158,0.03194610631218345,0.031896933239358126,0.997490986557656,0.9974910850444019,0.060384413000257826,0.06432047144641746,0.0007702182284980883,0.0,,,,,,,,,,,0.06325296267763772,0.06313822550771198,0.009242618741977059,0.01103979460847249,
8,0.5,7,6,certified,256,256,4,0.7853981633974483,0.25,0.06400362550830066,0.06400361918893711,0.06290875116786047,0.03150354865675556,0.03140520251110492,0.9828935574860803,0.9828936545315567,0.0597493049281773,0.06370135601468122,0.001563314226159376,0.0,,,,,,,,,,,0.06290875116786047,0.06310544345916176,0.0,0.003126628452318973,
8,0.5,7,7,certified,256,256,4,0.7853981633974483,0.25,0.06400362550830066,0.06400361918893711,0.06395777672146732,0.03197888836073366,0.03197888836073366,0.9992836532857441,0.999283751949488,0.06119622737096164,0.0652957012596013,0.0,0.0,,,,,,,,,,,0.06464619974102181,0.06464619974102181,0.010763710917478193,0.010763710917478193,
8,0.5,123,0,certified,256,256,4,0.7853981633974483,0.25,0.06400362550830066,0.06400361918893711,0.06254814863380813,0.03133963841400449,0.031208510219803635,0.9772594620549461,0.977259558544143,0.06064108046506776,0.06469696050401186,0.0020964360587002475,0.0,,,,,,,0.06205641790555492,0.15692766640987396,0.9695766046488538,0.9695767003794878,,,,,
8,0.5,123,1,certified,256,256,4,0.7853981633974483,0.25,0.06400362550830066,0.06400361918893711,0.06276123194938452,0.0313560294382796,0.03140520251110492,0.9805887002642527,0.9805887970821603,0.059787412502946245,0.06373407323751157,0.000783494384956922,0.0,,,,,,,0.0624825845367077,0.15412480125883066,0.9762350810674671,0.9762351774555224,,,,,
8,0.5,123,2,certified,256,256,4,0.7853981633974483,0.25,0.06400362550830066,0.06400361918893711,0.0632201806290875,0.03161828582668131,0.0316018948024062,0.9877593671766055,0.9877594647025051,0.06000905764743931,0.06396595340469724,0.00025926886180970135,0.0,,,,,,,0.06281040502220984,0.15528856398236326,0.9813569860048621,0.9813570828986259,,,,,
8,0.5,123,3,certified,256,256,4,0.7853981633974483,0.25,0.06400362550830066,0.06400361918893711,0.06289236014358537,0.03143798455965513,0.03145437558393024,0.9826374622392108,0.9826375592594018,0.06129142122811772,0.06535042389318939,0.00026062027625749755,0.0,,,,,,,0.06243341146388238,0.1556491665164156,0.9754667953268579,0.9754668916390569,,,,,
8,0.5,123,4,certified,256,256,4,0.7853981633974483,0.25,0.06400362550830066,0.06400361918893711,0.062400629415332164,0.031224901244078743,0.03117572817125342,0.9749546048331184,0.9749547010947465,0.05969665447150025,0.06361226966877266,0.0007880220646178234,0.0,,,,,,,0.06187611663852874,0.15622285236604436,0.9667595569332865,0.9667596523857809,,,,,
8,0.5,123,5,certified,256,256,4,0.7853981633974483,0.25,0.06400362550830066,0.06400361918893711,0.06328574472618793,0.03156911275385599,0.03171663197233195,0.9887837481640845,0.9887838457911258,0.06063557309824614,0.06459073515726606,0.002331002331002373,0.0,,,,,,,0.06287596911931026,0.15591142290481733,0.9823813669923409,0.9823814639872465,,,,,
8,0.5,123,6,certified,256,256,4,0.7853981633974483,0.25,0.06400362550830066,0.06400361918893711,0.063449654968939,0.03168384992378174,0.031765805045157275,0.991344700632782,0.9913447985126775,0.05966792295340645,0.06364627683744407,0.0012916559028674994,0.0,,,,,,,0.06310544345916176,0.1565506728515465,0.9859667004485173,0.9859667977974189,,,,,
8,0.5,123,7,certified,256,256,4,0.7853981633974483,0.25,0.06400362550830066,0.06400361918893711,0.06282679604648495,0.03145437558393024,0.03137242046255471,0.9816130812517317,0.981613178170781,0.06058453500305079,0.06457319813593895,0.0013044612575005652,0.0,,,,,,,0.062449802488157485,0.1546657050599092,0.9757228905737276,0.9757229869112121,,,,,
8,0.5,2023,0,certified,256,256,4,0.7853981633974483,0.25,0.06400362550830066,0.06400361918893711,0.06254814863380813,0.03130685636545428,0.03124129226835385,0.9772594620549461,0.977259558544143,0.06050008522208333,0.06447310943308167,0.0010482180293501237,0.0,,,,,,,,,,,0.06251536658525791,0.06269566785228409,0.0005241090146750619,0.0023584905660376672,
8,0.5,2023,1,certified,256,256,4,0.7853981633974483,0.25,0.06400362550830066,0.06400361918893711,0.06340048189611369,0.03168384992378174,0.03171663197233195,0.9905764148921729,0.9905765126962122,0.059718561991307546,0.06367710042912338,0.0005170630816959762,0.0,,,,,,,,,,,0.06325296267763772,0.06312183448343688,0.0023267838676320025,0.004395036194415688,
8,0.5,2023,2,certified,256,256,4,0.7853981633974483,0.25,0.06400362550830066,0.06400361918893711,0.06292514219213559,0.031388811486829815,0.03153633070530577,0.9831496527329502,0.9831497498037121,0.06081149806467524,0.06478077565080621,0.002344360510549554,0.0,,,,,,,,,,,0.0629743152649609,0.06331852677473815,0.0007814535035164446,0.006251628028132218,
8,0.5,2023,3,certified,256,256,4,0.7853981633974483,0.25,0.06400362550830066,0.06400361918893711,0.0638922126243669,0.03191332426363323,0.03197888836073366,0.9982592722982652,0.9982593708608672,0.06049037063597483,0.06447426974514021,0.0010261672652642567,0.0,,,,,,,,,,,0.0638922126243669,0.06377747545444115,0.0,0.0017957927142123404,
8,0.5,2023,4,certified,256,256,4,0.7853981633974483,0.25,0.06400362550830066,0.06400361918893711,0.06330213575046305,0.03168384992378174,0.03161828582668131,0.9890398434109543,0.9890399410632811,0.06010209452002074,0.06401160567956948,0.0010357327809425354,0.0,,,,,,,,,,,0.06300709731351112,0.06312183448343688,0.004660797514241409,0.0028482651475918628,
8,0.5,2023,5,certified,256,256,4,0.7853981633974483,0.25,0.06400362550830066,0.06400361918893711,0.06285957809503516,0.03150354865675556,0.0313560294382796,0.9821252717454713,0.9821253687150914,0.06024428812865415,0.06424902440526704,0.002346805736636177,0.0,,,,,,,,,,,0.06299070628923602,0.06308905243488666,0.0020860495436767,0.003650586701434225,
8,0.5,2023,6,certified,256,256,4,0.7853981633974483,0.25,0.06400362550830066,0.06400361918893711,0.06256453965808323,0.03117572817125342,0.031388811486829815,0.9775155573018157,0.9775156538162981,0.060047419355597174,0.0640115954971601,0.003405816085931421,0.0,,,,,,,,,,,0.06267927682800899,0.0629743152649609,0.0018339009693477994,0.006549646319098776,
8,0.5,2023,7,certified,256,256,4,0.7853981633974483,0.25,0.06400362550830066,0.06400361918893711,0.06287596911931026,0.03143798455965513,0.03143798455965513,0.9823813669923409,0.9823814639872465,0.06012649377241555,0.06403982366041941,0.0,0.0,,,,,,,,,,,0.06264649477945877,0.06276123194938452,0.003649635036496196,0.001824817518248098,
8,0.5,314159,0,certified,256,256,4,0.7853981633974483,0.25,0.06400362550830066,0.06400361918893711,0.06104017440049829,0.030454523103148716,0.03058565129734957,0.9536986993429296,0.9536987935058671,0.06077549548691035,0.06475197379065613,0.0021482277121374683,0.0,,,,,,,0.060581225720795294,0.1539936730646298,0.9465280324305767,0.9465281258855223,,,,,
8,0.5,314159,1,certified,256,256,4,0.7853981633974483,0.25,0.06400362550830066,0.06400361918893711,0.06241702043960727,0.03117572817125342,0.03124129226835385,0.9752107000799881,0.9752107963669017,0.06022790594707197,0.06423774021194052,0.0010504201680672457,0.0,,,,,,,0.06185972561425363,0.1577636086479044,0.9665034616864168,0.9665035571136257,,,,,
8,0.5,314159,2,certified,256,256,4,0.7853981633974483,0.25,0.06400362550830066,0.06400361918893711,0.06222032814830599,0.031060991001327674,0.031159337146978314,0.9721375571175512,0.9721376531010396,0.059268353893018065,0.06321301736199758,0.0015806111696522382,0.0,,,,,,,0.06174498844432789,0.15615728826894393,0.9647107949583286,0.9647108902085395,,,,,
8,0.5,314159,3,certified,256,256,4,0.7853981633974483,0.25,0.06400362550830066,0.06400361918893711,0.06276123194938452,0.03142159353538002,0.03133963841400449,0.9805887002642527,0.9805887970821603,0.05979832921374886,0.06376104593865961,0.0013058239749280927,0.0,,,,,,,0.0622531101968562,0.15405923716173023,0.9726497476112906,0.9726498436453499,,,,,
8,0.5,314159,4,certified,256,256,4,0.7853981633974483,0.25,0.06400362550830066,0.06400361918893711,0.06282679604648495,0.03140520251110492,0.03142159353538002,0.9816130812517317,0.981613178170781,0.06016089528809516,0.06411065763911272,0.00026089225150002467,0.0,,,,,,,0.062269501221131306,0.15663262797292202,0.9729058428581604,0.9729059389175051,,,,,
8,0.5,314159,5,certified,256,256,4,0.7853981633974483,0.25,0.06400362550830066,0.06400361918893711,0.06274484092510942,0.03130685636545428,0.03143798455965513,0.9803326050173831,0.9803327018100052,0.05985987626841997,0.06389157850941449,0.002089864158829603,0.0,,,,,,,0.06223671917258109,0.1556163844678654,0.9723936523644209,0.9723937483731947,,,,,
8,0.5,314159,6,certified,256,256,4,0.7853981633974483,0.25,0.06400362550830066,0.06400361918893711,0.06156468717730171,0.030733170515825532,0.030831516661476176,0.9618937472427613,0.9618938422148327,0.05993525221303213,0.06386647594787194,0.0015974440894568978,0.0,,,,,,,0.06122047566752446,0.15402645511318003,0.9565157470584967,0.9565158414995739,,,,,
8,0.5,314159,7,certified,256,256,4,0.7853981633974483,0.25,0.06400362550830066,0.06400361918893711,0.062023635857004704,0.031142946122703206,0.030880689734301497,0.9690644141551142,0.9690645098351774,0.06019872363897964,0.06421572214643552,0.004228329809725123,0.0,,,,,,,0.061515514104476386,0.15541969217656412,0.9611254615021521,0.961125556398367,,,,,
8,0.5,271828,0,certified,256,256,4,0.7853981633974483,0.25,0.06400362550830066,0.06400361918893711,0.06331852677473815,0.03161828582668131,0.031700240948056846,0.989295938657824,0.9892960363354362,0.06053604917106001,0.06454311659011255,0.0012943308309604168,0.0,,,,,,,,,,,,,,,
8,0.5,271828,1,certified,256,256,4,0.7853981633974483,0.25,0.06400362550830066,0.06400361918893711,0.0632201806290875,0.0316018948024062,0.03161828582668131,0.9877593671766055,0.9877594647025051,0.05998421155523144,0.0640115065021606,0.00025926886180970135,0.0,,,,,,,,,,,,,,,
8,0.5,271828,2,certified,256,256,4,0.7853981633974483,0.25,0.06400362550830066,0.06400361918893711,0.06317100755626219,0.0316018948024062,0.03156911275385599,0.9869910814359963,0.9869911788860396,0.06010367911253094,0.06408160278227643,0.0005189413596263715,0.0,,,,,,,,,,,,,,,
8,0.5,271828,3,certified,256,256,4,0.7853981633974483,0.25,0.06400362550830066,0.06400361918893711,0.06254814863380813,0.0313560294382796,0.031192119195528528,0.9772594620549461,0.977259558544143,0.06076359824425648,0.06479841401333777,0.002620545073375309,0.0,,,,,,,,,,,,,,,
8,0.5,271828,4,certified,256,256,4,0.7853981633974483,0.25,0.06400362550830066,0.06400361918893711,0.0615482961530266,0.030683997443000214,0.03086429871002639,0.9616376519958916,0.9616377469426775,0.05982531417030458,0.06378574864571143,0.0029294274300932055,0.0,,,,,,,,,,,,,,,
8,0.5,271828,5,certified,256,256,4,0.7853981633974483,0.25,0.06400362550830066,0.06400361918893711,0.06254814863380813,0.031323247389729386,0.031224901244078743,0.9772594620549461,0.977259558544143,0.05984840481884941,0.06386435974087931,0.0015723270440251855,0.0,,,,,,,,,,,,,,,
8,0.5,271828,6,certified,256,256,4,0.7853981633974483,0.25,0.06400362550830066,0.06400361918893711,0.06174498844432789,0.030946253831401923,0.03079873461292596,0.9647107949583286,0.9647108902085395,0.058994079479157316,0.06287273319842894,0.0023891691000796256,0.0,,,,,,,,,,,,,,,
8,0.5,271828,7,certified,256,256,4,0.7853981633974483,0.25,0.06400362550830066,0.06400361918893711,0.06194168073562917,0.030946253831401923,0.030995426904227245,0.9677839379207654,0.9677840334744016,0.05964728406166799,0.06355929365825169,0.0007938608097380403,0.0,,,,,,,,,,,,,,,
12,0.5,42,0,certified,384,384,6,0.5235987755982988,0.16666666666666666,0.028446055781466955,0.028446052972860937,0.02850894718870104,0.01424720831728918,0.01426173887141186,1.0022109007912112,1.0022109997439752,0.027717183057886126,0.028522371101346203,0.0005096839959224933,0.0,0.4212418097582408,1.4528072665695726,2.630484230133554,0.006160248041775457,0.000591546997389034,3.1414423649779155,0.02842176386396495,0.07157750960832891,0.999146035651177,0.9991461343013331,0.02850894718870104,0.02839996803278093,0.0,0.003822629969419004,
12,0.5,42,1,certified,384,384,6,0.5235987755982988,0.16666666666666666,0.028446055781466955,0.028446052972860937,0.02818927499800205,0.014080106944878342,0.014109168053123705,0.9909730619444189,0.9909731597876209,0.027175990657001294,0.02794074980972236,0.0010309278350515377,0.0,0.41845461155286673,1.448187309107739,2.6190859270377174,0.005898471496953873,0.0005201533942558747,3.141519902732685,0.02808756111914328,0.06957955841646021,0.9873973859477123,0.9873974834378717,0.028225601383308752,0.028167479166818027,0.0012886597938144067,0.0007731958762886686,
12,0.5,42,2,certified,384,384,6,0.5235987755982988,0.16666666666666666,0.028446055781466955,0.028446052972860937,0.027964051409100486,0.014000188897203595,0.013963862511896892,0.983055493665997,0.9830555907274621,0.027743695815151435,0.028536293784200886,0.0012990387113535717,0.0,0.42072083742412913,1.4584112592176885,2.634625876766945,0.005908670583115753,0.0005881473020017407,3.141431871524555,0.02792045974673244,0.07119244992407786,0.9815230610959799,0.981523158006141,0.02811662222738864,0.027956786132039144,0.005455962587685052,0.000259807742270764,
12,0.5,42,3,certified,384,384,6,0.5235987755982988,0.16666666666666666,0.028446055781466955,0.028446052972860937,0.028734170777602604,0.014399779135577336,0.014334391642025268,1.0101284690696333,1.0101285688041342,0.027795631952495195,0.02860488219118409,0.002275600505689027,0.0,0.42224063717067234,1.4670124775721498,2.6525269464044547,0.006170447127937337,0.0006051457789382071,3.1413928052530644,0.02867604856111188,0.07368443995611773,1.0080852256429438,1.008085325175706,0.028770497162909307,0.02869057911523456,0.0012642225031605306,0.001517067003792685,
12,0.5,42,4,certified,384,384,6,0.5235987755982988,0.16666666666666666,0.028446055781466955,0.028446052972860937,0.028254662491554117,0.014123698607246387,0.014130963884307728,0.9932717107994447,0.9932718088696025,0.027795364827715035,0.028594305440468596,0.0002571355104139706,0.0,0.4214667812710107,1.4639209751139295,2.636623352111256,0.006054857484769365,0.000547350957354221,3.140893748994888,0.028196540275063388,0.07164289710188099,0.991228467372755,0.9912285652411743,0.0283055194309835,0.02818927499800205,0.0017999485728978559,0.0023142195937259197,
12,0.5,42,5,certified,384,384,6,0.5235987755982988,0.16666666666666666,0.028446055781466955,0.028446052972860937,0.02821833610624741,0.014130963884307728,0.014087372221939684,0.9919946836577637,0.9919947816018349,0.027551844959765516,0.028342700170812543,0.0015447991761070622,0.0,0.4192445566988732,1.4587995694026759,2.6167377835835612,0.00584407637075718,0.0005881473020017407,3.1413894742652935,0.028160213889756685,0.0704513916638211,0.9899514402310742,0.9899515379734067,0.028138418058572662,0.028094826396204618,0.0028321318228630194,0.004376930998970143,
12,0.5,42,6,certified,384,384,6,0.5235987755982988,0.16666666666666666,0.028446055781466955,0.028446052972860937,0.027462747291867977,0.01375316947711801,0.013709577814749966,0.9654325191108,0.9654326144322699,0.027553527870461083,0.028359712772006905,0.0015873015873015422,0.0,0.4189163926954696,1.4445217540086535,2.623850748873251,0.0060276599216710185,0.0006425424281984334,3.141397258690503,0.027448216737745293,0.06977572089711641,0.9649217082541275,0.9649218035251628,0.027578991724849428,0.027462747291867977,0.004232804232804197,0.0,
12,0.5,42,7,certified,384,384,6,0.5235987755982988,0.16666666666666666,0.028446055781466955,0.028446052972860937,0.028429029141026293,0.014203616654921135,0.014225412486105158,0.9994014410795132,0.9994015397548867,0.027834333171859574,0.028641087634209913,0.0007666751852798453,0.0,0.41795068764413995,1.4384349873544438,2.622180221541664,0.005857675152306353,0.0005949466927763272,3.1414816385899584,0.02839270275571959,0.0707202069150907,0.9981244139378322,0.9981245124871192,0.02842176386396495,0.028414498586903612,0.0002555583950933224,0.0005111167901865228,
12,0.5,7,0,certified,384,384,6,0.5235987755982988,0.16666666666666666,0.028446055781466955,0.028446052972860937,0.027789684759628307,0.013883944464222144,0.013905740295406165,0.9769257633859284,0.9769258598421777,0.027827531813400253,0.02862689691882472,0.0007843137254901427,0.0,,,,,,,,,,,0.027651644495462833,0.027826011144935013,0.0049673202614378825,0.0013071895424837583,
12,0.5,7,1,certified,384,384,6,0.5235987755982988,0.16666666666666666,0.028446055781466955,0.028446052972860937,0.028036704179713892,0.014021984728387617,0.014014719451326277,0.9856095479493588,0.9856096452629971,0.027121348203780885,0.02788726625458341,0.0002591344908007079,0.0,,,,,,,,,,,0.0280730305650206,0.028058500010897915,0.0012956724540037253,0.0007774034724021856,
12,0.5,7,2,certified,384,384,6,0.5235987755982988,0.16666666666666666,0.028446055781466955,0.028446052972860937,0.027949520854977806,0.013992923620142254,0.01395659723483555,0.9825446828093247,0.982544779820355,0.027968666828783555,0.02879150704748538,0.001299714062906196,0.0,,,,,,,,,,,0.027949520854977806,0.02797131668616183,0.0,0.0007798284377437053,
12,0.5,7,3,certified,384,384,6,0.5235987755982988,0.16666666666666666,0.028446055781466955,0.028446052972860937,0.02800764307146853,0.014029250005448957,0.013978393066019572,0.9845879262360142,0.9845880234487832,0.0276430055344697,0.028431981280533206,0.0018158236057068742,0.0,,,,,,,,,,,0.027964051409100486,0.027964051409100486,0.0015564202334630527,0.0015564202334630527,
12,0.5,7,4,certified,384,384,6,0.5235987755982988,0.16666666666666666,0.028446055781466955,0.028446052972860937,0.027644379218401495,0.01384761807891544,0.013796761139486054,0.9718176548192047,0.9718177507711077,0.02760940572200451,0.02838585784748544,0.0018396846254927727,0.0,,,,,,,,,,,0.02788413336142574,0.027767888928444288,0.008672798948751616,0.004467805519053886,
12,0.5,7,5,certified,384,384,6,0.5235987755982988,0.16666666666666666,0.028446055781466955,0.028446052972860937,0.02818927499800205,0.014080106944878342,0.014109168053123705,0.9909730619444189,0.9909731597876209,0.02751537743458587,0.028293738349790258,0.0010309278350515377,0.0,,,,,,,,,,,0.02818927499800205,0.028240131937431433,0.0,0.0018041237113401447,
12,0.5,7,6,certified,384,384,6,0.5235987755982988,0.16666666666666666,0.028446055781466955,0.028446052972860937,0.027978581963223167,0.013978393066019572,0.014000188897203595,0.9835663045226694,0.983566401634569,0.02763385742243136,0.028421090640099532,0.0007790184367696792,0.0,,,,,,,,,,,0.02801490834852987,0.02800037779440719,0.0012983640612827573,0.0007790184367696792,
12,0.5,7,7,certified,384,384,6,0.5235987755982988,0.16666666666666666,0.028446055781466955,0.028446052972860937,0.027942255577916464,0.014007454174264935,0.013934801403651529,0.9822892773809885,0.9822893743668015,0.02773008156862372,0.028517824754764606,0.0026001040041601134,0.0,,,,,,,,,,,0.027956786132039144,0.02792045974673244,0.0005200208008319979,0.0007800312012480588,
12,0.5,123,0,certified,384,384,6,0.5235987755982988,0.16666666666666666,0.028446055781466955,0.028446052972860937,0.02821833610624741,0.014101902776062365,0.014116433330185047,0.9919946836577637,0.9919947816018349,0.027506532800086036,0.028292303076485257,0.0005149330587023951,0.0,,,,,,,0.028131152781511324,0.0709672263351763,0.9889298185177294,0.9889299161591928,,,,,
12,0.5,123,1,certified,384,384,6,0.5235987755982988,0.16666666666666666,0.028446055781466955,0.028446052972860937,0.027876868084364397,0.013985658343080914,0.013891209741283484,0.9799906285259627,0.9799907252848199,0.0278161391553877,0.028621083911218054,0.0033880635913474248,0.0,,,,,,,0.02781874586787367,0.07039326944733038,0.9779473850992731,0.9779474816563918,,,,,
12,0.5,123,2,certified,384,384,6,0.5235987755982988,0.16666666666666666,0.028446055781466955,0.028446052972860937,0.028261927768615455,0.014116433330185047,0.01414549443843041,0.9935271162277808,0.9935272143231559,0.02733611859731088,0.028136599967845455,0.0010282776349614308,0.0,,,,,,,0.02820380555212473,0.07054584026561853,0.9914838728010913,0.9914839706947278,,,,,
12,0.5,123,3,certified,384,384,6,0.5235987755982988,0.16666666666666666,0.028446055781466955,0.028446052972860937,0.028349111093351545,0.014181820823737113,0.014167290269614432,0.9965919813678151,0.9965920797657981,0.02778146579667805,0.028584120137206164,0.000512557662737023,0.0,,,,,,,0.028312784708044842,0.07145399989828612,0.9953149542261341,0.9953150524980305,,,,,
12,0.5,123,4,certified,384,384,6,0.5235987755982988,0.16666666666666666,0.028446055781466955,0.028446052972860937,0.02840723330984227,0.014203616654921135,0.014203616654921135,0.9986352247945046,0.9986353233942261,0.02787237831091368,0.02865903821042062,0.0,0.0,,,,,,,0.028370906924535567,0.0722168539897269,0.9973581976528237,0.9973582961264587,,,,,
12,0.5,123,5,certified,384,384,6,0.5235987755982988,0.16666666666666666,0.028446055781466955,0.028446052972860937,0.0281093569503273,0.014021984728387617,0.014087372221939684,0.9881636022327208,0.9881636997985322,0.02762106888640045,0.0284208939172473,0.00232618247609204,0.0,,,,,,,0.028065765287959257,0.07207154844850008,0.9866311696627037,0.9866312670772112,,,,,
12,0.5,123,6,certified,384,384,6,0.5235987755982988,0.16666666666666666,0.028446055781466955,0.028446052972860937,0.02832004998510618,0.01416002499255309,0.01416002499255309,0.9955703596544703,0.995570457951584,0.02749345263666072,0.02827458620054507,0.0,0.0,,,,,,,0.028269193045676797,0.07136681657355003,0.993782521656117,0.9937826197767095,,,,,
12,0.5,123,7,certified,384,384,6,0.5235987755982988,0.16666666666666666,0.028446055781466955,0.028446052972860937,0.027876868084364397,0.013905740295406165,0.013971127788958232,0.9799906285259627,0.9799907252848199,0.027297865877830913,0.028068474200607544,0.0023455824863174626,0.0,,,,,,,0.027826011144935013,0.07181726375135315,0.9782027905276094,0.9782028871099454,,,,,
12,0.5,2023,0,certified,384,384,6,0.5235987755982988,0.16666666666666666,0.028446055781466955,0.028446052972860937,0.028516212465762383,0.01424720831728918,0.014269004148473203,1.0024663062195476,1.002466405197529,0.028002061268976145,0.0287990069401938,0.0007643312101910916,0.0,,,,,,,,,,,0.02858159995931445,0.02861066106755981,0.0022929936305732747,0.003312101910827982,
12,0.5,2023,1,certified,384,384,6,0.5235987755982988,0.16666666666666666,0.028446055781466955,0.028446052972860937,0.028240131937431433,0.01413822916136907,0.014101902776062365,0.9927608999427722,0.9927609979624954,0.027817907075167802,0.028632464942869466,0.0012863390789812548,0.0,,,,,,,,,,,0.028152948612695346,0.028145683335634004,0.003087213789554839,0.003344481605351127,
12,0.5,2023,2,certified,384,384,6,0.5235987755982988,0.16666666666666666,0.028446055781466955,0.028446052972860937,0.02760078755603345,0.013774965308302032,0.013825822247731417,0.9702852222491876,0.9702853180497866,0.028005770984497563,0.02882494569797411,0.0018425901553040275,0.0,,,,,,,,,,,0.02773156254313758,0.027593522278972108,0.004738088970781713,0.00026322716504347736,
12,0.5,2023,3,certified,384,384,6,0.5235987755982988,0.16666666666666666,0.028446055781466955,0.028446052972860937,0.02859613051343713,0.014298065256718565,0.014298065256718565,1.0052757659312457,1.0052758651866174,0.028080491548880235,0.028885079879970778,0.0,0.0,,,,,,,,,,,0.028857680487645396,0.02881408882527735,0.009146341463414618,0.007621951219512161,
12,0.5,2023,4,certified,384,384,6,0.5235987755982988,0.16666666666666666,0.028446055781466955,0.028446052972860937,0.028458090249271657,0.01426173887141186,0.014196351377859795,1.000423062792858,1.0004231615691008,0.027735054676572123,0.02853405459997789,0.0022976767934643513,0.0,,,,,,,,,,,0.028516212465762383,0.028443559695148973,0.002042379371968326,0.0005105948429921729,
12,0.5,2023,5,certified,384,384,6,0.5235987755982988,0.16666666666666666,0.028446055781466955,0.028446052972860937,0.028617926344621153,0.014290799979657225,0.014327126364963928,1.0060419822162543,1.006042081547278,0.027687715070777837,0.028502782956771982,0.0012693577050012434,0.0,,,,,,,,,,,0.02871237494641858,0.028530743019885063,0.003300330033003257,0.0030464584920030812,
12,0.5,2023,6,certified,384,384,6,0.5235987755982988,0.16666666666666666,0.028446055781466955,0.028446052972860937,0.028312784708044842,0.014130963884307728,0.014181820823737113,0.9953149542261341,0.9953150524980305,0.027824883674525958,0.028611994376215616,0.001796253528355145,0.0,,,,,,,,,,,0.028450824972210315,0.02842176386396495,0.004875545291249653,0.003849114703618089,
12,0.5,2023,7,certified,384,384,6,0.5235987755982988,0.16666666666666666,0.028446055781466955,0.028446052972860937,0.028196540275063388,0.014116433330185047,0.014080106944878342,0.991228467372755,0.9912285652411743,0.027808132480840485,0.02862695516388449,0.0012883277505797827,0.0,,,,,,,,,,,0.028065765287959257,0.028160213889756685,0.004637979902087021,0.0012883277505797213,
12,0.5,314159,0,certified,384,384,6,0.5235987755982988,0.16666666666666666,0.028446055781466955,0.028446052972860937,0.027927725023793783,0.01394933195777421,0.013978393066019572,0.9817784665243161,0.9817785634596945,0.02793333523322198,0.028752661254866446,0.0010405827263267342,0.0,,,,,,,0.02788413336142574,0.07049498332618914,0.980246033954299,0.9802461307383734,,,,,
12,0.5,314159,1,certified,384,384,6,0.5235987755982988,0.16666666666666666,0.028446055781466955,0.028446052972860937,0.028872211041768077,0.014465166629129401,0.014407044412638676,1.0149811722080209,1.014981272421651,0.02784167241513873,0.028641147608153495,0.0020130850528434657,0.0,,,,,,,0.028821354102338693,0.07268909699871405,1.0131933342096675,1.0131934342467763,,,,,
12,0.5,314159,2,certified,384,384,6,0.5235987755982988,0.16666666666666666,0.028446055781466955,0.028446052972860937,0.027666175049585517,0.013789495862424714,0.013876679187160802,0.9725838711042133,0.9725839671317682,0.027621232794652433,0.02841540723676848,0.003151260504201654,0.0,,,,,,,0.02760805283309479,0.07077106385452009,0.9705406276775236,0.97054072350334,,,,,
12,0.5,314159,3,certified,384,384,6,0.5235987755982988,0.16666666666666666,0.028446055781466955,0.028446052972860937,0.028327315262167523,0.01416002499255309,0.014167290269614432,0.9958257650828065,0.9958258634051376,0.027630675527406588,0.028426062730910456,0.00025647601949222126,0.0,,,,,,,0.028283723599799478,0.07254379145748723,0.9942933325127894,0.9942934306838165,,,,,
12,0.5,314159,4,certified,384,384,6,0.5235987755982988,0.16666666666666666,0.028446055781466955,0.028446052972860937,0.0283055194309835,0.014167290269614432,0.01413822916136907,0.9950595487977979,0.995059647044477,0.027926952158100753,0.028734307275660873,0.0010266940451745294,0.0,,,,,,,0.028269193045676797,0.07110526659934177,0.993782521656117,0.9937826197767095,,,,,
12,0.5,314159,5,certified,384,384,6,0.5235987755982988,0.16666666666666666,0.028446055781466955,0.028446052972860937,0.028051234733836576,0.0140365152825103,0.014014719451326277,0.9861203588060313,0.9861204561701042,0.027884217493573546,0.028688998740133104,0.0007770007770007859,0.0,,,,,,,0.027993112517345847,0.0706475541444773,0.9840771153793417,0.984077212541676,,,,,
12,0.5,314159,6,certified,384,384,6,0.5235987755982988,0.16666666666666666,0.028446055781466955,0.028446052972860937,0.02847988608045568,0.014225412486105158,0.01425447359435052,1.0011892790778667,1.0011893779297614,0.02744377513933302,0.02823063283088463,0.0010204081632652973,0.0,,,,,,,0.028414498586903612,0.0717882026431078,0.9988906302228409,0.9988907288477797,,,,,
12,0.5,314159,7,certified,384,384,6,0.5235987755982988,0.16666666666666666,0.028446055781466955,0.028446052972860937,0.028538008296946405,0.01426173887141186,0.014276269425534543,1.0032325225045562,1.0032326215581895,0.027654486552584796,0.028490749085462366,0.0005091649694501279,0.0,,,,,,,0.028487151357517018,0.07266003589046868,1.0014446845062026,1.0014447833833147,,,,,
12,0.5,271828,0,certified,384,384,6,0.5235987755982988,0.16666666666666666,0.028446055781466955,0.028446052972860937,0.0281093569503273,0.014072841667817002,0.0140365152825103,0.9881636022327208,0.9881636997985322,0.027970055188708685,0.028787246212174027,0.00129232359782887,0.0,,,,,,,,,,,,,,,
12,0.5,271828,1,certified,384,384,6,0.5235987755982988,0.16666666666666666,0.028446055781466955,0.028446052972860937,0.02802217362559121,0.014021984728387617,0.014000188897203595,0.9850987370926866,0.9850988343558901,0.02760230971197463,0.028393149164784328,0.0007778065854290989,0.0,,,,,,,,,,,,,,,
12,0.5,271828,2,certified,384,384,6,0.5235987755982988,0.16666666666666666,0.028446055781466955,0.028446052972860937,0.028755966608786626,0.014377983304393313,0.014377983304393313,1.0108946853546419,1.0108947851647947,0.02788401011226297,0.028693136176125116,0.0,0.0,,,,,,,,,,,,,,,
12,0.5,271828,3,certified,384,384,6,0.5235987755982988,0.16666666666666666,0.028446055781466955,0.028446052972860937,0.028254662491554117,0.014116433330185047,0.01413822916136907,0.9932717107994447,0.9932718088696025,0.02766731988896881,0.02846941901531493,0.0007714065312419732,0.0,,,,,,,,,,,,,,,
12,0.5,271828,4,certified,384,384,6,0.5235987755982988,0.16666666666666666,0.028446055781466955,0.028446052972860937,0.028341845816290203,0.01424720831728918,0.014094637499001025,0.9963365759394789,0.9963366743122445,0.027430207815985364,0.02821067389925677,0.0053832350679313004,0.0,,,,,,,,,,,,,,,
12,0.5,271828,5,certified,384,384,6,0.5235987755982988,0.16666666666666666,0.028446055781466955,0.028446052972860937,0.028152948612695346,0.014080106944878342,0.014072841667817002,0.989696034802738,0.9896961325198533,0.027703059104538786,0.028519978747781352,0.00025806451612901465,0.0,,,,,,,,,,,,,,,
12,0.5,271828,6,certified,384,384,6,0.5235987755982988,0.16666666666666666,0.028446055781466955,0.028446052972860937,0.027680705603708198,0.013811291693608736,0.013869413910099462,0.9730946819608856,0.9730947780388751,0.02754610726530925,0.02832813168524714,0.002099737532808381,0.0,,,,,,,,,,,,,,,
12,0.5,271828,7,certified,384,384,6,0.5235987755982988,0.16666666666666666,0.028446055781466955,0.028446052972860937,0.02800764307146853,0.013978393066019572,0.014029250005448957,0.9845879262360142,0.9845880234487832,0.027488004914321136,0.02827598403188998,0.0018158236057068742,0.0,,,,,,,,,,,,,,,
16,0.5,42,0,certified,512,512,8,0.39269908169872414,0.125,0.016000906377075165,0.01600090479723428,0.015863687378838896,0.007929803081318233,0.007933884297520661,0.9914242984114409,0.9914243962991955,0.015720457863056078,0.01596870640038245,0.0002572678157962709,0.0,0.3160170787892678,1.063853369988805,2.286817420660638,0.003279415362035225,0.00034972786203522503,3.1413602761455004,0.015839200081624323,0.03981634527089072,0.9898939290287629,0.9898940267654173,0.015896337108458322,0.015896337108458322,0.0020581425263699487,0.0020581425263699487,
16,0.5,42,1,certified,512,512,8,0.39269908169872414,0.125,0.016000906377075165,0.01600090479723428,0.015688195082134475,0.007856341189674524,0.007831853892459953,0.9804566511689163,0.9804567479737861,0.01594859144769903,0.01621023108758052,0.0015608740894901682,0.0,0.31602203259870265,1.0557902804752,2.2618024024018037,0.0032755931996086107,0.00030386191291585126,3.141258159326308,0.01568003264972962,0.03895520865217835,0.9799465280413573,0.9799466247958604,0.01565554535251505,0.01565554535251505,0.002081165452653484,0.002081165452653484,
16,0.5,42,2,certified,512,512,8,0.39269908169872414,0.125,0.016000906377075165,0.01600090479723428,0.015520865217834915,0.007782879298030813,0.007737985919804102,0.9699991270539514,0.9699992228263031,0.015749955488754783,0.016006732572629422,0.0028924533263212943,0.0,0.31353946038717784,1.0551692894723974,2.289503530834332,0.0034475905088062623,0.0003707497553816047,3.141572700855151,0.015504540353025202,0.03957555351494745,0.9689788807988329,0.9689789764704511,0.015618814406693195,0.015610651974288337,0.006310807257428339,0.005784906652642589,
16,0.5,42,3,certified,512,512,8,0.39269908169872414,0.125,0.016000906377075165,0.01600090479723428,0.015937149270482603,0.00793796551372309,0.007999183756759514,0.9960154065594742,0.9960155049005294,0.015513958488169572,0.015762572146410723,0.0038412291933418385,0.0,0.315849826251071,1.0635574637208207,2.2982730318852926,0.00342847969667319,0.00033635029354207435,3.1414203237328016,0.01592898683807775,0.04045709621467197,0.995505283431915,0.9955053817226035,0.015851443730231608,0.015859606162636465,0.005377720870678639,0.0048655569782330025,
16,0.5,42,4,certified,512,512,8,0.39269908169872414,0.125,0.016000906377075165,0.01600090479723428,0.015884093459851034,0.007946127946127946,0.00793796551372309,0.9926996062303388,0.9926997042440103,0.015855764000402273,0.01610883632597614,0.000513874614593984,0.0,0.3157199406704062,1.0647648493940773,2.3026334560562423,0.0033711472602739726,0.0003344392123287671,3.141513938367801,0.01587593102744618,0.04053872053872054,0.9921894831027798,0.9921895810660845,0.015863687378838896,0.01582287521681461,0.0012846865364849053,0.0038540596094551525,
16,0.5,42,5,certified,512,512,8,0.39269908169872414,0.125,0.016000906377075165,0.01600090479723428,0.016055504540353024,0.008027752270176512,0.008027752270176512,1.0034121919090835,1.0034122909804566,0.015831526745521688,0.016089826861142287,0.0,0.0,0.31597821915219565,1.0725201166695093,2.303003481977011,0.0034323018590998043,0.0003764829990215264,3.1415680323258277,0.016039179675543313,0.040857055402509945,1.0023919456539652,1.0023920446246046,0.01604326089174574,0.016047342107948167,0.0007625826131163932,0.0005083884087443341,
16,0.5,42,6,certified,512,512,8,0.39269908169872414,0.125,0.016000906377075165,0.01600090479723428,0.01592898683807775,0.007966534027140088,0.007962452810937659,0.995505283431915,0.9955053817226035,0.01581205261707255,0.016065222423145353,0.0002562131693569319,0.0,0.3158496547864156,1.0679118120038604,2.301123074063087,0.0035163894324853227,0.0003000397504892368,3.141390054761834,0.015912661973268034,0.040673400673400674,0.9944850371767964,0.9944851353667514,0.015994286297316602,0.01602693602693603,0.004099410709710474,0.006149116064565712,
16,0.5,42,7,certified,512,512,8,0.39269908169872414,0.125,0.016000906377075165,0.01600090479723428,0.01616161616161616,0.008088970513212938,0.008072645648403223,1.0100437925673542,1.0100438922934947,0.015800790556499644,0.016048611144992436,0.0010101010101011164,0.0,0.31621271683816565,1.0716801620262348,2.304283159549048,0.00353932240704501,0.0002866621819960861,3.1413496941895627,0.016128966431996735,0.04088154269972452,1.0080033000571171,1.0080033995817905,0.016153453729211304,0.016133047648199162,0.0005050505050505582,0.0017676767676768463,
16,0.5,7,0,certified,512,512,8,0.39269908169872414,0.125,0.016000906377075165,0.01600090479723428,0.015953474135292318,0.007978777675747372,0.007974696459544944,0.9970356528145928,0.9970357512563816,0.015657387848800695,0.015908365024692096,0.00025581990278846384,0.0,,,,,,,,,,,0.015908580757065607,0.01589225589225589,0.002814018930672776,0.0038372985418266316,
16,0.5,7,1,certified,512,512,8,0.39269908169872414,0.125,0.016000906377075165,0.01600090479723428,0.01592898683807775,0.007991021324354657,0.00793796551372309,0.995505283431915,0.9955053817226035,0.015840657767520548,0.016097238024731623,0.0033307712016396786,0.0,,,,,,,,,,,0.015953474135292318,0.015924905621875318,0.0015372790161413735,0.0002562131693570408,
16,0.5,7,2,certified,512,512,8,0.39269908169872414,0.125,0.016000906377075165,0.01600090479723428,0.01597388021630446,0.007974696459544944,0.007999183756759514,0.998310960633491,0.9983110592011966,0.015636247608270027,0.01588118242249859,0.0015329586101175794,0.0,,,,,,,,,,,0.015961636567697175,0.015941230486685033,0.0007664793050587354,0.0020439448134900334,
16,0.5,7,3,certified,512,512,8,0.39269908169872414,0.125,0.016000906377075165,0.01600090479723428,0.016128966431996735,0.008064483215998368,0.008064483215998368,1.0080033000571171,1.0080033995817905,0.015829707211920285,0.01608536625495229,0.0,0.0,,,,,,,,,,,0.016157534945413735,0.016149372513008877,0.0017712550607288237,0.0012651821862348434,
16,0.5,7,4,certified,512,512,8,0.39269908169872414,0.125,0.016000906377075165,0.01600090479723428,0.01616977859402102,0.008101214161820223,0.008068564432200796,1.0105539156949135,1.0105540154714208,0.01589478977641345,0.01615405713904381,0.0020191822311963633,0.0,,,,,,,,,,,0.016137128864401593,0.016133047648199162,0.0020191822311963633,0.0022715800100960425,
16,0.5,7,5,certified,512,512,8,0.39269908169872414,0.125,0.016000906377075165,0.01600090479723428,0.015835118865421896,0.00790939700030609,0.007925721865115804,0.9896388674649833,0.9896389651764544,0.01578418281682737,0.016044239054803684,0.0010309278350515453,0.0,,,,,,,,,,,0.015790225487195185,0.015790225487195185,0.002835051546391722,0.002835051546391722,
16,0.5,7,6,certified,512,512,8,0.39269908169872414,0.125,0.016000906377075165,0.01600090479723428,0.016177941026425877,0.008113457810427507,0.008064483215998368,1.0110640388224728,1.0110641386493469,0.015886384388720202,0.01613936727184999,0.003027245206861752,0.0,,,,,,,,,,,0.016055504540353024,0.016047342107948167,0.007568113017154541,0.008072653884964887,
16,0.5,7,7,certified,512,512,8,0.39269908169872414,0.125,0.016000906377075165,0.01600090479723428,0.015884093459851034,0.007933884297520661,0.007950209162330375,0.9926996062303388,0.9926997042440103,0.015648290313947832,0.015910154923363094,0.001027749229188077,0.0,,,,,,,,,,,0.015924905621875318,0.01591674318947046,0.0025693730729702473,0.002055498458376154,
16,0.5,123,0,certified,512,512,8,0.39269908169872414,0.125,0.016000906377075165,0.01600090479723428,0.01567595143352719,0.00784001632486481,0.007835935108662382,0.9796914664775775,0.9796915632068972,0.015736004437739176,0.01599227803970254,0.00026034886748245385,0.0,,,,,,,0.015667789001122333,0.03951841648811346,0.9791813433500182,0.9791814400289711,,,,,
16,0.5,123,1,certified,512,512,8,0.39269908169872414,0.125,0.016000906377075165,0.01600090479723428,0.01616569737781859,0.008072645648403223,0.008093051729415365,1.0102988541311337,1.0102989538824576,0.015692039027780883,0.015942688529985406,0.0012623074981065643,0.0,,,,,,,0.016157534945413735,0.04102030405060708,1.0097887310035745,1.0097888307045317,,,,,
16,0.5,123,2,certified,512,512,8,0.39269908169872414,0.125,0.016000906377075165,0.01600090479723428,0.015957555351494745,0.007982858891949801,0.007974696459544944,0.9972907143783724,0.9972908128453445,0.015811000981712092,0.016070461805855703,0.0005115089514067035,0.0,,,,,,,0.01594531170288746,0.040032649729619424,0.9965255296870335,0.9965256280784555,,,,,
16,0.5,123,3,certified,512,512,8,0.39269908169872414,0.125,0.016000906377075165,0.01600090479723428,0.015957555351494745,0.007974696459544944,0.007982858891949801,0.9972907143783724,0.9972908128453445,0.015743442825380784,0.0159961898342391,0.0005115089514067035,0.0,,,,,,,0.01592898683807775,0.04050607080910111,0.995505283431915,0.9955053817226035,,,,,
16,0.5,123,4,certified,512,512,8,0.39269908169872414,0.125,0.016000906377075165,0.01600090479723428,0.016275890215284156,0.008142026323844505,0.00813386389143965,1.017185516353184,1.0171856167844588,0.015983396964119375,0.016238195099174485,0.000501504513540568,0.0,,,,,,,0.016271808999081726,0.040257116620752986,1.0169304547894042,1.0169305551954957,,,,,
16,0.5,123,5,certified,512,512,8,0.39269908169872414,0.125,0.016000906377075165,0.01600090479723428,0.015553514947454342,0.007754310784613815,0.007799204162840526,0.9720396195641885,0.9720397155380072,0.015536165774007805,0.015784763060999414,0.002886381527158195,0.0,,,,,,,0.015545352515049484,0.04044077134986226,0.9715294964366292,0.9715295923600811,,,,,
16,0.5,123,6,certified,512,512,8,0.39269908169872414,0.125,0.016000906377075165,0.01600090479723428,0.015957555351494745,0.00800734618916437,0.007950209162330375,0.9972907143783724,0.9972908128453445,0.01572332301693058,0.015974557076992288,0.0035805626598464893,0.0,,,,,,,0.015949392919089887,0.04035914702581369,0.996780591250813,0.9967806896674184,,,,,
16,0.5,123,7,certified,512,512,8,0.39269908169872414,0.125,0.016000906377075165,0.01600090479723428,0.01594531170288746,0.007970615243342517,0.007974696459544944,0.9965255296870335,0.9965256280784555,0.01568192291279398,0.01593920927450083,0.00025595085743529053,0.0,,,,,,,0.01594531170288746,0.04019997959391899,0.9965255296870335,0.9965256280784555,,,,,
16,0.5,2023,0,certified,512,512,8,0.39269908169872414,0.125,0.016000906377075165,0.01600090479723428,0.015594327109478624,0.007803285379042955,0.00779104173043567,0.9745902352019848,0.9745903314276371,0.015438365288789483,0.015684162104312376,0.0007851347814708462,0.0,,,,,,,,,,,0.015598408325681053,0.015573921028466484,0.0002617115938236339,0.0013085579691179473,
16,0.5,2023,1,certified,512,512,8,0.39269908169872414,0.125,0.016000906377075165,0.01600090479723428,0.016084073053770024,0.008031833486378941,0.008052239567391083,1.005197622855541,1.0051977221031976,0.015609613661646121,0.015862299568319707,0.0012687135244861965,0.0,,,,,,,,,,,0.01607182940516274,0.016051423324150597,0.0007612281146916749,0.0020299416391778716,
16,0.5,2023,2,certified,512,512,8,0.39269908169872414,0.125,0.016000906377075165,0.01600090479723428,0.015806550352004897,0.007921640648913377,0.007884909703091521,0.9878534365185259,0.9878535340537132,0.015819699129708112,0.016076519825847346,0.0023237800154918917,0.0,,,,,,,,,,,0.015855524946434038,0.015867768595041323,0.003098373353989262,0.003872966692486523,
16,0.5,2023,3,certified,512,512,8,0.39269908169872414,0.125,0.016000906377075165,0.01600090479723428,0.016047342107948167,0.008019589837771656,0.008027752270176512,1.0029020687815242,1.0029021678025305,0.01574354608075493,0.015997639195098865,0.0005086469989826515,0.0,,,,,,,,,,,0.01608815426997245,0.01607182940516274,0.0025432349949135818,0.0015259409969482786,
16,0.5,2023,4,certified,512,512,8,0.39269908169872414,0.125,0.016000906377075165,0.01600090479723428,0.015884093459851034,0.007925721865115804,0.00795837159473523,0.9926996062303388,0.9926997042440103,0.01574152425286918,0.015990788497524052,0.002055498458376154,0.0,,,,,,,,,,,0.015806550352004897,0.01583103764921947,0.004881808838643339,0.0033401849948610594,
16,0.5,2023,5,certified,512,512,8,0.39269908169872414,0.125,0.016000906377075165,0.01600090479723428,0.015794306703397612,0.00788899091929395,0.007905315784103664,0.987088251827187,0.9870883492868243,0.015562496858216585,0.015806637236358813,0.0010335917312661487,0.0,,,,,,,,,,,0.015716763595551474,0.01580246913580247,0.0049095607235141794,0.0005167958656331293,
16,0.5,2023,6,certified,512,512,8,0.39269908169872414,0.125,0.016000906377075165,0.01600090479723428,0.016022854810733598,0.00798694010815223,0.00803591470258137,1.0013716993988464,1.0013717982687524,0.015835091567250686,0.01608977381889432,0.0030565461029037158,0.0,,,,,,,,,,,0.01601877359453117,0.016002448729721456,0.0002547121752418951,0.0012735608762099086,
16,0.5,2023,7,certified,512,512,8,0.39269908169872414,0.125,0.016000906377075165,0.01600090479723428,0.016059585756555455,0.008039995918783797,0.008019589837771656,1.0036672534728632,1.0036673525694197,0.016064168185305757,0.01632533365558726,0.0012706480304954702,0.0,,,,,,,,,,,0.016084073053770024,0.016100397918579736,0.0015247776365946075,0.0025412960609909403,
16,0.5,314159,0,certified,512,512,8,0.39269908169872414,0.125,0.016000906377075165,0.01600090479723428,0.015663707784919906,0.007819610243852668,0.007844097541067237,0.9789262817862386,0.9789263784400082,0.01587592508885207,0.016128380921001204,0.001563314226159401,0.0,,,,,,,0.01565146413631262,0.04045709621467197,0.9781610970948997,0.9781611936731192,,,,,
16,0.5,314159,1,certified,512,512,8,0.39269908169872414,0.125,0.016000906377075165,0.01600090479723428,0.016006529945923886,0.00798694010815223,0.008019589837771656,1.000351453143728,1.0003515519129005,0.015708445298944,0.015964920884858166,0.0020397756246812826,0.0,,,,,,,0.015994286297316602,0.039673502703805735,0.9995862684523892,0.9995863671460116,,,,,
16,0.5,314159,2,certified,512,512,8,0.39269908169872414,0.125,0.016000906377075165,0.01600090479723428,0.01589225589225589,0.00795837159473523,0.007933884297520661,0.9932097293578982,0.9932098274219364,0.015512479601571818,0.015759801896008244,0.0015408320493065695,0.0,,,,,,,0.015888174676053465,0.04025303540455056,0.9929546677941187,0.9929547658329735,,,,,
16,0.5,314159,3,certified,512,512,8,0.39269908169872414,0.125,0.016000906377075165,0.01600090479723428,0.016251402918069584,0.00812978267523722,0.008121620242832365,1.015655146970506,1.0156552472506808,0.01604900755685533,0.016305902402256284,0.0005022601707684042,0.0,,,,,,,0.016247321701867157,0.040673400673400674,1.0154000854067264,1.0154001856617179,,,,,
16,0.5,314159,4,certified,512,512,8,0.39269908169872414,0.125,0.016000906377075165,0.01600090479723428,0.01582695643301704,0.00791347821650852,0.00791347821650852,0.989128744337424,0.9891288419985284,0.01581093829338288,0.01606807203847806,0.0,0.0,,,,,,,0.01581879400061218,0.04019181716151413,0.9886186212098647,0.9886187188206023,,,,,
16,0.5,314159,5,certified,512,512,8,0.39269908169872414,0.125,0.016000906377075165,0.01600090479723428,0.016084073053770024,0.008023671053974083,0.008060401999795939,1.005197622855541,1.0051977221031976,0.015777252531476604,0.016031091092443654,0.0022836843440751323,0.0,,,,,,,0.016063666972757882,0.040661157024793386,1.003922315036643,1.0039224141583827,,,,,
16,0.5,314159,6,certified,512,512,8,0.39269908169872414,0.125,0.016000906377075165,0.01600090479723428,0.015904499540863176,0.007942046729925517,0.007962452810937659,0.9939749140492371,0.9939750121888253,0.015817024349040424,0.016079517741165762,0.0012830382345394152,0.0,,,,,,,0.01589225589225589,0.04074686256504438,0.9932097293578982,0.9932098274219364,,,,,
16,0.5,314159,7,certified,512,512,8,0.39269908169872414,0.125,0.016000906377075165,0.01600090479723428,0.015904499540863176,0.00791347821650852,0.007991021324354657,0.9939749140492371,0.9939750121888253,0.01590219688474849,0.016156560217321824,0.004875545291249647,0.0,,,,,,,0.015884093459851034,0.04010611162126314,0.9926996062303388,0.9926997042440103,,,,,
16,0.5,271828,0,certified,512,512,8,0.39269908169872414,0.125,0.016000906377075165,0.01600090479723428,0.01616569737781859,0.00808488929701051,0.00808080808080808,1.0102988541311337,1.0102989538824576,0.01572645763066897,0.015981708799165793,0.0002524614996213343,0.0,,,,,,,,,,,,,,,
16,0.5,271828,1,certified,512,512,8,0.39269908169872414,0.125,0.016000906377075165,0.01600090479723428,0.015810631568207327,0.007897153351698806,0.00791347821650852,0.9881084980823056,0.9881085956426764,0.015772014198154924,0.016026879363840008,0.0010325245224574071,0.0,,,,,,,,,,,,,,,
16,0.5,271828,2,certified,512,512,8,0.39269908169872414,0.125,0.016000906377075165,0.01600090479723428,0.015941230486685033,0.007970615243342517,0.007970615243342517,0.9962704681232539,0.9962705664894925,0.015734182811599464,0.01599081994615668,0.0,0.0,,,,,,,,,,,,,,,
16,0.5,271828,3,certified,512,512,8,0.39269908169872414,0.125,0.016000906377075165,0.01600090479723428,0.016006529945923886,0.008011427405366799,0.007995102540557086,1.000351453143728,1.0003515519129005,0.01596030848641527,0.0162169436634225,0.0010198878123406413,0.0,,,,,,,,,,,,,,,
16,0.5,271828,4,certified,512,512,8,0.39269908169872414,0.125,0.016000906377075165,0.01600090479723428,0.016002448729721456,0.007978777675747372,0.008023671053974083,1.0000963915799483,1.0000964903239375,0.015926659345661124,0.01618654734252165,0.002805406783983648,0.0,,,,,,,,,,,,,,,
16,0.5,271828,5,certified,512,512,8,0.39269908169872414,0.125,0.016000906377075165,0.01600090479723428,0.015839200081624323,0.007950209162330375,0.00788899091929395,0.9898939290287629,0.9898940267654173,0.015735478620709325,0.015990828658777732,0.0038649832517392113,0.0,,,,,,,,,,,,,,,
16,0.5,271828,6,certified,512,512,8,0.39269908169872414,0.125,0.016000906377075165,0.01600090479723428,0.015924905621875318,0.007966534027140088,0.00795837159473523,0.9952502218681353,0.9952503201336405,0.01570909228211659,0.015964497020214848,0.0005125576627371119,0.0,,,,,,,,,,,,,,,
16,0.5,271828,7,certified,512,512,8,0.39269908169872414,0.125,0.016000906377075165,0.01600090479723428,0.015867768595041323,0.007925721865115804,0.007942046729925517,0.9916793599752204,0.9916794578881584,0.015705036078459224,0.01595565213539946,0.0010288065843621387,0.0,,,,,,,,,,,,,,,
24,0.5,42,0,certified,768,768,12,0.2617993877991494,0.08333333333333333,0.007111513945366739,0.007111513243215234,0.007044664513476159,0.0035214265400353956,0.0035232379734407636,0.9905998311464842,0.9905999289528354,0.007095284379469691,0.007145522639526299,0.0002571355104139905,0.0,0.21053421631926159,0.682975634045803,1.663853945819478,0.0015507863428943938,0.0001570309104737071,3.1414763864142947,0.007044664513476159,0.018190414256705475,0.9905998311464842,0.9905999289528354,0.0070736474479620465,0.00706096741412447,0.004114168166623725,0.0023142195937257914,
24,0.5,42,1,certified,768,768,12,0.2617993877991494,0.08333333333333333,0.007111513945366739,0.007111513243215234,0.007019304445801007,0.0035141808064139235,0.0035051236393870834,0.9870337736417141,0.9870338710959725,0.007050181247020114,0.007098783067264756,0.001290322580645173,0.0,0.21010029455498871,0.6735239646679203,1.6354840280504712,0.0014565677966101695,0.000148542753150804,3.1407460124217774,0.007015681578990271,0.017618001300609185,0.9865243368553184,0.9865244342592778,0.007030173046233215,0.007024738746017111,0.0015483870967742076,0.0007741935483871038,
24,0.5,42,2,certified,768,768,12,0.2617993877991494,0.08333333333333333,0.007111513945366739,0.007111513243215234,0.007089950348610359,0.0035522209079266514,0.0035377294406837073,0.9969677909764307,0.996967889411519,0.007134348485305311,0.007186555158539843,0.002043944813490054,0.0,0.21158663373830397,0.6783213731466189,1.6512398026064568,0.0014879739787049108,0.00016127498913515861,3.1414352248157034,0.007089950348610359,0.01801108234957404,0.9969677909764307,0.996967889411519,0.007129801883528455,0.007109876116069407,0.005620848237097649,0.0028104241185488246,
24,0.5,42,3,certified,768,768,12,0.2617993877991494,0.08333333333333333,0.007111513945366739,0.007111513243215234,0.007115310416285511,0.0035612780749534915,0.0035540323413320194,1.0005338484812007,1.0005339472683819,0.007123172561546388,0.007174585681379618,0.001018329938900213,0.0,0.2110140619772518,0.6792671246591997,1.6594505858872028,0.0015321123967840069,0.00015108920034767492,3.141582600524449,0.007113498982880143,0.017982099415088153,1.000279130088003,1.0002792288500346,0.007131613316933823,0.007140670483960663,0.002291242362525479,0.003564154786150745,
24,0.5,42,4,certified,768,768,12,0.2617993877991494,0.08333333333333333,0.007111513945366739,0.007111513243215234,0.007146104784176767,0.0035703352419803316,0.0035757695421964357,1.0048640611655644,1.0048641603802868,0.00703247820916828,0.007082376932177405,0.0007604562737642653,0.0,0.211364988190101,0.6842324010599565,1.6726126146963571,0.0015321123967840069,0.00013326406996957843,3.1414069512233542,0.007146104784176767,0.018288231660595344,1.0048640611655644,1.0048641603802868,0.007135236183744559,0.007126179016717719,0.0015209125475285307,0.0027883396704689732,
24,0.5,42,5,certified,768,768,12,0.2617993877991494,0.08333333333333333,0.007111513945366739,0.007111513243215234,0.007080893181583519,0.0035268608402514996,0.0035540323413320194,0.9956941990104413,0.9956942973197823,0.007127376618329745,0.00717865821501927,0.0038372985418265275,0.0,0.21157915881603392,0.6815620685546415,1.6594186397775519,0.0015032526618861365,0.00017315840938722296,3.141467458300316,0.007079081748178151,0.01799477944892573,0.9954394806172435,0.995439578901435,0.007077270314772783,0.007093573215421095,0.0005116398055768786,0.0017907393195190748,
24,0.5,42,6,certified,768,768,12,0.2617993877991494,0.08333333333333333,0.007111513945366739,0.007111513243215234,0.007173276285257287,0.0035848267092232753,0.0035884495760340114,1.0086848370635324,1.008684936655497,0.007189254572761632,0.007240165737174029,0.0005050505050505096,0.0,0.21172951431989745,0.6851391946571488,1.6858501234746148,0.0015864366036505866,0.00014514749022164275,3.1414171315820143,0.007169653418446551,0.018480243601564354,1.0081754002771366,1.0081754998188024,0.0071569733846089745,0.007166030551635815,0.0022727272727272934,0.0010101010101010192,
24,0.5,42,7,certified,768,768,12,0.2617993877991494,0.08333333333333333,0.007111513945366739,0.007111513243215234,0.007140670483960663,0.0035630895083588595,0.0035775809756018037,1.004099905985971,1.0041000051252449,0.0070389417056181906,0.0070903880441290845,0.0020294266869609516,0.0,0.21119601881189082,0.6804646634578723,1.6680344218905887,0.001482881084311169,0.00014599630595393308,3.141233463071638,0.007140670483960663,0.018279174493568504,1.004099905985971,1.0041000051252449,0.007144293350771399,0.007151539084392871,0.0005073566717402379,0.0015220700152207137,
24,0.5,7,0,certified,768,768,12,0.2617993877991494,0.08333333333333333,0.007111513945366739,0.007111513243215234,0.007202259219743175,0.0036011296098715875,0.0036011296098715875,1.0127603313546982,1.0127604313490546,0.007039262666184661,0.007088696784949036,0.0,0.0,,,,,,,,,,,0.007211316386770015,0.007196824919527071,0.00125754527162979,0.000754527162977874,
24,0.5,7,1,certified,768,768,12,0.2617993877991494,0.08333333333333333,0.007111513945366739,0.007111513243215234,0.006993944378125855,0.0034960664723602433,0.0034978779057656113,0.9834677161369441,0.9834678132391096,0.007160444546008479,0.007212758516353503,0.00025900025900026135,0.0,,,,,,,,,,,0.007022927312611743,0.007013870145584903,0.004144004144004182,0.0028490028490028747,
24,0.5,7,2,certified,768,768,12,0.2617993877991494,0.08333333333333333,0.007111513945366739,0.007111513243215234,0.006934167075748711,0.0034634606710636194,0.0034707064046850915,0.9750620091614146,0.9750621054336471,0.007085615609582584,0.0071354223019116795,0.0010449320794148475,0.0,,,,,,,,,,,0.006937789942559447,0.006926921342127239,0.0005224660397074237,0.0010449320794148475,
24,0.5,7,3,certified,768,768,12,0.2617993877991494,0.08333333333333333,0.007111513945366739,0.007111513243215234,0.007108064682664039,0.0035558437747373875,0.0035522209079266514,0.9995149749084093,0.9995150735949925,0.007041030787964653,0.00709032953492458,0.0005096839959225326,0.0,,,,,,,,,,,0.007133424750339191,0.007133424750339191,0.0035677879714577283,0.0035677879714577283,
24,0.5,7,4,certified,768,768,12,0.2617993877991494,0.08333333333333333,0.007111513945366739,0.007111513243215234,0.007093573215421095,0.0035504094745212834,0.0035431637408998113,0.9974772277628264,0.9974773262482137,0.007003546014450437,0.007052677247632772,0.001021450459652716,0.0,,,,,,,,,,,0.007095384648826463,0.007088138915204991,0.000255362614913179,0.000766087844739537,
24,0.5,7,5,certified,768,768,12,0.2617993877991494,0.08333333333333333,0.007111513945366739,0.007111513243215234,0.007021115879206375,0.0035105579396031874,0.0035105579396031874,0.987288492034912,0.9872885895143199,0.007042233823284796,0.007091535402333923,0.0,0.0,,,,,,,,,,,0.007022927312611743,0.007024738746017111,0.0002579979360165142,0.0005159958720330284,
24,0.5,7,6,certified,768,768,12,0.2617993877991494,0.08333333333333333,0.007111513945366739,0.007111513243215234,0.007013870145584903,0.0034996893391709793,0.0035141808064139235,0.9862696184621205,0.9862697158409305,0.007153451366900509,0.007203298194689301,0.0020661157024793575,0.0,,,,,,,,,,,0.007012058712179535,0.007022927312611743,0.0002582644628099197,0.0012913223140495985,
24,0.5,7,7,certified,768,768,12,0.2617993877991494,0.08333333333333333,0.007111513945366739,0.007111513243215234,0.007142481917366031,0.0035703352419803316,0.0035721466753856996,1.0043546243791688,1.0043547235435921,0.007075735964813273,0.007127138430649101,0.00025361399949277427,0.0,,,,,,,,,,,0.007146104784176767,0.007151539084392871,0.0005072279989855485,0.0012680699974638714,
24,0.5,123,0,certified,768,768,12,0.2617993877991494,0.08333333333333333,0.007111513945366739,0.007111513243215234,0.007082704614988887,0.0035431637408998113,0.0035395408740890753,0.9959489174036392,0.9959490157381297,0.007049445955577276,0.007100055325330413,0.0005115089514066542,0.0,,,,,,,0.007080893181583519,0.01812157978730149,0.9956941990104413,0.9956942973197823,,,,,
24,0.5,123,1,certified,768,768,12,0.2617993877991494,0.08333333333333333,0.007111513945366739,0.007111513243215234,0.007262036522120319,0.0036228668107360037,0.0036391697113843154,1.0211660383302275,1.021166139154517,0.007126450709603969,0.0071770856288888366,0.00224494886505359,0.0,,,,,,,0.007260225088714951,0.018070859651951186,1.0209113199370297,1.0209114207361696,,,,,
24,0.5,123,2,certified,768,768,12,0.2617993877991494,0.08333333333333333,0.007111513945366739,0.007111513243215234,0.007059155980719103,0.0035413523074944433,0.0035178036732246595,0.9926375782920671,0.9926376762996142,0.006926809630292303,0.006976199177312553,0.0033358994098023806,0.0,,,,,,,0.007057344547313735,0.0180473110176814,0.9923828598988692,0.9923829578812668,,,,,
24,0.5,123,3,certified,768,768,12,0.2617993877991494,0.08333333333333333,0.007111513945366739,0.007111513243215234,0.0071624076848250786,0.0035793924090071713,0.0035830152758179073,1.0071565267043452,1.007156626145413,0.007013536119441734,0.007064853915478098,0.0005058168942842737,0.0,,,,,,,0.0071587848180143425,0.018007459482763305,1.0066470899179494,1.006647189308718,,,,,
24,0.5,123,4,certified,768,768,12,0.2617993877991494,0.08333333333333333,0.007111513945366739,0.007111513243215234,0.007079081748178151,0.0035449751743051794,0.0035341065738729712,0.9954394806172435,0.995439578901435,0.007078187613864014,0.007128768074530431,0.0015353121801433098,0.0,,,,,,,0.007077270314772783,0.017880659144387544,0.9951847622240456,0.9951848604830876,,,,,
24,0.5,123,5,certified,768,768,12,0.2617993877991494,0.08333333333333333,0.007111513945366739,0.007111513243215234,0.0071569733846089745,0.0035812038424125393,0.0035757695421964357,1.0063923715247516,1.0063924708903709,0.007080499997978585,0.00712996912207268,0.0007593014426726873,0.0,,,,,,,0.007153350517798239,0.017618001300609185,1.005882934738356,1.0058830340536762,,,,,
24,0.5,123,6,certified,768,768,12,0.2617993877991494,0.08333333333333333,0.007111513945366739,0.007111513243215234,0.007187767752500231,0.0035920724428447474,0.0035956953096554834,1.0107225842091152,1.0107226840022758,0.007027469813700998,0.0070778146865750164,0.0005040322580645207,0.0,,,,,,,0.007187767752500231,0.01841140913216037,1.0107225842091152,1.0107226840022758,,,,,
24,0.5,123,7,certified,768,768,12,0.2617993877991494,0.08333333333333333,0.007111513945366739,0.007111513243215234,0.007053721680502999,0.0035250494068461316,0.0035286722736568676,0.9918734231124735,0.9918735210445722,0.006938908241573152,0.006989383738559214,0.0005136106831022131,0.0,,,,,,,0.007053721680502999,0.01765966426893265,0.9918734231124735,0.9918735210445722,,,,,
24,0.5,2023,0,certified,768,768,12,0.2617993877991494,0.08333333333333333,0.007111513945366739,0.007111513243215234,0.007124367583312351,0.0035667123751695956,0.0035576552081427555,1.0018074404471902,1.0018075393601187,0.0070466606534631045,0.007095881731444428,0.0012712941774726786,0.0,,,,,,,,,,,0.007108064682664039,0.007102630382447935,0.0022883295194508217,0.0030511060259344287,
24,0.5,2023,1,certified,768,768,12,0.2617993877991494,0.08333333333333333,0.007111513945366739,0.007111513243215234,0.007003001545152695,0.0034978779057656113,0.0035051236393870834,0.9847413081029334,0.9847414053308463,0.006977922183552845,0.007027375487917129,0.001034661148473884,0.0,,,,,,,,,,,0.007026550179422479,0.007017493012395639,0.0033626487325401234,0.002069322296947768,
24,0.5,2023,2,certified,768,768,12,0.2617993877991494,0.08333333333333333,0.007111513945366739,0.007111513243215234,0.007115310416285511,0.0035558437747373875,0.0035594666415481235,1.0005338484812007,1.0005339472683819,0.00691189712965162,0.006961467047571105,0.0005091649694501064,0.0,,,,,,,,,,,0.007117121849690879,0.007113498982880143,0.0002545824847250532,0.0002545824847250532,
24,0.5,2023,3,certified,768,768,12,0.2617993877991494,0.08333333333333333,0.007111513945366739,0.007111513243215234,0.0070700245811513105,0.0035286722736568676,0.0035413523074944433,0.9941658886512542,0.9941659868096981,0.006978747217394648,0.00702824719298823,0.0017934921854982895,0.0,,,,,,,,,,,0.007091761782015727,0.007095384648826463,0.003074558032282887,0.0035869843709967018,
24,0.5,2023,4,certified,768,768,12,0.2617993877991494,0.08333333333333333,0.007111513945366739,0.007111513243215234,0.0070627788475298384,0.003530483707062235,0.0035322951404676032,0.9931470150784627,0.9931471131363088,0.0071428753895374335,0.007196643995391137,0.0002564760194921798,0.0,,,,,,,,,,,0.0070645902809352065,0.0070682131477459425,0.0002564760194921798,0.0007694280584765394,
24,0.5,2023,5,certified,768,768,12,0.2617993877991494,0.08333333333333333,0.007111513945366739,0.007111513243215234,0.007408762627955127,0.0037080041807882997,0.0037007584471668276,1.0417982281792544,1.0417983310406522,0.007148827138220834,0.0072006347048868624,0.0009779951100244587,0.0,,,,,,,,,,,0.007403328327739023,0.007406951194549759,0.0007334963325183441,0.00024449877750611467,
24,0.5,2023,6,certified,768,768,12,0.2617993877991494,0.08333333333333333,0.007111513945366739,0.007111513243215234,0.0070682131477459425,0.003530483707062235,0.0035377294406837073,0.9939111702580563,0.9939112683913508,0.007059293790135007,0.007111846463993231,0.0010251153254741251,0.0,,,,,,,,,,,0.0070645902809352065,0.0070645902809352065,0.0005125576627370626,0.0005125576627370626,
24,0.5,2023,7,certified,768,768,12,0.2617993877991494,0.08333333333333333,0.007111513945366739,0.007111513243215234,0.0069885100779097506,0.003485197871928035,0.0035033122059817154,0.9827035609573505,0.9827036579840676,0.0070732733716013995,0.0071244802537308105,0.0025920165889061924,0.0,,,,,,,,,,,0.0069866986445043825,0.0069812643442882785,0.00025920165889061923,0.001036806635562477,
24,0.5,314159,0,certified,768,768,12,0.2617993877991494,0.08333333333333333,0.007111513945366739,0.007111513243215234,0.007126179016717719,0.0035721466753856996,0.0035540323413320194,1.002062158840388,1.0020622577784661,0.007067465591913244,0.007117910420254843,0.002541942043721426,0.0,,,,,,,0.007122556149906983,0.017781030307092306,1.0015527220539922,1.0015528209417712,,,,,
24,0.5,314159,1,certified,768,768,12,0.2617993877991494,0.08333333333333333,0.007111513945366739,0.007111513243215234,0.007042853080070791,0.0035196151066300275,0.0035232379734407636,0.9903451127532863,0.9903452105344881,0.006986329101401788,0.007035249201020875,0.0005144032921810746,0.0,,,,,,,0.007039230213260055,0.018340763229351017,0.9898356759668906,0.9898357736977933,,,,,
24,0.5,314159,2,certified,768,768,12,0.2617993877991494,0.08333333333333333,0.007111513945366739,0.007111513243215234,0.006939601375964815,0.0034761407049011955,0.0034634606710636194,0.9758261643410082,0.9758262606886893,0.0070354523003182965,0.00708658293618526,0.0018271991647089698,0.0,,,,,,,0.006939601375964815,0.01751112672969247,0.9758261643410082,0.9758262606886893,,,,,
24,0.5,314159,3,certified,768,768,12,0.2617993877991494,0.08333333333333333,0.007111513945366739,0.007111513243215234,0.007135236183744559,0.0035667123751695956,0.0035685238085749636,1.0033357508063774,1.0033358498702027,0.007118890662472417,0.00716920825375857,0.00025387154100025617,0.0,,,,,,,0.007131613316933823,0.018436769199835522,1.0028263140199816,1.002826413033508,,,,,
24,0.5,314159,4,certified,768,768,12,0.2617993877991494,0.08333333333333333,0.007111513945366739,0.007111513243215234,0.007180522018878759,0.0035902610094393794,0.0035902610094393794,1.0097037106363238,1.0097038103288865,0.007015791457121691,0.0070660303271941885,0.0,0.0,,,,,,,0.007175087718662655,0.018472997867942882,1.0089395554567302,1.0089396550738443,,,,,
24,0.5,314159,5,certified,768,768,12,0.2617993877991494,0.08333333333333333,0.007111513945366739,0.007111513243215234,0.0070664017143405745,0.0035232379734407636,0.0035431637408998113,0.9936564518648584,0.9936565499730035,0.007030089761259074,0.00708002326788036,0.0028197897974877877,0.0,,,,,,,0.0070645902809352065,0.01819584855692158,0.9934017334716606,0.9934018315546561,,,,,
24,0.5,314159,6,certified,768,768,12,0.2617993877991494,0.08333333333333333,0.007111513945366739,0.007111513243215234,0.0070664017143405745,0.0035341065738729712,0.0035322951404676032,0.9936564518648584,0.9936565499730035,0.006958722073371446,0.007007726773618149,0.00025634452704434993,0.0,,,,,,,0.0070645902809352065,0.018090785419410234,0.9934017334716606,0.9934018315546561,,,,,
24,0.5,314159,7,certified,768,768,12,0.2617993877991494,0.08333333333333333,0.007111513945366739,0.007111513243215234,0.007026550179422479,0.0035196151066300275,0.0035069350727924514,0.9880526472145056,0.9880527447693619,0.007047270747961188,0.007097201878297776,0.0018045888115493848,0.0,,,,,,,0.007024738746017111,0.017719441571309794,0.9877979288213077,0.9877980263510145,,,,,
24,0.5,271828,0,certified,768,768,12,0.2617993877991494,0.08333333333333333,0.007111513945366739,0.007111513243215234,0.0071569733846089745,0.0035793924090071713,0.0035775809756018037,1.0063923715247516,1.0063924708903709,0.00707545221016041,0.007125908899969219,0.0002531004808908554,0.0,,,,,,,,,,,,,,,
24,0.5,271828,1,certified,768,768,12,0.2617993877991494,0.08333333333333333,0.007111513945366739,0.007111513243215234,0.007091761782015727,0.0035522209079266514,0.0035395408740890753,0.9972225093696285,0.9972226078298664,0.006998379318313714,0.007047180497995223,0.0017879948914431836,0.0,,,,,,,,,,,,,,,
24,0.5,271828,2,certified,768,768,12,0.2617993877991494,0.08333333333333333,0.007111513945366739,0.007111513243215234,0.007019304445801007,0.0035159922398192915,0.0035033122059817154,0.9870337736417141,0.9870338710959725,0.007081179167072504,0.007130664326315455,0.0018064516129032422,0.0,,,,,,,,,,,,,,,
24,0.5,271828,3,certified,768,768,12,0.2617993877991494,0.08333333333333333,0.007111513945366739,0.007111513243215234,0.007088138915204991,0.0035467866077105474,0.0035413523074944433,0.9967130725832328,0.9967131709931717,0.007182082555188063,0.0072320690222256396,0.0007666751852798434,0.0,,,,,,,,,,,,,,,
24,0.5,271828,4,certified,768,768,12,0.2617993877991494,0.08333333333333333,0.007111513945366739,0.007111513243215234,0.007122556149906983,0.0035630895083588595,0.0035594666415481235,1.0015527220539922,1.0015528209417712,0.00718137227147919,0.0072320966996296384,0.0005086469989827105,0.0,,,,,,,,,,,,,,,
24,0.5,271828,5,certified,768,768,12,0.2617993877991494,0.08333333333333333,0.007111513945366739,0.007111513243215234,0.007330870991524303,0.0036645297790594677,0.0036663412124648357,1.0308453372717463,1.0308454390517163,0.007098484502763509,0.007149442257919759,0.0002470966147763798,0.0,,,,,,,,,,,,,,,
24,0.5,271828,6,certified,768,768,12,0.2617993877991494,0.08333333333333333,0.007111513945366739,0.007111513243215234,0.007104441815853303,0.0035504094745212834,0.0035540323413320194,0.9990055381220136,0.9990056367582978,0.00710518982531605,0.007156717472814389,0.0005099439061703258,0.0,,,,,,,,,,,,,,,
24,0.5,271828,7,certified,768,768,12,0.2617993877991494,0.08333333333333333,0.007111513945366739,0.007111513243215234,0.007059155980719103,0.0035341065738729712,0.0035250494068461316,0.9926375782920671,0.9926376762996142,0.007101922545926069,0.007153616005965017,0.0012830382345393394,0.0,,,,,,,,,,,,,,,
32,0.5,42,0,certified,1024,1024,16,0.19634954084936207,0.0625,0.004000226594268791,0.00400022619930857,0.0040261444829907105,0.002008999257698703,0.0020171452252920074,1.0064791051484565,1.0064792045226394,0.004000617730486514,0.00401714984310246,0.002023267577137044,0.0,0.15902123484409317,0.5026735244495756,1.2382117314723755,0.0008524636485826002,9.355144183773216e-05,3.1415584292191543,0.0040261444829907105,0.010384072189564811,1.0064791051484565,1.0064792045226394,0.004028180974889037,0.004024107991092384,0.0005058168942843149,0.0005058168942843149,
32,0.5,42,1,certified,1024,1024,16,0.19634954084936207,0.0625,0.004000226594268791,0.00400022619930857,0.003999670088312471,0.0020028897820037247,0.0019967803063087462,0.9998608813917899,0.999860980112526,0.003948181422826723,0.003963963605633902,0.0015274949083503352,0.0,0.15833456507927024,0.4967490330827871,1.2231769749158787,0.0008572366813294233,9.116492546432063e-05,3.141203662780195,0.003999670088312471,0.01014987562125731,0.9998608813917899,0.999860980112526,0.003994578858566656,0.004001706580210798,0.0012729124236253698,0.0005091649694501479,
32,0.5,42,2,certified,1024,1024,16,0.19634954084936207,0.0625,0.004000226594268791,0.00400022619930857,0.003949776036803482,0.0019825248630204635,0.001967251173783018,0.9873880750811489,0.9873881725703891,0.0039839894409492505,0.0039997083749463485,0.003866976024748557,0.0,0.15913426972323713,0.5008143165832482,1.2236958164409877,0.0008238254521016618,7.54139173998045e-05,3.141580217744879,0.003949776036803482,0.01007961665076506,0.9873880750811489,0.9873881725703891,0.003951812528701808,0.003943666561108504,0.0005155968032998662,0.001546790409899379,
32,0.5,42,3,certified,1024,1024,16,0.19634954084936207,0.0625,0.004000226594268791,0.00400022619930857,0.0040261444829907105,0.002012053995546192,0.0020140904874445184,1.0064791051484565,1.0064792045226394,0.003933478537119188,0.003949520604780738,0.0005058168942843149,0.0,0.15896768158441837,0.5032250308505476,1.2328637919943,0.0008858748778103617,9.116492546432063e-05,3.1414979936496867,0.004025126237041547,0.010338251121852474,1.0062245580808924,1.0062246574299427,0.004017998515397406,0.004024107991092384,0.002023267577137044,0.0005058168942843149,
32,0.5,42,4,certified,1024,1024,16,0.19634954084936207,0.0625,0.004000226594268791,0.00400022619930857,0.003925338134023569,0.001965214681884692,0.0019601234521388765,0.9812789454596105,0.9812790423456691,0.003998148066635122,0.004014006333946462,0.0012970168612192025,0.0,0.1582274758268139,0.49924489373720515,1.2326963236193837,0.0008390991568914956,9.021031891495601e-05,3.141458926291768,0.003925338134023569,0.010151912113155637,0.9812789454596105,0.9812790423456691,0.003927374625921894,0.003930429363769384,0.0005188067444875042,0.0012970168612190921,
32,0.5,42,5,certified,1024,1024,16,0.19634954084936207,0.0625,0.004000226594268791,0.00400022619930857,0.003947739544905155,0.001968269419732181,0.0019794701251729745,0.9868789809460206,0.9868790783849957,0.003984589120000098,0.004000071038638773,0.002837245292752165,0.0,0.1586706214304934,0.49981914372607533,1.2167090212791178,0.0008228708455522972,7.875504032258064e-05,3.1415039197833154,0.003947739544905155,0.010031759091154396,0.9868789809460206,0.9868790783849957,0.003947739544905155,0.003946721298955992,0.0,0.0002579313902502168,
32,0.5,42,6,certified,1024,1024,16,0.19634954084936207,0.0625,0.004000226594268791,0.00400022619930857,0.00399254236666833,0.0019947438144104204,0.0019977985522579094,0.9980790519188412,0.9980791504636494,0.003954671496986497,0.003970226287114235,0.000765110941086418,0.0,0.15843966747883279,0.49925899390307404,1.2299174930363692,0.0008543728616813294,8.352807306940371e-05,3.1415855990219526,0.00399254236666833,0.010315849710970887,0.9980790519188412,0.9980791504636494,0.003991524120719167,0.003991524120719167,0.00025503698036217554,0.00025503698036217554,
32,0.5,42,7,certified,1024,1024,16,0.19634954084936207,0.0625,0.004000226594268791,0.00400022619930857,0.0039742139395833945,0.001986597846817116,0.001987616092766279,0.9934972047026872,0.9934973027951091,0.004002171655996367,0.004018596554603536,0.000256213169356819,0.0,0.15798567131732044,0.500729604848187,1.2242826837341512,0.0008543728616813294,8.830110581622679e-05,3.1413821355627527,0.0039742139395833945,0.010071470683171754,0.9934972047026872,0.9934973027951091,0.003970140955786743,0.003975232185532558,0.0010248526774274944,0.00025621316935692815,
32,0.5,7,0,certified,1024,1024,16,0.19634954084936207,0.0625,0.004000226594268791,0.00400022619930857,0.004013925531600754,0.002004926273902051,0.002008999257698703,1.0034245403376871,1.0034246394102793,0.003983023836828623,0.003999183548922762,0.0010147133434804507,0.0,,,,,,,,,,,0.0040200350072957325,0.0040200350072957325,0.001522070015220838,0.001522070015220838,
32,0.5,7,1,certified,1024,1024,16,0.19634954084936207,0.0625,0.004000226594268791,0.00400022619930857,0.004005779564007449,0.0019998350441562357,0.002005944519851214,1.0013881637971744,1.001388262668706,0.004001801016712824,0.004017155151755592,0.0015251652262328716,0.0,,,,,,,,,,,0.004004761318058286,0.004001706580210798,0.0002541942043721633,0.0010167768174884368,
32,0.5,7,2,certified,1024,1024,16,0.19634954084936207,0.0625,0.004000226594268791,0.00400022619930857,0.003918210412379427,0.0019641964359355286,0.001954013976443898,0.9794971159866617,0.9794972126967922,0.003987098532059459,0.004001607969413764,0.0025987525987526128,0.0,,,,,,,,,,,0.003918210412379427,0.0039161739204811,0.0,0.0005197505197505668,
32,0.5,7,3,certified,1024,1024,16,0.19634954084936207,0.0625,0.004000226594268791,0.00400022619930857,0.004040399926278994,0.002020199963139497,0.002020199963139497,1.010042764094354,1.0100428638203929,0.00398735167156651,0.004004033345069016,0.0,0.0,,,,,,,,,,,0.0040454911560248085,0.004047527647923135,0.0012600806451611895,0.001764112903225751,
32,0.5,7,4,certified,1024,1024,16,0.19634954084936207,0.0625,0.004000226594268791,0.00400022619930857,0.003922283396176079,0.0019611416980880396,0.0019611416980880396,0.9805153042569181,0.980515401067579,0.004038914933486046,0.004055275308218919,0.0,0.0,,,,,,,,,,,0.003921265150226916,0.003923301642125242,0.00025960539979233915,0.00025960539979233915,
32,0.5,7,5,certified,1024,1024,16,0.19634954084936207,0.0625,0.004000226594268791,0.00400022619930857,0.004066874320957233,0.002030382422631127,0.0020364918983261054,1.0166609878510204,1.0166610882305063,0.003981240833527634,0.00399721467532364,0.0015022533800701343,0.0,,,,,,,,,,,0.004059746599313092,0.0040587283533639286,0.0017526289434150679,0.002003004506760108,
32,0.5,7,6,certified,1024,1024,16,0.19634954084936207,0.0625,0.004000226594268791,0.00400022619930857,0.004017998515397406,0.0020161269793428443,0.0020018715360545615,1.0044427286079436,1.0044428277810662,0.003956243123263257,0.00397214213576403,0.0035478966041561045,0.0,,,,,,,,,,,0.004014943777549917,0.0040129072856515905,0.0007602635580335204,0.0012671059300558673,
32,0.5,7,7,certified,1024,1024,16,0.19634954084936207,0.0625,0.004000226594268791,0.00400022619930857,0.00406585607500807,0.0020375101442752686,0.002028345930732801,1.0164064407834563,1.0164065411378096,0.003961043323998531,0.0039769701908333585,0.0022539444027047236,0.0,,,,,,,,,,,0.0040709473047538846,0.004068910812855559,0.001252191334835863,0.0007513148009016457,
32,0.5,123,0,certified,1024,1024,16,0.19634954084936207,0.0625,0.004000226594268791,0.00400022619930857,0.004043454664126482,0.002020199963139497,0.002023254700986986,1.010806405297046,1.010806505098483,0.0040040130542022085,0.004019913748591375,0.0007554772097707997,0.0,,,,,,,0.004043454664126482,0.010375926221971508,1.010806405297046,1.010806505098483,,,,,
32,0.5,123,1,certified,1024,1024,16,0.19634954084936207,0.0625,0.004000226594268791,0.00400022619930857,0.0039823599071767,0.001988634338715442,0.0019937255684612572,0.9955335812432001,0.9955336795366827,0.00392125355351833,0.003937468309517029,0.0012784454103809833,0.0,,,,,,,0.0039823599071767,0.010078598404815895,0.9955335812432001,0.9955336795366827,,,,,
32,0.5,123,2,certified,1024,1024,16,0.19634954084936207,0.0625,0.004000226594268791,0.00400022619930857,0.004050582385770623,0.0020252911928853117,0.0020252911928853117,1.0125882347699948,1.0125883347473594,0.003940387132545826,0.003956259022485659,0.0,0.0,,,,,,,0.004050582385770623,0.010360652532734061,1.0125882347699948,1.0125883347473594,,,,,
32,0.5,123,3,certified,1024,1024,16,0.19634954084936207,0.0625,0.004000226594268791,0.00400022619930857,0.004047527647923135,0.0020252911928853117,0.0020222364550378227,1.0118245935673027,1.0118246934692696,0.00398897418344422,0.0040060808254300095,0.0007547169811320366,0.0,,,,,,,0.004047527647923135,0.010328068662360844,1.0118245935673027,1.0118246934692696,,,,,
32,0.5,123,4,certified,1024,1024,16,0.19634954084936207,0.0625,0.004000226594268791,0.00400022619930857,0.003928392871871057,0.001962159944037203,0.001966232927833855,0.9820425866623027,0.9820426836237589,0.0039646985504152975,0.003980426035338647,0.0010368066355624511,0.0,,,,,,,0.003928392871871057,0.009925861512441438,0.9820425866623027,0.9820426836237589,,,,,
32,0.5,123,5,certified,1024,1024,16,0.19634954084936207,0.0625,0.004000226594268791,0.00400022619930857,0.0039813416612275365,0.001992707322512094,0.001988634338715442,0.995279034175636,0.995279132443986,0.003994652842147955,0.004010911161571222,0.0010230179028132829,0.0,,,,,,,0.00397930516932921,0.010193660197071321,0.9947699400405078,0.9947700382585926,,,,,
32,0.5,123,6,certified,1024,1024,16,0.19634954084936207,0.0625,0.004000226594268791,0.00400022619930857,0.003957922004396786,0.00198456135491879,0.001973360649477996,0.9894244516216616,0.9894245493119624,0.003963883153055758,0.003980024477283774,0.00282994597375872,0.0,,,,,,,0.003957922004396786,0.010132565440121538,0.9894244516216616,0.9894245493119624,,,,,
32,0.5,123,7,certified,1024,1024,16,0.19634954084936207,0.0625,0.004000226594268791,0.00400022619930857,0.004050582385770623,0.00203140066858029,0.0020191817171903337,1.0125882347699948,1.0125883347473594,0.0039801079688476975,0.003996351486269025,0.0030165912518853215,0.0,,,,,,,0.004049564139821461,0.010522553638650987,1.012333687702431,1.012333787654663,,,,,
32,0.5,2023,0,certified,1024,1024,16,0.19634954084936207,0.0625,0.004000226594268791,0.00400022619930857,0.004005779564007449,0.0019977985522579094,0.00200798101174954,1.0013881637971744,1.001388262668706,0.0039682796534330385,0.003984614599199186,0.002541942043721417,0.0,,,,,,,,,,,0.00400272482615996,0.004005779564007449,0.00076258261311649,0.0,
32,0.5,2023,1,certified,1024,1024,16,0.19634954084936207,0.0625,0.004000226594268791,0.00400022619930857,0.003976250431481721,0.001985579600867953,0.0019906708306137682,0.9940062988378154,0.9940063969805025,0.003965507387066144,0.003980999809522405,0.0012804097311139634,0.0,,,,,,,,,,,0.003984396399075025,0.00397930516932921,0.0020486555697822977,0.0007682458386684435,
32,0.5,2023,2,certified,1024,1024,16,0.19634954084936207,0.0625,0.004000226594268791,0.00400022619930857,0.003985414645024188,0.0019977985522579094,0.001987616092766279,0.9962972224458924,0.9962973208147725,0.003996633480447427,0.004012857528457624,0.0025549310168625585,0.0,,,,,,,,,,,0.0039935606126174925,0.00399254236666833,0.002043944813490003,0.0017884517118039432,
32,0.5,2023,3,certified,1024,1024,16,0.19634954084936207,0.0625,0.004000226594268791,0.00400022619930857,0.0039823599071767,0.0019937255684612572,0.001988634338715442,0.9955335812432001,0.9955336795366827,0.003993003025501376,0.0040090975589596066,0.0012784454103809833,0.0,,,,,,,,,,,0.003983378153125862,0.0039874511369225145,0.00025568908207600064,0.0012784454103808745,
32,0.5,2023,4,certified,1024,1024,16,0.19634954084936207,0.0625,0.004000226594268791,0.00400022619930857,0.003896827247447003,0.0019529957304947351,0.0019438315169522677,0.9741516275678156,0.9741517237501621,0.003945693780069111,0.003961238237173318,0.0023517115233864547,0.0,,,,,,,,,,,0.003912100936684449,0.003904973215040307,0.003919519205644128,0.002090410243010157,
32,0.5,2023,5,certified,1024,1024,16,0.19634954084936207,0.0625,0.004000226594268791,0.00400022619930857,0.0039742139395833945,0.001987616092766279,0.001986597846817116,0.9934972047026872,0.9934973027951091,0.0039143149619850276,0.00392997076868762,0.000256213169356819,0.0,,,,,,,,,,,0.003980323415278373,0.003976250431481721,0.0015372790161415689,0.0005124263387138563,
32,0.5,2023,6,certified,1024,1024,16,0.19634954084936207,0.0625,0.004000226594268791,0.00400022619930857,0.0039874511369225145,0.001992707322512094,0.0019947438144104204,0.9968063165810206,0.996806415000166,0.003968755281799613,0.0039846624022687625,0.0005107252298263996,0.0,,,,,,,,,,,0.0039813416612275365,0.003980323415278373,0.0015321756894789815,0.0017875383043921811,
32,0.5,2023,7,certified,1024,1024,16,0.19634954084936207,0.0625,0.004000226594268791,0.00400022619930857,0.004024107991092384,0.0020130722414953553,0.002011035749597029,1.0059700110133283,1.005970110337246,0.004030247478368042,0.004046770757118597,0.000506072874493973,0.0,,,,,,,,,,,0.004021053253244896,0.0040200350072957325,0.0007591093117407439,0.0010121457489877302,
32,0.5,314159,0,certified,1024,1024,16,0.19634954084936207,0.0625,0.004000226594268791,0.00400022619930857,0.004004761318058286,0.0019998350441562357,0.002004926273902051,1.0011336167296103,1.0011337155760094,0.004013927992574103,0.0040292754218702875,0.001271294177472674,0.0,,,,,,,0.004003743072109123,0.010227262313393702,1.0008790696620462,1.0008791684833127,,,,,
32,0.5,314159,1,certified,1024,1024,16,0.19634954084936207,0.0625,0.004000226594268791,0.00400022619930857,0.003964031480091764,0.001985579600867953,0.0019784518792238114,0.9909517340270462,0.9909518318681424,0.003956661723193145,0.003971884172790021,0.0017980991523247388,0.0,,,,,,,0.003964031480091764,0.009971682580153775,0.9909517340270462,0.9909518318681424,,,,,
32,0.5,314159,2,certified,1024,1024,16,0.19634954084936207,0.0625,0.004000226594268791,0.00400022619930857,0.003985414645024188,0.0019906708306137682,0.0019947438144104204,0.9962972224458924,0.9962973208147725,0.003968795730822317,0.003984861974255262,0.0010219724067450015,0.0,,,,,,,0.003985414645024188,0.010251700216173614,0.9962972224458924,0.9962973208147725,,,,,
32,0.5,314159,3,certified,1024,1024,16,0.19634954084936207,0.0625,0.004000226594268791,0.00400022619930857,0.00395588551249846,0.0019835431089696267,0.0019723424035288334,0.9889153574865334,0.9889154551265691,0.004027982499073942,0.00404446310816411,0.002831402831402759,0.0,,,,,,,0.0039548672665492965,0.010165149310494755,0.9886608104189692,0.9886609080338723,,,,,
32,0.5,314159,4,certified,1024,1024,16,0.19634954084936207,0.0625,0.004000226594268791,0.00400022619930857,0.0039813416612275365,0.0019988167982070725,0.0019825248630204635,0.995279034175636,0.995279132443986,0.003946931309548886,0.003962969854703763,0.00409207161125324,0.0,,,,,,,0.0039813416612275365,0.010229298805292027,0.995279034175636,0.995279132443986,,,,,
32,0.5,314159,5,certified,1024,1024,16,0.19634954084936207,0.0625,0.004000226594268791,0.00400022619930857,0.004031235712736525,0.0020161269793428443,0.0020151087333936816,1.0077518404862769,1.0077519399861228,0.00391731972043167,0.00393330088126161,0.0002525890376356819,0.0,,,,,,,0.004031235712736525,0.010127474210375723,1.0077518404862769,1.0077519399861228,,,,,
32,0.5,314159,6,certified,1024,1024,16,0.19634954084936207,0.0625,0.004000226594268791,0.00400022619930857,0.003984396399075025,0.001989652584664605,0.0019947438144104204,0.9960426753783282,0.9960427737220758,0.003997390891584085,0.004014302568909298,0.001277791975466401,0.0,,,,,,,0.003984396399075025,0.010260864429716082,0.9960426753783282,0.9960427737220758,,,,,
32,0.5,314159,7,certified,1024,1024,16,0.19634954084936207,0.0625,0.004000226594268791,0.00400022619930857,0.003965049726040927,0.001985579600867953,0.0019794701251729745,0.9912062810946103,0.9912063789608391,0.004006550771819395,0.00402258105161527,0.0015408320493066558,0.0,,,,,,,0.003965049726040927,0.010193660197071321,0.9912062810946103,0.9912063789608391,,,,,
32,0.5,271828,0,certified,1024,1024,16,0.19634954084936207,0.0625,0.004000226594268791,0.00400022619930857,0.003988469382871678,0.0019977985522579094,0.0019906708306137682,0.9970608636485847,0.9970609620928627,0.003997247789304503,0.004013305062638265,0.0017870819504722444,0.0,,,,,,,,,,,,,,,
32,0.5,271828,1,certified,1024,1024,16,0.19634954084936207,0.0625,0.004000226594268791,0.00400022619930857,0.003963013234142602,0.00198456135491879,0.0019784518792238114,0.9906971869594823,0.9906972847754459,0.003957158127444245,0.003973924429973866,0.001541623843782147,0.0,,,,,,,,,,,,,,,
32,0.5,271828,2,certified,1024,1024,16,0.19634954084936207,0.0625,0.004000226594268791,0.00400022619930857,0.003927374625921894,0.001965214681884692,0.001962159944037203,0.9817880395947386,0.9817881365310622,0.003930463891340214,0.003946199445679431,0.00077780658542905,0.0,,,,,,,,,,,,,,,
32,0.5,271828,3,certified,1024,1024,16,0.19634954084936207,0.0625,0.004000226594268791,0.00400022619930857,0.003952830774650971,0.001973360649477996,0.0019794701251729745,0.9881517162838412,0.9881518138484792,0.0039968819293385634,0.004012771487327136,0.001545595054095857,0.0,,,,,,,,,,,,,,,
32,0.5,271828,4,certified,1024,1024,16,0.19634954084936207,0.0625,0.004000226594268791,0.00400022619930857,0.004056691861465602,0.002027327684783638,0.0020293641766819643,1.0141155171753795,1.0141156173035397,0.003983079702266076,0.003999005734836865,0.0005020080321285594,0.0,,,,,,,,,,,,,,,
32,0.5,271828,5,certified,1024,1024,16,0.19634954084936207,0.0625,0.004000226594268791,0.00400022619930857,0.0040393816803298305,0.002026309438834475,0.0020130722414953553,1.0097882170267898,1.0097883167276962,0.0040107034554818675,0.004026718152277066,0.003277035543231635,0.0,,,,,,,,,,,,,,,
32,0.5,271828,6,certified,1024,1024,16,0.19634954084936207,0.0625,0.004000226594268791,0.00400022619930857,0.003936538839464362,0.001966232927833855,0.001970305911630507,0.9840789632028154,0.9840790603653323,0.003957880470072423,0.003974250332908653,0.0010346611484738583,0.0,,,,,,,,,,,,,,,
32,0.5,271828,7,certified,1024,1024,16,0.19634954084936207,0.0625,0.004000226594268791,0.00400022619930857,0.003967086217939253,0.0019804883711221377,0.001986597846817116,0.9917153752297385,0.9917154731462324,0.00396823024764693,0.0039838981191301645,0.001540041067761837,0.0,,,,,,,,,,,,,,,
48,0.5,42,0,certified,1536,1536,24,0.1308996938995747,0.041666666666666664,0.0017778784863416845,0.0017778783108038086,0.0017669386645706412,0.0008841477064846694,0.0008827909580859717,0.993846698829483,0.9938467969564119,0.00176522857860064,0.0017682767777512174,0.0007678525723061244,0.0,0.10539033619390326,0.32498712590740836,0.7837217920811889,0.00037153908794788275,3.732356134636265e-05,3.141333296410135,0.0017669386645706412,0.004518876666595814,0.993846698829483,0.9938467969564119,0.0017696521613680366,0.0017682954129693389,0.0015357051446122489,0.0007678525723061244,
48,0.5,42,1,certified,1536,1536,24,0.1308996938995747,0.041666666666666664,0.0017778784863416845,0.0017778783108038086,0.0018189473531873865,0.0009112826744586235,0.000907664678728763,1.0230999290228258,1.0231000300380568,0.0017773985425768649,0.0017804332042571421,0.001989060169070133,0.0,0.10587130877317708,0.32755628981301527,0.7873255518066417,0.00038044584690553743,3.583910152008686e-05,3.1415533956974095,0.0018189473531873865,0.004599829321051444,1.0230999290228258,1.0231000300380568,0.0018148771079912933,0.001815329357457526,0.0022376926902038996,0.001989060169070133,
48,0.5,42,2,certified,1536,1536,24,0.1308996938995747,0.041666666666666664,0.0017778784863416845,0.0017778783108038086,0.001748396436455106,0.0008732937192950878,0.0008751027171600181,0.9834172863257694,0.9834173834229558,0.0017594136835414934,0.0017626125355546423,0.0010346611484738845,0.0,0.104988905428469,0.3242152907715377,0.7819150674262485,0.00037069082519001085,3.541497014115092e-05,3.14151029810663,0.001748396436455106,0.004432044769079161,0.9834172863257694,0.9834173834229558,0.0017474919375226408,0.0017497531848538036,0.0005173305742369423,0.0007759958613554133,
48,0.5,42,3,certified,1536,1536,24,0.1308996938995747,0.041666666666666664,0.0017778784863416845,0.0017778783108038086,0.0017687476624355714,0.0008836954570184369,0.0008850522054171346,0.9948642024883819,0.9948643007157734,0.0017840568489856557,0.001787308434838594,0.0007670672462285931,0.0,0.10539886917570396,0.32697931338657193,0.7886418814676178,0.0003808699782844734,4.0716612377850165e-05,3.141519103990284,0.0017687476624355714,0.0045356098968464195,0.9948642024883819,0.9948643007157734,0.0017682954129693389,0.0017669386645706412,0.00025568908207619775,0.001022756328304791,
48,0.5,42,4,certified,1536,1536,24,0.1308996938995747,0.041666666666666664,0.0017778784863416845,0.0017778783108038086,0.0017746269054965949,0.00088776570221453,0.0008868612032820649,0.9981710893798033,0.9981711879336985,0.0018048445471615141,0.0018081886181731362,0.0005096839959225327,0.0,0.10603688173015323,0.3286361048437145,0.7867970241026996,0.00037726486156351794,3.774769272529859e-05,3.141416061624269,0.0017746269054965949,0.004490837199689395,0.9981710893798033,0.9981711879336985,0.0017732701570978972,0.0017714611592329669,0.0007645259938837991,0.0017838939857288646,
48,0.5,42,5,certified,1536,1536,24,0.1308996938995747,0.041666666666666664,0.0017778784863416845,0.0017778783108038086,0.001789098888416037,0.0008931926958093208,0.0008959061926067162,1.0063111186509943,1.006311218008591,0.0017636675880227193,0.0017667991909580984,0.0015166835187057776,0.0,0.10587702630477423,0.32834076149557667,0.7881086849722506,0.0003781131243213898,3.83838897937025e-05,3.141574350883864,0.001789098888416037,0.004590784331726792,1.0063111186509943,1.006311218008591,0.0017881943894835718,0.001790003387348502,0.0005055611729019258,0.0005055611729019258,
48,0.5,42,6,certified,1536,1536,24,0.1308996938995747,0.041666666666666664,0.0017778784863416845,0.0017778783108038086,0.0017601549225771526,0.0008787207128898786,0.000881434209687274,0.9900310601086121,0.9900311578588059,0.0017866774213213276,0.0017898613042557142,0.0015416238437821316,0.0,0.10565635788962419,0.3268453337600483,0.7838335766751228,0.00036666157709011946,3.393051031487514e-05,3.1413807636174007,0.0017601549225771526,0.004475008468371255,0.9900310601086121,0.9900311578588059,0.0017601549225771526,0.0017583459247122223,0.0,0.0010277492291880877,
48,0.5,42,7,certified,1536,1536,24,0.1308996938995747,0.041666666666666664,0.0017778784863416845,0.0017778783108038086,0.0017506576837862688,0.0008728414698288553,0.0008778162139574134,0.984689165899393,0.9846892631221578,0.001775803168049907,0.0017789775034485376,0.002841642986308412,0.0,0.10548709540596332,0.326798271582988,0.7820687285076543,0.00037302354777415855,2.9689196525515743e-05,3.141573101035301,0.0017506576837862688,0.004484505707162139,0.984689165899393,0.9846892631221578,0.0017497531848538036,0.0017506576837862688,0.0005166623611469952,0.0,
48,0.5,7,0,certified,1536,1536,24,0.1308996938995747,0.041666666666666664,0.0017778784863416845,0.0017778783108038086,0.0017574414257797571,0.0008796252118223437,0.0008778162139574134,0.9885048046202638,0.9885049022197635,0.0017498636307267798,0.0017530496758633404,0.0010293360782295516,0.0,,,,,,,,,,,0.0017583459247122223,0.0017574414257797571,0.0005146680391147758,0.0,
48,0.5,7,1,certified,1536,1536,24,0.1308996938995747,0.041666666666666664,0.0017778784863416845,0.0017778783108038086,0.001752466681651199,0.0008778162139574134,0.0008746504676937855,0.985706669558292,0.9857067668815194,0.0017527941262563554,0.001756122237603804,0.0018064516129031806,0.0,,,,,,,,,,,0.0017506576837862688,0.0017502054343200362,0.0010322580645161386,0.0012903225806451732,
48,0.5,7,2,certified,1536,1536,24,0.1308996938995747,0.041666666666666664,0.0017778784863416845,0.0017778783108038086,0.0017533711805836642,0.0008732937192950878,0.0008800774612885763,0.9862154213877414,0.9862155187612001,0.0017620671475468332,0.0017653133887234902,0.003868970853752876,0.0,,,,,,,,,,,0.001752466681651199,0.0017520144321849665,0.0005158627805003917,0.0007737941707505876,
48,0.5,7,3,certified,1536,1536,24,0.1308996938995747,0.041666666666666664,0.0017778784863416845,0.0017778783108038086,0.0017678431635031063,0.0008832432075522043,0.000884599955950902,0.9943554506589324,0.9943555488360926,0.0017774554044433398,0.0017807063856368985,0.000767459708365318,0.0,,,,,,,,,,,0.001769199911901804,0.0017687476624355714,0.000767459708365318,0.0005116398055768787,
48,0.5,7,4,certified,1536,1536,24,0.1308996938995747,0.041666666666666664,0.0017778784863416845,0.0017778783108038086,0.001749300935387571,0.0008746504676937855,0.0008746504676937855,0.983926038155219,0.9839261353026365,0.0017687001848924772,0.0017719284012686863,0.0,0.0,,,,,,,,,,,0.001748396436455106,0.001748396436455106,0.0005170630816959717,0.0005170630816959717,
48,0.5,7,5,certified,1536,1536,24,0.1308996938995747,0.041666666666666664,0.0017778784863416845,0.0017778783108038086,0.0017832196453550135,0.0008931926958093208,0.0008900269495456928,1.0030042317595729,1.003004330790666,0.001761877624441968,0.0017649658294000062,0.0017752979964494207,0.0,,,,,,,,,,,0.0017863853916186415,0.0017872898905511067,0.0017752979964494207,0.0022825259954349694,
48,0.5,7,6,certified,1536,1536,24,0.1308996938995747,0.041666666666666664,0.0017778784863416845,0.0017778783108038086,0.0017814106474900832,0.0008909314484781579,0.0008904791990119253,1.001986728100674,1.0019868270313044,0.0017633946287783963,0.0017665054670232187,0.0002538715410002562,0.0,,,,,,,,,,,0.0017809583980238507,0.001783671894821246,0.0002538715410002562,0.0012693577050012813,
48,0.5,7,7,certified,1536,1536,24,0.1308996938995747,0.041666666666666664,0.0017778784863416845,0.0017778783108038086,0.0017737224065641297,0.0008873134527482974,0.0008864089538158323,0.9976623375503538,0.9976624360540177,0.0017769329815533084,0.001779972492744201,0.000509943906170326,0.0,,,,,,,,,,,0.0017759836538952926,0.0017759836538952926,0.0012748597654258151,0.0012748597654258151,
48,0.5,123,0,certified,1536,1536,24,0.1308996938995747,0.041666666666666664,0.0017778784863416845,0.0017778783108038086,0.0017592504236446874,0.0008800774612885763,0.0008791729623561111,0.9895223082791627,0.9895224059791251,0.0018018810454752635,0.0018049208057222543,0.0005141388174807246,0.0,,,,,,,0.0017592504236446874,0.004440185259471347,0.9895223082791627,0.9895224059791251,,,,,
48,0.5,123,1,certified,1536,1536,24,0.1308996938995747,0.041666666666666664,0.0017778784863416845,0.0017778783108038086,0.001762868419374548,0.0008827909580859717,0.0008800774612885763,0.9915573155969605,0.9915574134978483,0.0017608106000320232,0.0017638819530278562,0.0015392508978963714,0.0,,,,,,,0.0017624161699083154,0.00452520815912307,0.9913029396822357,0.9913030375580079,,,,,
48,0.5,123,2,certified,1536,1536,24,0.1308996938995747,0.041666666666666664,0.0017778784863416845,0.0017778783108038086,0.0017940736325445952,0.0008936449452755533,0.0009004286872690418,1.0091092537129662,1.0091093533468354,0.0017867086506550953,0.0017898736163048422,0.0037811948575749684,0.0,,,,,,,0.0017940736325445952,0.004637366026748747,1.0091092537129662,1.0091093533468354,,,,,
48,0.5,123,3,certified,1536,1536,24,0.1308996938995747,0.041666666666666664,0.0017778784863416845,0.0017778783108038086,0.001779601649625153,0.000888670201146995,0.0008909314484781579,1.0009692244417752,1.0009693232719428,0.0017800506727906102,0.0017832298381474942,0.0012706480304955647,0.0,,,,,,,0.001779601649625153,0.004589427583328095,1.0009692244417752,1.0009693232719428,,,,,
48,0.5,123,4,certified,1536,1536,24,0.1308996938995747,0.041666666666666664,0.0017778784863416845,0.0017778783108038086,0.0018171383553224562,0.0009099259260599258,0.0009072124292625304,1.022082425363927,1.0220825262786954,0.0017521000734915272,0.0017552524702647003,0.0014932802389248522,0.0,,,,,,,0.0018171383553224562,0.004649576762337026,1.022082425363927,1.0220825262786954,,,,,
48,0.5,123,5,certified,1536,1536,24,0.1308996938995747,0.041666666666666664,0.0017778784863416845,0.0017778783108038086,0.00177734040229399,0.000891835947410623,0.0008855044548833672,0.9996973448681515,0.9996974435727408,0.0017767009596720536,0.0017796521984767557,0.003562340966921092,0.0,,,,,,,0.00177734040229399,0.004522042412859442,0.9996973448681515,0.9996974435727408,,,,,
48,0.5,123,6,certified,1536,1536,24,0.1308996938995747,0.041666666666666664,0.0017778784863416845,0.0017778783108038086,0.0017416126944616174,0.0008719369708963901,0.0008696757235652272,0.9796016476048987,0.9796017443253499,0.0017625297932069874,0.001765671565899789,0.0012983640612827959,0.0,,,,,,,0.0017416126944616174,0.004414407039896091,0.9796016476048987,0.9796017443253499,,,,,
48,0.5,123,7,certified,1536,1536,24,0.1308996938995747,0.041666666666666664,0.0017778784863416845,0.0017778783108038086,0.0018031186218692465,0.0009008809367352744,0.0009022376851339721,1.0141967720074605,1.0141968721436432,0.0017972106354138863,0.0018003089424995348,0.0007524454477050484,0.0,,,,,,,0.0018031186218692465,0.0045726943530774895,1.0141967720074605,1.0141968721436432,,,,,
48,0.5,2023,0,certified,1536,1536,24,0.1308996938995747,0.041666666666666664,0.0017778784863416845,0.0017778783108038086,0.0017791494001589204,0.0008904791990119253,0.000888670201146995,1.0007148485270503,1.0007149473321024,0.001783082775523161,0.0017862050673508637,0.0010167768174885708,0.0,,,,,,,,,,,0.0017782449012264552,0.001779601649625153,0.0005083884087442854,0.0002541942043721427,
48,0.5,2023,1,certified,1536,1536,24,0.1308996938995747,0.041666666666666664,0.0017778784863416845,0.0017778783108038086,0.0017728179076316646,0.0008891224506132276,0.0008836954570184369,0.9971535857209044,0.9971536841743369,0.0018085678011371385,0.0018119268455716129,0.0030612244897958857,0.0,,,,,,,,,,,0.0017732701570978972,0.0017741746560303623,0.0002551020408163289,0.0007653061224489867,
48,0.5,2023,2,certified,1536,1536,24,0.1308996938995747,0.041666666666666664,0.0017778784863416845,0.0017778783108038086,0.0017678431635031063,0.0008882179516807626,0.0008796252118223437,0.9943554506589324,0.9943555488360926,0.0017669696540303485,0.0017700726489931354,0.004860578152980347,0.0,,,,,,,,,,,0.0017664864151044086,0.0017669386645706412,0.000767459708365318,0.0005116398055768787,
48,0.5,2023,3,certified,1536,1536,24,0.1308996938995747,0.041666666666666664,0.0017778784863416845,0.0017778783108038086,0.0017981438777406884,0.0009013331862015069,0.0008968106915391813,1.0113986369454888,1.011398736805399,0.001768238205249768,0.0017715435841026085,0.0025150905432595205,0.0,,,,,,,,,,,0.0017972393788082232,0.0017958826304095255,0.0005030181086519162,0.0012575452716297904,
48,0.5,2023,4,certified,1536,1536,24,0.1308996938995747,0.041666666666666664,0.0017778784863416845,0.0017778783108038086,0.0017949781314770604,0.000898167439937879,0.0008968106915391813,1.0096180055424158,1.009618105226516,0.0017638594830784052,0.0017671864869937314,0.0007558578987150486,0.0,,,,,,,,,,,0.001796334879875758,0.0017972393788082232,0.0007558578987150486,0.001259763164525081,
48,0.5,2023,5,certified,1536,1536,24,0.1308996938995747,0.041666666666666664,0.0017778784863416845,0.0017778783108038086,0.001782767395888781,0.0008931926958093208,0.0008895747000794602,1.0027498558448482,1.0027499548508254,0.0017564900770275442,0.0017597433960690426,0.0020294266869609525,0.0,,,,,,,,,,,0.0017841241442874787,0.001783671894821246,0.0007610350076103572,0.0005073566717402381,
48,0.5,2023,6,certified,1536,1536,24,0.1308996938995747,0.041666666666666664,0.0017778784863416845,0.0017778783108038086,0.0017863853916186415,0.0008936449452755533,0.0008927404463430882,1.004784863162646,1.0047849623695486,0.001761412371388893,0.0017645957786775104,0.0005063291139240553,0.0,,,,,,,,,,,0.0017877421400173392,0.0017872898905511067,0.0007594936708860831,0.0005063291139240553,
48,0.5,2023,7,certified,1536,1536,24,0.1308996938995747,0.041666666666666664,0.0017778784863416845,0.0017778783108038086,0.0017823151464225484,0.000888670201146995,0.0008936449452755533,1.0024954799301233,1.002495578910985,0.0017764445824888489,0.001779585601843609,0.002791169753869602,0.0,,,,,,,,,,,0.0017809583980238507,0.001780506148557618,0.0007612281146917098,0.0010149708195889464,
48,0.5,314159,0,certified,1536,1536,24,0.1308996938995747,0.041666666666666664,0.0017778784863416845,0.0017778783108038086,0.0017913601357471998,0.0008940971947417859,0.0008972629410054139,1.0075829982246178,1.007583097707793,0.0017687943914973352,0.001772079268360761,0.0017672304973491708,0.0,,,,,,,0.0017909078862809672,0.004480887711432279,1.0073286223098932,1.0073287217679525,,,,,
48,0.5,314159,1,certified,1536,1536,24,0.1308996938995747,0.041666666666666664,0.0017778784863416845,0.0017778783108038086,0.0018112591122614327,0.0009054034313976001,0.0009058556808638327,1.0187755384725057,1.0187756390607703,0.0017838353941658468,0.0017871559052004744,0.00024968789013733066,0.0,,,,,,,0.0018108068627952002,0.004602542817848839,1.0185211625577808,1.01852126312093,,,,,
48,0.5,314159,2,certified,1536,1536,24,0.1308996938995747,0.041666666666666664,0.0017778784863416845,0.0017778783108038086,0.0018135203595925956,0.0009067601797962978,0.0009067601797962978,1.0200474180461292,1.0200475187599722,0.0017777694191415112,0.0017811841474857915,0.0,0.0,,,,,,,0.0018135203595925956,0.004555961122826885,1.0200474180461292,1.0200475187599722,,,,,
48,0.5,314159,3,certified,1536,1536,24,0.1308996938995747,0.041666666666666664,0.0017778784863416845,0.0017778783108038086,0.0017714611592329669,0.0008832432075522043,0.0008882179516807626,0.9963904579767302,0.9963905563548158,0.0017510960591936506,0.0017541865614371754,0.002808271636456498,0.0,,,,,,,0.0017714611592329669,0.004621537295430607,0.9963904579767302,0.9963905563548158,,,,,
48,0.5,314159,4,certified,1536,1536,24,0.1308996938995747,0.041666666666666664,0.0017778784863416845,0.0017778783108038086,0.0017786971506926878,0.0008913836979443905,0.0008873134527482974,1.0004604726123256,1.0004605713922619,0.001781742715228303,0.001785029143582911,0.0022883295194507615,0.0,,,,,,,0.0017786971506926878,0.0044980731911491165,1.0004604726123256,1.0004605713922619,,,,,
48,0.5,314159,5,certified,1536,1536,24,0.1308996938995747,0.041666666666666664,0.0017778784863416845,0.0017778783108038086,0.0017832196453550135,0.000891835947410623,0.0008913836979443905,1.0030042317595729,1.003004330790666,0.0017683184841318467,0.0017715138388355812,0.0002536139994927744,0.0,,,,,,,0.0017832196453550135,0.004545559385103536,1.0030042317595729,1.003004330790666,,,,,
48,0.5,314159,6,certified,1536,1536,24,0.1308996938995747,0.041666666666666664,0.0017778784863416845,0.0017778783108038086,0.0017669386645706412,0.0008818864591535066,0.0008850522054171346,0.993846698829483,0.9938467969564119,0.001775192562683413,0.0017784989851725502,0.0017916560020476236,0.0,,,,,,,0.0017669386645706412,0.0044225475302882775,0.993846698829483,0.9938467969564119,,,,,
48,0.5,314159,7,certified,1536,1536,24,0.1308996938995747,0.041666666666666664,0.0017778784863416845,0.0017778783108038086,0.0017651296667057109,0.0008836954570184369,0.000881434209687274,0.9928291951705841,0.9928292931970503,0.001800765606853889,0.0018038163047455786,0.0012810658467845367,0.0,,,,,,,0.0017651296667057109,0.004410789044166231,0.9928291951705841,0.9928292931970503,,,,,
48,0.5,271828,0,certified,1536,1536,24,0.1308996938995747,0.041666666666666664,0.0017778784863416845,0.0017778783108038086,0.001766034165638176,0.0008827909580859717,0.0008832432075522043,0.9933379470000335,0.9933380450767311,0.001807211876198552,0.0018105812605117384,0.00025608194622279366,0.0,,,,,,,,,,,,,,,
48,0.5,271828,1,certified,1536,1536,24,0.1308996938995747,0.041666666666666664,0.0017778784863416845,0.0017778783108038086,0.0017673909140368737,0.0008850522054171346,0.0008823387086197391,0.9941010747442077,0.9941011728962522,0.0017621311594536188,0.0017653385015097588,0.00153531218014331,0.0,,,,,,,,,,,,,,,
48,0.5,271828,2,certified,1536,1536,24,0.1308996938995747,0.041666666666666664,0.0017778784863416845,0.0017778783108038086,0.001796334879875758,0.0008977151904716465,0.0008986196894041116,1.0103811332865897,1.0103812330460373,0.0017644629009254777,0.0017674278641479425,0.0005035246727089674,0.0,,,,,,,,,,,,,,,
48,0.5,271828,3,certified,1536,1536,24,0.1308996938995747,0.041666666666666664,0.0017778784863416845,0.0017778783108038086,0.0018108068627952002,0.0009058556808638327,0.0009049511819313675,1.0185211625577808,1.01852126312093,0.0017954392231320844,0.0017986891416304435,0.0004995004995005042,0.0,,,,,,,,,,,,,,,
48,0.5,271828,4,certified,1536,1536,24,0.1308996938995747,0.041666666666666664,0.0017778784863416845,0.0017778783108038086,0.001786837641084874,0.000891835947410623,0.000895001693674251,1.0050392390773706,1.005039338309389,0.0017414016441641559,0.001744835062758765,0.0017717033662364124,0.0,,,,,,,,,,,,,,,
48,0.5,271828,5,certified,1536,1536,24,0.1308996938995747,0.041666666666666664,0.0017778784863416845,0.0017778783108038086,0.001785933142152409,0.0008927404463430882,0.0008931926958093208,1.0045304872479213,1.0045305864297083,0.0017830278746808332,0.001786105638242859,0.00025322866548493526,0.0,,,,,,,,,,,,,,,
48,0.5,271828,6,certified,1536,1536,24,0.1308996938995747,0.041666666666666664,0.0017778784863416845,0.0017778783108038086,0.0018239220973159445,0.0009099259260599258,0.0009139961712560188,1.0258980640847977,1.025898165376301,0.0017700888158361078,0.001773118131495302,0.002231589387552652,0.0,,,,,,,,,,,,,,,
48,0.5,271828,7,certified,1536,1536,24,0.1308996938995747,0.041666666666666664,0.0017778784863416845,0.0017778783108038086,0.0017940736325445952,0.000898167439937879,0.0008959061926067162,1.0091092537129662,1.0091093533468354,0.0017580611740704644,0.0017612101601645277,0.0012603982858583429,0.0,,,,,,,,,,,,,,,
64,0.5,42,0,certified,2048,2048,32,0.09817477042468103,0.03125,0.0010000566485671978,0.0010000565498271424,0.001002215249184381,0.0005012347769962991,0.0005009804721880818,1.0021584783424777,1.0021585772900659,0.000996215509339132,0.000997202749417126,0.00025374270489732454,0.0,0.07911564553071694,0.2427546698923571,0.5791319502254375,0.00021146132297264288,2.027547936003908e-05,3.1412158032650916,0.001002215249184381,0.0025331301946525295,1.0021584783424777,1.0021585772900659,0.0010027238588008155,0.0010029781636090329,0.0005074854097944327,0.0007612281146917571,
64,0.5,42,1,certified,2048,2048,32,0.09817477042468103,0.03125,0.0010000566485671978,0.0010000565498271424,0.0010080642597733787,0.0005042864346949068,0.0005037778250784721,1.008007157612175,1.0080072571372294,0.000993617455149714,0.0009945922260601856,0.0005045408678103647,0.0,0.07933082447576452,0.24271475114119848,0.5740821934771866,0.0002187366420371275,2.134888709086468e-05,3.141585633903629,0.0010080642597733787,0.002571530220693342,1.008007157612175,1.0080072571372294,0.0010075556501569442,0.0010088271741980307,0.0005045408678102572,0.0007568113017154932,
64,0.5,42,2,certified,2048,2048,32,0.09817477042468103,0.03125,0.0010000566485671978,0.0010000565498271424,0.0010126417463212902,0.0005058122635442106,0.0005068294827770797,1.0125843848667206,1.0125844848437053,0.0009846155426576084,0.0009856806536235284,0.0010045203415368453,0.0,0.07920613852415836,0.24328870702224437,0.5763764579374361,0.00021694762915241817,2.039474688568637e-05,3.141455254806688,0.0010126417463212902,0.002577633536090557,1.0125843848667206,1.0125844848437053,0.0010118788318966383,0.0010123874415130729,0.0007533902561527411,0.0002511300853843184,
64,0.5,42,3,certified,2048,2048,32,0.09817477042468103,0.03125,0.0010000566485671978,0.0010000565498271424,0.0010172192328692015,0.0005101354452839046,0.000507083787585297,1.0171616121212663,1.017161712550181,0.000990490404637269,0.0009914884778764695,0.0030000000000000022,0.0,0.07939291495781683,0.24480576839328372,0.579614669327933,0.00021969078224230582,1.9798409257449926e-05,3.1410743731591597,0.0010172192328692015,0.002594417653432899,1.0171616121212663,1.017161712550181,0.0010169649280609844,0.001016710623252767,0.0002499999999998758,0.0004999999999999648,
64,0.5,42,4,certified,2048,2048,32,0.09817477042468103,0.03125,0.0010000566485671978,0.0010000565498271424,0.0009900086183899505,0.0004951314615990839,0.0004948771567908665,0.9899525389970225,0.9899526367394637,0.0009859509296589767,0.000986888503343884,0.0002568713074750465,0.0,0.07929396591180084,0.2432950380038515,0.5805737680743653,0.00020537867916463118,2.0991084513922813e-05,3.141337541013738,0.0009900086183899505,0.002492950034954196,0.9899525389970225,0.9899526367394637,0.0009900086183899505,0.000990517228006385,0.0,0.0005137426149498739,
64,0.5,42,5,certified,2048,2048,32,0.09817477042468103,0.03125,0.0010000566485671978,0.0010000565498271424,0.0010001808107186424,0.0005009804721880818,0.0004992003385305607,1.0001241551182352,1.0001242538649655,0.0010109488436186968,0.001011992462396396,0.0017798118484617172,0.0,0.07917374243785717,0.24477939423827455,0.5850144501319403,0.0002028740611260381,1.9917676783097215e-05,3.14155441517803,0.0010001808107186424,0.0025323672802278776,1.0001241551182352,1.0001242538649655,0.0009994178962939907,0.0009996722011022079,0.0007627765064834383,0.000508517670989031,
64,0.5,42,6,certified,2048,2048,32,0.09817477042468103,0.03125,0.0010000566485671978,0.0010000565498271424,0.001000689420335077,0.000499454643338778,0.0005012347769962991,1.0006327359242957,1.0006328347212405,0.0010096403425071333,0.0010106979866653573,0.0017789072426938654,0.0,0.07935821424976607,0.24406484596256955,0.5779107549644001,0.00020788329720322423,2.1945224719101123e-05,3.1412101263483048,0.001000689420335077,0.0025244838311731413,1.0006327359242957,1.0006328347212405,0.001002215249184381,0.0010017066395679463,0.0015247776365947727,0.0010165184243965874,
64,0.5,42,7,certified,2048,2048,32,0.09817477042468103,0.03125,0.0010000566485671978,0.0010000565498271424,0.000980345035677693,0.0004900453654347379,0.0004902996702429551,0.9802895036818705,0.980289600470237,0.0010014044732798598,0.0010023085474717911,0.0002594033722438209,0.0,0.07898390467915786,0.24202782877049583,0.5707605672090794,0.00019786482504885198,2.0036944308744504e-05,3.1415747517839367,0.000980345035677693,0.0024657394204749446,0.9802895036818705,0.980289600470237,0.0009808536452941277,0.0009813622549105622,0.0005188067444876418,0.0010376134889752836,
64,0.5,7,0,certified,2048,2048,32,0.09817477042468103,0.03125,0.0010000566485671978,0.0010000565498271424,0.0010154390992116805,0.0005088639212428182,0.0005065751779688624,1.015381579300054,1.0153816795532182,0.0009929672668158422,0.000993984677787232,0.0022539444027047883,0.0,,,,,,,,,,,0.0010169649280609844,0.0010164563184445498,0.0015026296018032634,0.0010017530678689134,
64,0.5,7,1,certified,2048,2048,32,0.09817477042468103,0.03125,0.0010000566485671978,0.0010000565498271424,0.0009994178962939907,0.0004984374241059088,0.0005009804721880818,0.9993612839091442,0.999361382580553,0.0009862172282472416,0.0009871917290738869,0.002544529262086443,0.0,,,,,,,,,,,0.0009981463722529042,0.0009991635914857733,0.0012722646310432757,0.00025445292620874193,
64,0.5,7,2,certified,2048,2048,32,0.09817477042468103,0.03125,0.0010000566485671978,0.0010000565498271424,0.000994586104937862,0.0004984374241059088,0.0004961486808319531,0.9945297662515683,0.9945298644459396,0.0009893609981342015,0.000990268789425189,0.002301201738685814,0.0,,,,,,,,,,,0.0009958576289789483,0.0009950947145542966,0.0012784454103807776,0.0005113781641523546,
64,0.5,7,3,certified,2048,2048,32,0.09817477042468103,0.03125,0.0010000566485671978,0.0010000565498271424,0.000988737094348864,0.0004941142423662147,0.0004946228519826493,0.9886810869818708,0.988681184598776,0.00099340713682069,0.0009944251715141936,0.0005144032921810338,0.0,,,,,,,,,,,0.000988737094348864,0.0009889913991570813,0.0,0.0002572016460906265,
64,0.5,7,4,certified,2048,2048,32,0.09817477042468103,0.03125,0.0010000566485671978,0.0010000565498271424,0.0010029781636090329,0.0005025063010373856,0.0005004718625716472,1.0029213495515688,1.0029214485744786,0.0009912031257467585,0.0009921989951614796,0.002028397565922886,0.0,,,,,,,,,,,0.001001452334759729,0.001002215249184381,0.0015212981744422997,0.0007606490872211499,
64,0.5,7,5,certified,2048,2048,32,0.09817477042468103,0.03125,0.0010000566485671978,0.0010000565498271424,0.0010100986982391172,0.0005040321298866894,0.0005060665683524278,1.0100414808364175,1.0100415805623297,0.0009929500153995532,0.0009938615890785754,0.002014098690835924,0.0,,,,,,,,,,,0.0010100986982391172,0.0010103530030473346,0.0,0.000251762336354571,
64,0.5,7,6,certified,2048,2048,32,0.09817477042468103,0.03125,0.0010000566485671978,0.0010000565498271424,0.0010098443934308998,0.0005040321298866894,0.0005058122635442106,1.009787190433387,1.0097872901341922,0.000993184844494627,0.0009940960339099626,0.0017627801561320474,0.0,,,,,,,,,,,0.0010103530030473346,0.0010100986982391172,0.0005036514731807383,0.00025182573659036917,
64,0.5,7,7,certified,2048,2048,32,0.09817477042468103,0.03125,0.0010000566485671978,0.0010000565498271424,0.0009910258376228196,0.0004953857664073012,0.0004956400712155185,0.9909697006091437,0.9909697984520138,0.000990603591112752,0.000991584452744387,0.0002566076469078598,0.0,,,,,,,,,,,0.000990517228006385,0.0009900086183899505,0.0005132152938157196,0.0010264305876314392,
64,0.5,123,0,certified,2048,2048,32,0.09817477042468103,0.03125,0.0010000566485671978,0.0010000565498271424,0.0009958576289789483,0.0004964029856401703,0.000499454643338778,0.9958012182667196,0.9958013165866272,0.001005146668722119,0.0010061293157088635,0.0030643513789581226,0.0,,,,,,,0.0009958576289789483,0.002556526237008521,0.9958012182667196,0.9958013165866272,,,,,
64,0.5,123,1,certified,2048,2048,32,0.09817477042468103,0.03125,0.0010000566485671978,0.0010000565498271424,0.001007301345348727,0.0005047950443113413,0.0005025063010373856,1.0072442864030842,1.0072443858528168,0.0009821880625781587,0.000983182027371509,0.002272153496591825,0.0,,,,,,,0.001007301345348727,0.0025687328678029512,1.0072442864030842,1.0072443858528168,,,,,
64,0.5,123,2,certified,2048,2048,32,0.09817477042468103,0.03125,0.0010000566485671978,0.0010000565498271424,0.0009833966933763007,0.0004915711942840417,0.0004918254990922589,0.9833409885182343,0.9833410856078876,0.0010081987084663909,0.0010092274945987622,0.0002585983966899223,0.0,,,,,,,0.0009833966933763007,0.0025399964244743963,0.9833409885182343,0.9833410856078876,,,,,
64,0.5,123,3,certified,2048,2048,32,0.09817477042468103,0.03125,0.0010000566485671978,0.0010000565498271424,0.001007301345348727,0.0005047950443113413,0.0005025063010373856,1.0072442864030842,1.0072443858528168,0.0009931668713458561,0.0009943016249024654,0.002272153496591825,0.0,,,,,,,0.001007301345348727,0.002564918295679692,1.0072442864030842,1.0072443858528168,,,,,
64,0.5,123,4,certified,2048,2048,32,0.09817477042468103,0.03125,0.0010000566485671978,0.0010000565498271424,0.0010156934040198979,0.0005068294827770797,0.0005088639212428182,1.0156358697030845,1.0156359699813557,0.0010078434596950494,0.0010089584627309463,0.0020030045067602124,0.0,,,,,,,0.0010156934040198979,0.0025519487504606095,1.0156358697030845,1.0156359699813557,,,,,
64,0.5,123,5,certified,2048,2048,32,0.09817477042468103,0.03125,0.0010000566485671978,0.0010000565498271424,0.0010085728693898135,0.000504540739503124,0.0005040321298866894,1.0085157384182357,1.0085158379935046,0.0009963501277637328,0.0009973395198264704,0.0005042864346949786,0.0,,,,,,,0.0010085728693898135,0.002499816264776063,1.0085157384182357,1.0085158379935046,,,,,
64,0.5,123,6,certified,2048,2048,32,0.09817477042468103,0.03125,0.0010000566485671978,0.0010000565498271424,0.001002215249184381,0.0005012347769962991,0.0005009804721880818,1.0021584783424777,1.0021585772900659,0.0010129247859540043,0.00101391719746732,0.00025374270489732454,0.0,,,,,,,0.0010019609443761635,0.0025880600332274665,1.0019041879394472,1.0019042868619283,,,,,
64,0.5,123,7,certified,2048,2048,32,0.09817477042468103,0.03125,0.0010000566485671978,0.0010000565498271424,0.0009986549818693387,0.0004989460337223434,0.0004997089481469953,0.9985984127000532,0.9985985112961403,0.001004175883821278,0.0010052256297999912,0.0007639419404125834,0.0,,,,,,,0.0009986549818693387,0.0025252467455977932,0.9985984127000532,0.9985985112961403,,,,,
64,0.5,2023,0,certified,2048,2048,32,0.09817477042468103,0.03125,0.0010000566485671978,0.0010000565498271424,0.0010268828155814592,0.0005134414077907296,0.0005134414077907296,1.0268246474364184,1.0268247488194078,0.000998956016394852,0.0009999951454876712,0.0,0.0,,,,,,,,,,,0.0010263742059650244,0.0010266285107732418,0.0004952947003468826,0.0002476473501734413,
64,0.5,2023,1,certified,2048,2048,32,0.09817477042468103,0.03125,0.0010000566485671978,0.0010000565498271424,0.0010238311578828515,0.0005116612741332084,0.0005121698837496431,1.0237731626000546,1.0237732636817574,0.0009978883635200432,0.0009988557913755628,0.0004967709885743382,0.0,,,,,,,,,,,0.0010238311578828515,0.0010240854626910687,0.0,0.0002483854942870102,
64,0.5,2023,2,certified,2048,2048,32,0.09817477042468103,0.03125,0.0010000566485671978,0.0010000565498271424,0.0010024695539925983,0.0005030149106538202,0.000499454643338778,1.002412768745508,1.0024128677182036,0.001002112413807769,0.0010030921646692278,0.0035514967021817077,0.0,,,,,,,,,,,0.0010037410780336846,0.0010050126020747711,0.0012683916793503858,0.002536783358700988,
64,0.5,2023,3,certified,2048,2048,32,0.09817477042468103,0.03125,0.0010000566485671978,0.0010000565498271424,0.0010009437251432944,0.000499454643338778,0.0005014890818045164,1.000887026327326,1.000887125149378,0.0010038703033117694,0.001004847940076593,0.0020325203252033255,0.0,,,,,,,,,,,0.0010027238588008155,0.0010019609443761635,0.0017784552845528285,0.0010162601626015546,
64,0.5,2023,4,certified,2048,2048,32,0.09817477042468103,0.03125,0.0010000566485671978,0.0010000565498271424,0.001001452334759729,0.0005004718625716472,0.0005009804721880818,1.0013956071333867,1.001395706005653,0.000996028162305725,0.0009969813459058034,0.0005078720162518688,0.0,,,,,,,,,,,0.001002215249184381,0.0010029781636090329,0.0007618080243779115,0.001523616048755823,
64,0.5,2023,5,certified,2048,2048,32,0.09817477042468103,0.03125,0.0010000566485671978,0.0010000565498271424,0.0010019609443761635,0.0005012347769962991,0.0005007261673798645,1.0019041879394472,1.0019042868619283,0.0010003196392371916,0.0010013247785661458,0.0005076142131980421,0.0,,,,,,,,,,,0.0010024695539925983,0.001002215249184381,0.0005076142131981503,0.00025380710659907515,
64,0.5,2023,6,certified,2048,2048,32,0.09817477042468103,0.03125,0.0010000566485671978,0.0010000565498271424,0.0009940774953214272,0.0004979288144894742,0.0004961486808319531,0.9940211854455074,0.9940212835896644,0.0009947747824260527,0.0009957188095252236,0.0017907393195190416,0.0,,,,,,,,,,,0.0009950947145542966,0.0009950947145542966,0.001023279611153894,0.001023279611153894,
64,0.5,2023,7,certified,2048,2048,32,0.09817477042468103,0.03125,0.0010000566485671978,0.0010000565498271424,0.0009940774953214272,0.0004981831192976915,0.0004958943760237358,0.9940211854455074,0.9940212835896644,0.0010069948780669815,0.0010081464119183097,0.0023023791250959885,0.0,,,,,,,,,,,0.0009935688857049926,0.0009943318001296446,0.0005116398055768379,0.00025581990278852803,
64,0.5,314159,0,certified,2048,2048,32,0.09817477042468103,0.03125,0.0010000566485671978,0.0010000565498271424,0.0009981463722529042,0.0005002175577634299,0.0004979288144894742,0.9980898318939927,0.9980899304398653,0.0010075101411944737,0.0010085195708671186,0.002292993630573304,0.0,,,,,,,0.0009981463722529042,0.0025811938034055993,0.9980898318939927,0.9980899304398653,,,,,
64,0.5,314159,1,certified,2048,2048,32,0.09817477042468103,0.03125,0.0010000566485671978,0.0010000565498271424,0.0010070470405405096,0.0005025063010373856,0.000504540739503124,1.0069899960000537,1.0069900954246793,0.0010111575607332514,0.001012208203481561,0.0020202020202020935,0.0,,,,,,,0.0010070470405405096,0.0025562719322003036,1.0069899960000537,1.0069900954246793,,,,,
64,0.5,314159,2,certified,2048,2048,32,0.09817477042468103,0.03125,0.0010000566485671978,0.0010000565498271424,0.0010245940723075033,0.0005121698837496431,0.0005124241885578603,1.0245360338091454,1.02453613496617,0.0010117649855462569,0.0010127673167678874,0.0002482005460411838,0.0,,,,,,,0.0010245940723075033,0.002477946051269375,1.0245360338091454,1.02453613496617,,,,,
64,0.5,314159,3,certified,2048,2048,32,0.09817477042468103,0.03125,0.0010000566485671978,0.0010000565498271424,0.0010019609443761635,0.0005004718625716472,0.0005014890818045164,1.0019041879394472,1.0019042868619283,0.0009890782618840806,0.0009901037294064738,0.0010152284263959758,0.0,,,,,,,0.0010019609443761635,0.0026414640429530995,1.0019041879394472,1.0019042868619283,,,,,
64,0.5,314159,4,certified,2048,2048,32,0.09817477042468103,0.03125,0.0010000566485671978,0.0010000565498271424,0.0010098443934308998,0.0005055579587359932,0.0005042864346949068,1.009787190433387,1.0097872901341922,0.0009986199748437165,0.0009996182859143396,0.001259128682951309,0.0,,,,,,,0.0010095900886226826,0.0025542374937345654,1.0095329000303568,1.0095329997060547,,,,,
64,0.5,314159,5,certified,2048,2048,32,0.09817477042468103,0.03125,0.0010000566485671978,0.0010000565498271424,0.0010009437251432944,0.000499454643338778,0.0005014890818045164,1.000887026327326,1.000887125149378,0.0009877671313295246,0.0009887024915514007,0.0020325203252033255,0.0,,,,,,,0.001000689420335077,0.00254533682544696,1.0006327359242957,1.0006328347212405,,,,,
64,0.5,314159,6,certified,2048,2048,32,0.09817477042468103,0.03125,0.0010000566485671978,0.0010000565498271424,0.0010017066395679463,0.0005012347769962991,0.0005004718625716472,1.001649897536417,1.0016499964337908,0.0010008485065670816,0.001001857120460788,0.0007616146230008162,0.0,,,,,,,0.0010017066395679463,0.002536436157159354,1.001649897536417,1.0016499964337908,,,,,
64,0.5,314159,7,certified,2048,2048,32,0.09817477042468103,0.03125,0.0010000566485671978,0.0010000565498271424,0.0010177278424856363,0.0005086096164346008,0.0005091182260510354,1.017670192927327,1.0176702934064563,0.0010094179735926074,0.0010104154065896246,0.0004997501249376026,0.0,,,,,,,0.0010177278424856363,0.002576870621665905,1.017670192927327,1.0176702934064563,,,,,
64,0.5,271828,0,certified,2048,2048,32,0.09817477042468103,0.03125,0.0010000566485671978,0.0010000565498271424,0.0009844139126091698,0.0004923341087086936,0.0004920798039004763,0.9843581501303554,0.9843582473204376,0.00100234801531006,0.0010033496784374624,0.00025833118057347706,0.0,,,,,,,,,,,,,,,
64,0.5,271828,1,certified,2048,2048,32,0.09817477042468103,0.03125,0.0010000566485671978,0.0010000565498271424,0.0009854311318420392,0.0004923341087086936,0.0004930970231333455,0.9853753117424768,0.985375409032988,0.0009941917699761158,0.000995229769584085,0.0007741935483870422,0.0,,,,,,,,,,,,,,,
64,0.5,271828,2,certified,2048,2048,32,0.09817477042468103,0.03125,0.0010000566485671978,0.0010000565498271424,0.000988737094348864,0.0004953857664073012,0.0004933513279415627,0.9886810869818708,0.988681184598776,0.0009957467494676748,0.0009966544613295466,0.002057613168724354,0.0,,,,,,,,,,,,,,,
64,0.5,271828,3,certified,2048,2048,32,0.09817477042468103,0.03125,0.0010000566485671978,0.0010000565498271424,0.001005775516499423,0.000501997691420951,0.0005037778250784721,1.0057185439849021,1.0057186432839915,0.0009933082613456088,0.000994338390775882,0.001769911504424762,0.0,,,,,,,,,,,,,,,
64,0.5,271828,4,certified,2048,2048,32,0.09817477042468103,0.03125,0.0010000566485671978,0.0010000565498271424,0.0009772933779790855,0.00048750231735256486,0.0004897910606265206,0.9772380188455067,0.9772381153325864,0.0009985035584908067,0.000999518569330998,0.0023419203747072613,0.0,,,,,,,,,,,,,,,
64,0.5,271828,5,certified,2048,2048,32,0.09817477042468103,0.03125,0.0010000566485671978,0.0010000565498271424,0.0009859397414584737,0.0004933513279415627,0.0004925884135169109,0.9858838925485375,0.9858839898892631,0.0009898848324619276,0.0009908934446434183,0.0007737941707505258,0.0,,,,,,,,,,,,,,,
64,0.5,271828,6,certified,2048,2048,32,0.09817477042468103,0.03125,0.0010000566485671978,0.0010000565498271424,0.0010019609443761635,0.0005012347769962991,0.0005007261673798645,1.0019041879394472,1.0019042868619283,0.0009968170681807149,0.0009978189034250313,0.0005076142131980421,0.0,,,,,,,,,,,,,,,
64,0.5,271828,7,certified,2048,2048,32,0.09817477042468103,0.03125,0.0010000566485671978,0.0010000565498271424,0.0010235768530746342,0.0005111526645167738,0.0005124241885578603,1.0235188721970243,1.0235189732536196,0.0010100004630621759,0.0010110332600476374,0.001242236024844739,0.0,,,,,,,,,,,,,,,
4,0.75,42,0,certified,128,128,4,1.5707963267948966,0.75,0.3170384905899861,0.32968834649821965,0.26495304003954523,0.13261775298354636,0.13233528705599887,0.8357125330318298,0.8036469679736647,0.22753433899813635,0.31719535810011606,0.0010660980810234663,0.0,1.2854016447263996,2.892969546777484,3.0927392383549908,0.06293061023622047,0.006213090551181103,3.1413591279195203,0.24115528564366923,0.5426170468187275,0.760649866818683,0.731464391159399,0.2698961937716263,0.2670009180142645,0.018656716417910554,0.007729211087419973,
4,0.75,42,1,certified,128,128,4,1.5707963267948966,0.75,0.3170384905899861,0.32968834649821965,0.25817385777840546,0.12915754537108962,0.12901631240731587,0.8143296963657701,0.7830845722046157,0.22611232029949999,0.31622986647513335,0.0005470459518599625,0.0,1.2768327056705575,2.8885277952851762,3.092888759562208,0.062407726377952756,0.006459153543307086,3.1415890287567803,0.23670644728479628,0.539015606242497,0.7466173802565814,0.7179703189359606,0.25789139185085797,0.25951557093425603,0.001094091903719925,0.00519693654266959,
4,0.75,42,2,certified,128,128,4,1.5707963267948966,0.75,0.3170384905899861,0.32968834649821965,0.2530188546006638,0.12640350257750158,0.1266153520231622,0.7980698309842874,0.7674485837552348,0.22448616045606223,0.3131613828935732,0.0008372871895060648,0.0,1.2724810652571197,2.887681948959741,3.0901998388405834,0.062407726377952756,0.0063976377952755905,3.141552139941203,0.23063342984252524,0.5424758138549537,0.727461922409903,0.6995498393928543,0.2591624885248217,0.25718522703198926,0.024281328495674014,0.01646664806028459,
4,0.75,42,3,certified,128,128,4,1.5707963267948966,0.75,0.3170384905899861,0.32968834649821965,0.25753830944142364,0.12873384647976838,0.12880446296165526,0.8123250554283271,0.7811568476012675,0.22823472730279235,0.3188694833816281,0.00027419797093507204,0.0,1.2774182323381775,2.8733187529279984,3.0880488667696007,0.059147391732283464,0.005813238188976378,3.1414832528406302,0.2358590495021538,0.5402867029164607,0.7439445256733239,0.7154000194648296,0.25880940611538733,0.2597980368618035,0.004935563476830219,0.008774335069920366,
4,0.75,42,4,certified,128,128,4,1.5707963267948966,0.75,0.3170384905899861,0.32968834649821965,0.26156344890897537,0.1309935739001483,0.13056987500882705,0.8250211146988,0.7933657700891403,0.22686636140187877,0.316464095557746,0.0016198704103671888,0.0,1.279094135903242,2.882439425821111,3.0940428809807488,0.06117741141732284,0.006674458661417323,3.1415398946012743,0.2393898735964974,0.5476308170326954,0.7550814197702299,0.7261096005945425,0.26262269613727846,0.26234023020973096,0.004049676025917919,0.0029697624190064597,
4,0.75,42,5,certified,128,128,4,1.5707963267948966,0.75,0.3170384905899861,0.32968834649821965,0.2591624885248217,0.13028740908127956,0.12887507944354212,0.817448026712904,0.7860832549209354,0.2235759135518397,0.31128178782418103,0.005449591280653905,0.0,1.280404773230967,2.8905839291532094,3.0942506269223444,0.06222317913385827,0.006735974409448819,3.1415710256688043,0.23875432525951557,0.5419814984817456,0.7530767788327869,0.7241818759911942,0.26368194336558154,0.26403502577501586,0.017438692098092626,0.018801089918255968,
4,0.75,42,6,certified,128,128,4,1.5707963267948966,0.75,0.3170384905899861,0.32968834649821965,0.2632582444742603,0.13162912223713014,0.13162912223713014,0.8303668238653148,0.7985063690314025,0.22787855282910824,0.3183788363938391,0.0,0.0,1.2804317417576827,2.883852272726649,3.0881006993755618,0.06010088582677165,0.00593626968503937,3.1415778542437462,0.2399548054515924,0.540145469952687,0.756863322825735,0.7278231335752966,0.264529341148224,0.2619871478002966,0.004828326180257671,0.00482832618025746,
4,0.75,42,7,certified,128,128,4,1.5707963267948966,0.75,0.3170384905899861,0.32968834649821965,0.2659416707859614,0.13290021891109385,0.1330414518748676,0.8388308633789634,0.8066456506899844,0.22824545081370728,0.31910218089575365,0.0005310674455655929,0.0,1.2811485679323726,2.892864537950536,3.093151578650384,0.062284694881889764,0.006674458661417323,3.141424637278612,0.2420026834263117,0.5411341006991032,0.7633227214019405,0.7340346906305302,0.2609279005719935,0.2619871478002966,0.018852894317578285,0.014869888475836392,
4,0.75,7,0,certified,128,128,4,1.5707963267948966,0.75,0.3170384905899861,0.32968834649821965,0.264529341148224,0.13198220464656452,0.13254713650165947,0.8343761057402012,0.8023618182380993,0.2287017595824104,0.3197930956586991,0.0021356113187399085,0.0,,,,,,,,,,,0.2597274203799167,0.26262269613727846,0.018152696209289904,0.007207688200747493,
4,0.75,7,1,certified,128,128,4,1.5707963267948966,0.75,0.3170384905899861,0.32968834649821965,0.26311701151048655,0.13162912223713014,0.1314878892733564,0.8299213481014387,0.798077985786214,0.2273023972664765,0.31765972245156565,0.0005367686527106878,0.0,,,,,,,,,,,0.260080502789351,0.2604335851987854,0.011540526033279734,0.010198604401502961,
4,0.75,7,2,certified,128,128,4,1.5707963267948966,0.75,0.3170384905899861,0.32968834649821965,0.2610691335357673,0.13078172445448769,0.13028740908127956,0.8234619495252332,0.7918664287309806,0.22624022840231328,0.3155662966000348,0.0018934271030566067,0.0,,,,,,,,,,,0.25732645999576303,0.25400748534708,0.01433594806599946,0.027048958615093408,
4,0.75,7,3,certified,128,128,4,1.5707963267948966,0.75,0.3170384905899861,0.32968834649821965,0.25852694018783984,0.12922816185297648,0.12929877833486336,0.8154433857754607,0.7841555303175871,0.22543841643648888,0.3148056610774164,0.0002731494127288194,0.0,,,,,,,,,,,0.2611397500176541,0.2613515994633147,0.010106528270964171,0.010925976509150415,
4,0.75,7,4,certified,128,128,4,1.5707963267948966,0.75,0.3170384905899861,0.32968834649821965,0.26438810818445024,0.13205282112845138,0.13233528705599887,0.8339306299763248,0.8019334349929107,0.22560933195676308,0.314894272256348,0.0010683760683760804,0.0,,,,,,,,,,,0.26262269613727846,0.26262269613727846,0.0066773504273503455,0.0066773504273503455,
4,0.75,7,5,certified,128,128,4,1.5707963267948966,0.75,0.3170384905899861,0.32968834649821965,0.26926064543464445,0.13487748040392628,0.13438316503071818,0.8492995438300551,0.8167126569519146,0.22764759934419707,0.3185430408625728,0.001835824809860971,0.0,,,,,,,,,,,0.2655885883765271,0.2660829037497352,0.013637555730395962,0.01180173092053499,
4,0.75,7,6,certified,128,128,4,1.5707963267948966,0.75,0.3170384905899861,0.32968834649821965,0.2586681731516136,0.12922816185297648,0.1294400112986371,0.815888861539337,0.7845839135627757,0.22824351204802748,0.3183715518062077,0.0008190008190008818,0.0,,,,,,,,,,,0.2627639291010522,0.26318762799237344,0.01583401583401569,0.017472017472017452,
4,0.75,7,7,certified,128,128,4,1.5707963267948966,0.75,0.3170384905899861,0.32968834649821965,0.26290516206482595,0.1314878892733564,0.13141727279146953,0.8292531344556243,0.7974354109184313,0.22752646628431544,0.3177962736057226,0.00026860059092125027,0.0,,,,,,,,,,,0.2686250970976626,0.2642468752206765,0.021756647864625177,0.005103411227504705,
4,0.75,123,0,certified,128,128,4,1.5707963267948966,0.75,0.3170384905899861,0.32968834649821965,0.26156344890897537,0.1307111079726008,0.13085234093637454,0.8250211146988,0.7933657700891403,0.22593535996677602,0.3147377687900477,0.0005399568034557296,0.0,,,,,,,0.23811877692253372,0.5457241720217498,0.7510721378953438,0.7222541513878459,,,,,
4,0.75,123,1,certified,128,128,4,1.5707963267948966,0.75,0.3170384905899861,0.32968834649821965,0.26332886095614716,0.13155850575524328,0.13177035520090388,0.830589561747253,0.7987205606539968,0.2259931554847152,0.3156097345515675,0.0008045052292839467,0.0,,,,,,,0.24016665489725303,0.5405691688440082,0.7575315364715494,0.7284657084430795,,,,,
4,0.75,123,2,certified,128,128,4,1.5707963267948966,0.75,0.3170384905899861,0.32968834649821965,0.26509427300331895,0.13254713650165947,0.13254713650165947,0.8361580087957059,0.8040753512188532,0.22648980101624613,0.3162247763217129,0.0,0.0,,,,,,,0.24468610973801286,0.5406397853258951,0.7717867609155891,0.7421739722891121,,,,,
4,0.75,123,3,certified,128,128,4,1.5707963267948966,0.75,0.3170384905899861,0.32968834649821965,0.26156344890897537,0.1307111079726008,0.13085234093637454,0.8250211146988,0.7933657700891403,0.2268717977903318,0.31721264822574663,0.0005399568034557296,0.0,,,,,,,0.23727137913989124,0.5420521149636325,0.7483992833120864,0.7196838519167147,,,,,
4,0.75,123,4,certified,128,128,4,1.5707963267948966,0.75,0.3170384905899861,0.32968834649821965,0.26488242355765834,0.132264670574112,0.13261775298354636,0.8354897951498916,0.8034327763510705,0.22625392773441794,0.3157521421706267,0.0013329778725672781,0.0,,,,,,,0.24101405267989548,0.5430407457100487,0.7602043910548067,0.7310360079142105,,,,,
4,0.75,123,5,certified,128,128,4,1.5707963267948966,0.75,0.3170384905899861,0.32968834649821965,0.2659416707859614,0.1329708353929807,0.1329708353929807,0.8388308633789634,0.8066456506899844,0.2270094963835396,0.3174976274638816,0.0,0.0,,,,,,,0.24179083398065107,0.5468540357319398,0.7626545077561261,0.7333921157627473,,,,,
4,0.75,123,6,certified,128,128,4,1.5707963267948966,0.75,0.3170384905899861,0.32968834649821965,0.2622696137278441,0.13113480686392204,0.13113480686392204,0.8272484935181812,0.7955076863150828,0.22937410965423352,0.31951180420928427,0.0,0.0,,,,,,,0.24059035378857424,0.5415577995904244,0.758867963763178,0.7297508581786449,,,,,
4,0.75,123,7,certified,128,128,4,1.5707963267948966,0.75,0.3170384905899861,0.32968834649821965,0.2675658498693595,0.13395946613939694,0.13360638372996259,0.8439538346635402,0.8115720580096524,0.22637455492924463,0.3157320693765778,0.00131960939561886,0.0,,,,,,,0.24623967233952404,0.5473483511051479,0.7766869943182277,0.7468861879861858,,,,,
4,0.75,2023,0,certified,128,128,4,1.5707963267948966,0.75,0.3170384905899861,0.32968834649821965,0.25725584351387615,0.12845138055222088,0.12880446296165526,0.8114341039005746,0.7803000811108904,0.22719424907413377,0.3173124031115281,0.0013724951962668826,0.0,,,,,,,,,,,0.26396440929312903,0.2607866676082198,0.02607740872906947,0.013724951962668177,
4,0.75,2023,1,certified,128,128,4,1.5707963267948966,0.75,0.3170384905899861,0.32968834649821965,0.25895063907916105,0.12951062778052397,0.1294400112986371,0.8167798130670894,0.7854406800531526,0.22722627163074105,0.31721527285413675,0.000272702481592532,0.0,,,,,,,,,,,0.2709554409999294,0.2714497563731375,0.04635942187073923,0.048268339241887274,
4,0.75,2023,2,certified,128,128,4,1.5707963267948966,0.75,0.3170384905899861,0.32968834649821965,0.25831509074217923,0.12901631240731587,0.12929877833486336,0.8147751721296465,0.7835129554498044,0.2260557941911568,0.31499325737090456,0.001093493712411166,0.0,,,,,,,,,,,0.2604335851987854,0.26205776428218347,0.008201202843083637,0.014488791689447788,
4,0.75,2023,3,certified,128,128,4,1.5707963267948966,0.75,0.3170384905899861,0.32968834649821965,0.26431749170256336,0.13212343761033826,0.13219405409222512,0.8337078920943867,0.8017192433703164,0.227324222133222,0.31806257473400285,0.0002671653753673029,0.0,,,,,,,,,,,0.2557728973942518,0.2605748181625591,0.03232701041944964,0.01415976489446968,
4,0.75,2023,4,certified,128,128,4,1.5707963267948966,0.75,0.3170384905899861,0.32968834649821965,0.2660829037497352,0.1329708353929807,0.13311206835675446,0.8392763391428397,0.807074033935173,0.22760075629659257,0.3173226802054607,0.0005307855626327023,0.0,,,,,,,,,,,0.2680601652425676,0.2698961937716263,0.007430997876857625,0.01433121019108286,
4,0.75,2023,5,certified,128,128,4,1.5707963267948966,0.75,0.3170384905899861,0.32968834649821965,0.26354071040180777,0.13169973871901702,0.13184097168279077,0.8312577753930673,0.7993631355217795,0.22711598985066683,0.3164598919900136,0.0005359056806002204,0.0,,,,,,,,,,,0.2600098863074642,0.2622696137278441,0.013397642015005196,0.0048231511254018785,
4,0.75,2023,6,certified,128,128,4,1.5707963267948966,0.75,0.3170384905899861,0.32968834649821965,0.26459995763011085,0.13233528705599887,0.132264670574112,0.8345988436221391,0.8025760098606934,0.22694703222786317,0.31620713783277526,0.00026688017080325993,0.0,,,,,,,,,,,0.2603629687168985,0.2658710543040746,0.01601281024819853,0.004803843074459727,
4,0.75,2023,7,certified,128,128,4,1.5707963267948966,0.75,0.3170384905899861,0.32968834649821965,0.2594449544523692,0.12936939481675022,0.13007555963561895,0.8183389782406564,0.7869400214113126,0.2239633802169433,0.312806319185708,0.0027218290691344888,0.0,,,,,,,,,,,0.25880940611538733,0.25930372148859543,0.0024496461622210935,0.0005443658138270048,
4,0.75,314159,0,certified,128,128,4,1.5707963267948966,0.75,0.3170384905899861,0.32968834649821965,0.26205776428218347,0.1304286420450533,0.13162912223713014,0.8265802798723668,0.7948651114473001,0.22763810243329868,0.3180612067996951,0.004580975478307732,0.0,,,,,,,0.23811877692253372,0.5380975919779677,0.7510721378953438,0.7222541513878459,,,,,
4,0.75,314159,1,certified,128,128,4,1.5707963267948966,0.75,0.3170384905899861,0.32968834649821965,0.2653061224489796,0.13268836946543322,0.13261775298354636,0.8368262224415204,0.8047179260866362,0.22567783962742405,0.3159815914600108,0.0002661698163427774,0.0,,,,,,,0.24348562954593603,0.5519384224277947,0.768000216922641,0.7385327147050097,,,,,
4,0.75,314159,2,certified,128,128,4,1.5707963267948966,0.75,0.3170384905899861,0.32968834649821965,0.26410564225690275,0.13219405409222512,0.13191158816467763,0.8330396784485723,0.8010766685025337,0.22824935773711924,0.31989019429577703,0.0010695187165775523,0.0,,,,,,,0.24002542193347928,0.5449473907209943,0.7570860607076731,0.7280373251978909,,,,,
4,0.75,314159,3,certified,128,128,4,1.5707963267948966,0.75,0.3170384905899861,0.32968834649821965,0.25753830944142364,0.12852199703410777,0.12901631240731587,0.8123250554283271,0.7811568476012675,0.22568569482637893,0.3158253005152476,0.0019193857965450734,0.0,,,,,,,0.23479980227385072,0.5394393051338182,0.7406034574442522,0.7121871451259156,,,,,
4,0.75,314159,4,certified,128,128,4,1.5707963267948966,0.75,0.3170384905899861,0.32968834649821965,0.2611397500176541,0.1307111079726008,0.1304286420450533,0.8236846874071712,0.7920806203535746,0.226205705730759,0.31625602552993537,0.0010816657652785412,0.0,,,,,,,0.23705952969423064,0.5427582797825012,0.747731069666272,0.719041277048932,,,,,
4,0.75,314159,5,certified,128,128,4,1.5707963267948966,0.75,0.3170384905899861,0.32968834649821965,0.261210366499541,0.13106419038203518,0.1301461761175058,0.8239074252891093,0.792294811976169,0.22738870844064069,0.31779567288303834,0.00351446336847806,0.0,,,,,,,0.23931925711461055,0.541275333662877,0.7548586818882919,0.7258954089719483,,,,,
4,0.75,314159,6,certified,128,128,4,1.5707963267948966,0.75,0.3170384905899861,0.32968834649821965,0.2600098863074642,0.1300049431537321,0.1300049431537321,0.8201208812961613,0.7886535543920666,0.22687757327700037,0.3167696788731599,0.0,0.0,,,,,,,0.2389661747051762,0.5429701292281619,0.7537449924786013,0.7248244508589771,,,,,
4,0.75,314159,7,certified,128,128,4,1.5707963267948966,0.75,0.3170384905899861,0.32968834649821965,0.2611397500176541,0.13092295741826143,0.1302167925993927,0.8236846874071712,0.7920806203535746,0.22500288860347775,0.3140726706842818,0.0027041644131963532,0.0,,,,,,,0.24157898453499047,0.5442412259021255,0.7619862941103117,0.7327495408949646,,,,,
4,0.75,271828,0,certified,128,128,4,1.5707963267948966,0.75,0.3170384905899861,0.32968834649821965,0.26311701151048655,0.13191158816467763,0.13120542334580892,0.8299213481014387,0.798077985786214,0.225600442916313,0.31248009249459013,0.0026838432635533332,0.0,,,,,,,,,,,,,,,
4,0.75,271828,1,certified,128,128,4,1.5707963267948966,0.75,0.3170384905899861,0.32968834649821965,0.2597980368618035,0.13007555963561895,0.1297224772261846,0.8194526676503469,0.7880109795242838,0.2252001574197386,0.31475339135044744,0.001359064963305208,0.0,,,,,,,,,,,,,,,
4,0.75,271828,2,certified,128,128,4,1.5707963267948966,0.75,0.3170384905899861,0.32968834649821965,0.2658710543040746,0.1329708353929807,0.13290021891109385,0.8386081254970255,0.8064314590673902,0.22580506399557573,0.31567593533549215,0.00026560424966794546,0.0,,,,,,,,,,,,,,,
4,0.75,271828,3,certified,128,128,4,1.5707963267948966,0.75,0.3170384905899861,0.32968834649821965,0.2601511192712379,0.1302167925993927,0.1299343266718452,0.8205663570600376,0.7890819376372551,0.2258442470537594,0.31523723285655264,0.0010857763300760165,0.0,,,,,,,,,,,,,,,
4,0.75,271828,4,certified,128,128,4,1.5707963267948966,0.75,0.3170384905899861,0.32968834649821965,0.2662241367135089,0.13311206835675446,0.13311206835675446,0.8397218149067159,0.8075024171803614,0.22679055450874194,0.31614429902740226,0.0,0.0,,,,,,,,,,,,,,,
4,0.75,271828,5,certified,128,128,4,1.5707963267948966,0.75,0.3170384905899861,0.32968834649821965,0.2665066026410564,0.13290021891109385,0.13360638372996259,0.8406127664344684,0.8083591836707384,0.22384590340426,0.3118952922369266,0.002649708532061503,0.0,,,,,,,,,,,,,,,
4,0.75,271828,6,certified,128,128,4,1.5707963267948966,0.75,0.3170384905899861,0.32968834649821965,0.2568321446225549,0.12802768166089964,0.12880446296165526,0.8100976766089458,0.7790149313753247,0.22869640056922863,0.3187986502007465,0.003024470717624504,0.0,,,,,,,,,,,,,,,
4,0.75,271828,7,certified,128,128,4,1.5707963267948966,0.75,0.3170384905899861,0.32968834649821965,0.2601511192712379,0.13028740908127956,0.12986371018995835,0.8205663570600376,0.7890819376372551,0.22548651480125909,0.31563514633109924,0.0016286644951139183,0.0,,,,,,,,,,,,,,,
6,0.75,42,0,certified,192,192,4,1.0471975511965976,0.5,0.14651886019531757,0.1465281539992087,0.13258084744244378,0.06614112096509302,0.06643972647735077,0.9048722278190421,0.9048148347187923,0.12288883384392983,0.14428828287137105,0.0022522522522522613,0.0,0.909134416107525,2.612468486982001,3.0367728718525004,0.03032286212914485,0.0029177574171029667,3.1415516519823945,0.1286392546806414,0.3149989548807071,0.8779706210460436,0.8779149342271527,0.13371554838902325,0.13246140523754069,0.00855855855855853,0.0009009009009008208,
6,0.75,42,1,certified,192,192,4,1.0471975511965976,0.5,0.14651886019531757,0.1465281539992087,0.13705993012631013,0.06847024396070352,0.06858968616560662,0.9354422355156314,0.9353829034592921,0.12622790877786433,0.14843448762106531,0.0008714596949891305,0.0,0.9177279323980819,2.6309066840435116,3.039268472839234,0.030595549738219895,0.002849585514834206,3.1415798610495824,0.1334169428767655,0.3192092926035415,0.9105786292557388,0.910520874217019,0.13732867508734212,0.13753769894592255,0.0019607843137255687,0.003485838779956522,
6,0.75,42,2,certified,192,192,4,1.0471975511965976,0.5,0.14651886019531757,0.1465281539992087,0.13371554838902325,0.06682791364328586,0.0668876347457374,0.9126166297688447,0.9125587454663856,0.12265158123278408,0.144280849894536,0.0004466279589101881,0.0,0.9111253681644242,2.633483998612827,3.03507463623049,0.030159249563699825,0.002631435427574171,3.1415011179760546,0.1294753501149631,0.3182537549643166,0.8836770224827402,0.8836209737253792,0.13526829705276358,0.1350294126429574,0.011612326931665928,0.009825815096025176,
6,0.75,42,3,certified,192,192,4,1.0471975511965976,0.5,0.14651886019531757,0.1465281539992087,0.1356266236674729,0.06778345128251068,0.06784317238496222,0.9256598330527229,0.9256011214623323,0.12463842037972042,0.14680057714550568,0.0004403346543372571,0.0,0.9199970989499903,2.638853938937611,3.039555664449073,0.030241055846422338,0.0034085951134380454,3.1413473379425927,0.13174475200812208,0.3266445698587596,0.8991658263823455,0.8991087952205659,0.13517871539908627,0.13508913374540893,0.0033025099075297865,0.003963011889035826,
6,0.75,42,4,certified,192,192,4,1.0471975511965976,0.5,0.14651886019531757,0.1465281539992087,0.13526829705276358,0.06754456687270446,0.06772373018005913,0.9232142324369956,0.9231556759630921,0.12620739716594287,0.14861862154328115,0.0013245033112583655,0.0,0.9144674387381557,2.624990828634568,3.036272647693181,0.030595549738219895,0.0028359511343804536,3.141423738546557,0.1318044731105736,0.31888082654005795,0.8995734264849666,0.899516369470439,0.13159544925199318,0.13267042909612112,0.027152317880794696,0.019205298013244915,
6,0.75,42,5,certified,192,192,4,1.0471975511965976,0.5,0.14651886019531757,0.1465281539992087,0.13741825674101943,0.06867926781928395,0.0687389889217355,0.9378878361313585,0.9378283489585321,0.12541735084159275,0.14781437865067418,0.0004345936549325993,0.0,0.9183470167710228,2.622837546028095,3.032290370159384,0.030391034031413612,0.0026041666666666665,3.141342500056421,0.1335363850816686,0.3220759055212159,0.9113938294609811,0.9113360227167656,0.13732867508734212,0.13694048792140703,0.0006518904823988484,0.0034767492394609965,
6,0.75,42,6,certified,192,192,4,1.0471975511965976,0.5,0.14651886019531757,0.1465281539992087,0.13604467138463375,0.06790289348741378,0.06814177789721998,0.9285130337710711,0.9284541412114454,0.12498991985142807,0.14714747950843318,0.0017559262510973997,0.0,0.9161055894877462,2.6246423467115636,3.03310313750253,0.03018651832460733,0.0028359511343804536,3.141584273492128,0.13192391531547673,0.3183134760667682,0.9003886266902091,0.9003315179701858,0.1363731374481173,0.13517871539908627,0.0024143985952591413,0.006365232660228163,
6,0.75,42,7,certified,192,192,4,1.0471975511965976,0.5,0.14651886019531757,0.1465281539992087,0.13717937233121325,0.06861954671683239,0.06855982561438084,0.9362574357208738,0.9361980519590388,0.12484870542423177,0.14688376362623096,0.0004353504571179412,0.0,0.9158799041914557,2.6278734715067795,3.040046509988526,0.03125,0.0029177574171029667,3.141582140189082,0.13281973185225,0.3184329182716713,0.9065026282295269,0.9064451317182857,0.13714951177998747,0.13694048792140703,0.00021767522855902117,0.001741401828471967,
6,0.75,7,0,certified,192,192,4,1.0471975511965976,0.5,0.14651886019531757,0.1465281539992087,0.1335363850816686,0.06700707695064051,0.0665293081310281,0.9113938294609811,0.9113360227167656,0.12347757612648713,0.14555087748109094,0.003577817531305897,0.0,,,,,,,,,,,0.1338051300427006,0.13231210248141181,0.0020125223613596515,0.009168157423971238,
6,0.75,7,1,certified,192,192,4,1.0471975511965976,0.5,0.14651886019531757,0.1465281539992087,0.13873212099495358,0.06933619994625101,0.06939592104870256,0.9468550383890249,0.9467949824557454,0.12515481340107676,0.14737395918706914,0.00043047783039169645,0.0,,,,,,,,,,,0.1363731374481173,0.1378363044581803,0.01700387430047356,0.006457167455876147,
6,0.75,7,2,certified,192,192,4,1.0471975511965976,0.5,0.14651886019531757,0.1465281539992087,0.13446206216966766,0.06718624025799516,0.06727582191167249,0.9177116310516097,0.9176534235898024,0.12391142429905733,0.145858173225965,0.0006662225183211115,0.0,,,,,,,,,,,0.13347666397921706,0.13347666397921706,0.00732844770153233,0.00732844770153233,
6,0.75,7,3,certified,192,192,4,1.0471975511965976,0.5,0.14651886019531757,0.1465281539992087,0.14025500910746813,0.06999313207321807,0.07026187703425005,0.9572488410058652,0.9571881258275153,0.12500049251156092,0.14745067559370392,0.0019161166702150085,0.0,,,,,,,,,,,0.135477320911344,0.13607453193585953,0.03406429635937846,0.02980625931445615,
6,0.75,7,4,certified,192,192,4,1.0471975511965976,0.5,0.14651886019531757,0.1465281539992087,0.13258084744244378,0.06649944757980232,0.06608139986264147,0.9048722278190421,0.9048148347187923,0.12281158183444572,0.14444040622122165,0.003153153153153082,0.0,,,,,,,,,,,0.13281973185225,0.13350652453044284,0.0018018018018018508,0.006981981981982146,
6,0.75,7,5,certified,192,192,4,1.0471975511965976,0.5,0.14651886019531757,0.1465281539992087,0.1358655080772791,0.06790289348741378,0.06796261458986533,0.9272902334632076,0.9272314184618254,0.12459437296130846,0.14669995153888132,0.0004395604395604005,0.0,,,,,,,,,,,0.1344023410672161,0.1348801098868285,0.010769230769230679,0.007252747252747271,
6,0.75,7,6,certified,192,192,4,1.0471975511965976,0.5,0.14651886019531757,0.1465281539992087,0.13664188240914926,0.06832094120457463,0.06832094120457463,0.9325890347972831,0.9325298837101788,0.12369026791246807,0.1456208607464694,0.0,0.0,,,,,,,,,,,0.13607453193585953,0.13676132461405238,0.004152097902097888,0.0008741258741259995,
6,0.75,7,7,certified,192,192,4,1.0471975511965976,0.5,0.14651886019531757,0.1465281539992087,0.13479052823315119,0.06724596136044671,0.06754456687270446,0.9199534316160262,0.9198950819641056,0.12380664036646978,0.14572691390630632,0.0022153300841825517,0.0,,,,,,,,,,,0.13544746036011826,0.13499955209173162,0.004873726185201676,0.0015507310589277965,
6,0.75,123,0,certified,192,192,4,1.0471975511965976,0.5,0.14651886019531757,0.1465281539992087,0.1321926602765087,0.06608139986264147,0.06611126041386724,0.9022228271520044,0.9021656020946157,0.12451382197307707,0.14660489563698945,0.0002258866049242554,0.0,,,,,,,0.12857953357818985,0.3202842724476694,0.8775630209434224,0.8775073599772792,,,,,
6,0.75,123,1,certified,192,192,4,1.0471975511965976,0.5,0.14651886019531757,0.1465281539992087,0.13676132461405238,0.06832094120457463,0.06844038340947774,0.9334042350025256,0.9333450322099255,0.1235473356879599,0.14545482910070415,0.0008733624454148708,0.0,,,,,,,0.1321926602765087,0.3195078981157992,0.9022228271520044,0.9021656020946157,,,,,
6,0.75,123,2,certified,192,192,4,1.0471975511965976,0.5,0.14651886019531757,0.1465281539992087,0.13302875571083042,0.06646958702857655,0.06655916868225388,0.9079292285887011,0.9078716415928424,0.12424443335721698,0.14639951507673607,0.0006734006734006656,0.0,,,,,,,0.12905730239780228,0.3170593329152856,0.880823821764392,0.8807679539762661,,,,,
6,0.75,123,3,certified,192,192,4,1.0471975511965976,0.5,0.14651886019531757,0.1465281539992087,0.13374540894024903,0.06691749529696318,0.06682791364328586,0.9128204298201553,0.9127625325913222,0.1246893230165682,0.1467448468578286,0.0006697923643670385,0.0,,,,,,,0.1304906088566395,0.3193884559108961,0.8906062242273005,0.8905497359732258,,,,,
6,0.75,123,4,certified,192,192,4,1.0471975511965976,0.5,0.14651886019531757,0.1465281539992087,0.1348801098868285,0.06727582191167249,0.06760428797515602,0.9205648317699578,0.9205064433389155,0.12581453097448145,0.1481449954682045,0.0024352446313925576,0.0,,,,,,,0.13111768043238078,0.32141897339424885,0.894886025304823,0.8948292655968958,,,,,
6,0.75,123,5,certified,192,192,4,1.0471975511965976,0.5,0.14651886019531757,0.1465281539992087,0.13768700170205142,0.06879871002418704,0.06888829167786438,0.9397220365931539,0.9396624330829622,0.12367598016863535,0.14554617672928258,0.000650618087182917,0.0,,,,,,,0.13332736122308816,0.3242258652094718,0.9099672291018069,0.9099095128422089,,,,,
6,0.75,123,6,certified,192,192,4,1.0471975511965976,0.5,0.14651886019531757,0.1465281539992087,0.13422317775986145,0.06706679805309206,0.06715637970676938,0.9160812306411249,0.9160231265903089,0.12592251313555686,0.1485053074725717,0.0006674082313681791,0.0,,,,,,,0.13055032995909105,0.3217474394577324,0.8910138243299217,0.8909573102230992,,,,,
6,0.75,123,7,certified,192,192,4,1.0471975511965976,0.5,0.14651886019531757,0.1465281539992087,0.13711965122876169,0.06867926781928395,0.06844038340947774,0.9358498356182526,0.9357904777091655,0.12563903828066333,0.14787156952135816,0.0017421602787456919,0.0,,,,,,,0.13287945295470155,0.32216548717489324,0.9069102283321482,0.906852705968159,,,,,
6,0.75,2023,0,certified,192,192,4,1.0471975511965976,0.5,0.14651886019531757,0.1465281539992087,0.13508913374540893,0.06757442742393024,0.0675147063214787,0.921991432129132,0.9219329532134721,0.12542818982398446,0.1476956257556202,0.0004420866489831614,0.0,,,,,,,,,,,0.13326764012063663,0.13437248051599032,0.013483642793987501,0.0053050397877983475,
6,0.75,2023,1,certified,192,192,4,1.0471975511965976,0.5,0.14651886019531757,0.1465281539992087,0.1347606676819254,0.06745498521902714,0.06730568246289827,0.9197496315647156,0.9196912948391689,0.12571979874136166,0.14812049758776982,0.0011079104808331016,0.0,,,,,,,,,,,0.13535787870644092,0.13326764012063663,0.004431641923332612,0.011079104808331427,
6,0.75,2023,2,certified,192,192,4,1.0471975511965976,0.5,0.14651886019531757,0.1465281539992087,0.13732867508734212,0.0687389889217355,0.06858968616560662,0.9372764359774268,0.9372169875837222,0.12399303114893549,0.14586247979238479,0.0010871928680147396,0.0,,,,,,,,,,,0.13738839618979368,0.1373585356385679,0.00043487714720597665,0.00021743857360298832,
6,0.75,2023,3,certified,192,192,4,1.0471975511965976,0.5,0.14651886019531757,0.1465281539992087,0.13556690256502135,0.0677535907312849,0.06781331183373646,0.9252522329501017,0.9251935472124589,0.12442182491228831,0.1465125190731231,0.0004405286343612966,0.0,,,,,,,,,,,0.1348801098868285,0.1356266236674729,0.005066079295154297,0.0004405286343612966,
6,0.75,2023,4,certified,192,192,4,1.0471975511965976,0.5,0.14651886019531757,0.1465281539992087,0.13705993012631013,0.06861954671683239,0.06844038340947774,0.9354422355156314,0.9353829034592921,0.12329203167643202,0.14507342724135774,0.001307189542483645,0.0,,,,,,,,,,,0.135746065872376,0.13595508973095644,0.009586056644880131,0.008061002178649178,
6,0.75,2023,5,certified,192,192,4,1.0471975511965976,0.5,0.14651886019531757,0.1465281539992087,0.1348801098868285,0.06736540356534981,0.0675147063214787,0.9205648317699578,0.9205064433389155,0.12441073307179275,0.14621787282118887,0.0011069293779057455,0.0,,,,,,,,,,,0.13658216130669773,0.1350294126429574,0.012618994908125025,0.0011069293779058483,
6,0.75,2023,6,certified,192,192,4,1.0471975511965976,0.5,0.14651886019531757,0.1465281539992087,0.13299889515960464,0.0666487503359312,0.06635014482367345,0.9077254285373905,0.9076678544679057,0.12537520187501103,0.14768994172833178,0.002245172878311639,0.0,,,,,,,,,,,0.13395443279882946,0.1341634566574099,0.007184553210597203,0.00875617422541536,
6,0.75,2023,7,certified,192,192,4,1.0471975511965976,0.5,0.14651886019531757,0.1465281539992087,0.13816477052166384,0.0692167577413479,0.06894801278031593,0.9429828374141236,0.9429230270819489,0.12374695414522376,0.14601097979170283,0.0019451048195374746,0.0,,,,,,,,,,,0.1377168622532772,0.13741825674101943,0.0032418413658958914,0.005403068943159886,
6,0.75,314159,0,certified,192,192,4,1.0471975511965976,0.5,0.14651886019531757,0.1465281539992087,0.1341335961061841,0.0668876347457374,0.06724596136044671,0.915469830487193,0.9154117652154989,0.12305852172340247,0.14490568109805296,0.0026714158504006816,0.0,,,,,,,0.1303711666517364,0.3173280778763176,0.8897910240220581,0.8897345874734792,,,,,
6,0.75,314159,1,certified,192,192,4,1.0471975511965976,0.5,0.14651886019531757,0.1465281539992087,0.13455164382334497,0.06715637970676938,0.06739526411657559,0.9183230312055414,0.9182647849646123,0.12376398307113035,0.14578808166598978,0.0017754105636929023,0.0,,,,,,,0.13159544925199318,0.31849263937412287,0.8981468261257924,0.8980898595958824,,,,,
6,0.75,314159,2,certified,192,192,4,1.0471975511965976,0.5,0.14651886019531757,0.1465281539992087,0.13568634476992444,0.067873032936188,0.06781331183373646,0.926067433155344,0.9260086957122055,0.1249266949934014,0.14731187038553695,0.00044014084507038335,0.0,,,,,,,0.13189405476425095,0.32192660276508706,0.9001848266388985,0.9001277308452491,,,,,
6,0.75,314159,3,certified,192,192,4,1.0471975511965976,0.5,0.14651886019531757,0.1465281539992087,0.13577592642360178,0.067873032936188,0.06790289348741378,0.9266788333092759,0.9266200570870156,0.12445437178021751,0.1465244684486977,0.00021992522542338758,0.0,,,,,,,0.13261070799366956,0.32123981008689423,0.9050760278703527,0.905018621843729,,,,,
6,0.75,314159,4,certified,192,192,4,1.0471975511965976,0.5,0.14651886019531757,0.1465281539992087,0.13577592642360178,0.067873032936188,0.06790289348741378,0.9266788333092759,0.9266200570870156,0.12365411456412902,0.14507729812631195,0.00021992522542338758,0.0,,,,,,,0.13162530980321896,0.3177162650422527,0.898350626177103,0.898293646720819,,,,,
6,0.75,314159,5,certified,192,192,4,1.0471975511965976,0.5,0.14651886019531757,0.1465281539992087,0.13493983098928006,0.06736540356534981,0.06757442742393024,0.9209724318725792,0.9209140175887889,0.1234743476660582,0.14560481264355468,0.0015490152688648095,0.0,,,,,,,0.13141628594463853,0.3179551494520589,0.8969240258179288,0.8968671368462624,,,,,
6,0.75,314159,6,certified,192,192,4,1.0471975511965976,0.5,0.14651886019531757,0.1465281539992087,0.13461136492579653,0.06721610080922094,0.06739526411657559,0.9187306313081627,0.9186723592144856,0.12432098491260982,0.1461743842130771,0.0013309671694764708,0.0,,,,,,,0.13156558870076743,0.32216548717489324,0.897943026074482,0.8978860724709459,,,,,
6,0.75,314159,7,certified,192,192,4,1.0471975511965976,0.5,0.14651886019531757,0.1465281539992087,0.13407387500373258,0.06709665860431784,0.06697721639941473,0.915062230384572,0.9150041909656257,0.12439145659873557,0.14634860480127318,0.000890868596881984,0.0,,,,,,,0.13040102720296218,0.31894054764250945,0.8899948240733688,0.889938374598416,,,,,
6,0.75,271828,0,certified,192,192,4,1.0471975511965976,0.5,0.14651886019531757,0.1465281539992087,0.1338051300427006,0.06691749529696318,0.0668876347457374,0.9132280299227765,0.9131701068411956,0.12440924403328153,0.14640308893728923,0.0002231644722160552,0.0,,,,,,,,,,,,,,,
6,0.75,271828,1,certified,192,192,4,1.0471975511965976,0.5,0.14651886019531757,0.1465281539992087,0.13723909343366478,0.06852996506315506,0.06870912837050971,0.9366650358234949,0.9366056262089121,0.12428094731553434,0.14657064319308855,0.0013054830287206117,0.0,,,,,,,,,,,,,,,
6,0.75,271828,2,certified,192,192,4,1.0471975511965976,0.5,0.14651886019531757,0.1465281539992087,0.1363731374481173,0.0682313595508973,0.06814177789721998,0.9307548343354878,0.9306957995857489,0.1255709663920731,0.14786368237925757,0.0006568863586599442,0.0,,,,,,,,,,,,,,,
6,0.75,271828,3,certified,192,192,4,1.0471975511965976,0.5,0.14651886019531757,0.1465281539992087,0.13517871539908627,0.06730568246289827,0.067873032936188,0.922602832283064,0.9225443145882822,0.12472149315596696,0.1467803732861881,0.004197039982328238,0.0,,,,,,,,,,,,,,,
6,0.75,271828,4,certified,192,192,4,1.0471975511965976,0.5,0.14651886019531757,0.1465281539992087,0.13529815760398936,0.06772373018005913,0.06757442742393024,0.9234180324883062,0.9233594630880289,0.12398593536684673,0.14602793465445468,0.0011035091591260764,0.0,,,,,,,,,,,,,,,
6,0.75,271828,5,certified,192,192,4,1.0471975511965976,0.5,0.14651886019531757,0.1465281539992087,0.13520857595031205,0.06763414852638179,0.06757442742393024,0.9228066323343745,0.922748101713219,0.12404434359896195,0.14571886816800986,0.0004416961130741656,0.0,,,,,,,,,,,,,,,
6,0.75,271828,6,certified,192,192,4,1.0471975511965976,0.5,0.14651886019531757,0.1465281539992087,0.13556690256502135,0.06772373018005913,0.06784317238496222,0.9252522329501017,0.9251935472124589,0.12439910052026952,0.14651931342243843,0.0008810572687223885,0.0,,,,,,,,,,,,,,,
6,0.75,271828,7,certified,192,192,4,1.0471975511965976,0.5,0.14651886019531757,0.1465281539992087,0.13482038878437697,0.06742512466780137,0.06739526411657559,0.9201572316673369,0.9200988690890423,0.1231935999850824,0.1448306655560682,0.0002214839424142067,0.0,,,,,,,,,,,,,,,
8,0.75,42,0,certified,256,256,4,0.7853981633974483,0.375,0.08242212384907707,0.08242208662455491,0.07861135242341294,0.03928928518743136,0.03932206723598158,0.9537651876983657,0.9537656184500588,0.07444849774865016,0.08156591722268425,0.0004170141784820759,0.0,0.7004693357660416,2.2924464096781594,2.9589200128605238,0.017356004901960785,0.0016544117647058823,3.1413532364527397,0.07764428199118163,0.19511875297087314,0.9420320463150873,0.9420324717677083,0.07910308315166614,0.07905391007884083,0.006255212677230962,0.005629691409507936,
8,0.75,42,1,certified,256,256,4,0.7853981633974483,0.375,0.08242212384907707,0.08242208662455491,0.0794636856857185,0.03966627874575882,0.03979740693995968,0.9641062614598993,0.964106696881961,0.0744911256002669,0.0816919016464037,0.00165016501650168,0.0,0.7002262900191887,2.2831332619504368,2.9516170255279683,0.016796875,0.0015012254901960785,3.1415844860673516,0.07870969856906358,0.1948073235096461,0.9549583885170042,0.954958819807586,0.07903751905456571,0.0794636856857185,0.005363036303630459,0.0,
8,0.75,42,2,certified,256,256,4,0.7853981633974483,0.375,0.08242212384907707,0.08242208662455491,0.07905391007884083,0.03948597747873265,0.03956793260010818,0.9591345913822389,0.9591350245589312,0.07480930914995078,0.08199101901509054,0.001036699149906628,0.0,0.6991792409404541,2.285052629170887,2.9447081821500753,0.016666666666666666,0.001715686274509804,3.1415613621056475,0.07813601271943484,0.1950531888737727,0.9479980504082797,0.9479984785553441,0.07869330754478847,0.07836548705928634,0.00456147625958955,0.008708272859216236,
8,0.75,42,3,certified,256,256,4,0.7853981633974483,0.375,0.08242212384907707,0.08242208662455491,0.07934894851579276,0.039715451818584144,0.03963349669720861,0.9627141938381545,0.9627146286315128,0.07601186663517466,0.08332465397057297,0.0010328444536253025,0.0,0.7023240954590978,2.280087086284958,2.953459448420406,0.01680453431372549,0.0016467524509803922,3.1415825697623574,0.0784966152534872,0.1949876247766723,0.9523731200766209,0.9523735501996106,0.07943090363716829,0.07943090363716829,0.001032844453625215,0.001032844453625215,
8,0.75,42,4,certified,256,256,4,0.7853981633974483,0.375,0.08242212384907707,0.08242208662455491,0.0768575128259765,0.0384369519251258,0.03842056090085069,0.9324864397659793,0.9324868609074909,0.0753199771748577,0.082611533788696,0.00021326508850501557,0.0,0.7015000486864166,2.2844730932476223,2.9573923607639423,0.01720281862745098,0.0017616421568627451,3.141167106359423,0.07602157058794604,0.19347965054336244,0.9223442328075521,0.9223446493685097,0.0771033781901031,0.0773492435542297,0.0031989763275751433,0.006397952655150287,
8,0.75,42,5,certified,256,256,4,0.7853981633974483,0.375,0.08242212384907707,0.08242208662455491,0.07744758969988035,0.0386664262649773,0.038781163434903045,0.9396456446778103,0.9396460690526539,0.07494411116003179,0.08213501474247129,0.0014814814814814185,0.0,0.6980424548999772,2.2840828172629712,2.950482688608134,0.016720281862745098,0.0017616421568627451,3.141351343916332,0.07641495517054861,0.19266009932960712,0.9271170360821062,0.9271174547986185,0.07707059614155289,0.07721811536002884,0.004867724867724865,0.002962962962963016,
8,0.75,42,6,certified,256,256,4,0.7853981633974483,0.375,0.08242212384907707,0.08242208662455491,0.0799390253896966,0.039912144109885424,0.040026881279811174,0.9698733987499853,0.9698738367766758,0.076162292173022,0.08363097904401692,0.0014353085913471654,0.0,0.7012526636927808,2.299573805677036,2.950785904626088,0.01688878676470588,0.0017003676470588236,3.141538976702636,0.07895556393319018,0.19598747725745383,0.9579413905636004,0.957941823201404,0.08054549328787555,0.08052910226360045,0.0075866311256918995,0.00738158704121382,
8,0.75,42,7,certified,256,256,4,0.7853981633974483,0.375,0.08242212384907707,0.08242208662455491,0.07870969856906358,0.039338458260256684,0.0393712403088069,0.9549583885170042,0.954958819807586,0.07472794618523258,0.08200235600716835,0.00041649312786339775,0.0,0.701658040999885,2.297583006378282,2.9621364070537277,0.017248774509803923,0.0016697303921568627,3.1415341060104125,0.07761149994263142,0.19529905423789934,0.9416343127088744,0.9416347379818659,0.07908669212739104,0.07844744218066187,0.004789670970428986,0.003331945022907182,
8,0.75,7,0,certified,256,256,4,0.7853981633974483,0.375,0.08242212384907707,0.08242208662455491,0.07926699339441722,0.03956793260010818,0.039699060794309037,0.9617198598226223,0.9617202941669066,0.07565016358135422,0.08302991810641619,0.0016542597187758777,0.0,,,,,,,,,,,0.08005376255962235,0.08020128177809831,0.00992555831265509,0.011786600496277866,
8,0.75,7,1,certified,256,256,4,0.7853981633974483,0.375,0.08242212384907707,0.08242208662455491,0.0797095510498451,0.039912144109885424,0.03979740693995968,0.9670892635064955,0.967089700275779,0.07555073193898569,0.0828802381687631,0.0014394406744807121,0.0,,,,,,,,,,,0.07867691652051337,0.07903751905456571,0.01295496607032693,0.008431009664816021,
8,0.75,7,2,certified,256,256,4,0.7853981633974483,0.375,0.08242212384907707,0.08242208662455491,0.07969316002557,0.039879362061335216,0.03981379796423479,0.9668903967033892,0.9668908333828579,0.07485219899157734,0.08209990582883014,0.000822706705059661,0.0,,,,,,,,,,,0.07992263436542149,0.07964398695274467,0.002879473467708639,0.0006170300287948328,
8,0.75,7,3,certified,256,256,4,0.7853981633974483,0.375,0.08242212384907707,0.08242208662455491,0.07789014735530823,0.038895900604828795,0.03899424675047944,0.9450150483616835,0.9450154751615262,0.07571887311760303,0.08304943402655324,0.0012626262626262853,0.0,,,,,,,,,,,0.07872608959333868,0.07821796784081038,0.010732323232323157,0.004208754208754284,
8,0.75,7,4,certified,256,256,4,0.7853981633974483,0.375,0.08242212384907707,0.08242208662455491,0.07813601271943484,0.03904341982330476,0.03909259289613008,0.9479980504082797,0.9479984785553441,0.07500172209707318,0.08224316561823634,0.0006293266205160591,0.0,,,,,,,,,,,0.07846383320493698,0.0780540575980593,0.0041955108034403945,0.0010488777008600097,
8,0.75,7,5,certified,256,256,4,0.7853981633974483,0.375,0.08242212384907707,0.08242208662455491,0.07848022422921208,0.03925650313888115,0.03922372109033093,0.9521742532735143,0.9521746833066892,0.0751158637957676,0.08232126748499687,0.000417710944026741,0.0,,,,,,,,,,,0.07857857037486272,0.07887360881181465,0.0012531328320802232,0.005012531328320893,
8,0.75,7,6,certified,256,256,4,0.7853981633974483,0.375,0.08242212384907707,0.08242208662455491,0.07892278188463997,0.03956793260010818,0.03935484928453179,0.9575436569573876,0.9575440894155616,0.07524537011619566,0.08250060319493556,0.002699896157840044,0.0,,,,,,,,,,,0.07831631398646101,0.07859496139913784,0.007684319833852595,0.00415368639667695,
8,0.75,7,7,certified,256,256,4,0.7853981633974483,0.375,0.08242212384907707,0.08242208662455491,0.07926699339441722,0.0396171056729335,0.039649887721483715,0.9617198598226223,0.9617202941669066,0.07564561935985435,0.08294911172917571,0.00041356492969396943,0.0,,,,,,,,,,,0.0799554164139717,0.08020128177809831,0.008684863523573182,0.011786600496277866,
8,0.75,123,0,certified,256,256,4,0.7853981633974483,0.375,0.08242212384907707,0.08242208662455491,0.0756937501024439,0.03778131095412152,0.03791243914832238,0.9183668967454239,0.9183673115100859,0.07428513367797095,0.0814179099191577,0.001732351667388511,0.0,,,,,,,0.07484141684013834,0.1893163303774853,0.9080258229838903,0.9080262330781836,,,,,
8,0.75,123,1,certified,256,256,4,0.7853981633974483,0.375,0.08242212384907707,0.08242208662455491,0.07961120490419446,0.039912144109885424,0.039699060794309037,0.965896062687857,0.9658964989182518,0.0752285624693834,0.08253950165886195,0.0026765493102737926,0.0,,,,,,,0.07870969856906358,0.19297152879083415,0.9549583885170042,0.954958819807586,,,,,
8,0.75,123,2,certified,256,256,4,0.7853981633974483,0.375,0.08242212384907707,0.08242208662455491,0.07716894228720353,0.03861725319215198,0.03855168909505155,0.9362649090250013,0.9362653318729935,0.07476966718423934,0.08194139518536876,0.0008496176720475939,0.0,,,,,,,0.07630021800062287,0.19082430461079514,0.9257249684603613,0.9257253865481702,,,,,
8,0.75,123,3,certified,256,256,4,0.7853981633974483,0.375,0.08242212384907707,0.08242208662455491,0.07943090363716829,0.03978101591568457,0.039649887721483715,0.9637085278536864,0.9637089630961186,0.0761145602956699,0.08347885858794676,0.001650846058605065,0.0,,,,,,,0.07839826910783655,0.1968889835925847,0.9511799192579824,0.9511803488420834,,,,,
8,0.75,123,4,certified,256,256,4,0.7853981633974483,0.375,0.08242212384907707,0.08242208662455491,0.07967676900129489,0.03974823386713436,0.03992853513416053,0.9666915299002826,0.9666919664899366,0.07458484059451743,0.08178791995068557,0.0022629088664883304,0.0,,,,,,,0.07857857037486272,0.1952334901407989,0.9533674540921528,0.9533678846642164,,,,,
8,0.75,123,5,certified,256,256,4,0.7853981633974483,0.375,0.08242212384907707,0.08242208662455491,0.07967676900129489,0.039846580012785,0.039830188988509894,0.9666915299002826,0.9666919664899366,0.07576235379994624,0.08311287853022249,0.00020571898786258343,0.0,,,,,,,0.07882443573898933,0.19797079119474176,0.956350456138749,0.9563508880580344,,,,,
8,0.75,123,6,certified,256,256,4,0.7853981633974483,0.375,0.08242212384907707,0.08242208662455491,0.0799554164139717,0.03997770820698585,0.03997770820698585,0.9700722655530917,0.9700727036695969,0.0762486414348662,0.08369877877470816,0.0,0.0,,,,,,,0.07885721778753954,0.19724958612663707,0.9567481897449619,0.9567486218438768,,,,,
8,0.75,123,7,certified,256,256,4,0.7853981633974483,0.375,0.08242212384907707,0.08242208662455491,0.07980789719549575,0.039895753085610317,0.039912144109885424,0.968282464325134,0.9682829016333062,0.07540245354539957,0.08271870080233464,0.00020538098172109633,0.0,,,,,,,0.07861135242341294,0.19329934927633627,0.9537651876983657,0.9537656184500588,,,,,
8,0.75,2023,0,certified,256,256,4,0.7853981633974483,0.375,0.08242212384907707,0.08242208662455491,0.07943090363716829,0.03973184284285925,0.039699060794309037,0.9637085278536864,0.9637089630961186,0.07630976477570242,0.08377232122745466,0.0004127115146512662,0.0,,,,,,,,,,,0.07954564080709403,0.07931616646724254,0.0014444903012793442,0.0014444903012793442,
8,0.75,2023,1,certified,256,256,4,0.7853981633974483,0.375,0.08242212384907707,0.08242208662455491,0.07966037797701979,0.03979740693995968,0.03986297103706011,0.9664926630971763,0.9664930995970155,0.07559792701258958,0.08285681183611958,0.0008230452674897267,0.0,,,,,,,,,,,0.07974233309839532,0.07961120490419446,0.0010288065843620713,0.0006172839506173822,
8,0.75,2023,2,certified,256,256,4,0.7853981633974483,0.375,0.08242212384907707,0.08242208662455491,0.08031601894802406,0.04015800947401203,0.04015800947401203,0.9744473352214329,0.9744477753138633,0.07584709588794125,0.08313904949502604,0.0,0.0,,,,,,,,,,,0.08007015358389746,0.08016849972954809,0.003061224489795887,0.0018367346938776704,
8,0.75,2023,3,certified,256,256,4,0.7853981633974483,0.375,0.08242212384907707,0.08242208662455491,0.07885721778753954,0.03943680440590733,0.03942041338163222,0.9567481897449619,0.9567486218438768,0.07558053835579802,0.08295305472070746,0.0002078569943878649,0.0,,,,,,,,,,,0.07913586520021636,0.07910308315166614,0.0035335689045936152,0.0031178549158178857,
8,0.75,2023,4,certified,256,256,4,0.7853981633974483,0.375,0.08242212384907707,0.08242208662455491,0.07985707026832106,0.040076054352636496,0.03978101591568457,0.9688790647344532,0.9688795023120698,0.07634820422190144,0.08374164961915333,0.003694581280788157,0.0,,,,,,,,,,,0.08008654460817256,0.08023406382664852,0.0028735632183908566,0.004720853858784892,
8,0.75,2023,5,certified,256,256,4,0.7853981633974483,0.375,0.08242212384907707,0.08242208662455491,0.07857857037486272,0.03932206723598158,0.03925650313888115,0.9533674540921528,0.9533678846642164,0.07443635701727241,0.08168557268628333,0.0008343763037129896,0.0,,,,,,,,,,,0.07887360881181465,0.07910308315166614,0.003754693366708453,0.00667501042970374,
8,0.75,2023,6,certified,256,256,4,0.7853981633974483,0.375,0.08242212384907707,0.08242208662455491,0.07916864724876657,0.03951875952728286,0.039649887721483715,0.9605266590039838,0.9605270928093794,0.07543623818644186,0.08274191170874237,0.0016563146997929906,0.0,,,,,,,,,,,0.07959481387991936,0.07951285875854382,0.005383022774327219,0.004347826086956512,
8,0.75,2023,7,certified,256,256,4,0.7853981633974483,0.375,0.08242212384907707,0.08242208662455491,0.07798849350095888,0.03892868265337901,0.03905981084757987,0.946208249180322,0.9462086765190534,0.07526977381504717,0.08258465351003762,0.0016813787305590886,0.0,,,,,,,,,,,0.07762789096690652,0.07784097428248292,0.004623791509037494,0.0018915510718788857,
8,0.75,314159,0,certified,256,256,4,0.7853981633974483,0.375,0.08242212384907707,0.08242208662455491,0.07931616646724254,0.03968266977003393,0.03963349669720861,0.9623164602319416,0.9623168948456704,0.07527244145648772,0.08261251561622206,0.0006199628022318772,0.0,,,,,,,0.07823435886508548,0.19310265698503498,0.9491912512269182,0.9491916799128713,,,,,
8,0.75,314159,1,certified,256,256,4,0.7853981633974483,0.375,0.08242212384907707,0.08242208662455491,0.07856217935058762,0.03932206723598158,0.03924011211460604,0.9531685872890465,0.9531690177712954,0.07492008117870612,0.08220670906266013,0.0010431879824744606,0.0,,,,,,,0.07752954482125587,0.19254536215968135,0.9406399786933423,0.9406404035172597,,,,,
8,0.75,314159,2,certified,256,256,4,0.7853981633974483,0.375,0.08242212384907707,0.08242208662455491,0.0787588716418889,0.03948597747873265,0.039272894163156255,0.9555549889263234,0.9555554204863496,0.07572195365670903,0.08307326408992251,0.0027055150884495805,0.0,,,,,,,0.07775901916110738,0.19613499647592977,0.9434241139368321,0.9434245400181566,,,,,
8,0.75,314159,3,certified,256,256,4,0.7853981633974483,0.375,0.08242212384907707,0.08242208662455491,0.07890639086036487,0.039535150551557964,0.0393712403088069,0.9573447901542812,0.9573452225226404,0.07541110156450216,0.08264379871328657,0.0020772746157041453,0.0,,,,,,,0.07797210247668376,0.19410250946581653,0.9460093823772154,0.9460098096261321,,,,,
8,0.75,314159,4,certified,256,256,4,0.7853981633974483,0.375,0.08242212384907707,0.08242208662455491,0.07866052549623825,0.03930567621170647,0.03935484928453179,0.9543617881076849,0.9543622191288224,0.07562440870183279,0.08293018185957679,0.0006251302354657333,0.0,,,,,,,0.07775901916110738,0.19282400957235818,0.9434241139368321,0.9434245400181566,,,,,
8,0.75,314159,5,certified,256,256,4,0.7853981633974483,0.375,0.08242212384907707,0.08242208662455491,0.07908669212739104,0.039535150551557964,0.03955154157583307,0.9595323249884518,0.9595327583447736,0.07500651465377486,0.08227511149927003,0.0002072538860103664,0.0,,,,,,,0.07818518579226016,0.19465980429117016,0.948594650817599,0.9485950792341078,,,,,
8,0.75,314159,6,certified,256,256,4,0.7853981633974483,0.375,0.08242212384907707,0.08242208662455491,0.0787588716418889,0.039387631333082006,0.0393712403088069,0.9555549889263234,0.9555554204863496,0.07544345367535005,0.08281321343997894,0.00020811654526535234,0.0,,,,,,,0.07775901916110738,0.19446311199986888,0.9434241139368321,0.9434245400181566,,,,,
8,0.75,314159,7,certified,256,256,4,0.7853981633974483,0.375,0.08242212384907707,0.08242208662455491,0.08028323689947385,0.040141618449736925,0.040141618449736925,0.97404960161522,0.9740500415280209,0.07572943864912776,0.0830706136750061,0.0,0.0,,,,,,,0.07933255749151764,0.1950040158009474,0.9625153270350479,0.9625157617385914,,,,,
8,0.75,271828,0,certified,256,256,4,0.7853981633974483,0.375,0.08242212384907707,0.08242208662455491,0.07674277565605074,0.03848612499795112,0.03825665065809963,0.9310943721442343,0.9310947926570423,0.07353808501253507,0.08063248189540703,0.0029901751388295237,0.0,,,,,,,,,,,,,,,
8,0.75,271828,1,certified,256,256,4,0.7853981633974483,0.375,0.08242212384907707,0.08242208662455491,0.07790653837958333,0.03894507367765412,0.038961464701929224,0.9452139151647898,0.9452143420544473,0.07552947062281921,0.08289555703033427,0.0002103934357248092,0.0,,,,,,,,,,,,,,,
8,0.75,271828,2,certified,256,256,4,0.7853981633974483,0.375,0.08242212384907707,0.08242208662455491,0.07848022422921208,0.03924011211460604,0.03924011211460604,0.9521742532735143,0.9521746833066892,0.07447051877110103,0.08161315911121028,0.0,0.0,,,,,,,,,,,,,,,
8,0.75,271828,3,certified,256,256,4,0.7853981633974483,0.375,0.08242212384907707,0.08242208662455491,0.07884082676326444,0.03942041338163222,0.03942041338163222,0.9565493229418556,0.9565497549509556,0.07565215805835424,0.08296940197592416,0.0,0.0,,,,,,,,,,,,,,,
8,0.75,271828,4,certified,256,256,4,0.7853981633974483,0.375,0.08242212384907707,0.08242208662455491,0.07939812158861807,0.03973184284285925,0.03966627874575882,0.9633107942474737,0.9633112293102762,0.07560568734694409,0.08300694924341383,0.0008257638315441932,0.0,,,,,,,,,,,,,,,
8,0.75,271828,5,certified,256,256,4,0.7853981633974483,0.375,0.08242212384907707,0.08242208662455491,0.07925060237014211,0.039584323624383286,0.03966627874575882,0.961520993019516,0.9615214272739856,0.07502901337588938,0.0822581772709379,0.0010341261633919523,0.0,,,,,,,,,,,,,,,
8,0.75,271828,6,certified,256,256,4,0.7853981633974483,0.375,0.08242212384907707,0.08242208662455491,0.07954564080709403,0.03978101591568457,0.039764624891409465,0.9651005954754314,0.965101031346567,0.07552171499657721,0.08289782539786317,0.00020605810838656872,0.0,,,,,,,,,,,,,,,
8,0.75,271828,7,certified,256,256,4,0.7853981633974483,0.375,0.08242212384907707,0.08242208662455491,0.07967676900129489,0.03992853513416053,0.03974823386713436,0.9666915299002826,0.9666919664899366,0.07621476308052247,0.08367472561963278,0.0022629088664883304,0.0,,,,,,,,,,,,,,,
12,0.75,42,0,certified,384,384,6,0.5235987755982988,0.25,0.0366320550927015,0.03663203849980218,0.036144753380170154,0.018126866268045133,0.01801788711212502,0.9866973962749789,0.9866978432108097,0.03554742180682601,0.03704136776115622,0.0030150753768844562,0.0,0.47585467400340226,1.6599230264373583,2.727485700689029,0.007696910356832028,0.0007955287206266318,3.1413297067427792,0.035992182561882,0.09031465914952666,0.9825324424414563,0.9825328874907239,0.03621740615078356,0.036260997813151605,0.0020100502512562404,0.003216080402010023,
12,0.75,42,1,certified,384,384,6,0.5235987755982988,0.25,0.0366320550927015,0.03663203849980218,0.036319120029642334,0.018177723207474517,0.018141396822167814,0.9914573435132904,0.9914577926051936,0.03496981313368205,0.03644727563945407,0.001000200040007981,0.0,0.4761043290813854,1.6462380459488641,2.73568881836288,0.007693510661444735,0.000775130548302872,3.141514985006825,0.03624646725902892,0.09055441329255091,0.9894740321639939,0.9894744803575335,0.03635544641494903,0.036290058921396966,0.0010002000400078856,0.0008001600320065377,
12,0.75,42,2,certified,384,384,6,0.5235987755982988,0.25,0.0366320550927015,0.03663203849980218,0.03562165343175362,0.01780719407734614,0.01781445935440748,0.9724175545600445,0.9724179950276584,0.035340760582262105,0.036829871604798704,0.00020395676116666747,0.0,0.4730663675921201,1.6538724951045793,2.737441525598343,0.007720708224543081,0.0007071366405570061,3.1414763478270404,0.035461817336404126,0.09045269941369215,0.9680542695915925,0.9680547080828065,0.035585327046446916,0.035701571479428366,0.0010197838058332398,0.002243524372832855,
12,0.75,42,3,certified,384,384,6,0.5235987755982988,0.25,0.0366320550927015,0.03663203849980218,0.03621740615078356,0.01811960099098379,0.01809780515979977,0.9886807076242753,0.9886811554584696,0.03501295728242281,0.03647664253863336,0.0006018054162487531,0.0,0.4734123290510212,1.6520427510217297,2.731888306796407,0.007499728024369016,0.00064934181897302,3.1415228390201393,0.03607936588661809,0.08929752036093896,0.9849124160606121,0.9849128621879157,0.03609389644074077,0.036137488103108815,0.00341023069207614,0.002206619859578634,
12,0.75,42,4,certified,384,384,6,0.5235987755982988,0.25,0.0366320550927015,0.03663203849980218,0.03542549095109742,0.017705480198487368,0.017720010752610052,0.9670626139169441,0.9670630519589765,0.03527993816412691,0.03677654148083711,0.0004101722723544588,0.0,0.4739697239491354,1.640349813590891,2.7345572427996303,0.007635715839860748,0.0008533235422106179,3.14157176398696,0.03523659374750256,0.09018388416242254,0.9619060044087734,0.9619064401150608,0.03549087844464949,0.035258389578686586,0.001845775225594771,0.004716981132075395,
12,0.75,42,5,certified,384,384,6,0.5235987755982988,0.25,0.0366320550927015,0.03663203849980218,0.036202875596660876,0.01809780515979977,0.01810507043686111,0.9882840453544159,0.9882844930089375,0.03518948896847569,0.03666717444725351,0.00020068231988765216,0.0,0.47563557434421705,1.6502276565268907,2.735093652126776,0.007703709747606614,0.0007649314621409922,3.1415776943438978,0.0360648353324954,0.09065612717140968,0.9845157537907527,0.9845161997383837,0.035999447838943335,0.036050304778372726,0.005619104956853302,0.004214328717639833,
12,0.75,42,6,certified,384,384,6,0.5235987755982988,0.25,0.0366320550927015,0.03663203849980218,0.03601397839306602,0.01801062183506368,0.01800335655800234,0.9831274358462453,0.9831278811650218,0.034587067255098594,0.03603342727701141,0.00020173492031464455,0.0,0.473337460596667,1.6581058100615036,2.7365471706133158,0.007815899695387294,0.0007241351174934726,3.1415551471853664,0.03595585617657529,0.09078690215851382,0.981540786766808,0.9815412313668938,0.03589773396008457,0.035963121453636636,0.0032277587250352765,0.0014121444422028973,
12,0.75,42,7,certified,384,384,6,0.5235987755982988,0.25,0.0366320550927015,0.03663203849980218,0.03574516314179641,0.01782898990853016,0.01791617323326625,0.9757891838538484,0.9757896258486801,0.035054978935063624,0.0365113042634177,0.00243902439024393,0.0,0.4728254867836942,1.6494071523945693,2.732189210631616,0.007625516753698869,0.0007479329852045257,3.1415399277216127,0.035672510371183005,0.0894646217333498,0.973805872504552,0.9738063136010202,0.03590499923714591,0.03595585617657529,0.004471544715447141,0.005894308943089369,
12,0.75,7,0,certified,384,384,6,0.5235987755982988,0.25,0.0366320550927015,0.03663203849980218,0.0354763478905268,0.017705480198487368,0.017770867692039435,0.9684509318614516,0.9684513705323384,0.03520373818063712,0.036673946612596285,0.0018431292238378259,0.0,,,,,,,,,,,0.03582508118947116,0.03571610203355105,0.00983002252713507,0.006758140487405361,
12,0.75,7,1,certified,384,384,6,0.5235987755982988,0.25,0.0366320550927015,0.03663203849980218,0.03612295754898613,0.018068744051554408,0.018054213497431724,0.98610240287019,0.9861028495365117,0.034959353250448515,0.03641135910094326,0.0004022526146420638,0.0,,,,,,,,,,,0.0360285089471887,0.03600671311600468,0.0026146419951729345,0.003218020917135934,
12,0.75,7,2,certified,384,384,6,0.5235987755982988,0.25,0.0366320550927015,0.03663203849980218,0.03589773396008457,0.01791617323326625,0.017981560726818318,0.979954137687371,0.979954581568766,0.03495133383423465,0.03640571007976375,0.0018214936247723341,0.0,,,,,,,,,,,0.03589046868302323,0.03580328535828714,0.00020238818053019492,0.002631046346893307,
12,0.75,7,3,certified,384,384,6,0.5235987755982988,0.25,0.0366320550927015,0.03663203849980218,0.03557079649232423,0.017792663523223458,0.017778132969100777,0.9710292366155369,0.9710296764542963,0.035222161265335304,0.03668791037508545,0.000408496732026116,0.0,,,,,,,,,,,0.03551993955289485,0.035556265938201555,0.0014297385620914546,0.00040849673202601847,
12,0.75,7,4,certified,384,384,6,0.5235987755982988,0.25,0.0366320550927015,0.03663203849980218,0.03644262973968512,0.01822131486984256,0.01822131486984256,0.9948289728070943,0.9948294234262154,0.03453152112694853,0.03597630691180739,0.0,0.0,,,,,,,,,,,0.03630458947551965,0.03627552836727429,0.0037878787878787676,0.004585326953747932,
12,0.75,7,5,certified,384,384,6,0.5235987755982988,0.25,0.0366320550927015,0.03663203849980218,0.03495324794211027,0.01749478716370849,0.017458460778401786,0.9541710901465172,0.954171522349187,0.03525514916011557,0.03672087971713204,0.0010392849719392846,0.0,,,,,,,,,,,0.035207532639257196,0.035149410422766474,0.007274994803575091,0.005612138848472315,
12,0.75,7,6,certified,384,384,6,0.5235987755982988,0.25,0.0366320550927015,0.03663203849980218,0.03639177280025574,0.01822131486984256,0.018170457930413178,0.9934406548625868,0.9934411048528534,0.035325871447777775,0.03681751012797029,0.0013974845278498225,0.0,,,,,,,,,,,0.03610842699486345,0.036260997813151605,0.007785985226592223,0.003593531643042564,
12,0.75,7,7,certified,384,384,6,0.5235987755982988,0.25,0.0366320550927015,0.03663203849980218,0.03610116171780211,0.018061478774493066,0.018039682943309043,0.985507409465401,0.9855078558622138,0.035184680346002466,0.036673169825284145,0.0006037432078889181,0.0,,,,,,,,,,,0.036202875596660876,0.0361883450425382,0.00281746830348149,0.0024149728315556724,
12,0.75,123,0,certified,384,384,6,0.5235987755982988,0.25,0.0366320550927015,0.03663203849980218,0.03551267427583351,0.017778132969100777,0.017734541306732732,0.9694425875360999,0.9694430266561684,0.03513766950819102,0.036625026217082864,0.0012274959083469863,0.0,,,,,,,0.035389164565790714,0.08937017313155238,0.9660709582422958,0.9660713958351465,,,,,
12,0.75,123,1,certified,384,384,6,0.5235987755982988,0.25,0.0366320550927015,0.03663203849980218,0.03623920198196758,0.018126866268045133,0.01811233571392245,0.9892757010290643,0.9892761491327676,0.03530903536098646,0.03678682004252829,0.0004009623095429714,0.0,,,,,,,0.03611569227192479,0.09093947297680197,0.9859040717352604,0.9859045183117457,,,,,
12,0.75,123,2,certified,384,384,6,0.5235987755982988,0.25,0.0366320550927015,0.03663203849980218,0.03571610203355105,0.017850785739714183,0.017865316293836867,0.9749958593141299,0.9749963009496162,0.03476474176547639,0.03622678554244114,0.0004068348250610946,0.0,,,,,,,0.035643449262937645,0.08897784817023997,0.9730125479648335,0.9730129887019563,,,,,
12,0.75,123,3,certified,384,384,6,0.5235987755982988,0.25,0.0366320550927015,0.03663203849980218,0.03609389644074077,0.018061478774493066,0.0180324176662477,0.9853090783304714,0.9853095246374478,0.03504933013331041,0.036510131756227304,0.0008051529790660637,0.0,,,,,,,0.03590499923714591,0.091302736829869,0.9801524688223006,0.9801529127935319,,,,,
12,0.75,123,4,certified,384,384,6,0.5235987755982988,0.25,0.0366320550927015,0.03663203849980218,0.03652981306442121,0.018257641255149264,0.01827217180927195,0.99720894642625,0.9972093981234073,0.03535496133142295,0.036836254676272696,0.000397772474144857,0.0,,,,,,,0.0364208339085011,0.09221089646253659,0.9942339794023053,0.9942344297519173,,,,,
12,0.75,123,5,certified,384,384,6,0.5235987755982988,0.25,0.0366320550927015,0.03663203849980218,0.035672510371183005,0.017865316293836867,0.01780719407734614,0.973805872504552,0.9738063136010202,0.03529271649815998,0.036770039225540896,0.0016293279022404092,0.0,,,,,,,0.035527204829956194,0.09075057577320711,0.9698392498059593,0.9698396891057005,,,,,
12,0.75,123,6,certified,384,384,6,0.5235987755982988,0.25,0.0366320550927015,0.03663203849980218,0.03574516314179641,0.017879846847959548,0.017865316293836867,0.9757891838538484,0.9757896258486801,0.03498478110657978,0.03643196342815342,0.0004065040650406227,0.0,,,,,,,0.0355998576005696,0.0897697633699261,0.9718225611552557,0.9718230013533603,,,,,
12,0.75,123,7,certified,384,384,6,0.5235987755982988,0.25,0.0366320550927015,0.03663203849980218,0.035171206253950496,0.017552909380199214,0.01761829687375128,0.9601210241944066,0.9601214590921668,0.03483583437420366,0.0362849038363649,0.0018591200165255324,0.0,,,,,,,0.03512034931452111,0.09031465914952666,0.9587327062498991,0.9587331405188049,,,,,
12,0.75,2023,0,certified,384,384,6,0.5235987755982988,0.25,0.0366320550927015,0.03663203849980218,0.03656613944972791,0.01828670236339463,0.018279437086333287,0.9982006021008981,0.9982010542472372,0.0353722146424964,0.03686371956852627,0.00019868865487784038,0.0,,,,,,,,,,,0.03666058805152535,0.036725975545077415,0.0025829525134116404,0.004371150407311919,
12,0.75,2023,1,certified,384,384,6,0.5235987755982988,0.25,0.0366320550927015,0.03663203849980218,0.03607210060955675,0.017967030172695637,0.01810507043686111,0.9847140849256825,0.9847145309631499,0.03541346754298732,0.036906106648947,0.003826787512588096,0.0,,,,,,,,,,,0.03633365058376501,0.03615928393429283,0.007250755287008953,0.0024169184290028563,
12,0.75,2023,2,certified,384,384,6,0.5235987755982988,0.25,0.0366320550927015,0.03663203849980218,0.03650075195617585,0.018250375978087926,0.018250375978087926,0.9964156218865315,0.9964160732243433,0.03514847300738052,0.03664500435764415,0.0,0.0,,,,,,,,,,,0.036384507523194394,0.036464425570869145,0.003184713375796341,0.0009952229299363803,
12,0.75,2023,3,certified,384,384,6,0.5235987755982988,0.25,0.0366320550927015,0.03663203849980218,0.0366169963891573,0.01828670236339463,0.018330294025762674,0.9995889200454058,0.9995893728205992,0.035369633360308336,0.03686017909411041,0.001190476190476204,0.0,,,,,,,,,,,0.03660973111209596,0.03674777137626144,0.000198412698412827,0.003571428571428612,
12,0.75,2023,4,certified,384,384,6,0.5235987755982988,0.25,0.0366320550927015,0.03663203849980218,0.03577422425004177,0.01793070378738893,0.017843520462652845,0.976582508393567,0.976582950747744,0.03529280441439214,0.036773909579629435,0.002437043054427226,0.0,,,,,,,,,,,0.03572336731061239,0.03575242841885775,0.0014216084484158736,0.0006092607636068307,
12,0.75,2023,5,certified,384,384,6,0.5235987755982988,0.25,0.0366320550927015,0.03663203849980218,0.03574516314179641,0.01782898990853016,0.01791617323326625,0.9757891838538484,0.9757896258486801,0.03463511254543874,0.03608546387034827,0.00243902439024393,0.0,,,,,,,,,,,0.03607936588661809,0.035934060345391275,0.009349593495935001,0.005284552845528581,
12,0.75,2023,6,certified,384,384,6,0.5235987755982988,0.25,0.0366320550927015,0.03663203849980218,0.03566524509412167,0.017836255185591503,0.01782898990853016,0.9736075413696225,0.9736079823762542,0.035021104325933874,0.036486479633182384,0.00020370747606440631,0.0,,,,,,,,,,,0.035498143721710826,0.035730632587673734,0.004685271949480664,0.0018333672845793649,
12,0.75,2023,7,certified,384,384,6,0.5235987755982988,0.25,0.0366320550927015,0.03663203849980218,0.03628279364433563,0.01811960099098379,0.018163192653351836,0.9904656878386421,0.9904661364813635,0.03499421796303993,0.03645336272392466,0.001201441730076105,0.0,,,,,,,,,,,0.036173814488415515,0.0364208339085011,0.0030036043251902627,0.003804565478574269,
12,0.75,314159,0,certified,384,384,6,0.5235987755982988,0.25,0.0366320550927015,0.03663203849980218,0.036166549211354176,0.01809780515979977,0.018068744051554408,0.9872923896797678,0.9872928368851077,0.0351522781097707,0.03660666259658908,0.0008035355564483181,0.0,,,,,,,0.03612295754898613,0.09042363830544678,0.98610240287019,0.9861028495365117,,,,,
12,0.75,314159,1,certified,384,384,6,0.5235987755982988,0.25,0.0366320550927015,0.03663203849980218,0.0358323464665325,0.017937969064450273,0.017894377402082228,0.9781691574730041,0.978169600545872,0.03480898256702882,0.03626145251206028,0.001216545012165464,0.0,,,,,,,0.03573789786473507,0.09098306463917001,0.9755908527189189,0.9755912946239141,,,,,
12,0.75,314159,2,certified,384,384,6,0.5235987755982988,0.25,0.0366320550927015,0.03663203849980218,0.035469082613465465,0.017734541306732732,0.017734541306732732,0.968252600726522,0.9682530393075724,0.03502672984104536,0.0365374970270084,0.0,0.0,,,,,,,0.03532377707223865,0.08993686474233695,0.9642859780279291,0.9642864148122526,,,,,
12,0.75,314159,3,certified,384,384,6,0.5235987755982988,0.25,0.0366320550927015,0.03663203849980218,0.035854142297716524,0.017967030172695637,0.017887112125020886,0.9787641508777931,0.97876459422017,0.03498797302669236,0.03647507874473905,0.0022289766970618936,0.0,,,,,,,0.035759693695919095,0.09075057577320711,0.9761858461237077,0.9761862882982122,,,,,
12,0.75,314159,4,certified,384,384,6,0.5235987755982988,0.25,0.0366320550927015,0.03663203849980218,0.03660973111209596,0.018293967640455967,0.01831576347163999,0.999390588910476,0.9993910415958331,0.03484840857665923,0.03633456288030608,0.0005953562214725212,0.0,,,,,,,0.036493486679114506,0.09269767002564643,0.9962172907516017,0.9962177419995772,,,,,
12,0.75,314159,5,certified,384,384,6,0.5235987755982988,0.25,0.0366320550927015,0.03663203849980218,0.03533104234929999,0.01769821492142603,0.017632827427873962,0.9644843091628588,0.9644847460370186,0.03463745281469591,0.03611256839317335,0.001850709438618158,0.0,,,,,,,0.0352438590245639,0.0898569466946622,0.962104335543703,0.9621047713398266,,,,,
12,0.75,314159,6,certified,384,384,6,0.5235987755982988,0.25,0.0366320550927015,0.03663203849980218,0.03574516314179641,0.017872581570898206,0.017872581570898206,0.9757891838538484,0.9757896258486801,0.03510178760790472,0.036568748976989994,0.0,0.0,,,,,,,0.03560712287763094,0.08942103007098176,0.9720208922901852,0.9720213325781263,,,,,
12,0.75,314159,7,certified,384,384,6,0.5235987755982988,0.25,0.0366320550927015,0.03663203849980218,0.03463357575141128,0.01732042051423631,0.01731315523717497,0.9454445202096129,0.9454449484594833,0.035146415569318155,0.03662177914297954,0.00020977554017195156,0.0,,,,,,,0.03449553548724581,0.08879621624370646,0.9416762286459497,0.9416766551889295,,,,,
12,0.75,271828,0,certified,384,384,6,0.5235987755982988,0.25,0.0366320550927015,0.03663203849980218,0.03629732419845831,0.01811960099098379,0.018177723207474517,0.9908623501085014,0.9908627989308956,0.03478638623047846,0.03625372910677499,0.0016012810248198421,0.0,,,,,,,,,,,,,,,
12,0.75,271828,1,certified,384,384,6,0.5235987755982988,0.25,0.0366320550927015,0.03663203849980218,0.036522547787359874,0.018264906532210606,0.018257641255149264,0.9970106152913204,0.9970110668986414,0.03543540503844262,0.036930732964094125,0.00019892580067638164,0.0,,,,,,,,,,,,,,,
12,0.75,271828,2,certified,384,384,6,0.5235987755982988,0.25,0.0366320550927015,0.03663203849980218,0.036137488103108815,0.018061478774493066,0.018076009328615746,0.9864990651400494,0.9864995119860438,0.03499432400811521,0.03644884703071707,0.00040209087253716597,0.0,,,,,,,,,,,,,,,
12,0.75,271828,3,certified,384,384,6,0.5235987755982988,0.25,0.0366320550927015,0.03663203849980218,0.0362246714278449,0.018090539882738427,0.01813413154510647,0.9888790387592049,0.9888794866832356,0.03515682357628457,0.03663867528491721,0.0012033694344163797,0.0,,,,,,,,,,,,,,,
12,0.75,271828,4,certified,384,384,6,0.5235987755982988,0.25,0.0366320550927015,0.03663203849980218,0.035352838180484014,0.01769821492142603,0.017654623259057985,0.9650793025676477,0.9650797397113166,0.03499258799683421,0.0364461057096544,0.0012330456226880536,0.0,,,,,,,,,,,,,,,
12,0.75,271828,5,certified,384,384,6,0.5235987755982988,0.25,0.0366320550927015,0.03663203849980218,0.03565071453999898,0.01782898990853016,0.017821724631468822,0.9732108790997631,0.9732113199267223,0.03556552725572146,0.037056735167501735,0.00020379050336248076,0.0,,,,,,,,,,,,,,,
12,0.75,271828,6,certified,384,384,6,0.5235987755982988,0.25,0.0366320550927015,0.03663203849980218,0.03607936588661809,0.0180324176662477,0.018046948220370385,0.9849124160606121,0.9849128621879157,0.03530725220191053,0.036785674237059765,0.0004027386226339793,0.0,,,,,,,,,,,,,,,
12,0.75,271828,7,certified,384,384,6,0.5235987755982988,0.25,0.0366320550927015,0.03663203849980218,0.036144753380170154,0.018083274605677088,0.018061478774493066,0.9866973962749789,0.9866978432108097,0.03550807292283063,0.037008628808927975,0.0006030150753768913,0.0,,,,,,,,,,,,,,,
16,0.75,42,0,certified,512,512,8,0.39269908169872414,0.1875,0.02060553098964459,0.02060552165613873,0.020381593714927048,0.010198959289868382,0.010182634425058668,0.9891321764612578,0.9891326244999495,0.020116582992584224,0.020599032396496172,0.00080096115338406,0.0,0.35781940424868797,1.2172116122802366,2.4403257269908747,0.004236867049902153,0.0004701259784735812,3.141552147518357,0.02035302520151005,0.05127640036730946,0.9877457276756693,0.9877461750863533,0.020242832364044484,0.02025507601265177,0.0068081698037645525,0.006207448938726529,
16,0.75,42,1,certified,512,512,8,0.39269908169872414,0.1875,0.02060553098964459,0.02060552165613873,0.020312213039485768,0.010149984695439242,0.010162228344046526,0.9857650865534002,0.9857655330669302,0.02016404494028764,0.02063995370228397,0.0006027727546714668,0.0,0.3574753241392949,1.2243116554359033,2.4452702619845637,0.004276999755381605,0.00042234894814090017,3.1414262845553744,0.020271400877461484,0.051582491582491584,0.9837844454311309,0.983784891047507,0.020324456688093052,0.020299969390878483,0.0006027727546714668,0.0006027727546714668,
16,0.75,42,2,certified,512,512,8,0.39269908169872414,0.1875,0.02060553098964459,0.02060552165613873,0.02023466993163963,0.010096928884807673,0.010137741046831955,0.9820018684210886,0.9820023132300262,0.020133303782626923,0.020611427013638627,0.002016942315449733,0.0,0.3579354028502658,1.2293184560966193,2.449715388900708,0.0043629984099804306,0.00044528192270058706,3.1415800111740624,0.02020610141822263,0.051696765636159575,0.9806154196355001,0.9806158638164298,0.02015712682379349,0.020075502499744925,0.003832190399354724,0.00786607503025419,
16,0.75,42,3,certified,512,512,8,0.39269908169872414,0.1875,0.02060553098964459,0.02060552165613873,0.02006325885113764,0.010023466993163963,0.010039791857973676,0.9736831757075578,0.9736836167484486,0.020048380526437856,0.02051434016649237,0.0008136696501220496,0.0,0.3552683403583965,1.211014308418515,2.4457522916380134,0.004198645425636008,0.00047394814090019567,3.1414768048327564,0.020026527905315783,0.05117845117845118,0.9719005986975154,0.9719010389309677,0.020075502499744925,0.020067340067340067,0.0006102522375915155,0.00020341741253044753,
16,0.75,42,4,certified,512,512,8,0.39269908169872414,0.1875,0.02060553098964459,0.02060552165613873,0.01994490358126722,0.009937761452912967,0.01000714212835425,0.967939316452977,0.9679397548921214,0.02011790061260526,0.020590126285698004,0.0034786167382852644,0.0,0.35636603163306607,1.2169365181465253,2.4527958558051495,0.004315221379647749,0.0004319043542074364,3.141576082066971,0.019924497500255076,0.05092949699010305,0.9669489958918424,0.9669494338824097,0.01989184777063565,0.01990817263544536,0.0026601186822181487,0.0018416206261511196,
16,0.75,42,5,certified,512,512,8,0.39269908169872414,0.1875,0.02060553098964459,0.02060552165613873,0.020561167227833896,0.010305070911131517,0.010256096316702377,0.9978469973992425,0.9978474493854118,0.020199423006691395,0.020679145567775177,0.002381897578404126,0.0,0.357400784051417,1.2259733603730525,2.472993488530875,0.004510151663405088,0.0004892367906066536,3.141313532123547,0.020532598714416896,0.05280685644322008,0.9964605486136541,0.9964609999718155,0.02061830425466789,0.020593816957453322,0.0027788805081381046,0.001587931718936084,
16,0.75,42,6,certified,512,512,8,0.39269908169872414,0.1875,0.02060553098964459,0.02060552165613873,0.020781552902765024,0.010386695235180083,0.01039485766758494,1.0085424594594963,1.008542916290297,0.020265183825642605,0.02074675036883399,0.00039277297721920866,0.0,0.35932057640339893,1.2244239743759708,2.4630912833774983,0.004519707069471624,0.0004376375978473581,3.141504291869219,0.020732578308335883,0.05173349658198143,1.0061656901127731,1.006166145866989,0.020952963983267014,0.020948882767064584,0.008248232521602547,0.008051846032992858,
16,0.75,42,7,certified,512,512,8,0.39269908169872414,0.1875,0.02060553098964459,0.02060552165613873,0.020422405876951332,0.010203040506070809,0.010219365370880522,0.9911128175835271,0.9911132665193728,0.02008512370041816,0.02055848844897955,0.0007993605115907265,0.0,0.3570721369523831,1.215913351959517,2.4534838970402637,0.004387842465753425,0.000452926247553816,3.141577485415808,0.020389756147331906,0.05158657279869401,0.9895283046857117,0.9895287529038342,0.020508111417202327,0.020483624119987755,0.004196642685851335,0.0029976019184651185,
16,0.75,7,0,certified,512,512,8,0.39269908169872414,0.1875,0.02060553098964459,0.02060552165613873,0.020434649525558617,0.010190796857463524,0.010243852668095093,0.9917070099202079,0.9917074591251998,0.019989336575788826,0.020454792601111285,0.0025963650888755924,0.0,,,,,,,,,,,0.020438730741761044,0.020381593714927048,0.00019972039145190335,0.0025963650888755924,
16,0.75,7,1,certified,512,512,8,0.39269908169872414,0.1875,0.02060553098964459,0.02060552165613873,0.02076522803795531,0.010378532802775228,0.010386695235180083,1.0077502030105887,1.0077506594825276,0.020134251297878544,0.020611126092208942,0.00039308176100624715,0.0,,,,,,,,,,,0.020712172227323744,0.02071625344352617,0.0025550314465407316,0.00235849056603765,
16,0.75,7,2,certified,512,512,8,0.39269908169872414,0.1875,0.02060553098964459,0.02060552165613873,0.02057341087644118,0.010305070911131517,0.010268339965309662,0.9984411897359233,0.9984416419912387,0.019981360382401413,0.020453264219138123,0.0017853600476096204,0.0,,,,,,,,,,,0.0204754616875829,0.020393837363534333,0.004760960126958931,0.008728426899424793,
16,0.75,7,3,certified,512,512,8,0.39269908169872414,0.1875,0.02060553098964459,0.02060552165613873,0.019785736149372513,0.0098847056422814,0.009901030507091114,0.9602148160761269,0.9602152510163707,0.01995270884673561,0.02041606288201035,0.0008250825082508242,0.0,,,,,,,,,,,0.01981022344658708,0.019797979797979797,0.0012376237623761925,0.0006188118811880963,
16,0.75,7,4,certified,512,512,8,0.39269908169872414,0.1875,0.02060553098964459,0.02060552165613873,0.0202305887154372,0.010113253749617386,0.010117334965819815,0.9818038043088616,0.9818042490280837,0.020055208314371475,0.020527786859667076,0.0002017349203147277,0.0,,,,,,,,,,,0.020291806958473626,0.020246913580246915,0.0030260238047206582,0.0008069396812589108,
16,0.75,7,5,certified,512,512,8,0.39269908169872414,0.1875,0.02060553098964459,0.02060552165613873,0.02052851749821447,0.010260177532904806,0.010268339965309662,0.9962624845014272,0.9962629357698732,0.02015453119376254,0.020630295577957834,0.00039761431411526545,0.0,,,,,,,,,,,0.020487705336190185,0.0204754616875829,0.001988071570576581,0.002584493041749521,
16,0.75,7,6,certified,512,512,8,0.39269908169872414,0.1875,0.02060553098964459,0.02060552165613873,0.02066727884909703,0.010345883073155801,0.01032139577594123,1.0029966643171424,1.002997118635912,0.020190440291878362,0.02065948686528474,0.0011848341232227897,0.0,,,,,,,,,,,0.020683603713906745,0.020732578308335883,0.0007898894154819157,0.003159557661927327,
16,0.75,7,7,certified,512,512,8,0.39269908169872414,0.1875,0.02060553098964459,0.02060552165613873,0.02025507601265177,0.010101010101010102,0.010154065911641669,0.9829921889822232,0.9829926342397376,0.019995033596873706,0.02047117423622259,0.002619383437436967,0.0,,,,,,,,,,,0.020120395877971636,0.020148964391388635,0.0066492041104170155,0.005238766874873934,
16,0.75,123,0,certified,512,512,8,0.39269908169872414,0.1875,0.02060553098964459,0.02060552165613873,0.02068768493010917,0.010345883073155801,0.010341801856953372,1.003986984878277,1.0039874396456236,0.019883527095320524,0.020347877870311545,0.00019727756954036402,0.0,,,,,,,0.020650953984287318,0.051455973880216305,1.0022044078682348,1.0022048618281427,,,,,
16,0.75,123,1,certified,512,512,8,0.39269908169872414,0.1875,0.02060553098964459,0.02060552165613873,0.0204754616875829,0.010252015100499948,0.01022344658708295,0.9936876510424771,0.993688101144623,0.020207024217648,0.02068120446741511,0.0013952561291608304,0.0,,,,,,,0.020463218038975616,0.05186409550045914,0.9930934587057964,0.9930939085387961,,,,,
16,0.75,123,2,certified,512,512,8,0.39269908169872414,0.1875,0.02060553098964459,0.02060552165613873,0.02025507601265177,0.010125497398224671,0.0101295786144271,0.9829921889822232,0.9829926342397376,0.020166991844615574,0.02063866206730036,0.00020149103364902382,0.0,,,,,,,0.020210182634425058,0.05048464442403836,0.980813483747727,0.9808139280183721,,,,,
16,0.75,123,3,certified,512,512,8,0.39269908169872414,0.1875,0.02060553098964459,0.02060552165613873,0.02084277114580145,0.010403020099989797,0.010439751045811652,1.0115134211429002,1.0115138793194318,0.020024891901235038,0.020490730666965266,0.0017622870569806337,0.0,,,,,,,0.02079379655137231,0.05205183144577084,1.009136651796177,1.009137108896124,,,,,
16,0.75,123,4,certified,512,512,8,0.39269908169872414,0.1875,0.02060553098964459,0.02060552165613873,0.02052851749821447,0.01027650239771452,0.010252015100499948,0.9962624845014272,0.9962629357698732,0.01992447714382655,0.020388015675711607,0.0011928429423459653,0.0,,,,,,,0.02049994898479747,0.051619222528313434,0.9948760357158386,0.9948764863562769,,,,,
16,0.75,123,5,certified,512,512,8,0.39269908169872414,0.1875,0.02060553098964459,0.02060552165613873,0.020512192633404754,0.010235690235690235,0.01027650239771452,0.9954702280525194,0.9954706789621038,0.020090137479519394,0.02056331166392509,0.0019896538002387985,0.0,,,,,,,0.020487705336190185,0.0515988164473013,0.9942818433791579,0.99428229375045,,,,,
16,0.75,123,6,certified,512,512,8,0.39269908169872414,0.1875,0.02060553098964459,0.02060552165613873,0.020720334659728598,0.010358126721763086,0.010362207937965514,1.0055714977760926,1.0055719532611622,0.01992321867991884,0.020386735006603963,0.000196966712625587,0.0,,,,,,,0.020683603713906745,0.052349760228548106,1.0037889207660502,1.0037893754436813,,,,,
16,0.75,123,7,certified,512,512,8,0.39269908169872414,0.1875,0.02060553098964459,0.02060552165613873,0.02079379655137231,0.010398938883787368,0.01039485766758494,1.009136651796177,1.009137108896124,0.019911120311524484,0.020382268881764476,0.00019627085377815117,0.0,,,,,,,0.02076522803795531,0.05273339455157637,1.0077502030105887,1.0077506594825276,,,,,
16,0.75,2023,0,certified,512,512,8,0.39269908169872414,0.1875,0.02060553098964459,0.02060552165613873,0.020153045607591062,0.010060197938985818,0.010092847668605244,0.9780405861765501,0.9780410291911796,0.02019598763747856,0.020673626982771684,0.0016200891049007679,0.0,,,,,,,,,,,0.020214263850627488,0.020144883175186205,0.003037667071689004,0.000405022276225235,
16,0.75,2023,1,certified,512,512,8,0.39269908169872414,0.1875,0.02060553098964459,0.02060552165613873,0.020810121416182024,0.010398938883787368,0.010411182532394654,1.0099289082450849,1.0099293657038932,0.020287171557306662,0.020764562426781395,0.0005883506569916288,0.0,,,,,,,,,,,0.020855014794408735,0.020846852362003877,0.002157285742302389,0.0017650519709746363,
16,0.75,2023,2,certified,512,512,8,0.39269908169872414,0.1875,0.02060553098964459,0.02060552165613873,0.020397918579736763,0.010182634425058668,0.010215284154678095,0.9899244329101656,0.9899248813077189,0.02010192844124479,0.02057943641596568,0.0016006402561024391,0.0,,,,,,,,,,,0.020320375471890622,0.020365268850117337,0.003801520608243442,0.0016006402561024391,
16,0.75,2023,3,certified,512,512,8,0.39269908169872414,0.1875,0.02060553098964459,0.02060552165613873,0.02047138047138047,0.010231609019487808,0.010239771451892664,0.9934895869302501,0.9934900369426806,0.020149710402308608,0.020627014900469233,0.0003987240829345665,0.0,,,,,,,,,,,0.02037751249872462,0.02047138047138047,0.004585326953747896,0.0,
16,0.75,2023,4,certified,512,512,8,0.39269908169872414,0.1875,0.02060553098964459,0.02060552165613873,0.02076930925415774,0.010398938883787368,0.01037037037037037,1.0079482671228157,1.0079487236844702,0.02029998175021262,0.02077184621190851,0.0013755158184318896,0.0,,,,,,,,,,,0.02074482195694317,0.02078563411896745,0.0011790135586558816,0.0007860090391038653,
16,0.75,2023,5,certified,512,512,8,0.39269908169872414,0.1875,0.02060553098964459,0.02060552165613873,0.02033261912049791,0.01017447199265381,0.010158147127844097,0.9867554071145348,0.9867558540766418,0.020389016044023656,0.02087195933562314,0.0008028904054596538,0.0,,,,,,,,,,,0.02037343128252219,0.020344862769105194,0.002007226013649007,0.000602167804094719,
16,0.75,2023,6,certified,512,512,8,0.39269908169872414,0.1875,0.02060553098964459,0.02060552165613873,0.0204468931741659,0.010215284154678095,0.010231609019487808,0.9923012022568886,0.9923016517310267,0.020171377014006193,0.020643187552798082,0.0007984031936127736,0.0,,,,,,,,,,,0.020483624119987755,0.020508111417202327,0.001796407185628677,0.0029940119760479647,
16,0.75,2023,7,certified,512,512,8,0.39269908169872414,0.1875,0.02060553098964459,0.02060552165613873,0.02047138047138047,0.010235690235690235,0.010235690235690235,0.9934895869302501,0.9934900369426806,0.02003036961582703,0.020497624040766316,0.0,0.0,,,,,,,,,,,0.020495867768595043,0.02047138047138047,0.0011961722488039537,0.0,
16,0.75,314159,0,certified,512,512,8,0.39269908169872414,0.1875,0.02060553098964459,0.02060552165613873,0.020218345066829915,0.010088766452402816,0.0101295786144271,0.9812096119721809,0.9812100564222568,0.020106653039642017,0.020568969457951107,0.0020185708518369403,0.0,,,,,,,0.020165289256198347,0.05133353739414345,0.9786347785132309,0.9786352217970066,,,,,
16,0.75,314159,1,certified,512,512,8,0.39269908169872414,0.1875,0.02060553098964459,0.02060552165613873,0.020752984389348025,0.010362207937965514,0.010390776451382512,1.007156010673908,1.0071564668767008,0.020305931959247653,0.020785212998757522,0.0013765978367748057,0.0,,,,,,,0.02071625344352617,0.0522762983369044,1.0053734336638656,1.0053738890592199,,,,,
16,0.75,314159,2,certified,512,512,8,0.39269908169872414,0.1875,0.02060553098964459,0.02060552165613873,0.020581573308846034,0.010292827262524232,0.010288746046321804,0.998837317960377,0.9988377703951232,0.020257800062740687,0.020735589560285442,0.00019829466587350887,0.0,,,,,,,0.020557086011631465,0.051994694418936845,0.9976489332870155,0.9976493851834694,,,,,
16,0.75,314159,3,certified,512,512,8,0.39269908169872414,0.1875,0.02060553098964459,0.02060552165613873,0.02045505560657076,0.01022752780328538,0.01022752780328538,0.9926973304813425,0.9926977801349114,0.020315755056761066,0.020784437318998407,0.0,0.0,,,,,,,0.020414243444546475,0.05111723293541475,0.9907166893590732,0.9907171381154881,,,,,
16,0.75,314159,4,certified,512,512,8,0.39269908169872414,0.1875,0.02060553098964459,0.02060552165613873,0.020414243444546475,0.010207121722273237,0.010207121722273237,0.9907166893590732,0.9907171381154881,0.02022868551948353,0.020703044158063417,0.0,0.0,,,,,,,0.02037751249872462,0.05110498928680747,0.988934112349031,0.9889345602980073,,,,,
16,0.75,314159,5,certified,512,512,8,0.39269908169872414,0.1875,0.02060553098964459,0.02060552165613873,0.020393837363534333,0.010182634425058668,0.010211202938475666,0.9897263687979386,0.9897268171057765,0.01984331057071046,0.020305993605507097,0.001400840504302559,0.0,,,,,,,0.02034894398530762,0.05137026833996531,0.9875476635634425,0.987548110884411,,,,,
16,0.75,314159,6,certified,512,512,8,0.39269908169872414,0.1875,0.02060553098964459,0.02060552165613873,0.020875420875420877,0.010427507397204367,0.010447913478216508,1.0130979340407158,1.0130983929349704,0.020163981103750075,0.020636463079982514,0.000977517106549301,0.0,,,,,,,0.020834608713396593,0.05245587184981124,1.0111172929184464,1.0111177509155471,,,,,
16,0.75,314159,7,certified,512,512,8,0.39269908169872414,0.1875,0.02060553098964459,0.02060552165613873,0.02030405060708091,0.010154065911641669,0.010149984695439242,0.9853689583289463,0.9853694046630456,0.020302242459161898,0.02078889309553934,0.00020100502512556385,0.0,,,,,,,0.02028364452606877,0.0519171513110907,0.9843786377678116,0.9843790836533339,,,,,
16,0.75,271828,0,certified,512,512,8,0.39269908169872414,0.1875,0.02060553098964459,0.02060552165613873,0.0204183246607489,0.010211202938475666,0.010207121722273237,0.9909147534713001,0.9909152023174304,0.020072313576233024,0.020538948381726173,0.00019988007195684694,0.0,,,,,,,,,,,,,,,
16,0.75,271828,1,certified,512,512,8,0.39269908169872414,0.1875,0.02060553098964459,0.02060552165613873,0.020818283848586878,0.010407101316192225,0.010411182532394654,1.0103250364695386,1.010325494107778,0.020175343448887547,0.020642513334289667,0.00019603999215842094,0.0,,,,,,,,,,,,,,,
16,0.75,271828,2,certified,512,512,8,0.39269908169872414,0.1875,0.02060553098964459,0.02060552165613873,0.020532598714416896,0.010256096316702377,0.01027650239771452,0.9964605486136541,0.9964609999718155,0.020190000091175938,0.020667440386088642,0.0009938382031405488,0.0,,,,,,,,,,,,,,,
16,0.75,271828,3,certified,512,512,8,0.39269908169872414,0.1875,0.02060553098964459,0.02060552165613873,0.020136720742781347,0.010084685236200387,0.01005203550658096,0.9772483297276423,0.9772487723834102,0.02011156020940761,0.02058649524454758,0.0016214025131738939,0.0,,,,,,,,,,,,,,,
16,0.75,271828,4,certified,512,512,8,0.39269908169872414,0.1875,0.02060553098964459,0.02060552165613873,0.02052443628201204,0.010256096316702377,0.010268339965309662,0.9960644203892002,0.9960648715679308,0.019930677579030897,0.020400152239854825,0.0005965400676078526,0.0,,,,,,,,,,,,,,,
16,0.75,271828,5,certified,512,512,8,0.39269908169872414,0.1875,0.02060553098964459,0.02060552165613873,0.020124477094174063,0.010072441587593102,0.01005203550658096,0.9766541373909615,0.9766545797775833,0.019909127106831525,0.02037178772970784,0.0010139931048469076,0.0,,,,,,,,,,,,,,,
16,0.75,271828,6,certified,512,512,8,0.39269908169872414,0.1875,0.02060553098964459,0.02060552165613873,0.020630547903275176,0.010305070911131517,0.010325476992143659,1.0012140873071003,1.0012145408184312,0.020019623900152134,0.020490162735280308,0.0009891196834817212,0.0,,,,,,,,,,,,,,,
16,0.75,271828,7,certified,512,512,8,0.39269908169872414,0.1875,0.02060553098964459,0.02060552165613873,0.020532598714416896,0.010292827262524232,0.010239771451892664,0.9964605486136541,0.9964609999718155,0.020275945148774007,0.020757221159276248,0.002583979328165393,0.0,,,,,,,,,,,,,,,
24,0.75,42,0,certified,768,768,12,0.2617993877991494,0.125,0.009158013773175376,0.009158009624950544,0.008952103889328664,0.004474240511258964,0.0044778633780697,0.9775158796495983,0.9775163224265565,0.009041513187844623,0.009136086053669768,0.0004046944556859608,0.0,0.238585968890989,0.7765868741488079,1.842472208362739,0.001892859083007388,0.00020286696001738374,3.1415706108860824,0.008948481022517928,0.023064981550550766,0.9771202843927591,0.9771207269905279,0.008957538189544768,0.00893761242208572,0.0006070416835289411,0.0016187778227438432,
24,0.75,42,1,certified,768,768,12,0.2617993877991494,0.125,0.009158013773175376,0.009158009624950544,0.009167664464567456,0.004573869348554204,0.004593795116013252,1.0010537974315292,1.0010542508702556,0.00899343856211715,0.00908747164721042,0.0021734835012843508,0.0,0.23921070896393445,0.7802009379594118,1.8614328431130909,0.0019344510538896133,0.0001799489352455454,3.1413640513362218,0.009165853031162088,0.02326967352535735,1.0008559998031095,1.0008564531522413,0.00916404159775672,0.009162230164351352,0.0003951788184153365,0.0005927682276230048,
24,0.75,42,2,certified,768,768,12,0.2617993877991494,0.125,0.009158013773175376,0.009158009624950544,0.009214761733107025,0.0046082865832561964,0.004606475149850828,1.0061965357704385,1.0061969915386266,0.009048262117340573,0.00914417275011989,0.0001965795164143914,0.0,0.2404687564903607,0.7843858412787069,1.8781355971982185,0.0019319046066927422,0.00018079775097783573,3.140955650092746,0.009212950299701657,0.023613845872377272,1.0059987381420188,1.0059991938206125,0.009240121800782177,0.009252801834619753,0.0027521132298014795,0.00412816984470222,
24,0.75,42,3,certified,768,768,12,0.2617993877991494,0.125,0.009158013773175376,0.009158009624950544,0.008943046722301824,0.0044778633780697,0.004465183344232125,0.9765268915075004,0.976527333836485,0.009110924340987538,0.00920676143454291,0.0014178651002632338,0.0,0.23844176690886115,0.7776775592076279,1.846424326082034,0.0019522761842677098,0.00019862288135593222,3.141537000610571,0.008935800988680352,0.022920066878121325,0.975735700993822,0.975736142964428,0.008943046722301824,0.008944858155707192,0.0,0.00020255215718047582,
24,0.75,42,4,certified,768,768,12,0.2617993877991494,0.125,0.009158013773175376,0.009158009624950544,0.009147738697108408,0.00457749221536494,0.004570246481743468,0.9988780235189136,0.9988784759720984,0.00910548934310492,0.009200368781704682,0.0007920792079207993,0.0,0.23990356886018302,0.7850659661809054,1.8601136283033235,0.0018699410582355498,0.00021050630160799653,3.141512528812953,0.00914592726370304,0.02345987403292099,0.9986802258904941,0.9986806782540841,0.009124190062838624,0.00912781292964936,0.002574257425742598,0.002178217821782198,
24,0.75,42,5,certified,768,768,12,0.2617993877991494,0.125,0.009158013773175376,0.009158009624950544,0.008975652523598448,0.004488731978501908,0.00448692054509654,0.980087248819053,0.9800876927607421,0.009057895481857488,0.0091546972759621,0.0002018163471241189,0.0,0.23903079152301202,0.7769262669956215,1.8459733575442123,0.0018920102672750978,0.00017400722511951326,3.141539013497916,0.00897384109019308,0.02278964367293483,0.9798894511906333,0.9798898950427278,0.008977463957003816,0.008984709690625288,0.0002018163471241189,0.0010090817356205944,
24,0.75,42,6,certified,768,768,12,0.2617993877991494,0.125,0.009158013773175376,0.009158009624950544,0.009156795864135248,0.004573869348554204,0.004582926515581044,0.9998670116610116,0.9998674645621698,0.009102203369014204,0.009200170972532196,0.0009891196834817104,0.0,0.23907378485172295,0.785174417523484,1.8636917717572254,0.0019734965775749674,0.00022069209039548023,3.140648158287309,0.009153172997324512,0.02344175969886731,0.9994714164041725,0.9994718691261413,0.009144115830297672,0.009151361563919144,0.0013847675568743943,0.0005934718100890262,
24,0.75,42,7,certified,768,768,12,0.2617993877991494,0.125,0.009158013773175376,0.009158009624950544,0.009051732726623905,0.004535829247041477,0.004515903479582428,0.9883947492126757,0.9883951969173418,0.009130691712237649,0.009224024710125692,0.002201320792475505,0.0,0.23889425590070648,0.7805127164744947,1.8677256912123057,0.001964159604519774,0.00019862288135593222,3.1414416563852496,0.009051732726623905,0.0232950335930325,0.9883947492126757,0.9883951969173418,0.009071658494082953,0.00908433852792053,0.002201320792475505,0.0036021612967780995,
24,0.75,7,0,certified,768,768,12,0.2617993877991494,0.125,0.009158013773175376,0.009158009624950544,0.009227441766944601,0.0046173437502830365,0.0046100980166615645,1.0075811191693755,1.0075815755647266,0.009137889151080278,0.009232512238475517,0.0007852375343541492,0.0,,,,,,,,,,,0.009238310367376809,0.009225630333539233,0.0011778563015312237,0.0001963093835885373,
24,0.75,7,1,certified,768,768,12,0.2617993877991494,0.125,0.009158013773175376,0.009158009624950544,0.009031806959164857,0.004512280612771692,0.004519526346393164,0.9862189753000602,0.9862194220191848,0.009021399802899765,0.00911334702570908,0.0008022462896109178,0.0,,,,,,,,,,,0.009042675559597065,0.00903724125938096,0.0012033694344163767,0.0006016847172081884,
24,0.75,7,2,certified,768,768,12,0.2617993877991494,0.125,0.009158013773175376,0.009158009624950544,0.009126001496243992,0.0045684350483381,0.004557566447905893,0.9965044519778786,0.996504903355927,0.009148196944174555,0.009242520317585521,0.00119094878920198,0.0,,,,,,,,,,,0.009131435796460096,0.009122378629433258,0.0005954743946010376,0.000396982929733835,
24,0.75,7,3,certified,768,768,12,0.2617993877991494,0.125,0.009158013773175376,0.009158009624950544,0.008901383753978361,0.004448880443583813,0.004452503310394549,0.97197754605385,0.9719779863221568,0.009060686323772148,0.009154110359354269,0.00040700040700041067,0.0,,,,,,,,,,,0.008915875221221305,0.008910440921005201,0.0016280016280016427,0.0010175010175010265,
24,0.75,7,4,certified,768,768,12,0.2617993877991494,0.125,0.009158013773175376,0.009158009624950544,0.009227441766944601,0.0046100980166615645,0.0046173437502830365,1.0075811191693755,1.0075815755647266,0.009101485864919543,0.00919510297040475,0.0007852375343541492,0.0,,,,,,,,,,,0.009231064633755337,0.009232876067160705,0.0003926187671770746,0.0005889281507656119,
24,0.75,7,5,certified,768,768,12,0.2617993877991494,0.125,0.009158013773175376,0.009158009624950544,0.009162230164351352,0.00457749221536494,0.004584737948986412,1.0004604045462704,1.0004608577162126,0.009133060777286208,0.009229014841016245,0.0007908264136022215,0.0,,,,,,,,,,,0.00914592726370304,0.009138681530081568,0.0017793594306049984,0.0025701858442072198,
24,0.75,7,6,certified,768,768,12,0.2617993877991494,0.125,0.009158013773175376,0.009158009624950544,0.008977463957003816,0.004488731978501908,0.004488731978501908,0.9802850464474725,0.9802854904787563,0.00896048835265879,0.009053654230492076,0.0,0.0,,,,,,,,,,,0.009002824024678968,0.008986521124030656,0.0028248587570621725,0.0010088781275222045,
24,0.75,7,7,certified,768,768,12,0.2617993877991494,0.125,0.009158013773175376,0.009158009624950544,0.00924736753440365,0.0046100980166615645,0.004637269517742085,1.0097568930819911,1.0097573504628836,0.009086879637966125,0.00918044964104918,0.0029382957884427296,0.0,,,,,,,,,,,0.009229253200349969,0.009229253200349969,0.00195886385896182,0.00195886385896182,
24,0.75,123,0,certified,768,768,12,0.2617993877991494,0.125,0.009158013773175376,0.009158009624950544,0.009231064633755337,0.0046137208834723005,0.0046173437502830365,1.0079767144262148,1.0079771710007552,0.009039728749305954,0.009133766900613755,0.00039246467817896744,0.0,,,,,,,0.009229253200349969,0.02367543460815978,1.007778916797795,1.007779373282741,,,,,
24,0.75,123,1,certified,768,768,12,0.2617993877991494,0.125,0.009158013773175376,0.009158009624950544,0.00894666958911256,0.004466994777637492,0.004479674811475068,0.9769224867643395,0.9769229292725137,0.009176193711345827,0.009273162235018555,0.0014172909495849492,0.0,,,,,,,0.008944858155707192,0.022976221313687734,0.9767246891359199,0.9767251315544994,,,,,
24,0.75,123,2,certified,768,768,12,0.2617993877991494,0.125,0.009158013773175376,0.009158009624950544,0.009162230164351352,0.004572057915148836,0.004590172249202516,1.0004604045462704,1.0004608577162126,0.009126425305097647,0.00922161681423624,0.0019770660340055536,0.0,,,,,,,0.009156795864135248,0.023101210218658127,0.9998670116610116,0.9998674645621698,,,,,
24,0.75,123,3,certified,768,768,12,0.2617993877991494,0.125,0.009158013773175376,0.009158009624950544,0.009218384599917761,0.0046100980166615645,0.0046082865832561964,1.0065921310272776,1.0065925869746553,0.009127542866743842,0.009223748620256213,0.0001965022597759892,0.0,,,,,,,0.009216573166512393,0.02320808478957484,1.006394333398858,1.006394789256641,,,,,
24,0.75,123,4,certified,768,768,12,0.2617993877991494,0.125,0.009158013773175376,0.009158009624950544,0.00917309876478356,0.004591983682607884,0.004581115082175676,1.0016471903167878,1.0016476440242983,0.00909939114232031,0.009194740979208539,0.0011848341232227595,0.0,,,,,,,0.00917309876478356,0.023430891098435103,1.0016471903167878,1.0016476440242983,,,,,
24,0.75,123,5,certified,768,768,12,0.2617993877991494,0.125,0.009158013773175376,0.009158009624950544,0.009124190062838624,0.004572057915148836,0.004552132147689789,0.996306654349459,0.9963071056379128,0.009247924900327447,0.00934607133186362,0.002183839587055712,0.0,,,,,,,0.009124190062838624,0.02327691925897882,0.996306654349459,0.9963071056379128,,,,,
24,0.75,123,6,certified,768,768,12,0.2617993877991494,0.125,0.009158013773175376,0.009158009624950544,0.00920027026586408,0.004599229416229356,0.004601040849634724,1.0046141547430818,1.0046146097945126,0.009059937946442977,0.009156468068889949,0.00019688915140775922,0.0,,,,,,,0.009194835965647977,0.02318815902211579,1.004020761857823,1.0040212166404696,,,,,
24,0.75,123,7,certified,768,768,12,0.2617993877991494,0.125,0.009158013773175376,0.009158009624950544,0.00927453903548417,0.004633646650931349,0.004640892384552821,1.0127238575082849,1.0127243162330979,0.009127531404536954,0.009222144702857498,0.000781250000000007,0.0,,,,,,,0.009272727602078801,0.02344357113227268,1.0125260598798653,1.0125265185150836,,,,,
24,0.75,2023,0,certified,768,768,12,0.2617993877991494,0.125,0.009158013773175376,0.009158009624950544,0.00910245286197421,0.004553943581095157,0.004548509280879053,0.9939330828084242,0.9939335330217416,0.00898718661632205,0.00908048298933464,0.0005970149253731396,0.0,,,,,,,,,,,0.009113321462406418,0.009097018561758105,0.0011940298507462793,0.0005970149253731396,
24,0.75,2023,1,certified,768,768,12,0.2617993877991494,0.125,0.009158013773175376,0.009158009624950544,0.009223818900133865,0.0046100980166615645,0.0046137208834723005,1.0071855239125365,1.0071859801286982,0.009054698121602376,0.009146288969087915,0.00039277297721917087,0.0,,,,,,,,,,,0.009176721631594296,0.009189401665431873,0.005106048703849221,0.0037313432835821233,
24,0.75,2023,2,certified,768,768,12,0.2617993877991494,0.125,0.009158013773175376,0.009158009624950544,0.009153172997324512,0.004573869348554204,0.004579303648770308,0.9994714164041725,0.9994718691261413,0.009094782891448784,0.009189339687436602,0.0005937067088858158,0.0,,,,,,,,,,,0.00916404159775672,0.0091368700966762,0.0011874134177716315,0.0017811201266574475,
24,0.75,2023,3,certified,768,768,12,0.2617993877991494,0.125,0.009158013773175376,0.009158009624950544,0.009033618392570225,0.00451409204617706,0.004519526346393164,0.9864167729284797,0.986417219737199,0.009037530813576432,0.009129589409151442,0.0006015640665730954,0.0,,,,,,,,,,,0.009057167026840009,0.009055355593434641,0.002606777621816747,0.0024062562662923817,
24,0.75,2023,4,certified,768,768,12,0.2617993877991494,0.125,0.009158013773175376,0.009158009624950544,0.009187590232026505,0.004593795116013252,0.004593795116013252,1.0032295713441446,1.0032300257684126,0.009013086573236384,0.009108292501084225,0.0,0.0,,,,,,,,,,,0.009205704566080185,0.009193024532242609,0.0019716088328075886,0.0005914826498422766,
24,0.75,2023,5,certified,768,768,12,0.2617993877991494,0.125,0.009158013773175376,0.009158009624950544,0.00901006975830044,0.004508657745960956,0.004501412012339484,0.9838454037590251,0.9838458494030135,0.009037250683639763,0.009130623438250994,0.0008041817450743941,0.0,,,,,,,,,,,0.009068035627272217,0.009035429825975593,0.0064334539605951525,0.0028146361077603793,
24,0.75,2023,6,certified,768,768,12,0.2617993877991494,0.125,0.009158013773175376,0.009158009624950544,0.009180344498405033,0.004599229416229356,0.004581115082175676,1.0024383808304662,1.0024388348963553,0.009103374280675272,0.009201070797891007,0.001973164956590389,0.0,,,,,,,,,,,0.009198458832458713,0.009196647399053345,0.001973164956590389,0.00177584846093135,
24,0.75,2023,7,certified,768,768,12,0.2617993877991494,0.125,0.009158013773175376,0.009158009624950544,0.009106075728784946,0.004552132147689789,0.004553943581095157,0.9943286780652633,0.9943291284577702,0.008932721693231059,0.009025535539251171,0.0001989258006763495,0.0,,,,,,,,,,,0.009098829995163473,0.009095207128352737,0.000795703202705398,0.0011935548040580971,
24,0.75,314159,0,certified,768,768,12,0.2617993877991494,0.125,0.009158013773175376,0.009158009624950544,0.009359676405536465,0.004684366786281652,0.004675309619254812,1.0220203460440054,1.0220208089797689,0.009130521204533473,0.0092251579605292,0.0009676795045481025,0.0,,,,,,,0.009357864972131097,0.023113890252495703,1.0218225484155858,1.0218230112617546,,,,,
24,0.75,314159,1,certified,768,768,12,0.2617993877991494,0.125,0.009158013773175376,0.009158009624950544,0.009223818900133865,0.0046173437502830365,0.004606475149850828,1.0071855239125365,1.0071859801286982,0.009124299755644312,0.009218785674952736,0.0011783189316575127,0.0,,,,,,,0.009223818900133865,0.02343270253184047,1.0071855239125365,1.0071859801286982,,,,,
24,0.75,314159,2,certified,768,768,12,0.2617993877991494,0.125,0.009158013773175376,0.009158009624950544,0.009040864126191697,0.0045303949468253725,0.004510469179366324,0.9872079634421581,0.9872084106092561,0.008960772078409122,0.009053249254594551,0.002203967140853556,0.0,,,,,,,0.009039052692786329,0.02309034161822592,0.9870101658137386,0.9870106128912418,,,,,
24,0.75,314159,3,certified,768,768,12,0.2617993877991494,0.125,0.009158013773175376,0.009158009624950544,0.009122378629433258,0.004557566447905893,0.004564812181527364,0.9961088567210397,0.9961093079198987,0.008994908156822799,0.009086074119867256,0.0007942811755360518,0.0,,,,,,,0.009116944329217154,0.022833118074663664,0.9955154638357808,0.9955159147658559,,,,,
24,0.75,314159,4,certified,768,768,12,0.2617993877991494,0.125,0.009158013773175376,0.009158009624950544,0.009178533064999665,0.004584737948986412,0.004593795116013252,1.0022405832020467,1.0022410371783412,0.009084261760863547,0.00918029920048122,0.0009867771857114754,0.0,,,,,,,0.009174910198188928,0.023222576256817784,1.0018449879452076,1.0018454417423126,,,,,
24,0.75,314159,5,certified,768,768,12,0.2617993877991494,0.125,0.009158013773175376,0.009158009624950544,0.008970218223382344,0.004485109111691172,0.004485109111691172,0.9794938559337941,0.9794942996066993,0.008968632541520666,0.009060670823704806,0.0,0.0,,,,,,,0.008966595356571608,0.022733489237368423,0.9790982606769549,0.9790987041706707,,,,,
24,0.75,314159,6,certified,768,768,12,0.2617993877991494,0.125,0.009158013773175376,0.009158009624950544,0.009178533064999665,0.00458654938239178,0.004591983682607884,1.0022405832020467,1.0022410371783412,0.0090931570055204,0.009188048357092223,0.0005920663114268852,0.0,,,,,,,0.009176721631594296,0.023343942294977438,1.0020427855736271,1.002043239460327,,,,,
24,0.75,314159,7,certified,768,768,12,0.2617993877991494,0.125,0.009158013773175376,0.009158009624950544,0.009080715661109793,0.004546697847473685,0.004534017813636109,0.9915595112673891,0.9915599604055703,0.009062047252731428,0.00915704531012148,0.0013963694394574233,0.0,,,,,,,0.009077092794299057,0.022713563469909374,0.9911639160105499,0.9911643649695417,,,,,
24,0.75,271828,0,certified,768,768,12,0.2617993877991494,0.125,0.009158013773175376,0.009158009624950544,0.009144115830297672,0.004575680781959572,0.0045684350483381,0.9984824282620745,0.9984828805360698,0.009133724183138977,0.00922845032631798,0.0007923930269413701,0.0,,,,,,,,,,,,,,,
24,0.75,271828,1,certified,768,768,12,0.2617993877991494,0.125,0.009158013773175376,0.009158009624950544,0.009196647399053345,0.004602852283040092,0.004593795116013252,1.0042185594862425,1.004219014358484,0.008897981582960077,0.008991623979003271,0.0009848335631278402,0.0,,,,,,,,,,,,,,,
24,0.75,271828,2,certified,768,768,12,0.2617993877991494,0.125,0.009158013773175376,0.009158009624950544,0.009243744667592913,0.004622778050499141,0.004620966617093773,1.0093612978251518,1.0093617550268552,0.009093498257578023,0.009186932282789686,0.00019596315892612365,0.0,,,,,,,,,,,,,,,
24,0.75,271828,3,certified,768,768,12,0.2617993877991494,0.125,0.009158013773175376,0.009158009624950544,0.009022749792138017,0.00450503487915022,0.004517714912987796,0.9852299871579623,0.9852304334291133,0.008942661174038483,0.009036479609477038,0.0014053402931138452,0.0,,,,,,,,,,,,,,,
24,0.75,271828,4,certified,768,768,12,0.2617993877991494,0.125,0.009158013773175376,0.009158009624950544,0.009091584261542001,0.004548509280879053,0.004543074980662949,0.9927462970379066,0.9927467467136559,0.009112808185578254,0.009207274324193077,0.0005977286312014399,0.0,,,,,,,,,,,,,,,
24,0.75,271828,5,certified,768,768,12,0.2617993877991494,0.125,0.009158013773175376,0.009158009624950544,0.00910245286197421,0.004555755014500525,0.004546697847473685,0.9939330828084242,0.9939335330217416,0.009057271024527873,0.009148563295055237,0.0009950248756218994,0.0,,,,,,,,,,,,,,,
24,0.75,271828,6,certified,768,768,12,0.2617993877991494,0.125,0.009158013773175376,0.009158009624950544,0.00912781292964936,0.004555755014500525,0.004572057915148836,0.9967022496062982,0.9967027010739413,0.009055462224827053,0.00914904800942878,0.0017860686644174644,0.0,,,,,,,,,,,,,,,
24,0.75,271828,7,certified,768,768,12,0.2617993877991494,0.125,0.009158013773175376,0.009158009624950544,0.009113321462406418,0.004561189314716629,0.004552132147689789,0.9951198685789416,0.9951203193298273,0.009071823645747842,0.009165442689125117,0.0009938382031405375,0.0,,,,,,,,,,,,,,,
32,0.75,42,0,certified,1024,1024,16,0.19634954084936207,0.09375,0.005151382747411147,0.005151380414034682,0.0052236017192064605,0.002618928581247372,0.002604673137959089,1.014019337202542,1.0140197965141566,0.005136919262373646,0.005166914348463019,0.0027290448343079902,0.0,0.18031420361843284,0.5749356036405301,1.4082494939716401,0.0011087755070869991,9.880177785923753e-05,3.141509985797286,0.005222583473257297,0.013287091390628674,1.0138216726143932,1.0138221318364735,0.005216473997562319,0.005219528735409809,0.0013645224171539535,0.0007797270955164738,
32,0.75,42,1,certified,1024,1024,16,0.19634954084936207,0.09375,0.005151382747411147,0.005151380414034682,0.0051533427487142095,0.0025741257594841973,0.0025792169892300126,1.0003804806202854,1.0003809337540246,0.0051081007745972535,0.0051382374336334784,0.0009879470460383377,0.0,0.17958305816929185,0.5714933291909048,1.4016038713841188,0.0011025705645161291,0.00010882514662756598,3.1415392098997765,0.005152324502765047,0.012969398654489803,1.0001828160321369,1.0001832690763417,0.0051533427487142095,0.005150288010866721,0.0,0.0005927682276228848,
32,0.75,42,2,certified,1024,1024,16,0.19634954084936207,0.09375,0.005151382747411147,0.005151380414034682,0.005169634683900819,0.002585326464924991,0.002584308218975828,1.0035431140306639,1.003543568596954,0.005098657045676687,0.005128377585372194,0.00019696671262558408,0.0,0.1799356541973011,0.571713454238642,1.4023520602250328,0.0010930244990224828,0.000102620204056696,3.1415695334467197,0.005169634683900819,0.013187303287610697,1.0035431140306639,1.003543568596954,0.005182871881239938,0.005180835389341613,0.0025605672641322574,0.0021666338388812573,
32,0.75,42,3,certified,1024,1024,16,0.19634954084936207,0.09375,0.005151382747411147,0.005151380414034682,0.005029116742916317,0.0025130310025344143,0.0025160857403819033,0.9762654008661509,0.97626584307669,0.005101504429498754,0.005130446483840407,0.0006074104069649414,0.0,0.1785769439019223,0.5667609797539405,1.396297086454762,0.0010553175403225806,0.00010500672043010753,3.141547344892578,0.005029116742916317,0.012886920732607596,0.9762654008661509,0.97626584307669,0.005005697086085567,0.005004678840136404,0.004656813120064694,0.004859283255719704,
32,0.75,42,4,certified,1024,1024,16,0.19634954084936207,0.09375,0.005151382747411147,0.005151380414034682,0.005139087305425927,0.002572089267585871,0.0025669980378400558,0.9976131763862044,0.9976136282664617,0.005099341654393171,0.005129358090544232,0.000990687537150788,0.0,0.1792420354141014,0.5703356922276046,1.4038383546642463,0.0010830011302541544,0.00010214290078201369,3.1412379181390278,0.005138069059476764,0.013081405708897738,0.9974155117980558,0.9974159635887787,0.005132977829730949,0.005139087305425927,0.001188825044580878,0.0,
32,0.75,42,5,certified,1024,1024,16,0.19634954084936207,0.09375,0.005151382747411147,0.005151380414034682,0.005225638211104787,0.0026148555974507192,0.002610782613654067,1.0144146663788391,1.0144151258695229,0.005088769693854089,0.005119432932059791,0.0007794232268121465,0.0,0.1801890071924595,0.57188383920783,1.408969774570472,0.001094933712121212,0.00010739323680351906,3.1415437395643404,0.005225638211104787,0.013127226776610075,1.0144146663788391,1.0144151258695229,0.0052042550461723625,0.0052042550461723625,0.004091971940763873,0.004091971940763873,
32,0.75,42,6,certified,1024,1024,16,0.19634954084936207,0.09375,0.005151382747411147,0.005151380414034682,0.005199163816426548,0.0025934724325182954,0.002605691383908252,1.0092753870869744,1.0092758442497631,0.005157123055457098,0.005187883113868727,0.0023501762632197037,0.0,0.17981509212637742,0.5735011211796052,1.4149686849705791,0.0011207080889540568,0.0001169393022971652,3.141583587158151,0.0051981455704773845,0.013269781209492904,1.0090777224988259,1.00907817957208,0.005200182062375711,0.005208328029969015,0.00019584802193499618,0.0017626321974147986,
32,0.75,42,7,certified,1024,1024,16,0.19634954084936207,0.09375,0.005151382747411147,0.005151380414034682,0.005076974302526981,0.0025445966269584687,0.0025323776755685123,0.9855556365091371,0.9855560829277943,0.0051208721986713635,0.0051511862432127645,0.002406738868832693,0.0,0.17906415297436104,0.5689692877856373,1.3920176093538448,0.0010696366385630498,0.00011359817937438905,3.1414837047716007,0.005075956056577818,0.012982635851828923,0.9853579719209886,0.9853584182501114,0.005074937810628655,0.005084102024171123,0.00040112314480532076,0.0014039310068192205,
32,0.75,7,0,certified,1024,1024,16,0.19634954084936207,0.09375,0.005151382747411147,0.005151380414034682,0.0050637371051878615,0.002530341183670186,0.002533395921517675,0.9829859968632049,0.9829864421179145,0.005081502044928755,0.005110600807889067,0.0006032575909913222,0.0,,,,,,,,,,,0.005053554645696231,0.00505660938354372,0.0020108586366378548,0.001407601045646447,
32,0.75,7,1,certified,1024,1024,16,0.19634954084936207,0.09375,0.005151382747411147,0.005151380414034682,0.005123813616188482,0.00256496154594173,0.0025588520702467515,0.9946482075639749,0.9946486581012157,0.005115723780192461,0.005145142175674012,0.001192368839427686,0.0,,,,,,,,,,,0.005130941337832623,0.0051278865999851335,0.00139109697933223,0.0007949125596183446,
32,0.75,7,2,certified,1024,1024,16,0.19634954084936207,0.09375,0.005151382747411147,0.005151380414034682,0.0051981455704773845,0.0026006001541624365,0.0025975454163149475,1.0090777224988259,1.00907817957208,0.005151278514687958,0.0051825437054517955,0.0005876591576885104,0.0,,,,,,,,,,,0.005188981356934917,0.005193054340731569,0.0017629774730656144,0.0009794319294809896,
32,0.75,7,3,certified,1024,1024,16,0.19634954084936207,0.09375,0.005151382747411147,0.005151380414034682,0.005167598192002493,0.002584308218975828,0.0025832899730266648,1.0031477848543664,1.0031482392415878,0.005084689346266391,0.005114893196482283,0.00019704433497538728,0.0,,,,,,,,,,,0.005173707667697471,0.005171671175799145,0.001182266009852156,0.0007881773399015491,
32,0.75,7,4,certified,1024,1024,16,0.19634954084936207,0.09375,0.005151382747411147,0.005151380414034682,0.005094284483662753,0.002550706102653447,0.0025435783810093056,0.9889159345076641,0.9889163824484066,0.005074842148516087,0.0051040106555128115,0.0013991605036978228,0.0,,,,,,,,,,,0.00509326623771359,0.005100393959357731,0.00019988007195684398,0.0011992804317408935,
32,0.75,7,5,certified,1024,1024,16,0.19634954084936207,0.09375,0.005151382747411147,0.005151380414034682,0.005113631156696851,0.0025568155783484256,0.0025568155783484256,0.9926715616824884,0.9926720113243851,0.00508679676944854,0.005116638313294936,0.0,0.0,,,,,,,,,,,0.005109558172900199,0.005122795370239319,0.0007964954201514061,0.0017921146953404942,
32,0.75,7,6,certified,1024,1024,16,0.19634954084936207,0.09375,0.005151382747411147,0.005151380414034682,0.005174725913646634,0.002584308218975828,0.0025904176946708064,1.004531436971407,1.0045318919853692,0.00509742288905227,0.005126833307016603,0.001180637544273931,0.0,,,,,,,,,,,0.005169634683900819,0.005174725913646634,0.000983864620228178,0.0,
32,0.75,7,7,certified,1024,1024,16,0.19634954084936207,0.09375,0.005151382747411147,0.005151380414034682,0.0051472332730192315,0.002570052775687545,0.0025771804973316863,0.9991944930913935,0.9991949456879263,0.005032050254762869,0.005061434737018497,0.0013847675568743386,0.0,,,,,,,,,,,0.005135014321629275,0.005135014321629275,0.0023738872403561294,0.0023738872403561294,
32,0.75,123,0,certified,1024,1024,16,0.19634954084936207,0.09375,0.005151382747411147,0.005151380414034682,0.005195090832629895,0.0025863447108741538,0.0026087461217557412,1.0084847287343799,1.0084851855390307,0.005072253331715473,0.005102124498761743,0.0043120344962760265,0.0,,,,,,,0.005195090832629895,0.013136390990152543,1.0084847287343799,1.0084851855390307,,,,,
32,0.75,123,1,certified,1024,1024,16,0.19634954084936207,0.09375,0.005151382747411147,0.005151380414034682,0.0051849083731382644,0.0025934724325182954,0.002591435940619969,1.0065080828528934,1.0065085387622,0.005085959099145629,0.005115858459997104,0.00039277297721920286,0.0,,,,,,,0.0051849083731382644,0.012966343916642314,1.0065080828528934,1.0065085387622,,,,,
32,0.75,123,2,certified,1024,1024,16,0.19634954084936207,0.09375,0.005151382747411147,0.005151380414034682,0.005145196781120905,0.0025741257594841973,0.0025710710216367083,0.9987991639150963,0.9987996163325601,0.005125834232898727,0.005156395547250011,0.0005937067088857799,0.0,,,,,,,0.005145196781120905,0.01308853343054188,0.9987991639150963,0.9987996163325601,,,,,
32,0.75,123,3,certified,1024,1024,16,0.19634954084936207,0.09375,0.005151382747411147,0.005151380414034682,0.005259240327427167,0.002630129286688165,0.002629111040739002,1.0209375977877444,1.0209380602330642,0.005124808383313367,0.0051546527643145604,0.00019361084220718112,0.0,,,,,,,0.005259240327427167,0.013227014879628055,1.0209375977877444,1.0209380602330642,,,,,
32,0.75,123,4,certified,1024,1024,16,0.19634954084936207,0.09375,0.005151382747411147,0.005151380414034682,0.005142142043273417,0.0025771804973316863,0.00256496154594173,0.9982061701506504,0.9982066222995111,0.005111799040964656,0.005141022829028417,0.002376237623762338,0.0,,,,,,,0.005142142043273417,0.013242288568865501,0.9982061701506504,0.9982066222995111,,,,,
32,0.75,123,5,certified,1024,1024,16,0.19634954084936207,0.09375,0.005151382747411147,0.005151380414034682,0.0051217771242901555,0.0025639432999925668,0.0025578338242975883,0.9942528783876775,0.9942533287458496,0.005102390298674507,0.005131494399236134,0.0011928429423459477,0.0,,,,,,,0.0051217771242901555,0.01290830389754002,0.9942528783876775,0.9942533287458496,,,,,
32,0.75,123,6,certified,1024,1024,16,0.19634954084936207,0.09375,0.005151382747411147,0.005151380414034682,0.00512992309188346,0.002561906808094241,0.002568016283789219,0.9958341950928666,0.9958346461673141,0.005131381270101387,0.005161108751875364,0.001190948789202003,0.0,,,,,,,0.005128904845934297,0.0130549313142195,0.995636530504718,0.9956369814896311,,,,,
32,0.75,123,7,certified,1024,1024,16,0.19634954084936207,0.09375,0.005151382747411147,0.005151380414034682,0.005159452224409188,0.0025792169892300126,0.0025802352351791758,1.0015664681491774,1.0015669218201233,0.0051408495296622345,0.005170293380959328,0.00019735543714231112,0.0,,,,,,,0.005158433978460025,0.01296838040854064,1.0013688035610286,1.0013692571424402,,,,,
32,0.75,2023,0,certified,1024,1024,16,0.19634954084936207,0.09375,0.005151382747411147,0.005151380414034682,0.005150288010866721,0.0025741257594841973,0.0025761622513825236,0.9997874868558395,0.9997879397209756,0.005086808301245478,0.005115971289177881,0.0003954132068011429,0.0,,,,,,,,,,,0.005152324502765047,0.0051533427487142095,0.0003954132068011429,0.000593119810201546,
32,0.75,2023,1,certified,1024,1024,16,0.19634954084936207,0.09375,0.005151382747411147,0.005151380414034682,0.005178798897443286,0.0025822717270775016,0.0025965271703657844,1.0053220953240016,1.0053225506961017,0.005107764146870995,0.0051378119081535905,0.0027526543452614997,0.0,,,,,,,,,,,0.005183890127189101,0.005185926619087428,0.000983090837593315,0.001376327172630708,
32,0.75,2023,2,certified,1024,1024,16,0.19634954084936207,0.09375,0.005151382747411147,0.005151380414034682,0.005107521681001872,0.0025557973323992625,0.0025517243486026103,0.9914855741535964,0.9914860232582865,0.005183404954761653,0.005213748895993549,0.0007974481658692058,0.0,,,,,,,,,,,0.005107521681001872,0.005113631156696851,0.0,0.0011961722488039361,
32,0.75,2023,3,certified,1024,1024,16,0.19634954084936207,0.09375,0.005151382747411147,0.005151380414034682,0.005087156762018611,0.0025445966269584687,0.002542560135060143,0.9875322823906235,0.987532729704625,0.0051051397148649735,0.005135128997861756,0.00040032025620491494,0.0,,,,,,,,,,,0.005091229745815264,0.005092247991764427,0.0008006405124100004,0.0010008006405125005,
32,0.75,2023,4,certified,1024,1024,16,0.19634954084936207,0.09375,0.005151382747411147,0.005151380414034682,0.005175744159595797,0.0025812534811283385,0.0025944906784674585,1.0047291015595556,1.0047295566630523,0.00511017868162232,0.005140382306600657,0.002557544757033312,0.0,,,,,,,,,,,0.005169634683900819,0.005165561700104166,0.001180405272476823,0.001967342120794817,
32,0.75,2023,5,certified,1024,1024,16,0.19634954084936207,0.09375,0.005151382747411147,0.005151380414034682,0.005255167343630515,0.002626056302891513,0.002629111040739002,1.02014693943515,1.020147401522332,0.0051186543146904155,0.005148610238313803,0.0005812826971516848,0.0,,,,,,,,,,,0.005259240327427167,0.005264331557172983,0.0007750435962021915,0.001743848091455137,
32,0.75,2023,6,certified,1024,1024,16,0.19634954084936207,0.09375,0.005151382747411147,0.005151380414034682,0.0051278865999851335,0.00256496154594173,0.0025629250540434036,0.9954388659165694,0.995439316811948,0.005080265335579645,0.0051101311830645,0.0003971405877681058,0.0,,,,,,,,,,,0.00512992309188346,0.005130941337832623,0.0003971405877681058,0.0005957108816521588,
32,0.75,2023,7,certified,1024,1024,16,0.19634954084936207,0.09375,0.005151382747411147,0.005151380414034682,0.005107521681001872,0.002553760840500936,0.002553760840500936,0.9914855741535964,0.9914860232582865,0.005102830966534364,0.005133189241667261,0.0,0.0,,,,,,,,,,,0.005099375713408568,0.005104466943154384,0.0015948963317384116,0.0005980861244017982,
32,0.75,314159,0,certified,1024,1024,16,0.19634954084936207,0.09375,0.005151382747411147,0.005151380414034682,0.005094284483662753,0.002548669610755121,0.002545614872907632,0.9889159345076641,0.9889163824484066,0.005106022537466913,0.005135611235716624,0.0005996402158704468,0.0,,,,,,,0.005094284483662753,0.012946997243608215,0.9889159345076641,0.9889163824484066,,,,,
32,0.75,314159,1,certified,1024,1024,16,0.19634954084936207,0.09375,0.005151382747411147,0.005151380414034682,0.0051085399269510355,0.002552742594551773,0.0025557973323992625,0.9916832387417451,0.9916836879359696,0.005078926565663315,0.005107724953467103,0.0005979669124975626,0.0,,,,,,,0.0051085399269510355,0.012823789483759486,0.9916832387417451,0.9916836879359696,,,,,
32,0.75,314159,2,certified,1024,1024,16,0.19634954084936207,0.09375,0.005151382747411147,0.005151380414034682,0.005104466943154384,0.0025476513648059577,0.0025568155783484256,0.9908925803891506,0.9908930292252374,0.005032464762324991,0.005062758385144587,0.0017953321364453196,0.0,,,,,,,0.005104466943154384,0.013045767100677032,0.9908925803891506,0.9908930292252374,,,,,
32,0.75,314159,3,certified,1024,1024,16,0.19634954084936207,0.09375,0.005151382747411147,0.005151380414034682,0.005205273292121526,0.0026016184001115997,0.002603654892009926,1.0104613746158662,1.0104618323158614,0.0051094629286406335,0.005138643377758537,0.0003912363067292999,0.0,,,,,,,0.005203236800223199,0.013244325060763827,1.010066045439569,1.0100665029604952,,,,,
32,0.75,314159,4,certified,1024,1024,16,0.19634954084936207,0.09375,0.005151382747411147,0.005151380414034682,0.005090211499866101,0.002549687856704284,0.0025405236431618166,0.9881252761550695,0.9881257237376744,0.005038277569251119,0.005067659040700694,0.0018003600720143953,0.0,,,,,,,0.005090211499866101,0.012823789483759486,0.9881252761550695,0.9881257237376744,,,,,
32,0.75,314159,5,certified,1024,1024,16,0.19634954084936207,0.09375,0.005151382747411147,0.005151380414034682,0.005002642348238078,0.0025048850349411096,0.0024977573132969684,0.9711261215742861,0.9711265614569301,0.005034586862271026,0.005062806889794261,0.001424791369835087,0.0,,,,,,,0.005000605856339752,0.012914413373234998,0.9707307923979889,0.970731232101564,,,,,
32,0.75,314159,6,certified,1024,1024,16,0.19634954084936207,0.09375,0.005151382747411147,0.005151380414034682,0.005150288010866721,0.0025802352351791758,0.002570052775687545,0.9997874868558395,0.9997879397209756,0.00515553352313444,0.005186060179840373,0.001977066034005546,0.0,,,,,,,0.005148251518968395,0.013155737663186642,0.9993921576795423,0.9993926103656094,,,,,
32,0.75,314159,7,certified,1024,1024,16,0.19634954084936207,0.09375,0.005151382747411147,0.005151380414034682,0.005086138516069448,0.0025445966269584687,0.0025415418891109797,0.9873346178024749,0.987335065026942,0.005143464061558186,0.005173012107724718,0.0006006006006005697,0.0,,,,,,,0.005086138516069448,0.012929687062472444,0.9873346178024749,0.987335065026942,,,,,
32,0.75,271828,0,certified,1024,1024,16,0.19634954084936207,0.09375,0.005151382747411147,0.005151380414034682,0.0050891932539169375,0.002542560135060143,0.002546633118856795,0.9879276115669209,0.9879280590599913,0.005125956838623649,0.005155811744638182,0.0008003201280512077,0.0,,,,,,,,,,,,,,,
32,0.75,271828,1,certified,1024,1024,16,0.19634954084936207,0.09375,0.005151382747411147,0.005151380414034682,0.0052042550461723625,0.002602636646060763,0.0026016184001115997,1.0102637100277176,1.0102641676381783,0.005081628448306324,0.005110704790139363,0.00019565642731365497,0.0,,,,,,,,,,,,,,,
32,0.75,271828,2,certified,1024,1024,16,0.19634954084936207,0.09375,0.005151382747411147,0.005151380414034682,0.005185926619087428,0.0025985636622641107,0.002587362956823317,1.0067057474410421,1.006706203439883,0.0051143291925926536,0.005143833136004343,0.0021598272138229225,0.0,,,,,,,,,,,,,,,
32,0.75,271828,3,certified,1024,1024,16,0.19634954084936207,0.09375,0.005151382747411147,0.005151380414034682,0.0050891932539169375,0.002542560135060143,0.002546633118856795,0.9879276115669209,0.9879280590599913,0.005040875317416575,0.005069628312960257,0.0008003201280512077,0.0,,,,,,,,,,,,,,,
32,0.75,271828,4,certified,1024,1024,16,0.19634954084936207,0.09375,0.005151382747411147,0.005151380414034682,0.00522665645705395,0.0026128191055523934,0.0026138373515015565,1.0146123309669879,1.014612790547206,0.005218228120391784,0.005248651673195917,0.00019481784531464843,0.0,,,,,,,,,,,,,,,
32,0.75,271828,5,certified,1024,1024,16,0.19634954084936207,0.09375,0.005151382747411147,0.005151380414034682,0.005138069059476764,0.002565979791890893,0.002572089267585871,0.9974155117980558,0.9974159635887787,0.005197705105416309,0.005229169140423021,0.0011890606420926855,0.0,,,,,,,,,,,,,,,
32,0.75,271828,6,certified,1024,1024,16,0.19634954084936207,0.09375,0.005151382747411147,0.005151380414034682,0.005162506962256677,0.0025832899730266648,0.0025792169892300126,1.0021594619136232,1.0021599158531722,0.0051057063922810885,0.005135764784759141,0.0007889546351084687,0.0,,,,,,,,,,,,,,,
32,0.75,271828,7,certified,1024,1024,16,0.19634954084936207,0.09375,0.005151382747411147,0.005151380414034682,0.005254149097681352,0.0026311475326373283,0.002623001565044024,1.0199492748470012,1.0199497368446488,0.005091510248886341,0.005121344994901223,0.0015503875968992,0.0,,,,,,,,,,,,,,,
48,0.75,42,0,certified,1536,1536,24,0.1308996938995747,0.0625,0.002289503443293843,0.002289502406237636,0.0023385819898886066,0.0011713261175423499,0.0011672558723462567,1.0214363279245195,1.0214367905957449,0.002291639247178166,0.0022973460867321115,0.0017404757300328918,0.0,0.12050814142661934,0.37554909860631464,0.913017965057121,0.0004907200054288817,4.60182546145494e-05,3.1414947456096924,0.0023385819898886066,0.0059796424425270075,1.0214363279245195,1.0214367905957449,0.0023385819898886066,0.002341295486686002,0.0,0.0011603171533552611,
48,0.75,42,1,certified,1536,1536,24,0.1308996938995747,0.0625,0.002289503443293843,0.002289502406237636,0.0023299892500301877,0.0011645423755488613,0.0011654468744813264,1.017683225965408,1.017683686936623,0.002310854593550613,0.002316845548662091,0.00038819875776397876,0.0,0.12034983248031558,0.3744345365268382,0.9115785828715209,0.000488387282844734,4.60182546145494e-05,3.141536005715017,0.0023299892500301877,0.005978285694128309,1.017683225965408,1.017683686936623,0.00232863250163149,0.002327728002699025,0.0005822981366459682,0.0009704968944099469,
48,0.75,42,2,certified,1536,1536,24,0.1308996938995747,0.0625,0.002289503443293843,0.002289502406237636,0.0022834075550082333,0.0011432866506359306,0.0011401209043723026,0.9973374627133822,0.997337914468752,0.0022954376427616334,0.0023013646408013345,0.0013864131511190463,0.0,0.12007349294900883,0.3731394487634291,0.905895045768196,0.00048329770629750273,5.068369978284473e-05,3.1414966341448554,0.0022834075550082333,0.005861153082374075,0.9973374627133822,0.997337914468752,0.0022820508066095356,0.0022843120539406984,0.0005941770647653056,0.0003961180431768704,
48,0.75,42,3,certified,1536,1536,24,0.1308996938995747,0.0625,0.002289503443293843,0.002289502406237636,0.0022671265742238607,0.0011342416613112792,0.0011328849129125815,0.990226322159276,0.9902267706935736,0.0022877399799824728,0.002293395361157412,0.0005984440454817531,0.0,0.11943941297181894,0.37119084637588967,0.8965614435728857,0.000488175217155266,4.707858306188925e-05,3.141205564809918,0.0022671265742238607,0.005764823946066537,0.990226322159276,0.9902267706935736,0.0022707445699537213,0.0022693878215550235,0.0015958507879513415,0.0009974067424695884,
48,0.75,42,4,certified,1536,1536,24,0.1308996938995747,0.0625,0.002289503443293843,0.002289502406237636,0.002316874015509443,0.0011591153819540704,0.0011577586335553727,1.0119548071857114,1.011955265562174,0.0022731348644408583,0.002279045515834487,0.0005855943782939739,0.0,0.12006909508556655,0.3715918033766894,0.9028817616256616,0.0004966578447339848,4.898717426710098e-05,3.1415329972876203,0.002315969516576978,0.005934869745369983,1.0115597438215944,1.0115602020191083,0.002321396510171769,0.002323205508036699,0.0019519812609799128,0.002732773765371878,
48,0.75,42,5,certified,1536,1536,24,0.1308996938995747,0.0625,0.002289503443293843,0.002289502406237636,0.0023209442607055363,0.0011600198808865356,0.0011609243798190007,1.013732592324238,1.0137330515059684,0.002287454221404642,0.002293348191944863,0.00038971161340608314,0.0,0.11971862980797089,0.3733431763430135,0.9039677342874817,0.0005004750271444083,4.6230320304017375e-05,3.141592062835192,0.002320039761773071,0.005852108093049423,1.013337528960121,1.013337987962903,0.002320039761773071,0.0023204920112393037,0.00038971161340608314,0.00019485580670304157,
48,0.75,42,6,certified,1536,1536,24,0.1308996938995747,0.0625,0.002289503443293843,0.002289502406237636,0.0022947137916640476,0.0011473568958320238,0.0011473568958320238,1.0022757547648449,1.0022762087570702,0.0022874270241421595,0.0022934202124565103,0.0,0.0,0.11962566331435759,0.37319143879646166,0.9054614328148508,0.0004762995385450597,4.432172909880565e-05,3.1415599396024483,0.0022947137916640476,0.0057797481784522126,1.0022757547648449,1.0022762087570702,0.0022978795379276756,0.0022978795379276756,0.0013795821836815264,0.0013795821836815264,
48,0.75,42,7,certified,1536,1536,24,0.1308996938995747,0.0625,0.002289503443293843,0.002289502406237636,0.0022906435464679544,0.0011446433990346283,0.001146000147433326,1.0004979696263183,1.0004984228132756,0.0022983937112419873,0.002304397505603468,0.0005923000987166886,0.0,0.11972004153970336,0.3730317211324119,0.9073126180774657,0.0005011112242128122,4.81389115092291e-05,3.141497369916319,0.002290191297001722,0.005962909212276402,1.0003004379442597,1.000300891041743,0.002288834548603024,0.0022906435464679544,0.0007897334649555848,0.0,
48,0.75,7,0,certified,1536,1536,24,0.1308996938995747,0.0625,0.002289503443293843,0.002289502406237636,0.002268031073156326,0.001132432663446349,0.001135598409709977,0.990621385523393,0.9906218342366391,0.002334280105241696,0.002340232867852996,0.0013958125623130739,0.0,,,,,,,,,,,0.002273005817284884,0.0022707445699537213,0.0021934197407776877,0.0011964107676969205,
48,0.75,7,1,certified,1536,1536,24,0.1308996938995747,0.0625,0.002289503443293843,0.002289502406237636,0.0022458708493109302,0.0011211264267905348,0.0011247444225203954,0.9809423331025264,0.9809427774315355,0.0022542643824407884,0.002260216027516398,0.0016109544905356574,0.0,,,,,,,,,,,0.002247227597709628,0.0022476798471758605,0.0006041079339508715,0.0008054772452678287,
48,0.75,7,2,certified,1536,1536,24,0.1308996938995747,0.0625,0.002289503443293843,0.002289502406237636,0.0023173262649756757,0.0011586631324878379,0.0011586631324878379,1.0121523388677698,1.0121527973337066,0.0022808189600524577,0.0022864036127125073,0.0,0.0,,,,,,,,,,,0.0023155172671107454,0.0023141605187120477,0.0007806401249024272,0.0013661202185792478,
48,0.75,7,3,certified,1536,1536,24,0.1308996938995747,0.0625,0.002289503443293843,0.002289502406237636,0.0022766238130147447,0.0011383119065073723,0.0011383119065073723,0.9943744874825046,0.9943749378957609,0.0022955437915155685,0.0023014642513312714,0.0,0.0,,,,,,,,,,,0.0022766238130147447,0.0022757193140822795,0.0,0.00039729837107668227,
48,0.75,7,4,certified,1536,1536,24,0.1308996938995747,0.0625,0.002289503443293843,0.002289502406237636,0.0022865733012718613,0.0011464523968995586,0.0011401209043723026,0.9987201844877917,0.9987206368694811,0.0022840773330787875,0.0022898133719955575,0.0027689873417721775,0.0,,,,,,,,,,,0.0022865733012718613,0.0022834075550082333,0.0,0.0013844936708860887,
48,0.75,7,5,certified,1536,1536,24,0.1308996938995747,0.0625,0.002289503443293843,0.002289502406237636,0.002241800604114837,0.0011197696783918371,0.001122030925723,0.9791645479639999,0.9791649914877408,0.0022832359552105237,0.002289411789234788,0.0010086746015735418,0.0,,,,,,,,,,,0.0022422528535810697,0.002241800604114837,0.00020173492031470836,0.0,
48,0.75,7,6,certified,1536,1536,24,0.1308996938995747,0.0625,0.002289503443293843,0.002289502406237636,0.002268031073156326,0.001133337162378814,0.0011346939107775118,0.990621385523393,0.9906218342366391,0.0022710133157247295,0.0022768905133635784,0.0005982053838484603,0.0,,,,,,,,,,,0.0022671265742238607,0.0022693878215550235,0.0003988035892323068,0.0005982053838484603,
48,0.75,7,7,certified,1536,1536,24,0.1308996938995747,0.0625,0.002289503443293843,0.002289502406237636,0.0022671265742238607,0.001132432663446349,0.0011346939107775118,0.990226322159276,0.9902267706935736,0.0022641792379116464,0.002269936045614075,0.0009974067424695884,0.0,,,,,,,,,,,0.002262604079561535,0.0022644130774264653,0.0019948134849391767,0.0011968880909635062,
48,0.75,123,0,certified,1536,1536,24,0.1308996938995747,0.0625,0.002289503443293843,0.002289502406237636,0.0022779805614134424,0.0011401209043723026,0.0011378596570411398,0.99496708252868,0.9949675332103591,0.002271180290738487,0.0022771279450103754,0.0009926543577526397,0.0,,,,,,,0.0022779805614134424,0.005838992858528679,0.99496708252868,0.9949675332103591,,,,,
48,0.75,123,1,certified,1536,1536,24,0.1308996938995747,0.0625,0.002289503443293843,0.002289502406237636,0.0022996885357926054,0.001148261394764489,0.0011514271410281167,1.0044486032674882,1.00444905824393,0.0022930658399171115,0.0022987716249444055,0.0013765978367747465,0.0,,,,,,,0.0022996885357926054,0.005856630587711749,1.0044486032674882,1.00444905824393,,,,,
48,0.75,123,2,certified,1536,1536,24,0.1308996938995747,0.0625,0.002289503443293843,0.002289502406237636,0.002262604079561535,0.0011342416613112792,0.0011283624182502558,0.9882510053386909,0.9882514529782463,0.002257508184730027,0.002263662926477058,0.002598440935438761,0.0,,,,,,,0.0022621518300953024,0.005738593477025049,0.9880534736566324,0.9880539212067135,,,,,
48,0.75,123,3,certified,1536,1536,24,0.1308996938995747,0.0625,0.002289503443293843,0.002289502406237636,0.0022956182905965127,0.0011487136442307215,0.0011469046463657912,1.0026708181289619,1.0026712723001356,0.0022914502355815894,0.0022975267833446112,0.0007880220646178166,0.0,,,,,,,0.0022947137916640476,0.005814119137885887,1.0022757547648449,1.0022762087570702,,,,,
48,0.75,123,4,certified,1536,1536,24,0.1308996938995747,0.0625,0.002289503443293843,0.002289502406237636,0.0022535590902368835,0.001127005669851558,0.0011265534203853257,0.9843003716975208,0.9843008175475917,0.0022823603923191227,0.002288097274613343,0.00020068231988752358,0.0,,,,,,,0.0022535590902368835,0.005819546131480678,0.9843003716975208,0.9843008175475917,,,,,
48,0.75,123,5,certified,1536,1536,24,0.1308996938995747,0.0625,0.002289503443293843,0.002289502406237636,0.0023177785144419083,0.0011582108830216053,0.001159567631420303,1.0123498705498284,1.0123503291052394,0.0022992284833984306,0.002305362438703001,0.0005853658536585421,0.0,,,,,,,0.0023177785144419083,0.005902307783801238,1.0123498705498284,1.0123503291052394,,,,,
48,0.75,123,6,certified,1536,1536,24,0.1308996938995747,0.0625,0.002289503443293843,0.002289502406237636,0.0022558203375680464,0.0011279101687840232,0.0011279101687840232,0.9852880301078134,0.9852884764052553,0.0023034855994715736,0.002309249208103466,0.0,0.0,,,,,,,0.0022558203375680464,0.005724573743571839,0.9852880301078134,0.9852884764052553,,,,,
48,0.75,123,7,certified,1536,1536,24,0.1308996938995747,0.0625,0.002289503443293843,0.002289502406237636,0.0022544635891693487,0.0011256489214528606,0.0011288146677164883,0.9846954350616378,0.9846958810906571,0.0022511908996657426,0.0022571745055851686,0.0014042126379136583,0.0,,,,,,,0.0022544635891693487,0.005797838157101515,0.9846954350616378,0.9846958810906571,,,,,
48,0.75,2023,0,certified,1536,1536,24,0.1308996938995747,0.0625,0.002289503443293843,0.002289502406237636,0.0023440089834833974,0.0011672558723462567,0.0011767531111371405,1.0238067081092217,1.0238071718541377,0.0022800718221427743,0.0022858919382581773,0.004051707505305753,0.0,,,,,,,,,,,0.002343556734017165,0.00234446123294963,0.00019293845263361166,0.00019293845263361166,
48,0.75,2023,1,certified,1536,1536,24,0.1308996938995747,0.0625,0.002289503443293843,0.002289502406237636,0.0023155172671107454,0.0011573063840891401,0.0011582108830216053,1.0113622121395358,1.0113626702475758,0.002273978022092471,0.002279692203852831,0.00039062500000000365,0.0,,,,,,,,,,,0.00231280377031335,0.0023146127681782803,0.001171875000000011,0.00039062500000000365,
48,0.75,2023,2,certified,1536,1536,24,0.1308996938995747,0.0625,0.002289503443293843,0.002289502406237636,0.002231398866391488,0.001115699433195744,0.001115699433195744,0.9746213192766543,0.974621760742488,0.002251963607213435,0.002257892134770332,0.0,0.0,,,,,,,,,,,0.0022318511158577205,0.0022327556147901857,0.00020267531414673882,0.0006080259424402165,
48,0.75,2023,3,certified,1536,1536,24,0.1308996938995747,0.0625,0.002289503443293843,0.002289502406237636,0.002274362565683582,0.001138764155973605,0.001135598409709977,0.9933868290722121,0.9933872790380973,0.0022772160872391208,0.002283070706576915,0.0013919268244183863,0.0,,,,,,,,,,,0.0022725535678186515,0.002271196819419954,0.0007953867568105065,0.0013919268244183863,
48,0.75,2023,4,certified,1536,1536,24,0.1308996938995747,0.0625,0.002289503443293843,0.002289502406237636,0.002221901627600604,0.0011111769385334183,0.0011107246890671857,0.9704731539534257,0.9704735935403006,0.0022615528257364085,0.0022673423437604557,0.0002035416242621635,0.0,,,,,,,,,,,0.002225971872796697,0.002225067373864232,0.0018318746183594717,0.0014247913698351446,
48,0.75,2023,5,certified,1536,1536,24,0.1308996938995747,0.0625,0.002289503443293843,0.002289502406237636,0.002282503056075768,0.0011423821517034655,0.0011401209043723026,0.9969423993492651,0.9969428509256865,0.002276387406837754,0.0022818463549034817,0.0009906875371507918,0.0,,,,,,,,,,,0.002281598557143303,0.0022843120539406984,0.0003962750148603167,0.0007925500297206334,
48,0.75,2023,6,certified,1536,1536,24,0.1308996938995747,0.0625,0.002289503443293843,0.002289502406237636,0.0022779805614134424,0.001136502908642442,0.0011414776527710003,0.99496708252868,0.9949675332103591,0.0022997019306263064,0.002305807401794559,0.0021838395870558075,0.0,,,,,,,,,,,0.0022779805614134424,0.002278432810879675,0.0,0.00019853087155052797,
48,0.75,2023,7,certified,1536,1536,24,0.1308996938995747,0.0625,0.002289503443293843,0.002289502406237636,0.002313708269245815,0.0011545928872917447,0.0011591153819540704,1.0105720854113018,1.0105725431614447,0.002278451667903324,0.002284396597998585,0.0019546520719312148,0.0,,,,,,,,,,,0.002313708269245815,0.002313708269245815,0.0,0.0,
48,0.75,314159,0,certified,1536,1536,24,0.1308996938995747,0.0625,0.002289503443293843,0.002289502406237636,0.0023051155293873963,0.0011523316399605819,0.0011527838894268144,1.0068189834521901,1.0068194395023229,0.002262245129797873,0.002268152780624478,0.00019619383951344113,0.0,,,,,,,0.0023051155293873963,0.0058285911208053294,1.0068189834521901,1.0068194395023229,,,,,
48,0.75,314159,1,certified,1536,1536,24,0.1308996938995747,0.0625,0.002289503443293843,0.002289502406237636,0.002305567778853629,0.0011550451367579773,0.0011505226420956516,1.0070165151342487,1.0070169712738557,0.0022936837357928966,0.0022997762459790534,0.0019615535504119447,0.0,,,,,,,0.002305567778853629,0.005845776600522167,1.0070165151342487,1.0070169712738557,,,,,
48,0.75,314159,2,certified,1536,1536,24,0.1308996938995747,0.0625,0.002289503443293843,0.002289502406237636,0.0022517500923719537,0.0011283624182502558,0.0011233876741216977,0.983510244969287,0.9835106904614609,0.002269187910838961,0.0022751561954872162,0.0022092789716809847,0.0,,,,,,,0.002251297842905721,0.0056793487969485825,0.9833127132872285,0.9833131586899282,,,,,
48,0.75,314159,3,certified,1536,1536,24,0.1308996938995747,0.0625,0.002289503443293843,0.002289502406237636,0.0022422528535810697,0.0011211264267905348,0.0011211264267905348,0.9793620796460584,0.9793625232592735,0.0022400904923851133,0.0022457251391762097,0.0,0.0,,,,,,,0.0022422528535810697,0.005752160961012026,0.9793620796460584,0.9793625232592735,,,,,
48,0.75,314159,4,certified,1536,1536,24,0.1308996938995747,0.0625,0.002289503443293843,0.002289502406237636,0.0022811463076770704,0.001141929902237233,0.0011392164054398375,0.9963498043030896,0.9963502556110883,0.002279714260027985,0.002285599136877563,0.00118953211736718,0.0,,,,,,,0.0022811463076770704,0.005862962080239005,0.9963498043030896,0.9963502556110883,,,,,
48,0.75,314159,5,certified,1536,1536,24,0.1308996938995747,0.0625,0.002289503443293843,0.002289502406237636,0.0022621518300953024,0.001132432663446349,0.0011297191666489535,0.9880534736566324,0.9880539212067135,0.0022836561533069403,0.0022894382155245374,0.001199520191923242,0.0,,,,,,,0.00226169958062907,0.005693820779868025,0.9878559419745739,0.9878563894351808,,,,,
48,0.75,314159,6,certified,1536,1536,24,0.1308996938995747,0.0625,0.002289503443293843,0.002289502406237636,0.002240896105182372,0.0011224831751892326,0.0011184129299931394,0.9787694845998829,0.9787699279446753,0.0022584229293876133,0.0022640316396207007,0.0018163471241170704,0.0,,,,,,,0.002240896105182372,0.005784270673114538,0.9787694845998829,0.9787699279446753,,,,,
48,0.75,314159,7,certified,1536,1536,24,0.1308996938995747,0.0625,0.002289503443293843,0.002289502406237636,0.0022508455934394885,0.0011215786762567674,0.001129266917182721,0.98311518160517,0.9831156269183955,0.0023039820994627063,0.002310109819148925,0.0034157122764717053,0.0,,,,,,,0.0022508455934394885,0.0057729644364587235,0.98311518160517,0.9831156269183955,,,,,
48,0.75,271828,0,certified,1536,1536,24,0.1308996938995747,0.0625,0.002289503443293843,0.002289502406237636,0.0022476798471758605,0.0011256489214528606,0.001122030925723,0.9817324598307604,0.9817329045176664,0.002290795864331124,0.0022967192237073903,0.0016096579476861316,0.0,,,,,,,,,,,,,,,
48,0.75,271828,1,certified,1536,1536,24,0.1308996938995747,0.0625,0.002289503443293843,0.002289502406237636,0.0022947137916640476,0.0011464523968995586,0.001148261394764489,1.0022757547648449,1.0022762087570702,0.002278559127932156,0.002284319065991267,0.0007883326763894437,0.0,,,,,,,,,,,,,,,
48,0.75,271828,2,certified,1536,1536,24,0.1308996938995747,0.0625,0.002289503443293843,0.002289502406237636,0.0023014975336575357,0.0011509748915618841,0.0011505226420956516,1.0052387299957222,1.005239185330061,0.002279363359288305,0.002285483862122309,0.00019650225977598928,0.0,,,,,,,,,,,,,,,
48,0.75,271828,3,certified,1536,1536,24,0.1308996938995747,0.0625,0.002289503443293843,0.002289502406237636,0.0022779805614134424,0.0011392164054398375,0.001138764155973605,0.99496708252868,0.9949675332103591,0.0022847602312378386,0.002290528282722036,0.00019853087155052797,0.0,,,,,,,,,,,,,,,
48,0.75,271828,4,certified,1536,1536,24,0.1308996938995747,0.0625,0.002289503443293843,0.002289502406237636,0.002282503056075768,0.001141929902237233,0.0011405731538385352,0.9969423993492651,0.9969428509256865,0.0022862904300503953,0.0022920770218032172,0.0005944125222904751,0.0,,,,,,,,,,,,,,,
48,0.75,271828,5,certified,1536,1536,24,0.1308996938995747,0.0625,0.002289503443293843,0.002289502406237636,0.002274362565683582,0.0011360506591762095,0.0011383119065073723,0.9933868290722121,0.9933872790380973,0.002286163646263891,0.002291912950932813,0.000994233446013133,0.0,,,,,,,,,,,,,,,
48,0.75,271828,6,certified,1536,1536,24,0.1308996938995747,0.0625,0.002289503443293843,0.002289502406237636,0.0022779805614134424,0.0011405731538385352,0.0011374074075749072,0.99496708252868,0.9949675332103591,0.0022446026362644305,0.002250395513732198,0.0013897161008536957,0.0,,,,,,,,,,,,,,,
48,0.75,271828,7,certified,1536,1536,24,0.1308996938995747,0.0625,0.002289503443293843,0.002289502406237636,0.00227933730981214,0.001142834401169698,0.001136502908642442,0.9955596775748556,0.9955601285249573,0.002312460591125038,0.0023186727516874115,0.0027777777777778035,0.0,,,,,,,,,,,,,,,
64,0.75,42,0,certified,2048,2048,32,0.09817477042468103,0.046875,0.0012878456868527868,0.0012878451035086705,0.0012895796824699303,0.0006446626888308566,0.0006449169936390738,1.0013464312027793,1.001346884774057,0.0012826170661401016,0.0012845901138727493,0.0001971997633602701,0.0,0.09004249796490234,0.2769070298963521,0.6627614997934482,0.0002863613290791402,2.8862741206643868e-05,3.141488078753136,0.0012895796824699303,0.00333190159726307,1.0013464312027793,1.001346884774057,0.0012908512065110168,0.0012916141209356688,0.0009859988168014345,0.0015775981068823289,
64,0.75,42,1,certified,2048,2048,32,0.09817477042468103,0.046875,0.0012878456868527868,0.0012878451035086705,0.00128678232957954,0.0006426282503651181,0.0006441540792144219,0.9991743131307561,0.9991747657181481,0.0012617482053458196,0.001263606132162337,0.001185770750988143,0.0,0.08960164399279828,0.27719668250303786,0.6653953377056882,0.0002807557553737176,2.671592574499267e-05,3.1415737893354354,0.00128678232957954,0.003349194324221846,0.9991743131307561,0.9991747657181481,0.0012870366343877573,0.0012877995488124092,0.00019762845849792554,0.0007905138339920392,
64,0.75,42,2,certified,2048,2048,32,0.09817477042468103,0.046875,0.0012878456868527868,0.0012878451035086705,0.0012804247093741075,0.0006421196407486835,0.0006383050686254241,0.9942376811488847,0.994238131500173,0.001279613882469717,0.0012814044570103546,0.0029791459781528893,0.0,0.08991534993151526,0.27592126231397957,0.6571969469181718,0.0002596454033341475,2.6119588116756228e-05,3.1414886424401094,0.0012804247093741075,0.0032479810105513606,0.9942376811488847,0.994238131500173,0.0012794074901412383,0.0012796617949494557,0.0007944389275073919,0.0005958291956304593,
64,0.75,42,3,certified,2048,2048,32,0.09817477042468103,0.046875,0.0012878456868527868,0.0012878451035086705,0.0012979717411411014,0.0006479686513376814,0.0006500030898034198,1.0078627854188498,1.0078632419417843,0.001299245077923095,0.001301279385833163,0.00156739811912223,0.0,0.09008817279793399,0.2774753289515336,0.6646683453061464,0.00027288409868099657,2.8385671104054713e-05,3.1414572721393665,0.0012979717411411014,0.0032868896462086078,1.0078627854188498,1.0078632419417843,0.0012997518747986225,0.0012979717411411014,0.0013714733542319617,0.0,
64,0.75,42,4,certified,2048,2048,32,0.09817477042468103,0.046875,0.0012878456868527868,0.0012878451035086705,0.001320604869072441,0.0006606838917485464,0.0006599209773238946,1.0254371952743115,1.0254376597577752,0.0013063328257404173,0.001308307089524138,0.0005777007510109356,0.0,0.09056621045924186,0.2789499310002593,0.6642595845984447,0.0002776547997068881,2.8027868527112847e-05,3.141497174159817,0.001320604869072441,0.003343853923249283,1.0254371952743115,1.0254376597577752,0.001318061820990268,0.0013188247354149198,0.0019256691700364522,0.0013479684190255987,
64,0.75,42,5,certified,2048,2048,32,0.09817477042468103,0.046875,0.0012878456868527868,0.0012878451035086705,0.0012954286930589283,0.0006479686513376814,0.0006474600417212469,1.005888132626101,1.0058885882545943,0.0012828453878017346,0.0012846960947910798,0.00039261876717704337,0.0,0.08990331844035362,0.27680868141952264,0.6604788680063026,0.00027395750641182216,2.7431530898876404e-05,3.141560962965011,0.0012954286930589283,0.0032782432827292195,1.005888132626101,1.0058885882545943,0.0012967002171000149,0.001295937302675363,0.0009815469179426922,0.00039261876717704337,
64,0.75,42,6,certified,2048,2048,32,0.09817477042468103,0.046875,0.0012878456868527868,0.0012878451035086705,0.0012928856449767553,0.0006459342128719431,0.0006469514321048122,1.0039134798333527,1.0039139345674042,0.0013126588595878499,0.0013146588158764207,0.0007867820613689454,0.0,0.09016384254628194,0.27860228490877925,0.6635982934619346,0.0002792052775403029,2.588105306546165e-05,3.1412128157029966,0.001292631340168538,0.003272648576948439,1.0037160145540776,1.003716469198685,0.0012931399497849725,0.0012928856449767553,0.00019669551534215248,0.0,
64,0.75,42,7,certified,2048,2048,32,0.09817477042468103,0.046875,0.0012878456868527868,0.0012878451035086705,0.0012931399497849725,0.0006459342128719431,0.0006472057369130295,1.0041109451126273,1.004111399936123,0.0012902939271050861,0.001292127584447286,0.000983284169124808,0.0,0.08984976196191076,0.2768911061570982,0.6597162324501612,0.0002704987481680508,2.5642518014167073e-05,3.141534079110983,0.0012931399497849725,0.003231451198017236,1.0041109451126273,1.004111399936123,0.0012928856449767553,0.0012923770353603207,0.00019665683382487774,0.0005899705014748009,
64,0.75,7,0,certified,2048,2048,32,0.09817477042468103,0.046875,0.0012878456868527868,0.0012878451035086705,0.001295937302675363,0.0006482229561458987,0.0006477143465294642,1.0062830631846509,1.0062835189920323,0.0012916982603275902,0.0012935726853205074,0.00039246467817893627,0.0,,,,,,,,,,,0.0012956829978671455,0.001295174388250711,0.00019623233908955178,0.0005886970172684881,
64,0.75,7,1,certified,2048,2048,32,0.09817477042468103,0.046875,0.0012878456868527868,0.0012878451035086705,0.00129619160748358,0.0006474600417212469,0.0006487315657623333,1.0064805284639256,1.0064809843607512,0.0012882758652314657,0.001290131671073611,0.0009809691975671273,0.0,,,,,,,,,,,0.0012954286930589283,0.0012964459122917975,0.0005885815185401928,0.00019619383951350914,
64,0.75,7,2,certified,2048,2048,32,0.09817477042468103,0.046875,0.0012878456868527868,0.0012878451035086705,0.0013048379709629683,0.0006512746138445063,0.0006535633571184621,1.0131943479592707,1.0131948068971972,0.001293998859790047,0.0012958454051616186,0.0017540440459949756,0.0,,,,,,,,,,,0.001305346580579403,0.0013058551901958377,0.0003897875657766243,0.0007795751315534148,
64,0.75,7,3,certified,2048,2048,32,0.09817477042468103,0.046875,0.0012878456868527868,0.0012878451035086705,0.0012954286930589283,0.0006459342128719431,0.0006494944801869853,1.005888132626101,1.0058885882545943,0.0012790119038036465,0.0012809242388367125,0.002748331370239471,0.0,,,,,,,,,,,0.001295937302675363,0.0012954286930589283,0.00039261876717704337,0.0,
64,0.75,7,4,certified,2048,2048,32,0.09817477042468103,0.046875,0.0012878456868527868,0.0012878451035086705,0.0012913598161274514,0.0006446626888308566,0.0006466971272965949,1.0027286881577033,1.0027291423550901,0.00128347939127078,0.001285249755445416,0.0015754233950373894,0.0,,,,,,,,,,,0.0012916141209356688,0.0012916141209356688,0.00019692792437974715,0.00019692792437974715,
64,0.75,7,5,certified,2048,2048,32,0.09817477042468103,0.046875,0.0012878456868527868,0.0012878451035086705,0.0012903425968945822,0.0006449169936390738,0.0006454256032555084,1.001938827040604,1.0019392808802141,0.0012781969184706026,0.0012800839095588096,0.0003941663381946904,0.0,,,,,,,,,,,0.0012893253776617131,0.0012888167680452786,0.0007883326763893808,0.0011824990145840712,
64,0.75,7,6,certified,2048,2048,32,0.09817477042468103,0.046875,0.0012878456868527868,0.0012878451035086705,0.0012755929180179788,0.0006377964590089894,0.0006377964590089894,0.9904858408426626,0.990486289494512,0.0012870163557909752,0.0012890142443708452,0.0,0.0,,,,,,,,,,,0.0012766101372508481,0.0012766101372508481,0.0007974481658693323,0.0007974481658693323,
64,0.75,7,7,certified,2048,2048,32,0.09817477042468103,0.046875,0.0012878456868527868,0.0012878451035086705,0.0012702525170454155,0.0006334732772692953,0.0006367792397761203,0.9863390699778907,0.986339516751413,0.0012798555579545256,0.0012817939432177626,0.0026026026026026755,0.0,,,,,,,,,,,0.0012692352978125464,0.001269743907428981,0.0008008008008007445,0.00040040040040037223,
64,0.75,123,0,certified,2048,2048,32,0.09817477042468103,0.046875,0.0012878456868527868,0.0012878451035086705,0.0013000061796068396,0.0006517832234609409,0.0006482229561458987,1.0094425076530484,1.0094429648915362,0.0012875255246087237,0.001289451683258015,0.0027386541471048254,0.0,,,,,,,0.0012997518747986225,0.0033179148328111186,1.0092450423737735,1.0092454995228173,,,,,
64,0.75,123,1,certified,2048,2048,32,0.09817477042468103,0.046875,0.0012878456868527868,0.0012878451035086705,0.0012674551641550253,0.0006329646676528607,0.0006344904965021645,0.9841669519058673,0.984167397695504,0.0012856382498724781,0.0012874845438416622,0.0012038523274478337,0.0,,,,,,,0.0012674551641550253,0.00323297702686654,0.9841669519058673,0.984167397695504,,,,,
64,0.75,123,2,certified,2048,2048,32,0.09817477042468103,0.046875,0.0012878456868527868,0.0012878451035086705,0.001258808800675637,0.0006304216195706877,0.0006283871811049493,0.9774531324105223,0.977453575159058,0.001266767219978016,0.0012686440471742467,0.0016161616161615884,0.0,,,,,,,0.001258808800675637,0.003203986278729768,0.9774531324105223,0.977453575159058,,,,,
64,0.75,123,3,certified,2048,2048,32,0.09817477042468103,0.046875,0.0012878456868527868,0.0012878451035086705,0.0012781359661001518,0.0006383050686254241,0.0006398308974747279,0.9924604936354111,0.9924609431817021,0.0012921382826481362,0.0012939367172177404,0.0011937922801432558,0.0,,,,,,,0.0012781359661001518,0.00323958895188019,0.9924604936354111,0.9924609431817021,,,,,
64,0.75,123,4,certified,2048,2048,32,0.09817477042468103,0.046875,0.0012878456868527868,0.0012878451035086705,0.0012911055113192342,0.0006454256032555084,0.0006456799080637257,1.0025312228784287,1.0025316769863712,0.001299297494871092,0.0013012621726412774,0.0001969667126255524,0.0,,,,,,,0.0012911055113192342,0.003292484351989388,1.0025312228784287,1.0025316769863712,,,,,
64,0.75,123,5,certified,2048,2048,32,0.09817477042468103,0.046875,0.0012878456868527868,0.0012878451035086705,0.0013076353238533588,0.0006528004426938101,0.0006548348811595485,1.015366466031294,1.0153669259531062,0.0012907812284590852,0.0012926432220462236,0.0015558148580318675,0.0,,,,,,,0.0013073810190451414,0.0032510326682499684,1.015169000752019,1.0151694605843873,,,,,
64,0.75,123,6,certified,2048,2048,32,0.09817477042468103,0.046875,0.0012878456868527868,0.0012878451035086705,0.0012847478911138016,0.0006428825551733355,0.0006418653359404662,0.9975945908965572,0.9975950427683961,0.0012759519496680222,0.0012777793754778044,0.0007917656373713668,0.0,,,,,,,0.0012844935863055844,0.0032474724009349263,0.9973971256172824,0.9973975773996772,,,,,
64,0.75,123,7,certified,2048,2048,32,0.09817477042468103,0.046875,0.0012878456868527868,0.0012878451035086705,0.001295174388250711,0.0006489858705705507,0.0006461885176801604,1.0056906673468262,1.0056911228858751,0.0013035743454357413,0.0013053763659529724,0.0021598272138229095,0.0,,,,,,,0.001295174388250711,0.0032802777211949578,1.0056906673468262,1.0056911228858751,,,,,
64,0.75,2023,0,certified,2048,2048,32,0.09817477042468103,0.046875,0.0012878456868527868,0.0012878451035086705,0.0013068724094287068,0.0006538176619266794,0.0006530547475020274,1.0147740701934695,1.0147745298469493,0.0012890992575220483,0.001291011915495031,0.0005837711617046536,0.0,,,,,,,,,,,0.001305346580579403,0.0013061094950040548,0.0011675423234093073,0.0005837711617046536,
64,0.75,2023,1,certified,2048,2048,32,0.09817477042468103,0.046875,0.0012878456868527868,0.0012878451035086705,0.0013050922757711857,0.0006533090523102447,0.0006517832234609409,1.0133918132385455,1.0133922722659163,0.0012811121309917854,0.0012828505445534664,0.0011691348402182392,0.0,,,,,,,,,,,0.0013056008853876203,0.0013050922757711857,0.000389711613406052,0.0,
64,0.75,2023,2,certified,2048,2048,32,0.09817477042468103,0.046875,0.0012878456868527868,0.0012878451035086705,0.0012893253776617131,0.0006441540792144219,0.0006451712984472911,1.0011489659235047,1.001149419405338,0.0012957974501255848,0.0012975826905405805,0.0007889546351085098,0.0,,,,,,,,,,,0.0012903425968945822,0.0012898339872781477,0.0007889546351084256,0.0003944773175542128,
64,0.75,2023,3,certified,2048,2048,32,0.09817477042468103,0.046875,0.0012878456868527868,0.0012878451035086705,0.0012954286930589283,0.0006472057369130295,0.0006482229561458987,1.005888132626101,1.0058885882545943,0.0012985616744247775,0.0013003631886672796,0.0007852375343541704,0.0,,,,,,,,,,,0.0012956829978671455,0.0012956829978671455,0.000196309383588438,0.000196309383588438,
64,0.75,2023,4,certified,2048,2048,32,0.09817477042468103,0.046875,0.0012878456868527868,0.0012878451035086705,0.0012844935863055844,0.0006426282503651181,0.0006418653359404662,0.9973971256172824,0.9973975773996772,0.0012750315669706495,0.001276846813641888,0.0005939417937041751,0.0,,,,,,,,,,,0.001285765110346671,0.0012839849766891499,0.000989902989507043,0.0003959611958027834,
64,0.75,2023,5,certified,2048,2048,32,0.09817477042468103,0.046875,0.0012878456868527868,0.0012878451035086705,0.0013012777036479262,0.000649240175378768,0.0006520375282691583,1.0104298340494227,1.010430291735131,0.0012971841850175317,0.0012990803846989602,0.002149697088137596,0.0,,,,,,,,,,,0.0013022949228807953,0.0013030578373054472,0.0007817080320499743,0.0013679890560875383,
64,0.75,2023,6,certified,2048,2048,32,0.09817477042468103,0.046875,0.0012878456868527868,0.0012878451035086705,0.0013020406180725781,0.0006497487849952025,0.0006522918330773756,1.0110222298872473,1.0110226878412882,0.001297249901207121,0.0012990994835326865,0.001953125000000029,0.0,,,,,,,,,,,0.0013030578373054472,0.0013030578373054472,0.000781249999999945,0.000781249999999945,
64,0.75,2023,7,certified,2048,2048,32,0.09817477042468103,0.046875,0.0012878456868527868,0.0012878451035086705,0.0013025492276890127,0.0006522918330773756,0.0006502573946116371,1.0114171604457969,1.0114176185787263,0.0012946597673613328,0.0012965672814713401,0.0015618898867630396,0.0,,,,,,,,,,,0.0013038207517300992,0.0013038207517300992,0.000976181179226879,0.000976181179226879,
64,0.75,314159,0,certified,2048,2048,32,0.09817477042468103,0.046875,0.0012878456868527868,0.0012878451035086705,0.0012903425968945822,0.0006446626888308566,0.0006456799080637257,1.001938827040604,1.0019392808802141,0.0012966133452366891,0.0012984607051682508,0.0007883326763893808,0.0,,,,,,,0.0012900882920863649,0.0033018936298934284,1.001741361761329,1.001741815511495,,,,,
64,0.75,314159,1,certified,2048,2048,32,0.09817477042468103,0.046875,0.0012878456868527868,0.0012878451035086705,0.0012888167680452786,0.0006441540792144219,0.0006446626888308566,1.0007540353649549,1.0007544886679003,0.0012886444499016912,0.0012904023845071082,0.0003946329913181305,0.0,,,,,,,0.0012888167680452786,0.0033346989501534603,1.0007540353649549,1.0007544886679003,,,,,
64,0.75,314159,2,certified,2048,2048,32,0.09817477042468103,0.046875,0.0012878456868527868,0.0012878451035086705,0.0013025492276890127,0.0006510203090362891,0.0006515289186527236,1.0114171604457969,1.0114176185787263,0.001289387221682241,0.001291171743568736,0.00039047247169071833,0.0,,,,,,,0.0013025492276890127,0.0032578988980718356,1.0114171604457969,1.0114176185787263,,,,,
64,0.75,314159,3,certified,2048,2048,32,0.09817477042468103,0.046875,0.0012878456868527868,0.0012878451035086705,0.0012641492016482003,0.0006319474484199915,0.0006322017532282089,0.9815999032752941,0.981600347902157,0.0012807542649897706,0.0012827505047631254,0.00020116676725012188,0.0,,,,,,,0.0012641492016482003,0.003230433978784367,0.9815999032752941,0.981600347902157,,,,,
64,0.75,314159,4,certified,2048,2048,32,0.09817477042468103,0.046875,0.0012878456868527868,0.0012878451035086705,0.001263894896839983,0.0006314388388035569,0.0006324560580364261,0.9814024379960192,0.9814028825334379,0.0012750425616849942,0.0012768473480220964,0.0008048289738430875,0.0,,,,,,,0.001263894896839983,0.00321695582394885,0.9814024379960192,0.9814028825334379,,,,,
64,0.75,314159,5,certified,2048,2048,32,0.09817477042468103,0.046875,0.0012878456868527868,0.0012878451035086705,0.0012890710728534957,0.0006444083840226393,0.0006446626888308566,1.0009515006442298,1.0009519540366192,0.0012977138881650383,0.0012996085654346009,0.00019727756954032938,0.0,,,,,,,0.0012890710728534957,0.0032795148067703062,1.0009515006442298,1.0009519540366192,,,,,
64,0.75,314159,6,certified,2048,2048,32,0.09817477042468103,0.046875,0.0012878456868527868,0.0012878451035086705,0.0012883081584288438,0.0006449169936390738,0.00064339116478977,1.000359104806405,1.000359557930462,0.0012834997934952875,0.001285351267599365,0.0011843663639952635,0.0,,,,,,,0.0012883081584288438,0.003230433978784367,1.000359104806405,1.000359557930462,,,,,
64,0.75,314159,7,certified,2048,2048,32,0.09817477042468103,0.046875,0.0012878456868527868,0.0012878451035086705,0.0013195876498395718,0.0006589037580910254,0.0006606838917485464,1.0246473341572122,1.0246477982828992,0.0012968621326069402,0.0012988073105752876,0.0013490075158990042,0.0,,,,,,,0.0013195876498395718,0.0033771678531257492,1.0246473341572122,1.0246477982828992,,,,,
64,0.75,271828,0,certified,2048,2048,32,0.09817477042468103,0.046875,0.0012878456868527868,0.0012878451035086705,0.001281696233415194,0.0006405938118993797,0.0006411024215158143,0.995225007545259,0.9952254583437681,0.001276937989079314,0.001279008792718411,0.0003968253968253689,0.0,,,,,,,,,,,,,,,
64,0.75,271828,1,certified,2048,2048,32,0.09817477042468103,0.046875,0.0012878456868527868,0.0012878451035086705,0.0013000061796068396,0.000648477260954116,0.0006515289186527236,1.0094425076530484,1.0094429648915362,0.001292044776734896,0.001294003506222321,0.002347417840375588,0.0,,,,,,,,,,,,,,,
64,0.75,271828,2,certified,2048,2048,32,0.09817477042468103,0.046875,0.0012878456868527868,0.0012878451035086705,0.001269743907428981,0.0006339818868857299,0.000635762020543251,0.985944139419341,0.985944586013975,0.0012686889524099586,0.001270371878991558,0.0014019627478469724,0.0,,,,,,,,,,,,,,,
64,0.75,271828,3,certified,2048,2048,32,0.09817477042468103,0.046875,0.0012878456868527868,0.0012878451035086705,0.0012913598161274514,0.0006461885176801604,0.0006451712984472911,1.0027286881577033,1.0027291423550901,0.0012612316618041514,0.0012630463223865485,0.0007877116975187366,0.0,,,,,,,,,,,,,,,
64,0.75,271828,4,certified,2048,2048,32,0.09817477042468103,0.046875,0.0012878456868527868,0.0012878451035086705,0.0012921227305521033,0.0006456799080637257,0.0006464428224883776,1.003321083995528,1.003321538461247,0.0012774070552101953,0.0012792182638453338,0.0005904349537493043,0.0,,,,,,,,,,,,,,,
64,0.75,271828,5,certified,2048,2048,32,0.09817477042468103,0.046875,0.0012878456868527868,0.0012878451035086705,0.0012750843084015442,0.0006377964590089894,0.0006372878493925548,0.9900909102841129,0.990091358757074,0.0012803770828850314,0.0012822140063020477,0.0003988831272436895,0.0,,,,,,,,,,,,,,,
64,0.75,271828,6,certified,2048,2048,32,0.09817477042468103,0.046875,0.0012878456868527868,0.0012878451035086705,0.0012885624632370612,0.0006449169936390738,0.0006436454695979873,1.00055657008568,1.0005570232991812,0.00129395714114874,0.0012958768460804991,0.000986777185711481,0.0,,,,,,,,,,,,,,,
64,0.75,271828,7,certified,2048,2048,32,0.09817477042468103,0.046875,0.0012878456868527868,0.0012878451035086705,0.001263894896839983,0.0006311845339953396,0.0006327103628446434,0.9814024379960192,0.9814028825334379,0.0013065013327235326,0.0013084407307926902,0.0012072434607645884,0.0,,,,,,,,,,,,,,,
