p,sigma_phys,seed,realization,route,shape_y,shape_x,margin_px,k0_px,sigma_px,n_pred_discrete_px,n_pred_continuum_px,n_meas_px,n_plus_px,n_minus_px,ratio_discrete,ratio_continuum,fd_pred_px,fft_pred_px,charge_imbalance,zero_fraction,edge_phase_abs_mean,edge_phase_abs_p95,edge_phase_abs_p99,edge_phase_frac_gt_0.9pi,edge_phase_frac_gt_0.99pi,edge_phase_max,contour_px,contour_naive_px,contour_ratio_discrete,contour_ratio_continuum,shift_half_density_px,shift_irregular_density_px,shift_half_rel_delta,shift_irregular_rel_delta,rng_provenance
4,0.1,42,0,pcg64,128,128,4,1.5707963267948966,0.1,0.19873686499574048,0.1987368649957405,0.19687875150060025,0.09872184167784762,0.09815690982275263,0.9906503833841797,0.9906503833841794,0.16988399534070467,0.19951437978088435,0.0028694404591105057,0.0,1.080746841689303,2.7605953865797046,3.0640688178215574,0.041676919291338585,0.0037524606299212597,3.14153035601166,0.19045265164889486,0.43866958548125135,0.9583156685750116,0.9583156685750115,0.19765553280135584,0.19680813501871336,0.003945480631276875,0.00035868005738888374,
4,0.1,42,1,pcg64,128,128,4,1.5707963267948966,0.1,0.19873686499574048,0.1987368649957405,0.20556457877268555,0.10260574818162559,0.10295883059105995,1.034355547357011,1.034355547357011,0.168938152063707,0.19833889196653495,0.0017176228100309367,0.0,1.088261227702567,2.78176683881427,3.0675706920341494,0.04296875,0.003998523622047244,3.140861726020752,0.19885601299343267,0.4472141797895629,1.000599526402385,1.000599526402385,0.20556457877268555,0.20344608431607938,0.0,0.010305736860185485,
4,0.1,42,2,pcg64,128,128,4,1.5707963267948966,0.1,0.19873686499574048,0.1987368649957405,0.20182190523268131,0.10126403502577501,0.10055787020690629,1.0155232409296935,1.0155232409296933,0.16510793919359124,0.19322683424449094,0.003498950314905499,0.0,1.0858850822899921,2.7904934943079556,3.0682206562586742,0.044106791338582675,0.004213828740157481,3.1415077765658737,0.19532518889908904,0.4461549325612598,0.9828331995841609,0.9828331995841607,0.20153943930513382,0.20224560412400255,0.001399580125962227,0.0020993701889433407,
4,0.1,42,3,pcg64,128,128,4,1.5707963267948966,0.1,0.19873686499574048,0.1987368649957405,0.20372855024362685,0.10218204929030436,0.1015465009533225,1.0251170574115345,1.0251170574115342,0.16907863075897447,0.1979785041615623,0.0031195840554593076,0.0,1.0822547661975324,2.770499159112487,3.063404050747137,0.041830708661417325,0.0036294291338582678,3.14157629259762,0.19765553280135584,0.4474260292352235,0.9945589752841889,0.9945589752841888,0.20584704470023305,0.20450533154438247,0.010398613518197692,0.0038128249566725552,
4,0.1,7,0,pcg64,128,128,4,1.5707963267948966,0.1,0.19873686499574048,0.1987368649957405,0.20076265800437823,0.10048725372501942,0.1002754042793588,1.0101933428842262,1.010193342884226,0.16579393598765255,0.1938239133834712,0.0010552233556102826,0.0,,,,,,,,,,,0.20076265800437823,0.20224560412400255,0.0,0.00738656348927191,
4,0.1,7,1,pcg64,128,128,4,1.5707963267948966,0.1,0.19873686499574048,0.1987368649957405,0.196455052609279,0.09801567685897888,0.09843937575030012,0.9885184241659927,0.9885184241659926,0.1667238963071092,0.19533378715436553,0.0021567217828900318,0.0,,,,,,,,,,,0.19631381964550526,0.19779676576512958,0.0007189072609633439,0.006829618979151696,
4,0.1,7,2,pcg64,128,128,4,1.5707963267948966,0.1,0.19873686499574048,0.1987368649957405,0.2033754678341925,0.1015465009533225,0.10182896688087,1.023340424729712,1.023340424729712,0.16883130802268306,0.19845977455113364,0.0013888888888889046,0.0,,,,,,,,,,,0.20556457877268555,0.2059176611821199,0.010763888888888943,0.012500000000000006,
4,0.1,7,3,pcg64,128,128,4,1.5707963267948966,0.1,0.19873686499574048,0.1987368649957405,0.20182190523268131,0.10076971965256691,0.1010521855801144,1.0155232409296935,1.0155232409296933,0.16627009528394363,0.1952397680621571,0.001399580125962227,0.0,,,,,,,,,,,0.19991526022173575,0.19850293058399832,0.009447165850244965,0.01644506648005596,
4,0.1,123,0,pcg64,128,128,4,1.5707963267948966,0.1,0.19873686499574048,0.1987368649957405,0.20252807005155002,0.10076971965256691,0.10175835039898312,1.0190765062933382,1.019076506293338,0.169345639026117,0.19952606242297272,0.0048814504881450355,0.0,,,,,,,0.19744368335569523,0.44551938422427795,0.9934929956750955,0.9934929956750954,,,,,
4,0.1,123,1,pcg64,128,128,4,1.5707963267948966,0.1,0.19873686499574048,0.1987368649957405,0.20175128875079443,0.10084033613445378,0.10091095261634066,1.015167914393329,1.0151679143933288,0.16968366049987443,0.1989696262440128,0.0003500175008750477,0.0,,,,,,,0.19504272297154157,0.4458724666337123,0.981411893438703,0.9814118934387029,,,,,
4,0.1,123,2,pcg64,128,128,4,1.5707963267948966,0.1,0.19873686499574048,0.1987368649957405,0.20379916672551374,0.10175835039898312,0.10204081632653061,1.025472383947899,1.0254723839478987,0.16874459510714712,0.19772045830201737,0.0013860013860014016,0.0,,,,,,,0.19836169762022457,0.44530753477861734,0.9981122406478338,0.9981122406478337,,,,,
4,0.1,123,3,pcg64,128,128,4,1.5707963267948966,0.1,0.19873686499574048,0.1987368649957405,0.19617258668173151,0.09886307464162135,0.09730951204011017,0.9870971180205347,0.9870971180205346,0.16760064177683773,0.19645942765634938,0.007919366450683894,0.0,,,,,,,0.1903114186851211,0.44559000070616483,0.9576050155022826,0.9576050155022825,,,,,
4,0.1,2023,0,pcg64,128,128,4,1.5707963267948966,0.1,0.19873686499574048,0.1987368649957405,0.20111574041381258,0.10133465150766188,0.0997810889061507,1.0119699755660485,1.0119699755660485,0.16695229710149082,0.19584619306365,0.007724719101123545,0.0,,,,,,,,,,,0.20168067226890757,0.2002683426311701,0.0028089887640449754,0.004213483146067463,
4,0.1,2023,1,pcg64,128,128,4,1.5707963267948966,0.1,0.19873686499574048,0.1987368649957405,0.20224560412400255,0.10076971965256691,0.10147588447143563,1.0176552001478805,1.0176552001478802,0.16475439401104228,0.19356348701127138,0.0034916201117318143,0.0,,,,,,,,,,,0.20076265800437823,0.2028811524609844,0.0073324022346368855,0.003142458100558626,
4,0.1,2023,2,pcg64,128,128,4,1.5707963267948966,0.1,0.19873686499574048,0.1987368649957405,0.2025986865334369,0.10098156909822753,0.10161711743520938,1.0194318328297027,1.0194318328297025,0.17145293533875922,0.20166714119092566,0.00313698152666431,0.0,,,,,,,,,,,0.20676505896476238,0.20521149636325117,0.02056465667479961,0.012896479609620017,
4,0.1,2023,3,pcg64,128,128,4,1.5707963267948966,0.1,0.19873686499574048,0.1987368649957405,0.20139820634136008,0.10020478779747193,0.10119341854388815,1.0133912817115065,1.0133912817115063,0.16659739268231966,0.19519297516872822,0.004908835904628386,0.0,,,,,,,,,,,0.20217498764211567,0.20245745356966316,0.0038569424964936634,0.005259467040673202,
4,0.1,314159,0,pcg64,128,128,4,1.5707963267948966,0.1,0.19873686499574048,0.1987368649957405,0.20528211284513806,0.10267636466351246,0.10260574818162559,1.0329342412115532,1.032934241211553,0.17306659410605713,0.20344291929406708,0.0003439972480220197,0.0,,,,,,,0.19843231410211143,0.4478497281265447,0.9984675671841982,0.998467567184198,,,,,
4,0.1,314159,1,pcg64,128,128,4,1.5707963267948966,0.1,0.19873686499574048,0.1987368649957405,0.19920909540286702,0.0997810889061507,0.09942800649671633,1.0023761590842075,1.0023761590842073,0.1726143363871752,0.20279369216615092,0.001772421127259857,0.0,,,,,,,0.1946896405621072,0.44396582162276677,0.9796352607568806,0.9796352607568805,,,,,
4,0.1,314159,2,pcg64,128,128,4,1.5707963267948966,0.1,0.19873686499574048,0.1987368649957405,0.20408163265306123,0.10197019984464374,0.10211143280841749,1.026893690093357,1.0268936900933567,0.1656681929148437,0.19352696784851325,0.0006920415224913573,0.0,,,,,,,0.19652566909116587,0.44523691829673046,0.9888737507023571,0.988873750702357,,,,,
4,0.1,314159,3,pcg64,128,128,4,1.5707963267948966,0.1,0.19873686499574048,0.1987368649957405,0.20203375467834192,0.10098156909822753,0.1010521855801144,1.0165892205387868,1.0165892205387868,0.1740688778616983,0.20467021150062154,0.0003495281370150337,0.0,,,,,,,0.19539580538097592,0.4464373984888073,0.9831885261205254,0.9831885261205253,,,,,
4,0.1,271828,0,pcg64,128,128,4,1.5707963267948966,0.1,0.19873686499574048,0.1987368649957405,0.2028811524609844,0.10091095261634066,0.10197019984464374,1.0208531389751607,1.0208531389751605,0.17108886145248045,0.20057060624401993,0.0052210233205708225,0.0,,,,,,,,,,,,,,,
4,0.1,271828,1,pcg64,128,128,4,1.5707963267948966,0.1,0.19873686499574048,0.1987368649957405,0.20344608431607938,0.10189958336275687,0.1015465009533225,1.0236957512660765,1.0236957512660765,0.1674827493607881,0.19664318749123735,0.001735508503991689,0.0,,,,,,,,,,,,,,,
4,0.1,271828,2,pcg64,128,128,4,1.5707963267948966,0.1,0.19873686499574048,0.1987368649957405,0.20097450745003884,0.10048725372501942,0.10048725372501942,1.0112593224933195,1.0112593224933195,0.1660613690850146,0.19413572444971897,0.0,0.0,,,,,,,,,,,,,,,
4,0.1,271828,3,pcg64,128,128,4,1.5707963267948966,0.1,0.19873686499574048,0.1987368649957405,0.20408163265306123,0.10189958336275687,0.10218204929030436,1.026893690093357,1.0268936900933567,0.1658511398571275,0.19441539896506393,0.0013840830449827145,0.0,,,,,,,,,,,,,,,
6,0.1,42,0,pcg64,192,192,4,1.0471975511965976,0.06666666666666667,0.08832749555366244,0.08832749555366244,0.08731225178416793,0.04356654423840664,0.04374570754576129,0.9885059146856744,0.9885059146856744,0.0840040343162079,0.09026240824360052,0.002051983584131303,0.0,0.7356023715461808,2.3661017274995255,2.9668541340201804,0.019156304537521814,0.001663394415357766,3.141533261430058,0.08668518020842665,0.2140702917375855,0.9814065220015434,0.9814065220015434,0.08719280957926483,0.08844695273074742,0.0013679890560875886,0.012995896032831852,
6,0.1,42,1,pcg64,192,192,4,1.0471975511965976,0.06666666666666667,0.08832749555366244,0.08832749555366244,0.08973095643345576,0.044969990146018095,0.04476096628743766,1.0158892864673228,1.0158892864673228,0.08185517184813156,0.0878117583704011,0.0023294509151414555,0.0,0.7345415222551531,2.353720456215083,2.971470898852808,0.019169938917975568,0.0016906631762652704,3.1414714030725475,0.0888351398966825,0.21565290095255157,1.0057472969185641,1.0057472969185641,0.08946221147242378,0.08961151422855265,0.0029950083194675197,0.0013311148086522825,
6,0.1,42,2,pcg64,192,192,4,1.0471975511965976,0.06666666666666667,0.08832749555366244,0.08832749555366244,0.08799904446236077,0.044163755262922155,0.043835289199438625,0.9962814400063894,0.9962814400063894,0.08090894259103579,0.08663533080291916,0.0037326094333220055,0.0,0.7353530069062183,2.3521028893969733,2.9697365886316875,0.018460951134380454,0.0016906631762652704,3.1414005690542677,0.08725253068171639,0.21454806055719788,0.9878297820490906,0.9878297820490906,0.0878497417062319,0.08802890501358655,0.001696640651509938,0.0003393281303020507,
6,0.1,42,3,pcg64,192,192,4,1.0471975511965976,0.06666666666666667,0.08832749555366244,0.08832749555366244,0.08964137477977843,0.04470124518498612,0.04494012959479232,1.0148750875124468,1.0148750875124468,0.08422818539109679,0.09055156744924572,0.002664890073284472,0.0,0.7347546297129659,2.363441819570167,2.978983215865388,0.0196744109947644,0.001731566317626527,3.1414398017978145,0.08889486099913405,0.21362238346919885,1.006423429555148,1.006423429555148,0.08853653438442474,0.08901430320403715,0.012325116588940616,0.006995336442371671,
6,0.1,7,0,pcg64,192,192,4,1.0471975511965976,0.06666666666666667,0.08832749555366244,0.08832749555366244,0.0905371913165517,0.0452088745558243,0.045328316760727405,1.0250170770612055,1.0250170770612055,0.08148909158343708,0.08740787931053415,0.0013192612137203524,0.0,,,,,,,,,,,0.09113440234106722,0.09119412344351877,0.0065963060686016085,0.007255936675461708,
6,0.1,7,1,pcg64,192,192,4,1.0471975511965976,0.06666666666666667,0.08832749555366244,0.08832749555366244,0.08985039863835886,0.04494012959479232,0.04491026904356654,1.0172415517404905,1.0172415517404905,0.08147273807662823,0.08743461313360498,0.0003323363243603002,0.0,,,,,,,,,,,0.09014900415061662,0.08970109588222999,0.003323363243602539,0.001661681621801192,
6,0.1,7,2,pcg64,192,192,4,1.0471975511965976,0.06666666666666667,0.08832749555366244,0.08832749555366244,0.08904416375526292,0.04443250022395413,0.04461166353130879,1.0081137611466078,1.0081137611466078,0.08214301171861049,0.08826640279380762,0.0020120724346077007,0.0,,,,,,,,,,,0.08928304816506913,0.0891934665113918,0.0026827632461436006,0.0016767270288397895,
6,0.1,7,3,pcg64,192,192,4,1.0471975511965976,0.06666666666666667,0.08832749555366244,0.08832749555366244,0.08713308847681328,0.043656125892083966,0.043476962584729315,0.9864775167759228,0.9864775167759228,0.08209007650076679,0.08807361202866779,0.0020562028786840062,0.0,,,,,,,,,,,0.08683448296455552,0.08689420406700708,0.0034270047978067304,0.0027416038382452887,
6,0.1,123,0,pcg64,192,192,4,1.0471975511965976,0.06666666666666667,0.08832749555366244,0.08832749555366244,0.08999970139448774,0.04491026904356654,0.0450894323509212,1.0189318833319503,1.0189318833319503,0.08134630219065199,0.08724566413499345,0.001990710019907154,0.0,,,,,,,0.08922332706261758,0.21290573023978024,1.0101421590563595,1.0101421590563595,,,,,
6,0.1,123,1,pcg64,192,192,4,1.0471975511965976,0.06666666666666667,0.08832749555366244,0.08832749555366244,0.08931290871629491,0.04467138463376034,0.044641524082534564,1.0111563580112355,1.0111563580112355,0.08373013675560388,0.08985988145044503,0.0003343363423603848,0.0,,,,,,,0.08856639493565051,0.2157424826062289,1.0027047000539364,1.0027047000539364,,,,,
6,0.1,123,2,pcg64,192,192,4,1.0471975511965976,0.06666666666666667,0.08832749555366244,0.08832749555366244,0.08901430320403715,0.04467138463376034,0.04434291857027681,1.0077756948283159,1.0077756948283159,0.08317018244570742,0.08936245580236973,0.0036900369003689867,0.0,,,,,,,0.08817820776971542,0.21801188449938785,0.9983098379161411,0.9983098379161411,,,,,
6,0.1,123,3,pcg64,192,192,4,1.0471975511965976,0.06666666666666667,0.08832749555366244,0.08832749555366244,0.09035802800919705,0.045179014004598526,0.045179014004598526,1.0229886791514538,1.0229886791514538,0.08602757047480893,0.09251008511785064,0.0,0.0,,,,,,,0.089432350921198,0.22057989190480456,1.0125086232844032,1.0125086232844032,,,,,
6,0.1,2023,0,pcg64,192,192,4,1.0471975511965976,0.06666666666666667,0.08832749555366244,0.08832749555366244,0.08835737107707008,0.0441040341604706,0.04425333691659948,1.0003382358258928,1.0003382358258928,0.08253447315895972,0.08850080133150846,0.0016897600540723284,0.0,,,,,,,,,,,0.08826778942339275,0.0880886261160381,0.0010138560324433814,0.003041568097330144,
6,0.1,2023,1,pcg64,192,192,4,1.0471975511965976,0.06666666666666667,0.08832749555366244,0.08832749555366244,0.08787960225745767,0.0441040341604706,0.04377556809698707,0.9949291747332215,0.9949291747332215,0.08274434140475609,0.08880360215945246,0.0037376826367651887,0.0,,,,,,,,,,,0.08811848666726388,0.08787960225745767,0.0027183146449202234,0.0,
6,0.1,2023,2,pcg64,192,192,4,1.0471975511965976,0.06666666666666667,0.08832749555366244,0.08832749555366244,0.08740183343784526,0.04356654423840664,0.043835289199438625,0.9895201136405503,0.9895201136405503,0.08321613096699625,0.08925197287454628,0.0030748206354629755,0.0,,,,,,,,,,,0.08719280957926483,0.0871032279255875,0.0023915271609156385,0.003416467372736604,
6,0.1,2023,3,pcg64,192,192,4,1.0471975511965976,0.06666666666666667,0.08832749555366244,0.08832749555366244,0.08764071784765147,0.04392487085311595,0.04371584699453552,0.9922246441868859,0.9922246441868859,0.08357949261067842,0.08982912363115973,0.002385008517887589,0.0,,,,,,,,,,,0.08817820776971542,0.08826778942339275,0.006132879045996522,0.007155025553662609,
6,0.1,314159,0,pcg64,192,192,4,1.0471975511965976,0.06666666666666667,0.08832749555366244,0.08832749555366244,0.08737197288661949,0.043685986443309746,0.043685986443309746,0.9891820473222585,0.9891820473222585,0.08368093109223929,0.08982686865523339,0.0,0.0,,,,,,,0.08668518020842665,0.21332377795694107,0.9814065220015434,0.9814065220015434,,,,,
6,0.1,314159,1,pcg64,192,192,4,1.0471975511965976,0.06666666666666667,0.08832749555366244,0.08832749555366244,0.08734211233539371,0.04353668368718087,0.043805428648212845,0.9888439810039664,0.9888439810039664,0.08095467215787329,0.0868484910358319,0.0030769230769230414,0.0,,,,,,,0.08677476186210398,0.2152647137866165,0.9824207209564193,0.9824207209564193,,,,,
6,0.1,314159,2,pcg64,192,192,4,1.0471975511965976,0.06666666666666667,0.08832749555366244,0.08832749555366244,0.08958165367732689,0.04476096628743766,0.044820687389889216,1.014198954875863,1.014198954875863,0.08196606753812123,0.08798754767590138,0.0006666666666666848,0.0,,,,,,,0.0888351398966825,0.2163695541819702,1.0057472969185641,1.0057472969185641,,,,,
6,0.1,314159,3,pcg64,192,192,4,1.0471975511965976,0.06666666666666667,0.08832749555366244,0.08832749555366244,0.08731225178416793,0.043685986443309746,0.04362626534085819,0.9885059146856744,0.9885059146856744,0.08252535648822185,0.08842081337038317,0.0006839945280437943,0.0,,,,,,,0.08659559855474933,0.21523485323539074,0.9803923230466676,0.9803923230466676,,,,,
6,0.1,271828,0,pcg64,192,192,4,1.0471975511965976,0.06666666666666667,0.08832749555366244,0.08832749555366244,0.08904416375526292,0.04473110573621189,0.044313058019051034,1.0081137611466078,1.0081137611466078,0.0845823502482289,0.09081515419540487,0.004694835680751145,0.0,,,,,,,,,,,,,,,
6,0.1,271828,1,pcg64,192,192,4,1.0471975511965976,0.06666666666666667,0.08832749555366244,0.08832749555366244,0.08853653438442474,0.04434291857027681,0.04419361581414793,1.0023666337356447,1.0023666337356447,0.08305083049600402,0.08906117412442453,0.00168634064080945,0.0,,,,,,,,,,,,,,,
6,0.1,271828,2,pcg64,192,192,4,1.0471975511965976,0.06666666666666667,0.08832749555366244,0.08832749555366244,0.0878497417062319,0.04371584699453552,0.044133894711696375,0.9945911084149297,0.9945911084149297,0.0813151398151154,0.08722914936285604,0.004758667573079509,0.0,,,,,,,,,,,,,,,
6,0.1,271828,3,pcg64,192,192,4,1.0471975511965976,0.06666666666666667,0.08832749555366244,0.08832749555366244,0.08982053808713308,0.04494012959479232,0.04488040849234077,1.0169034854221985,1.0169034854221985,0.08063424534669149,0.08659793473140455,0.0006648936170212947,0.0,,,,,,,,,,,,,,,
8,0.1,42,0,pcg64,256,256,4,0.7853981633974483,0.05,0.04968421624893512,0.049684216248935126,0.05056630988870495,0.025193004310839383,0.02537330557786556,1.0177540012979218,1.0177540012979218,0.047108930630376585,0.04903639838081468,0.0035656401944894607,0.0,0.555614924577874,1.929678428416154,2.8541433297092573,0.01096813725490196,0.0010646446078431372,3.1413913724619573,0.05028766247602813,0.12558802799586946,1.012145632409084,1.012145632409084,0.05030405350030323,0.050402399645953874,0.005186385737439315,0.003241491085899572,
8,0.1,42,1,pcg64,256,256,4,0.7853981633974483,0.05,0.04968421624893512,0.049684216248935126,0.05038600862167877,0.025258568407939812,0.025127440213738958,1.0141250567227915,1.0141250567227913,0.04482135016522597,0.04656939524662893,0.002602472348731273,0.0,0.554820108354576,1.927288820125591,2.848990818164286,0.010692401960784314,0.0011412377450980393,3.141308261215204,0.05012375223327706,0.12245734235932404,1.0088465918862384,1.0088465918862382,0.050451572718779196,0.05048435476732941,0.0013012361743656709,0.0019518542615485062,
8,0.1,42,2,pcg64,256,256,4,0.7853981633974483,0.05,0.04968421624893512,0.049684216248935126,0.04956645740792342,0.024799619728236817,0.024766837679686602,0.9976298541085626,0.9976298541085624,0.04752368009989459,0.0494117200011108,0.0006613756613756734,0.0,0.5554900339192492,1.8903028404619844,2.8475650989445005,0.010669424019607843,0.001056985294117647,3.141583686337373,0.04936976511662214,0.12226065006802275,0.9936710054811477,0.9936710054811476,0.04932059204379682,0.04977954072349981,0.00496031746031741,0.004298941798941877,
8,0.1,42,3,pcg64,256,256,4,0.7853981633974483,0.05,0.04968421624893512,0.049684216248935126,0.049271418970971495,0.02461931846121064,0.024652100509760855,0.9916915811674403,0.9916915811674402,0.04679639845791121,0.04867983680312027,0.000665335994677324,0.0,0.5547539683837284,1.9366387108472627,2.851177394391289,0.010853247549019607,0.0010263480392156863,3.1414936176438957,0.04910750872822043,0.12435870117523644,0.9883925406445946,0.9883925406445944,0.049074726679670215,0.049009162582569786,0.003992015968063803,0.005322687957418451,
8,0.1,7,0,pcg64,256,256,4,0.7853981633974483,0.05,0.04968421624893512,0.049684216248935126,0.04986149584487535,0.024963529970987886,0.02489796587388746,1.003568127049685,1.003568127049685,0.047307605385398514,0.04920068942810462,0.0013149243918474229,0.0,,,,,,,,,,,0.049582848432198526,0.04956645740792342,0.0055884286653518425,0.005917159763313716,
8,0.1,7,1,pcg64,256,256,4,0.7853981633974483,0.05,0.04968421624893512,0.049684216248935126,0.04979593174777492,0.024848792801062138,0.02494713894671278,1.0022485108405468,1.0022485108405466,0.048503630319379556,0.050506833483058206,0.001974983541803854,0.0,,,,,,,,,,,0.04997623301480109,0.04979593174777492,0.0036208031599735927,0.0,
8,0.1,7,2,pcg64,256,256,4,0.7853981633974483,0.05,0.04968421624893512,0.049684216248935126,0.04912389975249554,0.024701273582586177,0.024422626169909357,0.9887224446968791,0.988722444696879,0.046851397890418506,0.048748400493265565,0.00567233900567237,0.0,,,,,,,,,,,0.049009162582569786,0.049074726679670215,0.002335669002335711,0.001001001001001019,
8,0.1,7,3,pcg64,256,256,4,0.7853981633974483,0.05,0.04968421624893512,0.049684216248935126,0.050254880427477916,0.025094658165188743,0.02516022226228917,1.011485824304515,1.0114858243045148,0.048560253995080016,0.05051785302068295,0.0013046314416176974,0.0,,,,,,,,,,,0.050090970184726843,0.05010736120900195,0.003261578604044416,0.0029354207436399745,
8,0.1,123,0,pcg64,256,256,4,0.7853981633974483,0.05,0.04968421624893512,0.049684216248935126,0.050631873985805376,0.025242177383664705,0.025389696602140667,1.0190736175070603,1.01907361750706,0.04893320653151567,0.05092731646674361,0.002913564260278391,0.0,,,,,,,0.05050074579160452,0.12419479093248537,1.0164343850887836,1.0164343850887834,,,,,
8,0.1,123,1,pcg64,256,256,4,0.7853981633974483,0.05,0.04968421624893512,0.049684216248935126,0.05056630988870495,0.025127440213738958,0.02543886967496599,1.0177540012979218,1.0177540012979218,0.04761180130206682,0.04954659327038561,0.00615883306320905,0.0,,,,,,,0.05043518169450409,0.125211034437542,1.0151147688796454,1.0151147688796451,,,,,
8,0.1,123,2,pcg64,256,256,4,0.7853981633974483,0.05,0.04968421624893512,0.049684216248935126,0.05030405350030323,0.025045485092363422,0.025258568407939812,1.0124755364613687,1.0124755364613685,0.04822692768836584,0.0501609247956528,0.004235907461713921,0.0,,,,,,,0.05005818813617663,0.1245062203937124,1.0075269756771,1.0075269756771,,,,,
8,0.1,123,3,pcg64,256,256,4,0.7853981633974483,0.05,0.04968421624893512,0.049684216248935126,0.050025406087626414,0.024963529970987886,0.02506187611663853,1.006867167572531,1.0068671675725307,0.04638416368012098,0.04827093771890432,0.0019659239842726435,0.0,,,,,,,0.04992705994197577,0.12352275893720599,1.0048877432588232,1.0048877432588232,,,,,
8,0.1,2023,0,pcg64,256,256,4,0.7853981633974483,0.05,0.04968421624893512,0.049684216248935126,0.04956645740792342,0.024816010752511924,0.024750446655411498,0.9976298541085626,0.9976298541085624,0.04588655480093774,0.047732952042042885,0.0013227513227512767,0.0,,,,,,,,,,,0.04956645740792342,0.049271418970971495,0.0,0.00595238095238092,
8,0.1,2023,1,pcg64,256,256,4,0.7853981633974483,0.05,0.04968421624893512,0.049684216248935126,0.05091052139848219,0.025520824796341525,0.025389696602140667,1.024681986395898,1.0246819863958978,0.04749580798678742,0.049449011523477505,0.0025756600128783464,0.0,,,,,,,,,,,0.05054991886442984,0.050631873985805376,0.007083065035415316,0.00547327752736635,
8,0.1,2023,2,pcg64,256,256,4,0.7853981633974483,0.05,0.04968421624893512,0.049684216248935126,0.049533675359373204,0.02473405563113639,0.024799619728236817,0.9969700460039934,0.9969700460039933,0.04674159978918453,0.04863067628272965,0.0013236267372600465,0.0,,,,,,,,,,,0.04918946384959596,0.04941893818944746,0.0069490403706154715,0.002316346790205064,
8,0.1,2023,3,pcg64,256,256,4,0.7853981633974483,0.05,0.04968421624893512,0.049684216248935126,0.050140143257552165,0.025094658165188743,0.025045485092363422,1.009176495938523,1.0091764959385228,0.04900857901772425,0.051052192668412405,0.000980712651193218,0.0,,,,,,,,,,,0.04997623301480109,0.05005818813617663,0.0032690421706440603,0.0016345210853220301,
8,0.1,314159,0,pcg64,256,256,4,0.7853981633974483,0.05,0.04968421624893512,0.049684216248935126,0.049648412529298955,0.024799619728236817,0.024848792801062138,0.9992793743699855,0.9992793743699854,0.04810454255394436,0.05005958658944053,0.0009904258831297636,0.0,,,,,,,0.049517284335098104,0.12422757298103558,0.996640141951709,0.9966401419517089,,,,,
8,0.1,314159,1,pcg64,256,256,4,0.7853981633974483,0.05,0.04968421624893512,0.049684216248935126,0.04935337409234703,0.024766837679686602,0.024586536412660426,0.9933411014288631,0.993341101428863,0.045810558314437255,0.047687868091315415,0.0036532713384257675,0.0,,,,,,,0.049205854873871066,0.12371945122850726,0.9903719649583019,0.9903719649583018,,,,,
8,0.1,314159,2,pcg64,256,256,4,0.7853981633974483,0.05,0.04968421624893512,0.049684216248935126,0.05018931633037749,0.025094658165188743,0.025094658165188743,1.0101662080953766,1.0101662080953766,0.04764936389125278,0.04960373677604094,0.0,0.0,,,,,,,0.05000901506335131,0.12340802176728023,1.0065372635202463,1.006537263520246,,,,,
8,0.1,314159,3,pcg64,256,256,4,0.7853981633974483,0.05,0.04968421624893512,0.049684216248935126,0.04966480355357406,0.0249963120195381,0.024668491534035962,0.9996092784222701,0.99960927842227,0.0479696375115758,0.049908444930149544,0.00660066006600658,0.0,,,,,,,0.049517284335098104,0.12452261141798751,0.996640141951709,0.9966401419517089,,,,,
8,0.1,271828,0,pcg64,256,256,4,0.7853981633974483,0.05,0.04968421624893512,0.049684216248935126,0.05061548296153027,0.025307741480765134,0.025307741480765134,1.0187437134547757,1.0187437134547754,0.04688382423235513,0.04876844548924701,0.0,0.0,,,,,,,,,,,,,,,
8,0.1,271828,1,pcg64,256,256,4,0.7853981633974483,0.05,0.04968421624893512,0.049684216248935126,0.049910668917700664,0.025045485092363422,0.024865183825337245,1.0045578392065386,1.0045578392065386,0.047054233951640115,0.04901109136317863,0.0036124794745484357,0.0,,,,,,,,,,,,,,,
8,0.1,271828,2,pcg64,256,256,4,0.7853981633974483,0.05,0.04968421624893512,0.049684216248935126,0.05056630988870495,0.025307741480765134,0.025258568407939812,1.0177540012979218,1.0177540012979218,0.0491748848652059,0.05115984779592258,0.0009724473257698716,0.0,,,,,,,,,,,,,,,
8,0.1,271828,3,pcg64,256,256,4,0.7853981633974483,0.05,0.04968421624893512,0.049684216248935126,0.05017292530610238,0.025094658165188743,0.025078267140913636,1.009836304043092,1.009836304043092,0.0485812122040532,0.05058657118887866,0.0003266906239790977,0.0,,,,,,,,,,,,,,,
12,0.1,42,0,pcg64,384,384,6,0.5235987755982988,0.03333333333333333,0.022081873888415607,0.02208187388841561,0.021817627015206224,0.010912446146133783,0.010905180869072443,0.9880333129994004,0.9880333129994002,0.02150855950860112,0.021898673130697936,0.0003330003330003103,0.0,0.3716925471555171,1.2728677767245806,2.508311531115725,0.00487516318537859,0.0005065546127067014,3.1409939892529772,0.02178130062989952,0.05570287922929941,0.9863882358881794,0.9863882358881791,0.02196293255643304,0.021912075617003656,0.006660006660006683,0.004329004329004431,
12,0.1,42,1,pcg64,384,384,6,0.5235987755982988,0.03333333333333333,0.022081873888415607,0.02208187388841561,0.022188156145334603,0.011028690579115234,0.011159465566219369,1.0048130995338558,1.0048130995338556,0.021959974550665676,0.022351001683765685,0.005893909626719125,0.0,0.3713710921188635,1.284493201588879,2.50869488197661,0.004796970191470845,0.00047595735422106177,3.141385519669972,0.022137299205905216,0.05592810281820097,1.0025099915781461,1.002509991578146,0.02226807419300935,0.02226080891594801,0.003601833660772746,0.003274394237066076,
12,0.1,42,2,pcg64,384,384,6,0.5235987755982988,0.03333333333333333,0.022081873888415607,0.02208187388841561,0.02255868527546298,0.011261179445078139,0.011297505830384842,1.0215928860683112,1.021592886068311,0.021919317854230597,0.022305157158690338,0.0016103059581320121,0.0,0.3727964022581188,1.282806646817449,2.5053486026794203,0.004739175369886858,0.0004521594865100087,3.1412494553075283,0.022529624167217616,0.05664736524727371,1.0202768243793343,1.020276824379334,0.022544154721340297,0.02253688944427896,0.0006441223832529279,0.0009661835748792381,
12,0.1,42,3,pcg64,384,384,6,0.5235987755982988,0.03333333333333333,0.022081873888415607,0.02208187388841561,0.022507828336033594,0.01127570999920082,0.011232118336832774,1.0192897781126016,1.0192897781126014,0.021482255601410826,0.021866946781068753,0.001936733376371875,0.0,0.37104450065148076,1.2843926916585167,2.5129454672012295,0.004820768059181898,0.0004521594865100087,3.141569374926935,0.022493297781910913,0.05621144862359326,1.0186317472681132,1.018631747268113,0.02253688944427896,0.022515093613094936,0.0012911555842479681,0.0003227888960620305,
12,0.1,7,0,pcg64,384,384,6,0.5235987755982988,0.03333333333333333,0.022081873888415607,0.02208187388841561,0.021941136725249017,0.010970568362624509,0.010970568362624509,0.9936265751775523,0.993626575177552,0.021521967706224217,0.02190388756329435,0.0,0.0,,,,,,,,,,,0.021941136725249017,0.02197746311055572,0.0,0.0016556291390728139,
12,0.1,7,1,pcg64,384,384,6,0.5235987755982988,0.03333333333333333,0.022081873888415607,0.02208187388841561,0.02225354363888667,0.011115873903851324,0.011137669735035346,1.0077742383340538,1.0077742383340538,0.022001231535176902,0.022407019511309446,0.0009794319294809122,0.0,,,,,,,,,,,0.022209951976518625,0.022289870024193373,0.0019588638589618243,0.0016323865491348016,
12,0.1,7,2,pcg64,384,384,6,0.5235987755982988,0.03333333333333333,0.022081873888415607,0.02208187388841561,0.022013789495862426,0.011014160024992553,0.010999629470869871,0.9969167293999945,0.9969167293999943,0.021693559634638142,0.02209244949332966,0.0006600660066006938,0.0,,,,,,,,,,,0.022093707543537174,0.022093707543537174,0.003630363036303619,0.003630363036303619,
12,0.1,7,3,pcg64,384,384,6,0.5235987755982988,0.03333333333333333,0.022081873888415607,0.02208187388841561,0.02207917698941449,0.011014160024992553,0.011065016964421939,0.9998778682001924,0.9998778682001922,0.022390906620828852,0.022812315674830143,0.0023033892727871014,0.0,,,,,,,,,,,0.02216636031415058,0.022122768651782535,0.003948667324777933,0.0019743336623889666,
12,0.1,123,0,pcg64,384,384,6,0.5235987755982988,0.03333333333333333,0.022081873888415607,0.02208187388841561,0.02216636031415058,0.011108608626789983,0.011057751687360598,1.003826053267123,1.003826053267123,0.0213913540453796,0.021780957723590982,0.0022943297279580466,0.0,,,,,,,0.022137299205905216,0.05547765564039785,1.0025099915781461,1.002509991578146,,,,,
12,0.1,123,1,pcg64,384,384,6,0.5235987755982988,0.03333333333333333,0.022081873888415607,0.02208187388841561,0.02196293255643304,0.010992364193808531,0.010970568362624509,0.9946136214442849,0.9946136214442848,0.020967190242348714,0.02134326634664013,0.0009923916639100344,0.0,,,,,,,0.02194840200231036,0.055157983449698855,0.9939555905997964,0.9939555905997963,,,,,
12,0.1,123,2,pcg64,384,384,6,0.5235987755982988,0.03333333333333333,0.022081873888415607,0.02208187388841561,0.022246278361825328,0.011137669735035346,0.011108608626789983,1.0074452229118096,1.0074452229118094,0.02133424679776773,0.021709955209512376,0.0013063357282821575,0.0,,,,,,,0.022202686699457283,0.05640034582718812,1.0054711303783441,1.0054711303783441,,,,,
12,0.1,123,3,pcg64,384,384,6,0.5235987755982988,0.03333333333333333,0.022081873888415607,0.02208187388841561,0.02255868527546298,0.01127570999920082,0.01128297527626216,1.0215928860683112,1.021592886068311,0.021948834294983545,0.022346878683847445,0.00032206119162638707,0.0,,,,,,,0.022544154721340297,0.056247775008899964,1.0209348552238227,1.0209348552238224,,,,,
12,0.1,2023,0,pcg64,384,384,6,0.5235987755982988,0.03333333333333333,0.022081873888415607,0.02208187388841561,0.022195421422395945,0.011086812795605961,0.011108608626789983,1.0051421149561002,1.0051421149561,0.021495313871075148,0.021877963635745516,0.000981996726677589,0.0,,,,,,,,,,,0.022173625591211922,0.022144564482966558,0.000981996726677589,0.002291325695581093,
12,0.1,2023,1,pcg64,384,384,6,0.5235987755982988,0.03333333333333333,0.022081873888415607,0.02208187388841561,0.021941136725249017,0.01098509891674719,0.010956037808501828,0.9936265751775523,0.993626575177552,0.021910449980027447,0.02230232228306881,0.0013245033112582669,0.0,,,,,,,,,,,0.02188301450875829,0.021853953400512927,0.0026490066225165337,0.0039735099337748795,
12,0.1,2023,2,pcg64,384,384,6,0.5235987755982988,0.03333333333333333,0.022081873888415607,0.02208187388841561,0.021309057620912373,0.010672692003109538,0.010636365617802835,0.9650022334423048,0.9650022334423046,0.021294228829778016,0.021677329380627205,0.0017047391749062046,0.0,,,,,,,,,,,0.02127273123560567,0.021265465958544328,0.0017047391749062046,0.0020456870098875105,
12,0.1,2023,3,pcg64,384,384,6,0.5235987755982988,0.03333333333333333,0.022081873888415607,0.02208187388841561,0.02194840200231036,0.010963303085563168,0.01098509891674719,0.9939555905997964,0.9939555905997963,0.021815171775859496,0.022202393562160326,0.000993048659384321,0.0,,,,,,,,,,,0.021999258941739742,0.022006524218801084,0.0023171135385633107,0.002648129758358137,
12,0.1,314159,0,pcg64,384,384,6,0.5235987755982988,0.03333333333333333,0.022081873888415607,0.02208187388841561,0.02149068954744589,0.010745344773722946,0.010745344773722946,0.9732276189984104,0.9732276189984103,0.021368385662621704,0.021727877702298896,0.0,0.0,,,,,,,0.02147615899332321,0.05471480154895707,0.972569588153922,0.9725695881539218,,,,,
12,0.1,314159,1,pcg64,384,384,6,0.5235987755982988,0.03333333333333333,0.022081873888415607,0.02208187388841561,0.022115503374721197,0.011108608626789983,0.011006894747931213,1.0015229453114136,1.0015229453114134,0.02229655581702214,0.02269925647135143,0.0045992115637319315,0.0,,,,,,,0.022086442266475832,0.05632042777951337,1.0002068836224367,1.0002068836224365,,,,,
12,0.1,314159,2,pcg64,384,384,6,0.5235987755982988,0.03333333333333333,0.022081873888415607,0.02208187388841561,0.022093707543537174,0.011043221133237916,0.011050486410299256,1.0005358990446809,1.0005358990446809,0.021781102229074208,0.022167646462171366,0.00032883919763233534,0.0,,,,,,,0.02205011588116913,0.055128922341453494,0.9985618065112156,0.9985618065112154,,,,,
12,0.1,314159,3,pcg64,384,384,6,0.5235987755982988,0.03333333333333333,0.022081873888415607,0.02208187388841561,0.02225354363888667,0.011130404457974004,0.011123139180912664,1.0077742383340538,1.0077742383340538,0.021880323854501033,0.022269274026807857,0.00032647730982694474,0.0,,,,,,,0.022224482530641305,0.056451202766617505,1.0064581766450769,1.0064581766450766,,,,,
12,0.1,271828,0,pcg64,384,384,6,0.5235987755982988,0.03333333333333333,0.022081873888415607,0.02208187388841561,0.02282750052673259,0.011399219709243612,0.011428280817488975,1.0337664566913474,1.0337664566913474,0.021493682554775847,0.021879142995474266,0.0012730744748567682,0.0,,,,,,,,,,,,,,,
12,0.1,271828,1,pcg64,384,384,6,0.5235987755982988,0.03333333333333333,0.022081873888415607,0.02208187388841561,0.0221518297600279,0.011101343349728642,0.011050486410299256,1.0031680224226347,1.0031680224226345,0.021996899918936063,0.022391363877199637,0.0022958346999016072,0.0,,,,,,,,,,,,,,,
12,0.1,271828,2,pcg64,384,384,6,0.5235987755982988,0.03333333333333333,0.022081873888415607,0.02208187388841561,0.022028320049985107,0.011043221133237916,0.01098509891674719,0.9975747602444829,0.9975747602444828,0.021441918794167063,0.021817753738403636,0.0026385224274406106,0.0,,,,,,,,,,,,,,,
12,0.1,271828,3,pcg64,384,384,6,0.5235987755982988,0.03333333333333333,0.022081873888415607,0.02208187388841561,0.021824892292267566,0.010926976700256464,0.010897915592011101,0.9883623284216447,0.9883623284216445,0.021353632382142464,0.021736426390031625,0.001331557922769629,0.0,,,,,,,,,,,,,,,
16,0.1,42,0,pcg64,512,512,8,0.39269908169872414,0.025,0.01242105406223378,0.012421054062233781,0.012259973472094685,0.0061299867360473425,0.0061299867360473425,0.9870316488977485,0.9870316488977484,0.012380177657433494,0.012503780188906731,0.0,0.0,0.2782963561277336,0.9150608627098171,2.0922798287059052,0.0025856928816046965,0.00027519569471624265,3.1415253606465137,0.012247729823487399,0.030911131517192124,0.9860459315386628,0.9860459315386626,0.012296704417916538,0.012300785634118967,0.0029960053262315816,0.0033288948069240265,
16,0.1,42,1,pcg64,512,512,8,0.39269908169872414,0.025,0.01242105406223378,0.012421054062233781,0.012353841444750536,0.006117743087440057,0.006236098357310479,0.994588815317405,0.9945888153174048,0.01258753628307389,0.012713879503473802,0.009580442682523976,0.0,0.2778884045805347,0.9194730556781503,2.0839821019107374,0.00259715936888454,0.00025226272015655576,3.1415230379248356,0.012349760228548107,0.030951943679216408,0.9942602428643764,0.9942602428643763,0.012341597796143251,0.01232119171513111,0.0009910802775024415,0.0026428807400066044,
16,0.1,42,2,pcg64,512,512,8,0.39269908169872414,0.025,0.01242105406223378,0.012421054062233781,0.012235486174880114,0.00613406795224977,0.006101418222630344,0.9850602141795771,0.985060214179577,0.012287598144578285,0.012408666713697456,0.0026684456304202774,0.0,0.27858442335676475,0.9251723829028331,2.100263131240449,0.0026009815313111544,0.0002771067759295499,3.14156339415119,0.012231404958677685,0.031127435975920825,0.9847316417265486,0.9847316417265485,0.012276298336904398,0.012259973472094685,0.0033355570380254177,0.002001334222815279,
16,0.1,42,3,pcg64,512,512,8,0.39269908169872414,0.025,0.01242105406223378,0.012421054062233781,0.01256198347107438,0.006313641465156616,0.006248342005917763,1.0113460104218608,1.0113460104218606,0.012378769590305599,0.012505743235597548,0.0051981806367771225,0.0,0.27916617021152157,0.926631501070993,2.107439111387162,0.0027060909980430527,0.00024270731409001956,3.141134816868211,0.012557902254871953,0.03151107029894909,1.0110174379688324,1.0110174379688321,0.01259055198449138,0.012570145903479237,0.002274204028590095,0.0006497725795972094,
16,0.1,7,0,pcg64,512,512,8,0.39269908169872414,0.025,0.01242105406223378,0.012421054062233781,0.012496684011835527,0.0062197734925007655,0.006276910519334762,1.006088851173404,1.0060888511734039,0.01248194894619155,0.012605345890243137,0.004572175048987585,0.0,,,,,,,,,,,0.012521171309050097,0.012496684011835527,0.00195950359242332,0.0,
16,0.1,7,1,pcg64,512,512,8,0.39269908169872414,0.025,0.01242105406223378,0.012421054062233781,0.012549739822467095,0.006285072951739619,0.0062646668707274766,1.010360293062775,1.010360293062775,0.012392809766692303,0.012518758773829648,0.0016260162601626344,0.0,,,,,,,,,,,0.012545658606264666,0.012582389552086522,0.00032520325203255453,0.00260162601626016,
16,0.1,7,2,pcg64,512,512,8,0.39269908169872414,0.025,0.01242105406223378,0.012421054062233781,0.012374247525762678,0.0061993674114886235,0.0061748801142740535,0.9962316775825477,0.9962316775825476,0.012491165202573463,0.012615842055200709,0.001978891820580473,0.0,,,,,,,,,,,0.012419140903989389,0.012423222120191818,0.0036279683377308317,0.003957783641160946,
16,0.1,7,3,pcg64,512,512,8,0.39269908169872414,0.025,0.01242105406223378,0.012421054062233781,0.012419140903989389,0.006195286195286196,0.006223854708703193,0.9998459745658617,0.9998459745658616,0.012300071932587127,0.01242543773384767,0.002300361485376236,0.0,,,,,,,,,,,0.01236608509335782,0.012374247525762678,0.00427209990141311,0.003614853762734105,
16,0.1,123,0,pcg64,512,512,8,0.39269908169872414,0.025,0.01242105406223378,0.012421054062233781,0.012700744821956943,0.0063544536271809,0.006346291194776043,1.0225174738248313,1.0225174738248313,0.012427512783498197,0.012546785420741806,0.000642673521850899,0.0,,,,,,,0.012700744821956943,0.03196408529741863,1.0225174738248313,1.0225174738248313,,,,,
16,0.1,123,1,pcg64,512,512,8,0.39269908169872414,0.025,0.01242105406223378,0.012421054062233781,0.012398734822977247,0.006191204979083767,0.00620752984389348,0.9982031123007189,0.9982031123007188,0.012481192116095503,0.012604734060943135,0.0013166556945358775,0.0,,,,,,,0.012398734822977247,0.03156004489337823,0.9982031123007189,0.9982031123007188,,,,,
16,0.1,123,2,pcg64,512,512,8,0.39269908169872414,0.025,0.01242105406223378,0.012421054062233781,0.012655851443730232,0.00630547903275176,0.006350372410978472,1.0189031768415173,1.018903176841517,0.012477633860922852,0.012603231957016934,0.0035472428248952254,0.0,,,,,,,0.012651770227527804,0.031898785838179775,1.0185746043884887,1.0185746043884887,,,,,
16,0.1,123,3,pcg64,512,512,8,0.39269908169872414,0.025,0.01242105406223378,0.012421054062233781,0.012484440363228242,0.00625650443832262,0.006227935924905622,1.0051031338143184,1.0051031338143184,0.012157299990751175,0.01227715641623631,0.0022883295194507636,0.0,,,,,,,0.012484440363228242,0.031131517192123252,1.0051031338143184,1.0051031338143184,,,,,
16,0.1,2023,0,pcg64,512,512,8,0.39269908169872414,0.025,0.01242105406223378,0.012421054062233781,0.012406897255382104,0.00620752984389348,0.0061993674114886235,0.9988602572067761,0.998860257206776,0.012243141048444213,0.012361269748388762,0.0006578947368421045,0.0,,,,,,,,,,,0.01241505968778696,0.012406897255382104,0.0006578947368420347,0.0,
16,0.1,2023,1,pcg64,512,512,8,0.39269908169872414,0.025,0.01242105406223378,0.012421054062233781,0.012578308335884093,0.006285072951739619,0.006293235384144475,1.012660300233975,1.0126603002339747,0.01196114478352138,0.012081285048298182,0.0006489292667099279,0.0,,,,,,,,,,,0.012529333741454953,0.012529333741454953,0.0038935756002595676,0.0038935756002595676,
16,0.1,2023,2,pcg64,512,512,8,0.39269908169872414,0.025,0.01242105406223378,0.012421054062233781,0.012459953066013671,0.006240179573512907,0.0062197734925007655,1.0031316990961472,1.003131699096147,0.012449169199748396,0.012574549243488622,0.0016377333770061868,0.0,,,,,,,,,,,0.012476277930823385,0.012468115498418529,0.0013101867016049773,0.0006550933508025583,
16,0.1,2023,3,pcg64,512,512,8,0.39269908169872414,0.025,0.01242105406223378,0.012421054062233781,0.012570145903479237,0.00628099173553719,0.0062891541679420465,1.0120031553279178,1.0120031553279178,0.01249744894256345,0.012620287984082273,0.0006493506493506486,0.0,,,,,,,,,,,0.012557902254871953,0.012557902254871953,0.0009740259740259385,0.0009740259740259385,
16,0.1,314159,0,pcg64,512,512,8,0.39269908169872414,0.025,0.01242105406223378,0.012421054062233781,0.012406897255382104,0.00620752984389348,0.0061993674114886235,0.9988602572067761,0.998860257206776,0.012188890514530775,0.012311416439033584,0.0006578947368421045,0.0,,,,,,,0.012402816039179676,0.03149066421793695,0.9985316847537475,0.9985316847537474,,,,,
16,0.1,314159,1,pcg64,512,512,8,0.39269908169872414,0.025,0.01242105406223378,0.012421054062233781,0.012468115498418529,0.006223854708703193,0.006244260789715335,1.0037888440022043,1.003788844002204,0.01199667341305517,0.01212213519140207,0.0016366612111293293,0.0,,,,,,,0.012468115498418529,0.03121314151617182,1.0037888440022043,1.003788844002204,,,,,
16,0.1,314159,2,pcg64,512,512,8,0.39269908169872414,0.025,0.01242105406223378,0.012421054062233781,0.012508927660442811,0.006236098357310479,0.006272829303132333,1.0070745685324896,1.0070745685324896,0.012333988352296153,0.012454917347838964,0.0029363784665578743,0.0,,,,,,,0.012500765228037955,0.03132741556983981,1.0064174236264325,1.0064174236264325,,,,,
16,0.1,314159,3,pcg64,512,512,8,0.39269908169872414,0.025,0.01242105406223378,0.012421054062233781,0.01256198347107438,0.006276910519334762,0.006285072951739619,1.0113460104218608,1.0113460104218606,0.012308310974990466,0.012428525285268732,0.0006497725795971403,0.0,,,,,,,0.012557902254871953,0.031955922865013774,1.0110174379688324,1.0110174379688321,,,,,
16,0.1,271828,0,pcg64,512,512,8,0.39269908169872414,0.025,0.01242105406223378,0.012421054062233781,0.012382409958167534,0.006195286195286196,0.006187123762881339,0.9968888224886048,0.9968888224886047,0.012055518563776102,0.012176220375553926,0.000659195781147,0.0,,,,,,,,,,,,,,,
16,0.1,271828,1,pcg64,512,512,8,0.39269908169872414,0.025,0.01242105406223378,0.012421054062233781,0.012410978471584531,0.00615855524946434,0.006252423222120192,0.9991888296598046,0.9991888296598044,0.012144341393793478,0.012267586107611987,0.007563301545544256,0.0,,,,,,,,,,,,,,,
16,0.1,271828,2,pcg64,512,512,8,0.39269908169872414,0.025,0.01242105406223378,0.012421054062233781,0.012313029282726252,0.006162636465666769,0.006150392817059484,0.9913030907871195,0.9913030907871193,0.012551037490850419,0.012680441371853098,0.000994365263506829,0.0,,,,,,,,,,,,,,,
16,0.1,271828,3,pcg64,512,512,8,0.39269908169872414,0.025,0.01242105406223378,0.012421054062233781,0.012615039281705948,0.006317722681359045,0.006297316600346903,1.0156174523112318,1.0156174523112318,0.012348630871968561,0.012476539193633443,0.0016175994823681983,0.0,,,,,,,,,,,,,,,
24,0.1,42,0,pcg64,768,768,12,0.2617993877991494,0.016666666666666666,0.005520468472103903,0.005520468472103903,0.00550313468550799,0.0027425101757271547,0.002760624509780835,0.9968600877473526,0.9968600877473526,0.005340897305205942,0.005365065446243496,0.0032916392363397267,0.0,0.18597181367882618,0.593761485408043,1.46322854248757,0.001157784658843981,0.00013241525423728814,3.141567943341513,0.0054995118186972535,0.01419620359786903,0.9962038269917585,0.9962038269917585,0.005506757552318726,0.005514003285940198,0.0006583278472679454,0.001974983541803836,
24,0.1,42,1,pcg64,768,768,12,0.2617993877991494,0.016666666666666666,0.005520468472103903,0.005520468472103903,0.005613632123235438,0.002798664611293563,0.0028149675119418746,1.016876040792971,1.016876040792971,0.0055618762863814605,0.005588508871509813,0.002904162633107403,0.0,0.18569207853143885,0.5928467831153402,1.456706580699493,0.0011917372881355933,0.00012222946544980444,3.1415330038724605,0.005613632123235438,0.014063968959277166,1.016876040792971,1.016876040792971,0.005619066423451541,0.005610009256424702,0.0009680542110356722,0.0006453694740238844,
24,0.1,42,2,pcg64,768,768,12,0.2617993877991494,0.016666666666666666,0.005520468472103903,0.005520468472103903,0.005439734516320109,0.0027243958416734745,0.0027153386746466344,0.9853755245244566,0.9853755245244566,0.005402095683454388,0.005426451966068681,0.0016650016650016802,0.0,0.18598970835939577,0.5857314752586833,1.431774485640343,0.0010958211103867883,0.00012307828118209474,3.141284215077621,0.005437923082914741,0.01350785890382919,0.9850473941466596,0.9850473941466596,0.005450603116752317,0.005457848850373789,0.001998001998002016,0.0033300033300033604,
24,0.1,42,3,pcg64,768,768,12,0.2617993877991494,0.016666666666666666,0.005520468472103903,0.005520468472103903,0.0055828377553441815,0.0027914188776720908,0.0027914188776720908,1.0112978243704216,1.0112978243704216,0.005374246333904616,0.005396961274658051,0.0,0.0,0.18614485008304338,0.597608676327641,1.4745175400582393,0.0011790050521512385,0.00012138064971751413,3.1411874809176554,0.0055792148885334455,0.014303078168785743,1.0106415636148274,1.0106415636148274,0.0055755920217227094,0.0055755920217227094,0.0012978585334198689,0.0012978585334198689,
24,0.1,7,0,pcg64,768,768,12,0.2617993877991494,0.016666666666666666,0.005520468472103903,0.005520468472103903,0.005571969154911973,0.0027877960108613547,0.0027841731440506187,1.0093290421036394,1.0093290421036394,0.0055911043786888446,0.005616129082533985,0.0006501950585175611,0.0,,,,,,,,,,,0.005568346288101237,0.005571969154911973,0.0006501950585175611,0.0,
24,0.1,7,1,pcg64,768,768,12,0.2617993877991494,0.016666666666666666,0.005520468472103903,0.005520468472103903,0.005504946118913358,0.0027461330425378907,0.002758813076375467,0.9971882181251496,0.9971882181251496,0.005638155763885399,0.005664413740266077,0.0023033892727871218,0.0,,,,,,,,,,,0.005504946118913358,0.005501323252102622,0.0,0.0006581112207963205,
24,0.1,7,2,pcg64,768,768,12,0.2617993877991494,0.016666666666666666,0.005520468472103903,0.005520468472103903,0.005508568985724094,0.002753378776159363,0.002755190209564731,0.9978444788807437,0.9978444788807437,0.005626164419513381,0.005651381591110128,0.0003288391976323607,0.0,,,,,,,,,,,0.00551219185253483,0.00551219185253483,0.0006576783952647214,0.0006576783952647214,
24,0.1,7,3,pcg64,768,768,12,0.2617993877991494,0.016666666666666666,0.005520468472103903,0.005520468472103903,0.005542986220426085,0.0027751159770237786,0.0027678702434023065,1.004078956058887,1.004078956058887,0.005568816914649572,0.005594021934988915,0.001307189542483672,0.0,,,,,,,,,,,0.005535740486804613,0.005537551920209981,0.001307189542483672,0.000980392156862754,
24,0.1,123,0,pcg64,768,768,12,0.2617993877991494,0.016666666666666666,0.005520468472103903,0.005520468472103903,0.00542162018226643,0.0027062815076197948,0.0027153386746466344,0.9820942207464866,0.9820942207464866,0.005476145015583114,0.005501517316871106,0.001670564650851923,0.0,,,,,,,0.005419808748861062,0.013775951047823653,0.9817660903686896,0.9817660903686896,,,,,
24,0.1,123,1,pcg64,768,768,12,0.2617993877991494,0.016666666666666666,0.005520468472103903,0.005520468472103903,0.005562911987885133,0.0027733045436184106,0.0027896074442667227,1.0076883902146543,1.0076883902146543,0.005550104587785711,0.0055733953179456916,0.002930641484858379,0.0,,,,,,,0.005562911987885133,0.014120123394843573,1.0076883902146543,1.0076883902146543,,,,,
24,0.1,123,2,pcg64,768,768,12,0.2617993877991494,0.016666666666666666,0.005520468472103903,0.005520468472103903,0.005606386389613966,0.002807721778320403,0.002798664611293563,1.015563519281783,1.015563519281783,0.005599430423812915,0.005622886270680917,0.0016155088852988836,0.0,,,,,,,0.005606386389613966,0.013839351217011533,1.015563519281783,1.015563519281783,,,,,
24,0.1,123,3,pcg64,768,768,12,0.2617993877991494,0.016666666666666666,0.005520468472103903,0.005520468472103903,0.005461471717184525,0.0027243958416734745,0.0027370758755110506,0.989313089058021,0.989313089058021,0.005435891254065537,0.005460022729749623,0.0023217247097844325,0.0,,,,,,,0.005459660283779157,0.013832105483390061,0.988984958680224,0.988984958680224,,,,,
24,0.1,2023,0,pcg64,768,768,12,0.2617993877991494,0.016666666666666666,0.005520468472103903,0.005520468472103903,0.005519437586156302,0.002755190209564731,0.0027642473765915705,0.9998132611475258,0.9998132611475258,0.005362692531894903,0.0053857016774682175,0.0016409583196586167,0.0,,,,,,,,,,,0.005532117619993877,0.005524871886372405,0.0022973416475220165,0.0009845749917950601,
24,0.1,2023,1,pcg64,768,768,12,0.2617993877991494,0.016666666666666666,0.005520468472103903,0.005520468472103903,0.005523060452967037,0.002753378776159363,0.0027696816768076745,1.0004695219031197,1.0004695219031197,0.005456486926192812,0.005482365919662701,0.0029517874713020148,0.0,,,,,,,,,,,0.005517626152750934,0.005523060452967037,0.0009839291571005406,0.0,
24,0.1,2023,2,pcg64,768,768,12,0.2617993877991494,0.016666666666666666,0.005520468472103903,0.005520468472103903,0.005483208918048941,0.0027497559093486268,0.0027334530087003146,0.9932506535915853,0.9932506535915853,0.005593800602438451,0.0056177845569087325,0.00297324083250746,0.0,,,,,,,,,,,0.005483208918048941,0.005475963184427469,0.0,0.0013214403700033154,
24,0.1,2023,3,pcg64,768,768,12,0.2617993877991494,0.016666666666666666,0.005520468472103903,0.005520468472103903,0.0054886432182650454,0.002753378776159363,0.0027352644421056826,0.9942350447249764,0.9942350447249764,0.005587364918170295,0.005613470937858015,0.00330033003300333,0.0,,,,,,,,,,,0.005501323252102622,0.00551219185253483,0.002310231023102331,0.004290429042904329,
24,0.1,314159,0,pcg64,768,768,12,0.2617993877991494,0.016666666666666666,0.005520468472103903,0.005520468472103903,0.005523060452967037,0.0027733045436184106,0.0027497559093486268,1.0004695219031197,1.0004695219031197,0.00550829448508331,0.0055324040060926935,0.004263693014102945,0.0,,,,,,,0.005523060452967037,0.014029551724575174,1.0004695219031197,1.0004695219031197,,,,,
24,0.1,314159,1,pcg64,768,768,12,0.2617993877991494,0.016666666666666666,0.005520468472103903,0.005520468472103903,0.005562911987885133,0.0027841731440506187,0.0027787388438345146,1.0076883902146543,1.0076883902146543,0.00543279489545023,0.005458221675530227,0.000976880494952793,0.0,,,,,,,0.005561100554479765,0.013957094388360453,1.0073602598368572,1.0073602598368572,,,,,
24,0.1,314159,2,pcg64,768,768,12,0.2617993877991494,0.016666666666666666,0.005520468472103903,0.005520468472103903,0.005533929053399245,0.002760624509780835,0.0027733045436184106,1.0024383041699019,1.0024383041699019,0.005503188209877025,0.005528483581212353,0.0022913256955809573,0.0,,,,,,,0.005533929053399245,0.014263226633867646,1.0024383041699019,1.0024383041699019,,,,,
24,0.1,314159,3,pcg64,768,768,12,0.2617993877991494,0.016666666666666666,0.005520468472103903,0.005520468472103903,0.0054016944148073814,0.0027008472074036907,0.0027008472074036907,0.9784847865907194,0.9784847865907194,0.005503888327694608,0.005528388882368596,0.0,0.0,,,,,,,0.005399882981402013,0.01370711657841967,0.9781566562129222,0.9781566562129222,,,,,
24,0.1,271828,0,pcg64,768,768,12,0.2617993877991494,0.016666666666666666,0.005520468472103903,0.005520468472103903,0.005544797653831453,0.0027696816768076745,0.0027751159770237786,1.0044070864366839,1.0044070864366839,0.00569646146787869,0.005721749614033706,0.0009800718719372842,0.0,,,,,,,,,,,,,,,
24,0.1,271828,1,pcg64,768,768,12,0.2617993877991494,0.016666666666666666,0.005520468472103903,0.005520468472103903,0.005557477687669029,0.0027823617106452507,0.0027751159770237786,1.0067039990812632,1.0067039990812632,0.00552383310224714,0.005547990171679493,0.0013037809647979258,0.0,,,,,,,,,,,,,,,
24,0.1,271828,2,pcg64,768,768,12,0.2617993877991494,0.016666666666666666,0.005520468472103903,0.005520468472103903,0.005588272055560286,0.002800476044698931,0.0027877960108613547,1.0122822155038125,1.0122822155038125,0.0054539901896570285,0.005477953715749156,0.0022690437601296802,0.0,,,,,,,,,,,,,,,
24,0.1,271828,3,pcg64,768,768,12,0.2617993877991494,0.016666666666666666,0.005520468472103903,0.005520468472103903,0.005622689290262277,0.0028149675119418746,0.002807721778320403,1.0185166926819558,1.0185166926819558,0.00556330791405643,0.00558752804605373,0.0012886597938143677,0.0,,,,,,,,,,,,,,,
32,0.1,42,0,pcg64,1024,1024,16,0.19634954084936207,0.0125,0.003105263515558445,0.0031052635155584454,0.003149434720761322,0.0015731899914569166,0.0015762447293044056,1.0142246237659265,1.0142246237659265,0.003109132198375599,0.0031170855077652148,0.0009699321047526173,0.0,0.13985339562348784,0.4420281682918146,1.0650162443590445,0.0006524735764907136,6.109481915933529e-05,3.1415839491957356,0.003148416474812159,0.007810964676029777,1.0138967140912527,1.0138967140912527,0.003149434720761322,0.003146379982913833,0.0,0.0009699321047526173,
32,0.1,42,1,pcg64,1024,1024,16,0.19634954084936207,0.0125,0.003105263515558445,0.0031052635155584454,0.0031087048827948,0.0015558798103211446,0.0015528250724736554,1.0011082367789763,1.001108236778976,0.0030528596341369454,0.0030602456332479164,0.0009826400262037533,0.0,0.13978508467097736,0.4387009401336813,1.0691157294536946,0.0006663153714565004,5.966290933528837e-05,3.1415497726948236,0.0031087048827948,0.007837439070708017,1.0011082367789763,1.001108236778976,0.003109723128743963,0.003107686636845637,0.0003275466754012743,0.0003275466754011348,
32,0.1,42,2,pcg64,1024,1024,16,0.19634954084936207,0.0125,0.003105263515558445,0.0031052635155584454,0.003034372928505897,0.0015182047102021117,0.0015161682183037855,0.9771708305277921,0.977170830527792,0.0031220203912858653,0.00313001870650275,0.0006711409395973761,0.0,0.13920041187138063,0.43670751667828495,1.0681081166128246,0.0006586785190615835,7.827773704789834e-05,3.1413468999659426,0.003034372928505897,0.007873077678928723,0.9771708305277921,0.977170830527792,0.003031318190658408,0.003032336436607571,0.0010067114093959212,0.0006711409395973761,
32,0.1,42,3,pcg64,1024,1024,16,0.19634954084936207,0.0125,0.003105263515558445,0.0031052635155584454,0.003152489458608811,0.001580317713101058,0.0015721717455077534,1.0152083527899478,1.0152083527899476,0.003151583855300806,0.0031598577966449014,0.002583979328165402,0.0,0.13950385208524954,0.4383969625626992,1.0759745258758753,0.000681111772971652,6.920897482893451e-05,3.1414451784040573,0.003152489458608811,0.008056361949778074,1.0152083527899478,1.0152083527899476,0.003148416474812159,0.003148416474812159,0.0012919896640826668,0.0012919896640826668,
32,0.1,7,0,pcg64,1024,1024,16,0.19634954084936207,0.0125,0.003105263515558445,0.0031052635155584454,0.0030812122421673975,0.0015355148913378835,0.001545697350829514,0.9922546755627849,0.9922546755627847,0.003221296783142164,0.003229916361833244,0.0033046926635823043,0.0,,,,,,,,,,,0.0030801939962182344,0.0030791757502690717,0.0003304692663582586,0.0006609385327163765,
32,0.1,7,1,pcg64,1024,1024,16,0.19634954084936207,0.0125,0.003105263515558445,0.0031052635155584454,0.0031402705072188547,0.0015711534995585903,0.0015691170076602642,1.0112734366938627,1.0112734366938625,0.0031617446245795658,0.0031691319800151293,0.0006485084306095875,0.0,,,,,,,,,,,0.0031382340153205284,0.0031351792774730394,0.0006485084306096566,0.0016212710765240034,
32,0.1,7,2,pcg64,1024,1024,16,0.19634954084936207,0.0125,0.003105263515558445,0.0031052635155584454,0.0031351792774730394,0.0015670805157619381,0.0015680987617111013,1.009633888320494,1.0096338883204938,0.0030971401566521873,0.0031042440803073414,0.00032478077297826906,0.0,,,,,,,,,,,0.0031311062936763873,0.003129069801778061,0.0012991230919129379,0.001948684637869476,
32,0.1,7,3,pcg64,1024,1024,16,0.19634954084936207,0.0125,0.003105263515558445,0.0031052635155584454,0.0030801939962182344,0.0015395878751345358,0.0015406061210836988,0.9919267658881111,0.9919267658881109,0.003094845703399832,0.0031018109218022127,0.00033057851239665374,0.0,,,,,,,,,,,0.0030801939962182344,0.003083248734065724,0.0,0.0009917355371901724,
32,0.1,123,0,pcg64,1024,1024,16,0.19634954084936207,0.0125,0.003105263515558445,0.0031052635155584454,0.003163690164049605,0.0015792994671518948,0.00158439069689771,1.0188153592113591,1.018815359211359,0.0031356390646011608,0.003143240583254934,0.0016092693916961785,0.0,,,,,,,0.0031626719181004417,0.008027851063201507,1.0184874495366854,1.0184874495366851,,,,,
32,0.1,123,1,pcg64,1024,1024,16,0.19634954084936207,0.0125,0.003105263515558445,0.0031052635155584454,0.003148416474812159,0.0015731899914569166,0.0015752264833552426,1.0138967140912527,1.0138967140912527,0.0031043788074965497,0.0031125062002780985,0.0006468305304010246,0.0,,,,,,,0.003148416474812159,0.0081052377553379,1.0138967140912527,1.0138967140912527,,,,,
32,0.1,123,2,pcg64,1024,1024,16,0.19634954084936207,0.0125,0.003105263515558445,0.0031052635155584454,0.0031005589152014955,0.0015589345481686338,0.001541624367032862,0.9984849593815862,0.9984849593815861,0.003105660182664871,0.003112937616290196,0.0055829228243021506,0.0,,,,,,,0.0030995406692523324,0.007947409633217627,0.9981570497069124,0.9981570497069123,,,,,
32,0.1,123,3,pcg64,1024,1024,16,0.19634954084936207,0.0125,0.003105263515558445,0.0031052635155584454,0.003144343491015507,0.001582354204999384,0.0015619892860161229,1.0125850753925578,1.0125850753925576,0.00316337097634675,0.0031709396217645272,0.0064766839378238685,0.0,,,,,,,0.003144343491015507,0.007953519108912606,1.0125850753925578,1.0125850753925576,,,,,
32,0.1,2023,0,pcg64,1024,1024,16,0.19634954084936207,0.0125,0.003105263515558445,0.0031052635155584454,0.003083248734065724,0.0015426426129820248,0.0015406061210836988,0.9929104949121325,0.9929104949121323,0.0030294071232529417,0.003036959410728826,0.0006605019815059339,0.0,,,,,,,,,,,0.0030852852259640497,0.0030852852259640497,0.0006605019815058636,0.0006605019815058636,
32,0.1,2023,1,pcg64,1024,1024,16,0.19634954084936207,0.0125,0.003105263515558445,0.0031052635155584454,0.003107686636845637,0.0015528250724736554,0.0015548615643719815,1.0007803271043025,1.0007803271043025,0.003140474497031014,0.0031481138404583675,0.0006553079947575255,0.0,,,,,,,,,,,0.003106668390896474,0.0031148143584897783,0.0003276539973787977,0.0022935779816513043,
32,0.1,2023,2,pcg64,1024,1024,16,0.19634954084936207,0.0125,0.003105263515558445,0.0031052635155584454,0.0030089167797768207,0.0015110769885579704,0.0014978397912188506,0.9689730886609482,0.9689730886609481,0.003098790544702345,0.003107075375852341,0.004399323181049107,0.0,,,,,,,,,,,0.0030201174852176145,0.003015026255471799,0.003722504230118492,0.0020304568527919177,
32,0.1,2023,3,pcg64,1024,1024,16,0.19634954084936207,0.0125,0.003105263515558445,0.0031052635155584454,0.0031697996397445833,0.001583372450948547,0.0015864271887960362,1.0207828172594018,1.0207828172594016,0.0030771852321285933,0.003084549395568707,0.0009637006103437386,0.0,,,,,,,,,,,0.0031759091154395613,0.0031769273613887245,0.0019274012206873404,0.0022486347574686093,
32,0.1,314159,0,pcg64,1024,1024,16,0.19634954084936207,0.0125,0.003105263515558445,0.0031052635155584454,0.0030975041773540065,0.0015507885805753293,0.0015467155967786772,0.997501230357565,0.9975012303575649,0.0030598476905927875,0.0030665779292927634,0.0013149243918474476,0.0,,,,,,,0.0030975041773540065,0.007975920519794193,0.997501230357565,0.9975012303575649,,,,,
32,0.1,314159,1,pcg64,1024,1024,16,0.19634954084936207,0.0125,0.003105263515558445,0.0031052635155584454,0.003088339963811539,0.001543660858931188,0.001544679104880351,0.9945500432855012,0.9945500432855011,0.0031851299169365845,0.0031926594962627167,0.0003297065611605267,0.0,,,,,,,0.003088339963811539,0.008024796325354019,0.9945500432855012,0.9945500432855011,,,,,
32,0.1,314159,2,pcg64,1024,1024,16,0.19634954084936207,0.0125,0.003105263515558445,0.0031052635155584454,0.0031321245396255504,0.001565044023863612,0.0015670805157619381,1.0086501592964727,1.0086501592964725,0.003135374348521193,0.0031427969332056185,0.0006501950585175449,0.0,,,,,,,0.0031321245396255504,0.007766161854266603,1.0086501592964727,1.0086501592964725,,,,,
32,0.1,314159,3,pcg64,1024,1024,16,0.19634954084936207,0.0125,0.003105263515558445,0.0031052635155584454,0.003127033309879735,0.0015670805157619381,0.0015599527941177968,1.0070106109231038,1.0070106109231038,0.003026101422074678,0.0030341017140170104,0.002279387821556494,0.0,,,,,,,0.003127033309879735,0.007879187154623702,1.0070106109231038,1.0070106109231038,,,,,
32,0.1,271828,0,pcg64,1024,1024,16,0.19634954084936207,0.0125,0.003105263515558445,0.0031052635155584454,0.0030812122421673975,0.0015426426129820248,0.0015385696291853727,0.9922546755627849,0.9922546755627847,0.0030758410089073963,0.003083284443646044,0.0013218770654328936,0.0,,,,,,,,,,,,,,,
32,0.1,271828,1,pcg64,1024,1024,16,0.19634954084936207,0.0125,0.003105263515558445,0.0031052635155584454,0.003084266980014887,0.001545697350829514,0.0015385696291853727,0.9932384045868062,0.9932384045868061,0.0030706554946624306,0.0030774470996862537,0.0023109937273027383,0.0,,,,,,,,,,,,,,,
32,0.1,271828,2,pcg64,1024,1024,16,0.19634954084936207,0.0125,0.003105263515558445,0.0031052635155584454,0.0031321245396255504,0.001565044023863612,0.0015670805157619381,1.0086501592964727,1.0086501592964725,0.0030782212058783147,0.0030863405673925374,0.0006501950585175449,0.0,,,,,,,,,,,,,,,
32,0.1,271828,3,pcg64,1024,1024,16,0.19634954084936207,0.0125,0.003105263515558445,0.0031052635155584454,0.0031423069991171806,0.0015742082374060795,0.0015680987617111013,1.0119292560432103,1.01192925604321,0.0031137298942445074,0.0031209984333400507,0.0019442644199610837,0.0,,,,,,,,,,,,,,,
48,0.1,42,0,pcg64,1536,1536,24,0.1308996938995747,0.008333333333333333,0.0013801171180259754,0.0013801171180259756,0.0013852401150703541,0.0006942029306669911,0.0006910371844033632,1.0037120016681673,1.003712001668167,0.0013564702897177225,0.0013580396655686361,0.0022853411687887124,0.0,0.09313924414833732,0.286137021599353,0.6859297535883703,0.0003007091476655809,2.9477130836047775e-05,3.1415190481930786,0.0013852401150703541,0.003594931007082679,1.0037120016681673,1.003712001668167,0.0013856923645365867,0.0013847878656041215,0.0003264773098269701,0.0003264773098269701,
48,0.1,42,1,pcg64,1536,1536,24,0.1308996938995747,0.008333333333333333,0.0013801171180259754,0.0013801171180259756,0.001387501362401517,0.0006923939328020608,0.0006951074295994562,1.0053504476388957,1.0053504476388955,0.001375905876618284,0.0013774242128806891,0.0019556714471968893,0.0,0.09316523908952254,0.28721481134170573,0.6870259775218909,0.0002892576004343105,2.9901262214983712e-05,3.1411252332209134,0.001387501362401517,0.0035723185337710505,1.0053504476388957,1.0053504476388955,0.0013884058613339821,0.0013888581108002147,0.0006518904823989631,0.0009778357235984447,
48,0.1,42,2,pcg64,1536,1536,24,0.1308996938995747,0.008333333333333333,0.0013801171180259754,0.0013801171180259756,0.0013386584200483997,0.0006670679626930371,0.0006715904573553627,0.969960014671164,0.9699600146711638,0.0013546264536289858,0.0013562033218254127,0.003378378378378329,0.0,0.09320954366456147,0.28582498486457103,0.6879528471380514,0.00028077497285559173,2.7568539630836046e-05,3.1414188863090473,0.0013386584200483997,0.003525736838749096,0.969960014671164,0.9699600146711638,0.0013386584200483997,0.0013391106695146322,0.0,0.000337837837837841,
48,0.1,42,3,pcg64,1536,1536,24,0.1308996938995747,0.008333333333333333,0.0013801171180259754,0.0013801171180259756,0.0013897626097326798,0.0006955596790656888,0.0006942029306669911,1.006988893609624,1.0069888936096238,0.00135150826018315,0.0013528396749475922,0.000976244712007819,0.0,0.09321604783280565,0.2902120151858304,0.6914959057768255,0.00031216069489685124,2.8416802388707927e-05,3.1414490619500746,0.0013897626097326798,0.003522571092485468,1.006988893609624,1.0069888936096238,0.0013897626097326798,0.0013897626097326798,0.0,0.0,
48,0.1,7,0,pcg64,1536,1536,24,0.1308996938995747,0.008333333333333333,0.0013801171180259754,0.0013801171180259756,0.0013789086225430983,0.0006910371844033632,0.0006878714381397352,0.9991243529501281,0.999124352950128,0.001371336659395337,0.0013729002669923412,0.0022958346999016285,0.0,,,,,,,,,,,0.0013780041236106332,0.0013784563730768658,0.0006559527714004652,0.0003279763857002326,
48,0.1,7,1,pcg64,1536,1536,24,0.1308996938995747,0.008333333333333333,0.0013801171180259754,0.0013801171180259756,0.001349964656704214,0.000676565201483921,0.000673399455220293,0.9781522445248056,0.9781522445248054,0.001391951761979771,0.0013933592272174342,0.0023450586264656833,0.0,,,,,,,,,,,0.0013526781535016094,0.001353130402967842,0.0020100502512563003,0.0023450586264656833,
48,0.1,7,2,pcg64,1536,1536,24,0.1308996938995747,0.008333333333333333,0.0013801171180259754,0.0013801171180259756,0.00137393387841454,0.0006856101908085723,0.0006883236876059677,0.9955197718145258,0.9955197718145257,0.0013764956783379838,0.0013780048017525417,0.0019749835418038366,0.0,,,,,,,,,,,0.0013748383773470052,0.0013748383773470052,0.0006583278472679456,0.0006583278472679456,
48,0.1,7,3,pcg64,1536,1536,24,0.1308996938995747,0.008333333333333333,0.0013801171180259754,0.0013801171180259756,0.0014037823431858895,0.0006996299242617819,0.0007041524189241075,1.0171472586281396,1.0171472586281394,0.001372899248569356,0.0013746339507003638,0.003221649484536035,0.0,,,,,,,,,,,0.0014024255947871918,0.0014028778442534244,0.0009664948453608337,0.0006443298969072224,
48,0.1,123,0,pcg64,1536,1536,24,0.1308996938995747,0.008333333333333333,0.0013801171180259754,0.0013801171180259756,0.0013789086225430983,0.0006910371844033632,0.0006878714381397352,0.9991243529501281,0.999124352950128,0.0014132102746746253,0.0014150267632136767,0.0022958346999016285,0.0,,,,,,,0.0013789086225430983,0.003538399823803608,0.9991243529501281,0.999124352950128,,,,,
48,0.1,123,1,pcg64,1536,1536,24,0.1308996938995747,0.008333333333333333,0.0013801171180259754,0.0013801171180259756,0.0013657933880223537,0.0006815399456124792,0.0006842534424098746,0.9896213663199038,0.9896213663199036,0.0013751669858949702,0.0013764915374266822,0.001986754966887436,0.0,,,,,,,0.0013657933880223537,0.003475537147997281,0.9896213663199038,0.9896213663199036,,,,,
48,0.1,123,2,pcg64,1536,1536,24,0.1308996938995747,0.008333333333333333,0.0013801171180259754,0.0013801171180259756,0.0013942851043950055,0.0006987254253293168,0.0006955596790656888,1.0102657855510806,1.0102657855510804,0.0013884418915708094,0.0013898717043422408,0.002270515731430446,0.0,,,,,,,0.0013942851043950055,0.003630206465448819,1.0102657855510806,1.0102657855510804,,,,,
48,0.1,123,3,pcg64,1536,1536,24,0.1308996938995747,0.008333333333333333,0.0013801171180259754,0.0013801171180259756,0.001370768132150912,0.0006851579413423397,0.0006856101908085723,0.9932259474555062,0.993225947455506,0.0014200195713413766,0.0014216528830290247,0.0003299241174529889,0.0,,,,,,,0.001370768132150912,0.003579102275764539,0.9932259474555062,0.993225947455506,,,,,
48,0.1,2023,0,pcg64,1536,1536,24,0.1308996938995747,0.008333333333333333,0.0013801171180259754,0.0013801171180259756,0.0014024255947871918,0.0007000821737280145,0.0007023434210591773,1.0161641910457027,1.0161641910457024,0.0013816520388864855,0.0013831994571245963,0.0016123831022251036,0.0,,,,,,,,,,,0.0014051390915845873,0.0014042345926521221,0.0019348597226701244,0.001289906481780083,
48,0.1,2023,1,pcg64,1536,1536,24,0.1308996938995747,0.008333333333333333,0.0013801171180259754,0.0013801171180259756,0.001367602385887284,0.0006824444445449443,0.0006851579413423397,0.9909321230964865,0.9909321230964863,0.001411129878192506,0.0014126731318996365,0.0019841269841270027,0.0,,,,,,,,,,,0.0013685068848197492,0.0013685068848197492,0.0006613756613756675,0.0006613756613756675,
48,0.1,2023,2,pcg64,1536,1536,24,0.1308996938995747,0.008333333333333333,0.0013801171180259754,0.0013801171180259756,0.0013960941022599358,0.0006996299242617819,0.0006964641779981539,1.0115765423276633,1.0115765423276633,0.0014050082088657267,0.0014066544455781187,0.002267573696145146,0.0,,,,,,,,,,,0.0013960941022599358,0.0013960941022599358,0.0,0.0,
48,0.1,2023,3,pcg64,1536,1536,24,0.1308996938995747,0.008333333333333333,0.0013801171180259754,0.0013801171180259756,0.0013820743688067263,0.0006914894338695956,0.0006905849349371306,1.0014181773091477,1.0014181773091477,0.0013657385074169158,0.0013671534869776599,0.0006544502617800323,0.0,,,,,,,,,,,0.0013829788677391913,0.0013820743688067263,0.0006544502617799538,0.0,
48,0.1,314159,0,pcg64,1536,1536,24,0.1308996938995747,0.008333333333333333,0.0013801171180259754,0.0013801171180259756,0.0013730293794820749,0.0006860624402748049,0.00068696693920727,0.9948643934262345,0.9948643934262343,0.0014181383122483459,0.0014197228357757706,0.0006587615283267518,0.0,,,,,,,0.0013730293794820749,0.0034696579049362576,0.9948643934262345,0.9948643934262343,,,,,
48,0.1,314159,1,pcg64,1536,1536,24,0.1308996938995747,0.008333333333333333,0.0013801171180259754,0.0013801171180259756,0.0013608186438937955,0.0006797309477475489,0.0006810876961462466,0.9860167851843015,0.9860167851843014,0.001371028423272175,0.001372376414541195,0.0009970089730807672,0.0,,,,,,,0.0013608186438937955,0.003384635005284535,0.9860167851843015,0.9860167851843014,,,,,
48,0.1,314159,2,pcg64,1536,1536,24,0.1308996938995747,0.008333333333333333,0.0013801171180259754,0.0013801171180259756,0.001377099624678168,0.0006910371844033632,0.0006860624402748049,0.9978135961735455,0.9978135961735453,0.0013625923095684275,0.00136410956561162,0.0036124794745484735,0.0,,,,,,,0.001377099624678168,0.00356870053804119,0.9978135961735455,0.9978135961735453,,,,,
48,0.1,314159,3,pcg64,1536,1536,24,0.1308996938995747,0.008333333333333333,0.0013801171180259754,0.0013801171180259756,0.0013979031001248661,0.0006982731758630842,0.0006996299242617819,1.012887299104246,1.012887299104246,0.0013551541816470259,0.0013568708209321352,0.0009705596894209085,0.0,,,,,,,0.0013979031001248661,0.0035858860177580276,1.012887299104246,1.012887299104246,,,,,
48,0.1,271828,0,pcg64,1536,1536,24,0.1308996938995747,0.008333333333333333,0.0013801171180259754,0.0013801171180259756,0.0013888581108002147,0.0006932984317345259,0.0006955596790656888,1.0063335152213326,1.0063335152213324,0.0014015563688753443,0.0014030972466812835,0.0016281341582546555,0.0,,,,,,,,,,,,,,,
48,0.1,271828,1,pcg64,1536,1536,24,0.1308996938995747,0.008333333333333333,0.0013801171180259754,0.0013801171180259756,0.0013680546353535166,0.00068696693920727,0.0006810876961462466,0.9912598122906321,0.991259812290632,0.0014037581709857706,0.0014053885607453259,0.004297520661157065,0.0,,,,,,,,,,,,,,,
48,0.1,271828,2,pcg64,1536,1536,24,0.1308996938995747,0.008333333333333333,0.0013801171180259754,0.0013801171180259756,0.0013825266182729587,0.0006937506812007585,0.0006887759370722003,1.0017458665032932,1.0017458665032932,0.0013506073743182574,0.0013518824484059365,0.0035982989859338777,0.0,,,,,,,,,,,,,,,
48,0.1,271828,3,pcg64,1536,1536,24,0.1308996938995747,0.008333333333333333,0.0013801171180259754,0.0013801171180259756,0.001384335616137889,0.0006937506812007585,0.0006905849349371306,1.0030566232798759,1.0030566232798759,0.0013434859740954512,0.001345025425190886,0.002286834367853586,0.0,,,,,,,,,,,,,,,
64,0.1,42,0,pcg64,2048,2048,32,0.09817477042468103,0.00625,0.0007763158788896112,0.0007763158788896113,0.0007845303333503718,0.0003921380142710772,0.00039239231907929454,1.0105813299510373,1.0105813299510373,0.000737712620620647,0.0007381278422090178,0.00032414910858999765,0.0,0.06989052531842747,0.21559312573360787,0.5084633365887756,0.00017281864466292134,1.6458918539325842e-05,3.141564118490773,0.0007845303333503718,0.0020583431177108296,1.0105813299510373,1.0105813299510373,0.0007835131141175026,0.0007837674189257198,0.0012965964343598522,0.0009724473257699238,
64,0.1,42,1,pcg64,2048,2048,32,0.09817477042468103,0.00625,0.0007763158788896112,0.0007763158788896113,0.0007743581410216797,0.0003873062229149485,0.00038705191810673123,0.9974781684605863,0.9974781684605861,0.0008074335600420717,0.000808000428119179,0.00032840722495892596,0.0,0.06978361069952407,0.21333491854803374,0.5065301616799012,0.00016077262457254518,1.7293791218856863e-05,3.141503095864334,0.0007743581410216797,0.00195560397519104,0.9974781684605863,0.9974781684605861,0.0007743581410216797,0.000775375360254549,0.0,0.001313628899835844,
64,0.1,42,2,pcg64,2048,2048,32,0.09817477042468103,0.00625,0.0007763158788896112,0.0007763158788896113,0.0007817329804599815,0.0003906121854217734,0.000391120795038208,1.0069779605411633,1.0069779605411633,0.0007729314956437591,0.000773409488621151,0.0006506180871828471,0.0,0.06989900722845264,0.21694378196233519,0.5128070508313142,0.00016780940858573522,1.8844269052271616e-05,3.1415530237874965,0.0007817329804599815,0.0020710583581216944,1.0069779605411633,1.0069779605411633,0.0007819872852681988,0.0007817329804599815,0.00032530904359138893,0.0,
64,0.1,42,3,pcg64,2048,2048,32,0.09817477042468103,0.00625,0.0007763158788896112,0.0007763158788896113,0.0007941939160626292,0.00039646119601077133,0.00039773272005185785,1.0230293333669658,1.0230293333669658,0.0007844895049643369,0.0007850108676601597,0.0016010246557797228,0.0,0.06978061131247343,0.21444888261849326,0.5056899933372834,0.00016828647868832438,1.944060668050806e-05,3.1413679953746945,0.0007941939160626292,0.0019746768358073377,1.0230293333669658,1.0230293333669658,0.0007944482208708465,0.0007941939160626292,0.0003202049311559172,0.0,
64,0.1,7,0,pcg64,2048,2048,32,0.09817477042468103,0.00625,0.0007763158788896112,0.0007763158788896113,0.0007888535150900658,0.00039493536716146753,0.00039391814792859834,1.016150173584479,1.016150173584479,0.0007712826635002306,0.0007718069013130049,0.0012894906511927567,0.0,,,,,,,,,,,0.000788090600665414,0.0007885992102818485,0.0009671179883945161,0.000322372662798172,
64,0.1,7,1,pcg64,2048,2048,32,0.09817477042468103,0.00625,0.0007763158788896112,0.0007763158788896113,0.000783004504501068,0.00039239231907929454,0.0003906121854217734,1.0086158557274698,1.0086158557274696,0.0007657016595040184,0.0007660576604897468,0.0022734654108477253,0.0,,,,,,,,,,,0.0007832588093092853,0.0007832588093092853,0.0003247807729782168,0.0003247807729782168,
64,0.1,7,2,pcg64,2048,2048,32,0.09817477042468103,0.00625,0.0007763158788896112,0.0007763158788896113,0.0007621515102272493,0.00038069429790129873,0.00038145721232595063,0.9817543746720451,0.9817543746720448,0.0007821759530627282,0.0007826886319518224,0.0010010010010010016,0.0,,,,,,,,,,,0.0007624058150354666,0.0007616429006108147,0.0003336670003336435,0.000667334000667287,
64,0.1,7,3,pcg64,2048,2048,32,0.09817477042468103,0.00625,0.0007763158788896112,0.0007763158788896113,0.0007784270179531566,0.0003890863565724696,0.00038934066138068693,1.0027194330567668,1.0027194330567666,0.0007705191382686327,0.0007709272715444339,0.0003266906239791384,0.0,,,,,,,,,,,0.0007779184083367219,0.0007779184083367219,0.0006533812479582768,0.0006533812479582768,
64,0.1,123,0,pcg64,2048,2048,32,0.09817477042468103,0.00625,0.0007763158788896112,0.0007763158788896113,0.0007885992102818485,0.0003934095383121637,0.0003951896719696848,1.0158225945472177,1.0158225945472177,0.0008013024772552482,0.0008018138247351624,0.0022573363431151027,0.0,,,,,,,0.0007885992102818485,0.001984086113711378,1.0158225945472177,1.0158225945472177,,,,,
64,0.1,123,1,pcg64,2048,2048,32,0.09817477042468103,0.00625,0.0007763158788896112,0.0007763158788896113,0.0007568111092546861,0.0003771340305862565,0.0003796770786684295,0.9748752148895583,0.9748752148895582,0.0007753203759337404,0.000775863888576899,0.003360215053763419,0.0,,,,,,,0.0007568111092546861,0.001900419831807886,0.9748752148895583,0.9748752148895582,,,,,
64,0.1,123,2,pcg64,2048,2048,32,0.09817477042468103,0.00625,0.0007763158788896112,0.0007763158788896113,0.0007883449054736313,0.0003944267575450329,0.00039391814792859834,1.0154950155099565,1.0154950155099562,0.0007492522525588933,0.0007496776918556254,0.0006451612903225352,0.0,,,,,,,0.0007883449054736313,0.0019993444022044157,1.0154950155099565,1.0154950155099562,,,,,
64,0.1,123,3,pcg64,2048,2048,32,0.09817477042468103,0.00625,0.0007763158788896112,0.0007763158788896113,0.0007741038362134625,0.0003867976132985139,0.0003873062229149485,0.997150589423325,0.9971505894233249,0.0007762097379816299,0.0007766928040406968,0.0006570302233902997,0.0,,,,,,,0.0007741038362134625,0.001982814589670291,0.997150589423325,0.9971505894233249,,,,,
64,0.1,2023,0,pcg64,2048,2048,32,0.09817477042468103,0.00625,0.0007763158788896112,0.0007763158788896113,0.000774612445829897,0.00038781483253138313,0.0003867976132985139,0.9978057474978476,0.9978057474978475,0.0007684005419535987,0.0007688508059186385,0.0013131976362443024,0.0,,,,,,,,,,,0.0007741038362134625,0.0007741038362134625,0.0006565988181220811,0.0006565988181220811,
64,0.1,2023,1,pcg64,2048,2048,32,0.09817477042468103,0.00625,0.0007763158788896112,0.0007763158788896113,0.0007685091304326818,0.0003824744315588198,0.000386034698873862,0.9899438506035769,0.9899438506035768,0.0007722132170175279,0.0007726463067307554,0.00463269358041028,0.0,,,,,,,,,,,0.0007680005208162472,0.0007680005208162472,0.0006618133686299997,0.0006618133686299997,
64,0.1,2023,2,pcg64,2048,2048,32,0.09817477042468103,0.00625,0.0007763158788896112,0.0007763158788896113,0.0007743581410216797,0.00038857774695603503,0.0003857803940656447,0.9974781684605863,0.9974781684605861,0.0007498326410026207,0.0007502847733392801,0.0036124794745484657,0.0,,,,,,,,,,,0.0007738495314052452,0.0007738495314052452,0.0006568144499178519,0.0006568144499178519,
64,0.1,2023,3,pcg64,2048,2048,32,0.09817477042468103,0.00625,0.0007763158788896112,0.0007763158788896113,0.0007791899323778084,0.0003883234421478177,0.00039086649022999074,1.0037021701685505,1.0037021701685505,0.000764510898142692,0.0007649005591444076,0.003263707571801615,0.0,,,,,,,,,,,0.0007784270179531566,0.0007789356275695912,0.0009791122715404011,0.0003263707571801337,
64,0.1,314159,0,pcg64,2048,2048,32,0.09817477042468103,0.00625,0.0007763158788896112,0.0007763158788896113,0.0007626601198436839,0.00037993138347664683,0.0003827287363670371,0.9824095327465675,0.9824095327465674,0.0007812372420906859,0.0007816868953169921,0.003667889296432099,0.0,,,,,,,0.0007626601198436839,0.0019408542963144366,0.9824095327465675,0.9824095327465674,,,,,
64,0.1,314159,1,pcg64,2048,2048,32,0.09817477042468103,0.00625,0.0007763158788896112,0.0007763158788896113,0.0007728323121723759,0.0003865433084902966,0.00038628900368207933,0.9955126942370186,0.9955126942370185,0.000789294091812207,0.0007897415162176024,0.00032905561039813414,0.0,,,,,,,0.0007728323121723759,0.001930936408793962,0.9955126942370186,0.9955126942370185,,,,,
64,0.1,314159,2,pcg64,2048,2048,32,0.09817477042468103,0.00625,0.0007763158788896112,0.0007763158788896113,0.0007728323121723759,0.00038628900368207933,0.0003865433084902966,0.9955126942370186,0.9955126942370185,0.0007593365347924263,0.0007597725373910511,0.00032905561039813414,0.0,,,,,,,0.0007728323121723759,0.0019154238154927066,0.9955126942370186,0.9955126942370185,,,,,
64,0.1,314159,3,pcg64,2048,2048,32,0.09817477042468103,0.00625,0.0007763158788896112,0.0007763158788896113,0.0007735952265970278,0.0003855260892574274,0.0003880691373396004,0.9964954313488024,0.9964954313488023,0.0007412001136923611,0.0007416493816385052,0.003287310979618651,0.0,,,,,,,0.0007735952265970278,0.0020006159262455025,0.9964954313488024,0.9964954313488023,,,,,
64,0.1,271828,0,pcg64,2048,2048,32,0.09817477042468103,0.00625,0.0007763158788896112,0.0007763158788896113,0.0007692720448573338,0.0003842545652163409,0.0003850174796409928,0.9909265877153608,0.9909265877153607,0.0007654266781771373,0.0007659342577421074,0.0009917355371900833,0.0,,,,,,,,,,,,,,,
64,0.1,271828,1,pcg64,2048,2048,32,0.09817477042468103,0.00625,0.0007763158788896112,0.0007763158788896113,0.0007926680872133254,0.00039569828158611943,0.00039696980562720595,1.0210638591433983,1.021063859143398,0.0007818997702598558,0.0007823589661970826,0.0016041065126724651,0.0,,,,,,,,,,,,,,,
64,0.1,271828,2,pcg64,2048,2048,32,0.09817477042468103,0.00625,0.0007763158788896112,0.0007763158788896113,0.0007817329804599815,0.0003903578806135561,0.0003913750998464253,1.0069779605411633,1.0069779605411633,0.0007707922264098497,0.0007712585614085432,0.0013012361743656251,0.0,,,,,,,,,,,,,,,
64,0.1,271828,3,pcg64,2048,2048,32,0.09817477042468103,0.00625,0.0007763158788896112,0.0007763158788896113,0.0007690177400491165,0.0003840002604081236,0.0003850174796409928,0.9905990086780996,0.9905990086780995,0.000808360673637742,0.0008089006684161976,0.0013227513227513,0.0,,,,,,,,,,,,,,,
4,0.25,42,0,pcg64,128,128,4,1.5707963267948966,0.25,0.21127031672360821,0.21127031676338237,0.20838923804816045,0.10422992726502366,0.10415931078313678,0.9863630692653483,0.9863630690796538,0.17558303011830864,0.21070705604110726,0.0003388681802778757,0.0,1.1010228708153302,2.7829561175956097,3.070288324162177,0.04324557086614173,0.004213828740157481,3.1415624241964126,0.20104512393192572,0.46112562672127677,0.9516013751943229,0.9516013750151725,0.20782430619306547,0.2118494456606172,0.002710945442223006,0.016604540833615712,
4,0.25,42,1,pcg64,128,128,4,1.5707963267948966,0.25,0.21127031672360821,0.21127031676338237,0.2059176611821199,0.10239389873596498,0.10352376244615494,0.9746644222222147,0.9746644220387225,0.17411183174231268,0.20848182167574805,0.005486968449931407,0.0,1.1058012875719245,2.7944467134637154,3.075470656828363,0.04502952755905512,0.004859744094488189,3.141566053645525,0.19892662947531953,0.46239672339524046,0.9415739634430654,0.9415739632658029,0.2074712237836311,0.20450533154438247,0.007544581618655643,0.006858710562414209,
4,0.25,42,2,pcg64,128,128,4,1.5707963267948966,0.25,0.21127031672360821,0.21127031676338237,0.20655320951910175,0.10331191300049432,0.10324129651860744,0.9776726457475918,0.9776726455635334,0.17392084388298742,0.20805697040750315,0.0003418803418803458,0.0,1.109786067372975,2.779550641800863,3.0700923642126647,0.043522391732283464,0.0044598917322834645,3.1412978260667397,0.19942094484852765,0.4604900783842949,0.9439136928516922,0.9439136926739892,0.2059176611821199,0.2079655391568392,0.003076923076923045,0.006837606837606916,
4,0.25,42,3,pcg64,128,128,4,1.5707963267948966,0.25,0.21127031672360821,0.21127031676338237,0.20761245674740483,0.10331191300049432,0.10430054374691053,0.9826863516232205,0.9826863514382181,0.17811704832467573,0.21369594853976223,0.004761904761904749,0.0,1.1090118164869514,2.7942449682132233,3.0692614680431713,0.04521407480314961,0.004244586614173229,3.141549263339318,0.19871478002965892,0.4556881576159876,0.9405712222679397,0.940571222090866,0.20732999081985737,0.20492903043570368,0.0013605442176869566,0.012925170068027224,
4,0.25,7,0,pcg64,128,128,4,1.5707963267948966,0.25,0.21127031672360821,0.21127031676338237,0.21121389732363532,0.10543040745710049,0.10578348986653485,0.999732951600358,0.9997329514121464,0.17963497363682218,0.2153366806644398,0.0016716817118020918,0.0,,,,,,,,,,,0.21135513028740907,0.210295883059106,0.0006686726847208367,0.004346372450685373,
4,0.25,7,1,pcg64,128,128,4,1.5707963267948966,0.25,0.21127031672360821,0.21127031676338237,0.20782430619306547,0.10415931078313678,0.10366499540992868,0.9836890927983464,0.9836890926131552,0.17636836910597603,0.21106241256220426,0.002378525314305091,0.0,,,,,,,,,,,0.2066944424828755,0.21015465009533224,0.00543662928984036,0.011213047910295542,
4,0.25,7,2,pcg64,128,128,4,1.5707963267948966,0.25,0.21127031672360821,0.21127031676338237,0.20958971824023728,0.10493609208389237,0.1046536261563449,0.9920452692577275,0.9920452690709631,0.17675154817086153,0.21165011883278778,0.001347708894878655,0.0,,,,,,,,,,,0.21403855659911022,0.2117788291787303,0.02122641509433953,0.010444743935309891,
4,0.25,7,3,pcg64,128,128,4,1.5707963267948966,0.25,0.21127031672360821,0.21127031676338237,0.2098015676858979,0.10500670856577925,0.10479485912011864,0.9930480104328532,0.9930480102459001,0.17853591698739638,0.21386289462307143,0.0010097610232244487,0.0,,,,,,,,,,,0.2090247863851423,0.20711814137419673,0.0037024570851564888,0.012790306294177057,
4,0.25,123,0,pcg64,128,128,4,1.5707963267948966,0.25,0.21127031672360821,0.21127031676338237,0.20471718099004307,0.10246451521785184,0.10225266577219123,0.9689822222298355,0.9689822220474131,0.17704336181280522,0.21271516353995618,0.0010348395998619653,0.0,,,,,,,0.19680813501871336,0.4542052114963632,0.931546551691808,0.9315465515164333,,,,,
4,0.25,123,1,pcg64,128,128,4,1.5707963267948966,0.25,0.21127031672360821,0.21127031676338237,0.21354424122590213,0.10656027116729044,0.10698397005861168,1.0107631045267411,1.0107631043364529,0.1757123283083616,0.2104256751684675,0.0019841269841270066,0.0,,,,,,,0.20676505896476238,0.46331473765976977,0.9786753869227177,0.9786753867384703,,,,,
4,0.25,123,2,pcg64,128,128,4,1.5707963267948966,0.25,0.21127031672360821,0.21127031676338237,0.2041522491349481,0.10211143280841749,0.10204081632653061,0.9663082457628336,0.9663082455809145,0.17887402535089408,0.21492719643461,0.00034590107229332803,0.0,,,,,,,0.19744368335569523,0.46359720358731726,0.9345547752171853,0.9345547750412443,,,,,
4,0.25,123,3,pcg64,128,128,4,1.5707963267948966,0.25,0.21127031672360821,0.21127031676338237,0.21071958195042723,0.10507732504766612,0.1056422569027611,0.9973932221917313,0.9973932220039602,0.17975050281839977,0.21601534646893392,0.0026809651474531135,0.0,,,,,,,0.203093001906645,0.4650095332250547,0.9612945398872049,0.9612945397062297,,,,,
4,0.25,2023,0,pcg64,128,128,4,1.5707963267948966,0.25,0.21127031672360821,0.21127031676338237,0.20740060730174423,0.10387684485558929,0.10352376244615494,0.9816836104480948,0.9816836102632812,0.17574293124688659,0.21019060481725,0.0017024174327544637,0.0,,,,,,,,,,,0.2090247863851423,0.20789492267495233,0.007831120190670775,0.002383384405856276,
4,0.25,2023,1,pcg64,128,128,4,1.5707963267948966,0.25,0.21127031672360821,0.21127031676338237,0.21057834898665348,0.10528917449332674,0.10528917449332674,0.9967247280749809,0.9967247278873356,0.17574159468966968,0.21070352525222608,0.0,0.0,,,,,,,,,,,0.2087423204575948,0.21142574676929596,0.008718980549966433,0.004024144869215337,
4,0.25,2023,2,pcg64,128,128,4,1.5707963267948966,0.25,0.21127031672360821,0.21127031676338237,0.2084598545300473,0.10444177671068428,0.10401807781936304,0.9866973163237235,0.986697316137966,0.1750798952248775,0.21043241919788583,0.0020325203252032752,0.0,,,,,,,,,,,0.2087423204575948,0.20549396229079867,0.0013550135501355167,0.014227642276422791,
4,0.25,2023,3,pcg64,128,128,4,1.5707963267948966,0.25,0.21127031672360821,0.21127031676338237,0.21093143139608786,0.10543040745710049,0.10550102393898736,0.9983959633668572,0.9983959631788972,0.17603363182186257,0.21123879734327672,0.0003347840642785441,0.0,,,,,,,,,,,0.20789492267495233,0.20740060730174423,0.014395714763977331,0.016739203213927075,
4,0.25,314159,0,pcg64,128,128,4,1.5707963267948966,0.25,0.21127031672360821,0.21127031676338237,0.2141091730809971,0.10670150413106419,0.10740766894993291,1.0134370809937432,1.0134370808029516,0.17357691123427788,0.20858530867476927,0.003298153034300764,0.0,,,,,,,0.20683567544664924,0.46352658710543043,0.9790096339810929,0.9790096337967826,,,,,
4,0.25,314159,1,pcg64,128,128,4,1.5707963267948966,0.25,0.21127031672360821,0.21127031676338237,0.2056351952545724,0.10302944707294683,0.10260574818162559,0.9733274339887137,0.9733274338054733,0.1745361107803034,0.20924496707852108,0.002060439560439584,0.0,,,,,,,0.20069204152249134,0.45575877409787446,0.9499301399024466,0.9499301397236108,,,,,
4,0.25,314159,2,pcg64,128,128,4,1.5707963267948966,0.25,0.21127031672360821,0.21127031676338237,0.2093072523126898,0.10430054374691053,0.10500670856577925,0.9907082810242265,0.9907082808377139,0.17504823243744,0.20979028947266987,0.003373819163292819,0.0,,,,,,,0.20125697337758633,0.4552644587246663,0.9526041163694485,0.9526041161901094,,,,,
4,0.25,314159,3,pcg64,128,128,4,1.5707963267948966,0.25,0.21127031672360821,0.21127031676338237,0.2154508862368477,0.1079726008050279,0.10747828543181978,1.0197877751028728,1.0197877749108857,0.17491895171616342,0.20973643398127773,0.002294329727958072,0.0,,,,,,,0.20718875785608362,0.45646493891674317,0.9806808692729692,0.9806808690883443,,,,,
4,0.25,271828,0,pcg64,128,128,4,1.5707963267948966,0.25,0.21127031672360821,0.21127031676338237,0.20704752489230988,0.10366499540992868,0.10338252948238119,0.9800123751562186,0.9800123749717197,0.17537372434076698,0.21029053491262348,0.0013642564802182964,0.0,,,,,,,,,,,,,,,
4,0.25,271828,1,pcg64,128,128,4,1.5707963267948966,0.25,0.21127031672360821,0.21127031676338237,0.20436409858060872,0.10225266577219123,0.10211143280841749,0.9673109869379594,0.9673109867558515,0.17603357957918156,0.2112395118694866,0.0006910850034554328,0.0,,,,,,,,,,,,,,,
4,0.25,271828,2,pcg64,128,128,4,1.5707963267948966,0.25,0.21127031672360821,0.21127031676338237,0.20704752489230988,0.10338252948238119,0.10366499540992868,0.9800123751562186,0.9800123749717197,0.17663202894228527,0.21200366923684802,0.0013642564802182964,0.0,,,,,,,,,,,,,,,
4,0.25,271828,3,pcg64,128,128,4,1.5707963267948966,0.25,0.21127031672360821,0.21127031676338237,0.20535272932702492,0.10260574818162559,0.10274698114539933,0.9719904457552128,0.9719904455722239,0.1774236136883987,0.21275083478236476,0.0006877579092159638,0.0,,,,,,,,,,,,,,,
6,0.25,42,0,pcg64,192,192,4,1.0471975511965976,0.16666666666666666,0.0938979185615301,0.09389791856150327,0.09534474006390158,0.04756785810266057,0.047776881961241004,1.0154084512685273,1.0154084512688173,0.08544478307211477,0.09254364535332728,0.002192295646727239,0.0,0.7560686059250127,2.4127272869006258,2.993616603263905,0.02106511780104712,0.0020178883071553227,3.141248020311334,0.09429962077099943,0.22795544805757115,1.0042780736316972,1.004278073631984,0.09549404282003046,0.0961808354982233,0.0015659254619480902,0.008769182586908956,
6,0.25,42,1,pcg64,192,192,4,1.0471975511965976,0.16666666666666666,0.0938979185615301,0.09389791856150327,0.09435934187345098,0.0474185553465317,0.046940786526919284,1.0049140952109445,1.0049140952112317,0.08790443447258485,0.09519016225001783,0.005063291139240571,0.0,0.7541112930343641,2.3947270672972074,2.9833026479575286,0.019742582897033158,0.0023451134380453754,3.1412975687399354,0.0933739436830004,0.22664158380363703,0.994419739153362,0.9944197391536461,0.09546418226880468,0.09552390337125623,0.011708860759493732,0.01234177215189874,
6,0.25,42,2,pcg64,192,192,4,1.0471975511965976,0.16666666666666666,0.0938979185615301,0.09389791856150327,0.09304547761951686,0.0464331571560811,0.046612320463435754,0.9909216204675011,0.9909216204677842,0.08683571021383348,0.09415995879690765,0.0019255455712451639,0.0,0.7544123962731143,2.405767222218861,2.994396419612385,0.020724258289703316,0.002045157068062827,3.1412450254873288,0.09200035832661471,0.22816447191615158,0.9797912428306711,0.979791242830951,0.09262742990235599,0.09280659320971064,0.0044929396662388155,0.002567394094993651,
6,0.25,42,3,pcg64,192,192,4,1.0471975511965976,0.16666666666666666,0.0938979185615301,0.09389791856150327,0.09415031801487056,0.047149810385499716,0.04700050762937084,1.0026880196835788,1.0026880196838652,0.08747674040056325,0.0948423861068113,0.001585791309863628,0.0,0.7567519211126705,2.4073659666611,2.9809189408061507,0.019606239092495637,0.002099694589877836,3.1415833542144727,0.09334408313177461,0.2287616829406671,0.9941017283637383,0.9941017283640223,0.09423989966854789,0.09391143360506435,0.000951474785918162,0.002537266095781864,
6,0.25,7,0,pcg64,192,192,4,1.0471975511965976,0.16666666666666666,0.0938979185615301,0.09389791856150327,0.09412045746364478,0.046821344322016185,0.047299113141628595,1.002370008893955,1.0023700088942413,0.08623671321577683,0.09345550649045703,0.0050761421319796855,0.0,,,,,,,,,,,0.09489683179551495,0.09444892352712832,0.008248730964467007,0.0034898477157360983,
6,0.25,7,1,pcg64,192,192,4,1.0471975511965976,0.16666666666666666,0.0938979185615301,0.09389791856150327,0.09283645376093642,0.046343575502403776,0.046492878258532655,0.9886955449401351,0.9886955449404176,0.08787295164020029,0.0953144905308928,0.0016082341588935412,0.0,,,,,,,,,,,0.09361282809280659,0.09340380423422616,0.008362817626246384,0.006111289803795412,
6,0.25,7,2,pcg64,192,192,4,1.0471975511965976,0.16666666666666666,0.0938979185615301,0.09389791856150327,0.09194063722416315,0.045985248887694466,0.04595538833646869,0.9791552212514235,0.9791552212517033,0.08587693658034118,0.09311847054879958,0.0003247807729782108,0.0,,,,,,,,,,,0.09146286840455074,0.09083579682880946,0.005196492367651825,0.012016888600194781,
6,0.25,7,3,pcg64,192,192,4,1.0471975511965976,0.16666666666666666,0.0938979185615301,0.09389791856150327,0.09259756935113023,0.046313714951177996,0.04628385439995222,0.9861514586231455,0.9861514586234271,0.08673952466964165,0.09401726550838269,0.000322476620444989,0.0,,,,,,,,,,,0.09265729045358177,0.09271701155603332,0.000644953240889978,0.001289906481779956,
6,0.25,123,0,pcg64,192,192,4,1.0471975511965976,0.16666666666666666,0.0938979185615301,0.09389791856150327,0.09307533817074264,0.04667204156588731,0.04640329660485532,0.9912396312571249,0.9912396312574081,0.086273433362545,0.09356922320314204,0.0028873917228104356,0.0,,,,,,,0.09214966108274358,0.22395413419331722,0.9813812967787896,0.9813812967790699,,,,,
6,0.25,123,1,pcg64,192,192,4,1.0471975511965976,0.16666666666666666,0.0938979185615301,0.09389791856150327,0.09229896383887247,0.04616441219504912,0.046134551643823345,0.9829713507269082,0.9829713507271891,0.08719851412574708,0.09452963727178097,0.0003235198964736043,0.0,,,,,,,0.09134342619964765,0.2247006479739616,0.9727950054589494,0.9727950054592273,,,,,
6,0.25,123,2,pcg64,192,192,4,1.0471975511965976,0.16666666666666666,0.0938979185615301,0.09389791856150327,0.09304547761951686,0.046492878258532655,0.0465525993609842,0.9909216204675011,0.9909216204677842,0.08512985626252945,0.09224012364729858,0.0006418485237483382,0.0,,,,,,,0.09206007942906626,0.22732837648182985,0.9804272644099185,0.9804272644101986,,,,,
6,0.25,123,3,pcg64,192,192,4,1.0471975511965976,0.16666666666666666,0.0938979185615301,0.09389791856150327,0.09528501896145003,0.04756785810266057,0.04771716085878945,1.01477242968928,1.0147724296895697,0.08700573864366823,0.0942702831617636,0.0015669069257286177,0.0,,,,,,,0.09453850518080564,0.22867210128698975,1.006822159948687,1.0068221599489746,,,,,
6,0.25,2023,0,pcg64,192,192,4,1.0471975511965976,0.16666666666666666,0.0938979185615301,0.09389791856150327,0.0931051987219684,0.046642181014661534,0.046463017707306875,0.9915576420467485,0.9915576420470318,0.08612904733548855,0.09329723694141001,0.0019243104554201936,0.0,,,,,,,,,,,0.09328436202932307,0.09391143360506435,0.001924310455420268,0.008659397049390683,
6,0.25,2023,1,pcg64,192,192,4,1.0471975511965976,0.16666666666666666,0.0938979185615301,0.09389791856150327,0.09662874376660993,0.04834423243453074,0.04828451133207919,1.029082915222347,1.029082915222641,0.0863441385773164,0.09355242987117829,0.0006180469715697843,0.0,,,,,,,,,,,0.0964197199080295,0.09612111439577174,0.0021631644004944605,0.005253399258343669,
6,0.25,2023,2,pcg64,192,192,4,1.0471975511965976,0.16666666666666666,0.0938979185615301,0.09389791856150327,0.0918809161217116,0.04592552778524291,0.04595538833646869,0.9785191996721762,0.9785191996724557,0.08664472028635,0.09393121307329584,0.0003249918752031665,0.0,,,,,,,,,,,0.0915225895070023,0.09220938218519514,0.003899902502437394,0.0035749106272343783,
6,0.25,2023,3,pcg64,192,192,4,1.0471975511965976,0.16666666666666666,0.0938979185615301,0.09389791856150327,0.09474752903938606,0.0474185553465317,0.04732897369285437,1.0090482354760528,1.0090482354763413,0.08689946224590066,0.09425064619529304,0.0009454774661204531,0.0,,,,,,,,,,,0.09468780793693451,0.09435934187345098,0.0006303183107468711,0.004097069019855028,
6,0.25,314159,0,pcg64,192,192,4,1.0471975511965976,0.16666666666666666,0.0938979185615301,0.09389791856150327,0.09262742990235599,0.04604496999014602,0.04658245991220998,0.986469469412769,0.9864694694130509,0.08736747179855302,0.09470755695418043,0.005802707930367513,0.0,,,,,,,0.09128370509719609,0.22174445340260981,0.9721589838797018,0.9721589838799796,,,,,
6,0.25,314159,1,pcg64,192,192,4,1.0471975511965976,0.16666666666666666,0.0938979185615301,0.09389791856150327,0.09394129415629013,0.04688106542446774,0.04706022873182239,1.0004619441562126,1.0004619441564986,0.08544127987000699,0.09265122508090873,0.0019071837253655213,0.0,,,,,,,0.09289617486338798,0.22655200214995969,0.9893315665193826,0.9893315665196653,,,,,
6,0.25,314159,2,pcg64,192,192,4,1.0471975511965976,0.16666666666666666,0.0938979185615301,0.09389791856150327,0.09364268864403237,0.04685120487324196,0.046791483770790405,0.9972818362599755,0.9972818362602603,0.08775599548658262,0.09507477779771596,0.0006377551020408336,0.0,,,,,,,0.09253784824867867,0.22565618561318643,0.9855154370438979,0.9855154370441794,,,,,
6,0.25,314159,3,pcg64,192,192,4,1.0471975511965976,0.16666666666666666,0.0938979185615301,0.09389791856150327,0.09370240974648392,0.046940786526919284,0.04676162321956463,0.9979178578392228,0.9979178578395079,0.08662060317728122,0.09385686536937887,0.0019120458891013162,0.0,,,,,,,0.09277673265848488,0.22305831765654394,0.9880595233608878,0.98805952336117,,,,,
6,0.25,271828,0,pcg64,192,192,4,1.0471975511965976,0.16666666666666666,0.0938979185615301,0.09389791856150327,0.09465794738570874,0.0474185553465317,0.04723939203917704,1.0080942031071818,1.0080942031074698,0.08474816812382545,0.09172000691421874,0.0018927444794953196,0.0,,,,,,,,,,,,,,,
6,0.25,271828,1,pcg64,192,192,4,1.0471975511965976,0.16666666666666666,0.0938979185615301,0.09389791856150327,0.0937322702977097,0.04673176266833886,0.04700050762937084,0.9982358686288466,0.9982358686291318,0.08454770285579458,0.09152564943789301,0.002867155144950588,0.0,,,,,,,,,,,,,,,
6,0.25,271828,2,pcg64,192,192,4,1.0471975511965976,0.16666666666666666,0.0938979185615301,0.09389791856150327,0.0918809161217116,0.045806085580339814,0.04607483054137179,0.9785191996721762,0.9785191996724557,0.08716148377327895,0.09444037951339658,0.0029249268768280455,0.0,,,,,,,,,,,,,,,
6,0.25,271828,3,pcg64,192,192,4,1.0471975511965976,0.16666666666666666,0.0938979185615301,0.09389791856150327,0.09462808683448297,0.047299113141628595,0.04732897369285437,1.007776192317558,1.007776192317846,0.08461395762726498,0.09154488597590606,0.00031555695803089646,0.0,,,,,,,,,,,,,,,
8,0.25,42,0,pcg64,256,256,4,0.7853981633974483,0.125,0.0528175791908607,0.05281757919084559,0.05212345719484011,0.025897818354668985,0.026225638840171123,0.9868581255208172,0.9868581255210994,0.05012845607513767,0.05243871394956156,0.0062893081761006085,0.0,0.570401708971191,1.965971961957057,2.8636222574420467,0.011289828431372549,0.0011642156862745098,3.1415670793434765,0.05192676490353882,0.1305872903997771,0.9831341325943235,0.9831341325946046,0.052402104607516924,0.051828418757888184,0.005345911949685498,0.005660377358490534,
8,0.25,42,1,pcg64,256,256,4,0.7853981633974483,0.125,0.0528175791908607,0.05281757919084559,0.05297579045714567,0.02638954908292219,0.026586241374223475,1.0029954282022897,1.0029954282025766,0.05062215220878741,0.05299833184773718,0.003712871287128714,0.0,0.5712266002463161,1.9770176591878348,2.863506042485687,0.011266850490196078,0.0011412377450980393,3.1412158180750667,0.05272992509301906,0.13260338638561522,0.9983404370441725,0.9983404370444581,0.052943008408595456,0.052713534068743954,0.0006188118811881299,0.004950495049505039,
8,0.25,42,2,pcg64,256,256,4,0.7853981633974483,0.125,0.0528175791908607,0.05281757919084559,0.052943008408595456,0.026438722155747513,0.02650428625284794,1.0023747627145407,1.0023747627148274,0.04962047369386087,0.05192641022252006,0.0012383900928792137,0.0,0.5693696110685567,1.9637548973217487,2.858541015208112,0.011159620098039216,0.0010799632352941177,3.141592158196524,0.052713534068743954,0.1297185661131964,0.998030104300298,0.9980301043005835,0.05286105328721992,0.052762707141569276,0.001547987616099099,0.003405572755418018,
8,0.25,42,3,pcg64,256,256,4,0.7853981633974483,0.125,0.0528175791908607,0.05281757919084559,0.05272992509301906,0.02634037601009687,0.02638954908292219,0.9983404370441725,0.9983404370444581,0.050187322440998196,0.052491726349068825,0.0009325458501709835,0.0,0.5707636075572151,1.9676957512642173,2.86755753515546,0.011412377450980392,0.0011488970588235295,3.1412603981572,0.05246766870461735,0.13163631595338393,0.9933751131421811,0.9933751131424652,0.052451277680342245,0.05199232900063925,0.005284426484302109,0.01398818775256449,
8,0.25,7,0,pcg64,256,256,4,0.7853981633974483,0.125,0.0528175791908607,0.05281757919084559,0.052713534068743954,0.02638954908292219,0.026323984985821763,0.998030104300298,0.9980301043005835,0.05030562202623427,0.052653458014696036,0.0012437810945273857,0.0,,,,,,,,,,,0.05269714304446885,0.05269714304446885,0.00031094527363184643,0.00031094527363184643,
8,0.25,7,1,pcg64,256,256,4,0.7853981633974483,0.125,0.0528175791908607,0.05281757919084559,0.052647969971643525,0.026307593961546655,0.02634037601009687,0.9967887733248001,0.9967887733250852,0.050096965055005764,0.05245423945956868,0.0006226650062266613,0.0,,,,,,,,,,,0.05261518792309331,0.05277909816584438,0.0006226650062266613,0.0024906600249066453,
8,0.25,7,2,pcg64,256,256,4,0.7853981633974483,0.125,0.0528175791908607,0.05281757919084559,0.053647822452425054,0.026848497762625188,0.026799324689799866,1.015719070701143,1.0157190707014334,0.05084438707493472,0.05324303461813295,0.0009165902841430046,0.0,,,,,,,,,,,0.054073989083577835,0.053893687816551655,0.007943782462572577,0.0045829514207148935,
8,0.25,7,3,pcg64,256,256,4,0.7853981633974483,0.125,0.0528175791908607,0.05281757919084559,0.05392646986510187,0.026963234932550935,0.026963234932550935,1.0209947273470088,1.020994727347301,0.05084854144869887,0.053199851036242446,0.0,0.0,,,,,,,,,,,0.05381173269517612,0.053631431428149946,0.0021276595744681233,0.0054711246200607605,
8,0.25,123,0,pcg64,256,256,4,0.7853981633974483,0.125,0.0528175791908607,0.05281757919084559,0.05312330967562163,0.02650428625284794,0.02661902342277369,1.0057884228971599,1.0057884228974474,0.05055288462888097,0.05291661826506347,0.002159827213822933,0.0,,,,,,,0.052943008408595456,0.13134127751643201,1.0023747627145407,1.0023747627148274,,,,,
8,0.25,123,1,pcg64,256,256,4,0.7853981633974483,0.125,0.0528175791908607,0.05281757919084559,0.0525824058745431,0.026373158058647084,0.026209247815896015,0.9955474423493024,0.9955474423495871,0.05025850213226306,0.052592963290613096,0.003117206982543631,0.0,,,,,,,0.052402104607516924,0.13122654034650624,0.9921337821666831,0.9921337821669669,,,,,
8,0.25,123,2,pcg64,256,256,4,0.7853981633974483,0.125,0.0528175791908607,0.05281757919084559,0.05284466226294481,0.02650428625284794,0.02634037601009687,1.0005127662512938,1.00051276625158,0.050069390927408926,0.05235307121866709,0.003101736972704705,0.0,,,,,,,0.05259879689881821,0.12983330328312218,0.9958577750931769,0.9958577750934616,,,,,
8,0.25,123,3,pcg64,256,256,4,0.7853981633974483,0.125,0.0528175791908607,0.05281757919084559,0.053024963529970985,0.026602632398498582,0.026422331131472406,1.003926426433913,1.0039264264342,0.048918061379648554,0.05117544772586425,0.0034003091190108153,0.0,,,,,,,0.0528118802143946,0.12999721352587323,0.9998921007635448,0.9998921007638308,,,,,
8,0.25,2023,0,pcg64,256,256,4,0.7853981633974483,0.125,0.0528175791908607,0.05281757919084559,0.05356586733104952,0.02678293366552476,0.02678293366552476,1.0141674069817705,1.0141674069820605,0.051122364932229714,0.05348341782819278,0.0,0.0,,,,,,,,,,,0.05338556606402334,0.05348391220967398,0.0033659730722154827,0.0015299877600979468,
8,0.25,2023,1,pcg64,256,256,4,0.7853981633974483,0.125,0.0528175791908607,0.05281757919084559,0.05361504040387484,0.026799324689799866,0.026815715714074973,1.015098405213394,1.0150984052136842,0.05041487526357075,0.0527700978395078,0.0003057169061449153,0.0,,,,,,,,,,,0.05330361094264781,0.05335278401547313,0.005808621216753262,0.004891470498318516,
8,0.25,2023,2,pcg64,256,256,4,0.7853981633974483,0.125,0.0528175791908607,0.05281757919084559,0.05212345719484011,0.026061728597420054,0.026061728597420054,0.9868581255208172,0.9868581255210994,0.049773095149385216,0.05210771140473835,0.0,0.0,,,,,,,,,,,0.05217263026766543,0.052385713583241816,0.0009433962264151113,0.00503144654088046,
8,0.25,2023,3,pcg64,256,256,4,0.7853981633974483,0.125,0.0528175791908607,0.05281757919084559,0.052336540510416495,0.026045337573144946,0.02629120293727155,0.9908924511911852,0.9908924511914686,0.05016067815747734,0.05247628659569618,0.004697776385844052,0.0,,,,,,,,,,,0.052205412316215644,0.05228736743759117,0.0025054807391167305,0.0009395552771688237,
8,0.25,314159,0,pcg64,256,256,4,0.7853981633974483,0.125,0.0528175791908607,0.05281757919084559,0.05312330967562163,0.02650428625284794,0.02661902342277369,1.0057884228971599,1.0057884228974474,0.05001213792087982,0.05236944790074947,0.002159827213822933,0.0,,,,,,,0.05291022636004524,0.13122654034650624,1.0017540972267918,1.0017540972270782,,,,,
8,0.25,314159,1,pcg64,256,256,4,0.7853981633974483,0.125,0.0528175791908607,0.05281757919084559,0.051320297005359866,0.025668344014817487,0.02565195299054238,0.971651821070968,0.9716518210712459,0.050346031659633105,0.0526903080107471,0.0003193867773874219,0.0,,,,,,,0.05105804061695816,0.12896457899654148,0.9666864971689766,0.966686497169253,,,,,
8,0.25,314159,2,pcg64,256,256,4,0.7853981633974483,0.125,0.0528175791908607,0.05281757919084559,0.05204150207346457,0.02602894654886984,0.026012555524594732,0.9853064618014448,0.9853064618017265,0.051011440289946114,0.05338052981032551,0.0003149606299212655,0.0,,,,,,,0.0518775918307135,0.12886623285089085,0.9822031343627,0.9822031343629809,,,,,
8,0.25,314159,3,pcg64,256,256,4,0.7853981633974483,0.125,0.0528175791908607,0.05281757919084559,0.053205264796997165,0.026651805471323904,0.02655345932567326,1.0073400866165323,1.0073400866168203,0.049579515744420995,0.05186323795932095,0.001848428835489867,0.0,,,,,,,0.05295939943287056,0.13011195069579898,1.0026850954584152,1.0026850954587019,,,,,
8,0.25,271828,0,pcg64,256,256,4,0.7853981633974483,0.125,0.0528175791908607,0.05281757919084559,0.05361504040387484,0.026864888786900295,0.026750151616974544,1.015098405213394,1.0150984052136842,0.05015628988624689,0.05241933082156344,0.0021400183430144073,0.0,,,,,,,,,,,,,,,
8,0.25,271828,1,pcg64,256,256,4,0.7853981633974483,0.125,0.0528175791908607,0.05281757919084559,0.05379534167090101,0.026963234932550935,0.02683210673835008,1.0185120653960131,1.0185120653963045,0.050517387842568644,0.05283620386828963,0.0024375380865325814,0.0,,,,,,,,,,,,,,,
8,0.25,271828,2,pcg64,256,256,4,0.7853981633974483,0.125,0.0528175791908607,0.05281757919084559,0.05232014948614139,0.0261764657673458,0.026143683718795586,0.9905821184473107,0.990582118447594,0.050540742130700284,0.05287381492880993,0.0006265664160401116,0.0,,,,,,,,,,,,,,,
8,0.25,271828,3,pcg64,256,256,4,0.7853981633974483,0.125,0.0528175791908607,0.05281757919084559,0.052025111049189464,0.025996164500319625,0.02602894654886984,0.9849961290575703,0.984996129057852,0.05002352581120675,0.05228909444860235,0.0006301197227473333,0.0,,,,,,,,,,,,,,,
12,0.25,42,0,pcg64,384,384,6,0.5235987755982988,0.08333333333333333,0.023474479640382524,0.023474479640375818,0.023219825488044986,0.011602647466961153,0.011617178021083833,0.9891518723209751,0.9891518723212578,0.02319590984568638,0.023671774868435403,0.0006257822277846883,0.0,0.38321260025798737,1.3133052029373637,2.5331894098647845,0.0049261586161879894,0.0005439512619669277,3.141432041125496,0.02315443799449292,0.058994049738086765,0.9863664008407221,0.9863664008410039,0.023328804643965098,0.023270682427474373,0.004693366708385536,0.002190237797246633,
12,0.25,42,1,pcg64,384,384,6,0.5235987755982988,0.08333333333333333,0.023474479640382524,0.023474479640375818,0.023692068497032134,0.011871462718230759,0.011820605778801374,1.009269166345025,1.0092691663453135,0.023065397648856466,0.023536744055663958,0.0021465808034345293,0.0,0.3827510996607782,1.3213174206521847,2.546773313510319,0.005187935161009573,0.0005337521758050479,3.141238642260479,0.023677537942909454,0.05957527190299402,1.0086501726827466,1.0086501726830348,0.02363394628054141,0.0237574559905842,0.0024532352039251556,0.002759889604415855,
12,0.25,42,2,pcg64,384,384,6,0.5235987755982988,0.08333333333333333,0.023474479640382524,0.023474479640375818,0.023888230977688333,0.011915054380598804,0.01197317659708953,1.0176255807857841,1.017625580786075,0.023495391736752823,0.02396425877218024,0.00243309002433088,0.0,0.3833919230065592,1.3208670191324603,2.53767227468013,0.005068945822454308,0.0004997552219321149,3.141494721378902,0.023859169869442972,0.06021461628439201,1.0163875934612274,1.0163875934615176,0.023742925436461518,0.02383737403825895,0.006082725060827272,0.0021289537712894653,
12,0.25,42,3,pcg64,384,384,6,0.5235987755982988,0.08333333333333333,0.023474479640382524,0.023474479640375818,0.022951010236775378,0.01147187247985702,0.01147913775691836,0.9777004895688237,0.977700489569103,0.022817737959763964,0.023269241151696887,0.0003165558721114061,0.0,0.3809310827206434,1.2936149742676573,2.538210614052985,0.0051981342471714535,0.0005065546127067014,3.141419940918145,0.02292921440559136,0.05780980957708822,0.9767719990754061,0.9767719990756851,0.023001867176204765,0.023023663007388787,0.0022158911047800694,0.0031655587211143633,
12,0.25,7,0,pcg64,384,384,6,0.5235987755982988,0.08333333333333333,0.023474479640382524,0.023474479640375818,0.023561293509928,0.011747953008187968,0.011813340501740034,1.0036982233845189,1.0036982233848057,0.022826646368963113,0.023293706066156165,0.002775208140610504,0.0,,,,,,,,,,,0.023495906016375936,0.023539497678743977,0.0027752081406104303,0.0009250693802035259,
12,0.25,7,1,pcg64,384,384,6,0.5235987755982988,0.08333333333333333,0.023474479640382524,0.023474479640375818,0.0233651310292718,0.011638973852267856,0.011726157177003945,0.9953418089437598,0.9953418089440441,0.023368457442931763,0.023845288162127023,0.0037313432835821324,0.0,,,,,,,,,,,0.02337966158339448,0.023437783799885207,0.0006218905472636392,0.0031094527363183444,
12,0.25,7,2,pcg64,384,384,6,0.5235987755982988,0.08333333333333333,0.023474479640382524,0.023474479640375818,0.023270682427474373,0.011624443298145175,0.011646239129329198,0.9913183501389499,0.9913183501392331,0.023024288372925573,0.02348578245545873,0.0009366219169528674,0.0,,,,,,,,,,,0.023321539366903756,0.023336069921026437,0.0021854511395565913,0.002809865750858453,
12,0.25,7,3,pcg64,384,384,6,0.5235987755982988,0.08333333333333333,0.023474479640382524,0.023474479640375818,0.023219825488044986,0.011624443298145175,0.011595382189899812,0.9891518723209751,0.9891518723212578,0.02294706828851676,0.02342823588803516,0.0012515644555694512,0.0,,,,,,,,,,,0.0233651310292718,0.023314274089842418,0.006257822277847331,0.004067584480600847,
12,0.25,123,0,pcg64,384,384,6,0.5235987755982988,0.08333333333333333,0.023474479640382524,0.023474479640375818,0.02324162131922901,0.011602647466961153,0.011638973852267856,0.9900803628143928,0.9900803628146757,0.023075039235439895,0.023540081827610557,0.0015629884338855574,0.0,,,,,,,0.023219825488044986,0.05996033158724508,0.9891518723209751,0.9891518723212578,,,,,
12,0.25,123,1,pcg64,384,384,6,0.5235987755982988,0.08333333333333333,0.023474479640382524,0.023474479640375818,0.023590354618173364,0.011798809947617353,0.011791544670556011,1.0049362107090758,1.004936210709363,0.023442699524869916,0.02392349047279427,0.00030797659377892534,0.0,,,,,,,0.02356855878698934,0.05925559971229503,1.004007720215658,1.004007720215945,,,,,
12,0.25,123,2,pcg64,384,384,6,0.5235987755982988,0.08333333333333333,0.023474479640382524,0.023474479640375818,0.0233651310292718,0.011668034960513218,0.011697096068758583,0.9953418089437598,0.9953418089440441,0.023193142525441957,0.023668594202948312,0.001243781094527427,0.0,,,,,,,0.023328804643965098,0.05856539839146766,0.9937943247880636,0.9937943247883476,,,,,
12,0.25,123,3,pcg64,384,384,6,0.5235987755982988,0.08333333333333333,0.023474479640382524,0.023474479640375818,0.023510436570498616,0.011769748839371989,0.011740687731126626,1.0015317455665445,1.0015317455668304,0.022935234974250523,0.023403001759950484,0.001236093943139668,0.0,,,,,,,0.02345231435400789,0.05895045807571872,0.9990557709174306,0.999055770917716,,,,,
12,0.25,2023,0,pcg64,384,384,6,0.5235987755982988,0.08333333333333333,0.023474479640382524,0.023474479640375818,0.023089050500940855,0.011529994696347745,0.011559055804593108,0.9835809293604691,0.9835809293607501,0.02286288980261452,0.02332482392261715,0.001258653241032085,0.0,,,,,,,,,,,0.023089050500940855,0.02315443799449292,0.0,0.002831969792322097,
12,0.25,2023,1,pcg64,384,384,6,0.5235987755982988,0.08333333333333333,0.023474479640382524,0.023474479640375818,0.023190764379799625,0.011609912744022493,0.01158085163577713,0.9879138849964183,0.9879138849967006,0.022772951401436533,0.02322875928605776,0.0012531328320801898,0.0,,,,,,,,,,,0.02327794770453571,0.023321539366903756,0.0037593984962404946,0.005639097744360817,
12,0.25,2023,2,pcg64,384,384,6,0.5235987755982988,0.08333333333333333,0.023474479640382524,0.023474479640375818,0.023285212981597053,0.011668034960513218,0.011617178021083833,0.9919373438012282,0.9919373438015117,0.022872553304391155,0.023333535302248996,0.00218408736349454,0.0,,,,,,,,,,,0.023183499102738283,0.023089050500940855,0.00436817472698908,0.008424336973478887,
12,0.25,2023,3,pcg64,384,384,6,0.5235987755982988,0.08333333333333333,0.023474479640382524,0.023474479640375818,0.023503171293437274,0.011762483562310648,0.011740687731126626,1.001222248735405,1.0012222487356912,0.022942431973725818,0.02339844476343664,0.0009273570324575068,0.0,,,,,,,,,,,0.02365574211172543,0.02361941572641873,0.006491499227202547,0.004945904173106752,
12,0.25,314159,0,pcg64,384,384,6,0.5235987755982988,0.08333333333333333,0.023474479640382524,0.023474479640375818,0.023641211557602747,0.011820605778801374,0.011820605778801374,1.0071026885270504,1.0071026885273382,0.022839856829937843,0.023293947502053738,0.0,0.0,,,,,,,0.023575824064050684,0.0591611511104976,1.0043172170467976,1.0043172170470844,,,,,
12,0.25,314159,1,pcg64,384,384,6,0.5235987755982988,0.08333333333333333,0.023474479640382524,0.023474479640375818,0.023415987968701188,0.0116825655146359,0.011733422454065286,0.9975082867617344,0.9975082867620194,0.023203568294450583,0.02367894022708976,0.0021718895439031957,0.0,,,,,,,0.023394192137517165,0.058500010897915594,0.9965797962683167,0.9965797962686015,,,,,
12,0.25,314159,2,pcg64,384,384,6,0.5235987755982988,0.08333333333333333,0.023474479640382524,0.023474479640375818,0.023052724115634148,0.011544525250470427,0.011508198865163723,0.9820334452047729,0.9820334452050534,0.02261564000593721,0.023059080482981886,0.001575795776867361,0.0,,,,,,,0.02303092828445013,0.05843462340436353,0.9811049547113553,0.9811049547116356,,,,,
12,0.25,314159,3,pcg64,384,384,6,0.5235987755982988,0.08333333333333333,0.023474479640382524,0.023474479640375818,0.023423253245762526,0.011711626622881263,0.011711626622881263,0.9978177835928735,0.9978177835931586,0.02322648461800678,0.02368840659684879,0.0,0.0,,,,,,,0.023401457414578504,0.05910302889400687,0.9968892930994558,0.9968892930997407,,,,,
12,0.25,271828,0,pcg64,384,384,6,0.5235987755982988,0.08333333333333333,0.023474479640382524,0.023474479640375818,0.023742925436461518,0.011835136332924056,0.011907789103537464,1.0114356441629997,1.0114356441632886,0.02333356299628828,0.023796662896463087,0.0030599755201958494,0.0,,,,,,,,,,,,,,,
12,0.25,271828,1,pcg64,384,384,6,0.5235987755982988,0.08333333333333333,0.023474479640382524,0.023474479640375818,0.02361941572641873,0.011820605778801374,0.011798809947617353,1.006174198033633,1.0061741980339203,0.022775161015831408,0.023234372355341752,0.0009227929867732375,0.0,,,,,,,,,,,,,,,
12,0.25,271828,2,pcg64,384,384,6,0.5235987755982988,0.08333333333333333,0.023474479640382524,0.023474479640375818,0.023677537942909454,0.011842401609985396,0.011835136332924056,1.0086501726827466,1.0086501726830348,0.023384007995168266,0.023874106167260035,0.0003068425897514366,0.0,,,,,,,,,,,,,,,
12,0.25,271828,3,pcg64,384,384,6,0.5235987755982988,0.08333333333333333,0.023474479640382524,0.023474479640375818,0.023328804643965098,0.011631708575206515,0.011697096068758583,0.9937943247880636,0.9937943247883476,0.023057433274726286,0.02353128548701777,0.0028028651510433205,0.0,,,,,,,,,,,,,,,
16,0.25,42,0,pcg64,512,512,8,0.39269908169872414,0.0625,0.013204394797715175,0.013204394797711398,0.013280277522701766,0.006636057545148454,0.006644219977553311,1.005746777959087,1.0057467779593745,0.013300025342708669,0.013454647217052251,0.0006146281499692679,0.0,0.28810865492715393,0.9589890541754191,2.145367742504822,0.002746223703522505,0.00028857326320939333,3.1407032329989937,0.013272115090296908,0.03349454137332925,1.0051286176776122,1.0051286176778997,0.013308846036118763,0.013329252117130905,0.002151198524892405,0.0036877688998156076,
16,0.25,42,1,pcg64,512,512,8,0.39269908169872414,0.0625,0.013204394797715175,0.013204394797711398,0.013361901846750332,0.006668707274767881,0.0066931945719824505,1.0119283807738324,1.0119283807741217,0.013135764569226134,0.01328241794469905,0.00183262064752596,0.0,0.28772343928036376,0.9582548376153673,2.15051607092307,0.002780623165362035,0.00033635029354207435,3.1414384322490143,0.013349658198143047,0.03334761759004183,1.0110011403516206,1.0110011403519097,0.013370064279155188,0.013370064279155188,0.0006108735491752551,0.0006108735491752551,
16,0.25,42,2,pcg64,512,512,8,0.39269908169872414,0.0625,0.013204394797715175,0.013204394797711398,0.01309662279359249,0.006542189572492603,0.006554433221099888,0.9918381716259096,0.9918381716261933,0.013399388727186516,0.013551657067494748,0.0009348706762230883,0.0,0.2869220944821993,0.9607559063328591,2.152074466365769,0.0027748899217221136,0.0002771067759295499,3.141227206155134,0.013084379144985206,0.033780226507499234,0.9909109312036978,0.9909109312039812,0.01312111009080706,0.013129272523211917,0.0018697413524461767,0.002492988469928324,
16,0.25,42,3,pcg64,512,512,8,0.39269908169872414,0.0625,0.013204394797715175,0.013204394797711398,0.0134149576573819,0.006721763085399449,0.0066931945719824505,1.015946422603417,1.0159464226037074,0.012993279613158474,0.01313773526642635,0.002129601460298174,0.0,0.28859788208695425,0.9606083211109504,2.1600067428812784,0.0029086656066536205,0.000301950831702544,3.14156239559362,0.0134149576573819,0.03404550556065707,1.015946422603417,1.0159464226037074,0.0134149576573819,0.013394551576369759,0.0,0.0015211439002129907,
16,0.25,7,0,pcg64,512,512,8,0.39269908169872414,0.0625,0.013204394797715175,0.013204394797711398,0.013321089684726048,0.006668707274767881,0.006652382409958167,1.0088375793664595,1.0088375793667481,0.013246612736108755,0.0134011555193492,0.00122549019607843,0.0,,,,,,,,,,,0.013333333333333334,0.013337414549535761,0.0009191176470589202,0.00122549019607843,
16,0.25,7,1,pcg64,512,512,8,0.39269908169872414,0.0625,0.013204394797715175,0.013204394797711398,0.013525150494847465,0.006770737679828589,0.006754412815018876,1.0242915864033233,1.0242915864036162,0.013075757088195947,0.013226171045119481,0.0012070006035003005,0.0,,,,,,,,,,,0.013500663197632894,0.013443526170798898,0.0018105009052505148,0.006035003017501503,
16,0.25,7,2,pcg64,512,512,8,0.39269908169872414,0.0625,0.013204394797715175,0.013204394797711398,0.013312927252321192,0.006660544842363024,0.006652382409958167,1.0082194190849851,1.0082194190852733,0.01315490429642316,0.013303070292938878,0.0006131207847946039,0.0,,,,,,,,,,,0.013288439955106621,0.013304764819916335,0.0018393623543838768,0.000613120784794669,
16,0.25,7,3,pcg64,512,512,8,0.39269908169872414,0.0625,0.013204394797715175,0.013204394797711398,0.013010917253341496,0.0065136210590756045,0.006497296194265891,0.9853474886704268,0.9853474886707086,0.01315475357713084,0.01330523645660956,0.0012547051442910902,0.0,,,,,,,,,,,0.013031323334353638,0.013027242118151209,0.0015683814303638962,0.0012547051442910902,
16,0.25,123,0,pcg64,512,512,8,0.39269908169872414,0.0625,0.013204394797715175,0.013204394797711398,0.013076216712580349,0.006542189572492603,0.0065340271400877465,0.9902927709222231,0.9902927709225063,0.012968359350881272,0.01311542784614012,0.0006242197253433202,0.0,,,,,,,0.01307213549637792,0.03273951637588001,0.9899836907814858,0.989983690781769,,,,,
16,0.25,123,1,pcg64,512,512,8,0.39269908169872414,0.0625,0.013204394797715175,0.013204394797711398,0.013361901846750332,0.006672788490970309,0.006689113355780023,1.0119283807738324,1.0119283807741217,0.013159141525410135,0.01331453280552892,0.0012217470983506402,0.0,,,,,,,0.013357820630547903,0.03362105907560453,1.0116193006330951,1.0116193006333845,,,,,
16,0.25,123,2,pcg64,512,512,8,0.39269908169872414,0.0625,0.013204394797715175,0.013204394797711398,0.012937455361697787,0.006485052545658607,0.006452402816039179,0.979784046137156,0.9797840461374362,0.01324876917722958,0.013399772833318157,0.0025236593059937552,0.0,,,,,,,0.0129252117130905,0.03268237934904602,0.978856805714944,0.978856805715224,,,,,
16,0.25,123,3,pcg64,512,512,8,0.39269908169872414,0.0625,0.013204394797715175,0.013204394797711398,0.013255790225487195,0.006627895112743597,0.006627895112743597,1.003892297114663,1.0038922971149502,0.012956659035744944,0.013106079965544361,0.0,0.0,,,,,,,0.013251709009284766,0.0337026833996531,1.0035832169739258,1.003583216974213,,,,,
16,0.25,2023,0,pcg64,512,512,8,0.39269908169872414,0.0625,0.013204394797715175,0.013204394797711398,0.013206815631058055,0.006607489031731456,0.0065993265993266,1.0001833354258158,1.000183335426102,0.012883675415406875,0.013027433915890048,0.0006180469715698387,0.0,,,,,,,,,,,0.013186409550045913,0.013202734414855626,0.0015451174289246295,0.00030902348578495215,
16,0.25,2023,1,pcg64,512,512,8,0.39269908169872414,0.0625,0.013204394797715175,0.013204394797711398,0.013459851035608612,0.006725844301601877,0.006734006734006734,1.019346304151527,1.0193463041518185,0.013109270253744218,0.01325888985705072,0.0006064281382656149,0.0,,,,,,,,,,,0.013504744413835323,0.01353739414345475,0.0033353547604608497,0.005761067313523309,
16,0.25,2023,2,pcg64,512,512,8,0.39269908169872414,0.0625,0.013204394797715175,0.013204394797711398,0.013104785225997347,0.006566676869707173,0.006538108356290174,0.992456331907384,0.9924563319076679,0.013005471998500445,0.01315251869075648,0.0021800062285892556,0.0,,,,,,,,,,,0.01310070400979492,0.013088460361187633,0.00031142946122693246,0.001245717844908127,
16,0.25,2023,3,pcg64,512,512,8,0.39269908169872414,0.0625,0.013204394797715175,0.013204394797711398,0.01305172941536578,0.006521783491480461,0.006529945923885318,0.9884382900777996,0.9884382900780823,0.012868490858102995,0.013011694251221376,0.0006253908692933076,0.0,,,,,,,,,,,0.013076216712580349,0.01309662279359249,0.0018761726078798564,0.0034396497811131584,
16,0.25,314159,0,pcg64,512,512,8,0.39269908169872414,0.0625,0.013204394797715175,0.013204394797711398,0.013047648199163351,0.006521783491480461,0.00652586470768289,0.9881292099370623,0.9881292099373449,0.013171520317254165,0.013320912461737753,0.00031279324366596974,0.0,,,,,,,0.013043566982960922,0.03335169880624426,0.9878201297963249,0.9878201297966075,,,,,
16,0.25,314159,1,pcg64,512,512,8,0.39269908169872414,0.0625,0.013204394797715175,0.013204394797711398,0.013329252117130905,0.006672788490970309,0.006656463626160596,1.0094557396479342,1.0094557396482229,0.013049845902734109,0.013198128988449565,0.0012247397428046527,0.0,,,,,,,0.013300683603713906,0.033951637588001224,1.007292178662773,1.0072921786630613,,,,,
16,0.25,314159,2,pcg64,512,512,8,0.39269908169872414,0.0625,0.013204394797715175,0.013204394797711398,0.013161922252831344,0.006566676869707173,0.006595245383124171,0.996783453877706,0.996783453877991,0.012888825859163565,0.013030257448392679,0.0021705426356588794,0.0,,,,,,,0.013161922252831344,0.03360065299459239,0.996783453877706,0.996783453877991,,,,,
16,0.25,314159,3,pcg64,512,512,8,0.39269908169872414,0.0625,0.013204394797715175,0.013204394797711398,0.012949699010305071,0.006485052545658607,0.006464646464646465,0.9807112865593678,0.9807112865596482,0.013039100888211138,0.013190456492919106,0.0015757957768673498,0.0,,,,,,,0.012937455361697787,0.03286195286195286,0.979784046137156,0.9797840461374362,,,,,
16,0.25,271828,0,pcg64,512,512,8,0.39269908169872414,0.0625,0.013204394797715175,0.013204394797711398,0.013190490766248342,0.006566676869707173,0.0066238138965411695,0.9989470148628669,0.9989470148631525,0.012872730443724749,0.01302056432116334,0.004331683168316827,0.0,,,,,,,,,,,,,,,
16,0.25,271828,1,pcg64,512,512,8,0.39269908169872414,0.0625,0.013204394797715175,0.013204394797711398,0.01292929292929293,0.006485052545658607,0.006444240383634323,0.9791658858556813,0.9791658858559614,0.013002057811403806,0.013152578854173924,0.0031565656565657203,0.0,,,,,,,,,,,,,,,
16,0.25,271828,2,pcg64,512,512,8,0.39269908169872414,0.0625,0.013204394797715175,0.013204394797711398,0.013321089684726048,0.006656463626160596,0.006664626058565453,1.0088375793664595,1.0088375793667481,0.012982585681709385,0.013130419351699077,0.000612745098039215,0.0,,,,,,,,,,,,,,,
16,0.25,271828,3,pcg64,512,512,8,0.39269908169872414,0.0625,0.013204394797715175,0.013204394797711398,0.013153759820426486,0.006558514437302316,0.006595245383124171,0.9961652935962313,0.9961652935965162,0.013131364272880064,0.013275783719141706,0.0027924294135897873,0.0,,,,,,,,,,,,,,,
24,0.25,42,0,pcg64,768,768,12,0.2617993877991494,0.041666666666666664,0.005868619910095631,0.0058686199100939545,0.005912518635121157,0.0029653164845874188,0.002947202150533739,1.0074802467527346,1.0074802467530224,0.00591872932362623,0.005949073195654308,0.003063725490196033,0.0,0.19295371411291656,0.6171262040828076,1.5087434943907099,0.0012384221534115602,0.0001298688070404172,3.1415007604434106,0.005912518635121157,0.014978742828988006,1.0074802467527346,1.0074802467530224,0.005919764368742629,0.005917952935337261,0.0012254901960784424,0.0009191176470588319,
24,0.25,42,1,pcg64,768,768,12,0.2617993877991494,0.041666666666666664,0.005868619910095631,0.0058686199100939545,0.005950558736633886,0.002977996518424995,0.002972562218208891,1.01396219686971,1.0139621968699997,0.005873928220475379,0.005903685109510887,0.0009132420091324283,0.0,0.192341445122122,0.613010325476542,1.510947701928219,0.0012689795197740113,0.00012053183398522382,3.1412070792287174,0.005948747303228518,0.014815713822504887,1.0136535325784255,1.013653532578715,0.0059270101023641015,0.0059288215357694695,0.003957382039573856,0.003652968036529713,
24,0.25,42,2,pcg64,768,768,12,0.2617993877991494,0.041666666666666664,0.005868619910095631,0.0058686199100939545,0.0057567353622595095,0.002881990547940491,0.0028747448143190187,0.9809351177022643,0.9809351177025445,0.005754166173838914,0.00578283512945021,0.001258653241032107,0.0,0.19092873852548709,0.6116349352856655,1.4798883944977603,0.001196830182529335,0.00012477591264667537,3.1414987438480755,0.0057567353622595095,0.014515015877213797,0.9809351177022643,0.9809351177025445,0.005742243895016565,0.005740432461611197,0.002517306482064214,0.002831969792322241,
24,0.25,42,3,pcg64,768,768,12,0.2617993877991494,0.041666666666666664,0.005868619910095631,0.0058686199100939545,0.005762169662475614,0.002889236281561963,0.0028729333809136507,0.9818611105761179,0.9818611105763985,0.0057229052785308515,0.005750388626098633,0.002829298962590406,0.0,0.19118384122461274,0.6131103102286016,1.5016844492588457,0.0012180505758365929,0.00012562472837896566,3.141581897394713,0.0057603582290702456,0.014967874228555798,0.9815524462848334,0.9815524462851138,0.0057549239288541415,0.0057603582290702456,0.001257466205595736,0.000314366551398934,
24,0.25,7,0,pcg64,768,768,12,0.2617993877991494,0.041666666666666664,0.005868619910095631,0.0058686199100939545,0.005849118465933278,0.002927276383074691,0.0029218420828585868,0.9966769965577758,0.9966769965580605,0.0058338402471947775,0.005863215258364111,0.0009290802105915228,0.0,,,,,,,,,,,0.00585636419955475,0.00585636419955475,0.0012387736141220304,0.0012387736141220304,
24,0.25,7,1,pcg64,768,768,12,0.2617993877991494,0.041666666666666664,0.005868619910095631,0.0058686199100939545,0.005903461468094318,0.002950825017344475,0.002952636450749843,1.005936925296312,1.0059369252965995,0.005943823075319067,0.0059730144051993676,0.0003068425897514603,0.0,,,,,,,,,,,0.00590165003468895,0.005910707201715789,0.0003068425897514603,0.001227370359005694,
24,0.25,7,2,pcg64,768,768,12,0.2617993877991494,0.041666666666666664,0.005868619910095631,0.0058686199100939545,0.005814701231231285,0.0029091620490210106,0.0029055391822102746,0.9908123750233695,0.9908123750236525,0.005801491334888074,0.005830204566390133,0.0006230529595015633,0.0,,,,,,,,,,,0.005818324098042021,0.005809266931015182,0.0006230529595015633,0.0009345794392521958,
24,0.25,7,3,pcg64,768,768,12,0.2617993877991494,0.041666666666666664,0.005868619910095631,0.0058686199100939545,0.00589259286766211,0.002945390717128371,0.002947202150533739,1.0040849395486047,1.0040849395488916,0.00590191927218646,0.0059333073520039335,0.00030740854595758037,0.0,,,,,,,,,,,0.005903461468094318,0.005903461468094318,0.0018444512757454822,0.0018444512757454822,
24,0.25,123,0,pcg64,768,768,12,0.2617993877991494,0.041666666666666664,0.005868619910095631,0.0058686199100939545,0.005818324098042021,0.002903727748804907,0.0029145963492371147,0.9914297036059385,0.9914297036062218,0.005874211197839199,0.005902795215567032,0.0018679950186798926,0.0,,,,,,,0.005818324098042021,0.014683479183913023,0.9914297036059385,0.9914297036062218,,,,,
24,0.25,123,1,pcg64,768,768,12,0.2617993877991494,0.041666666666666664,0.005868619910095631,0.0058686199100939545,0.005814701231231285,0.0029109734824263787,0.002903727748804907,0.9908123750233695,0.9908123750236525,0.0058923996552948206,0.005922585649039072,0.001246105919003052,0.0,,,,,,,0.005812889797825917,0.01512003463460671,0.9905037107320849,0.9905037107323679,,,,,
24,0.25,123,2,pcg64,768,768,12,0.2617993877991494,0.041666666666666664,0.005868619910095631,0.0058686199100939545,0.005914330068526525,0.002952636450749843,0.0029616936177766827,1.007788911044019,1.007788911044307,0.005958511616035185,0.0059879727222421604,0.0015313935681469544,0.0,,,,,,,0.005914330068526525,0.015225097772118055,1.007788911044019,1.007788911044307,,,,,
24,0.25,123,3,pcg64,768,768,12,0.2617993877991494,0.041666666666666664,0.005868619910095631,0.0058686199100939545,0.005869044233392326,0.002934522116696163,0.002934522116696163,1.0000723037619057,1.0000723037621915,0.005809133645096284,0.005838212580837162,0.0,0.0,,,,,,,0.005867232799986958,0.014710650684993542,0.9997636394706212,0.9997636394709069,,,,,
24,0.25,2023,0,pcg64,768,768,12,0.2617993877991494,0.041666666666666664,0.005868619910095631,0.0058686199100939545,0.005794775463772238,0.002894670581778067,0.002900104881994171,0.9874170678192397,0.9874170678195218,0.005774559023859778,0.005802187527232057,0.000937793060331362,0.0,,,,,,,,,,,0.005807455497609814,0.005800209763988342,0.0021881838074398444,0.000937793060331362,
24,0.25,2023,1,pcg64,768,768,12,0.2617993877991494,0.041666666666666664,0.005868619910095631,0.0058686199100939545,0.005832815565284965,0.002929087816480059,0.002903727748804907,0.9938990179362149,0.9938990179364988,0.005831677061116793,0.005860679623492823,0.004347826086956487,0.0,,,,,,,,,,,0.005834626998690333,0.0058400612989064375,0.00031055900621118295,0.0012422360248447318,
24,0.25,2023,2,pcg64,768,768,12,0.2617993877991494,0.041666666666666664,0.005868619910095631,0.0058686199100939545,0.005854552766149382,0.0029236535162639548,0.002930899249885427,0.9976029894316294,0.9976029894319144,0.005798632011842667,0.005828330127636892,0.001237623762376249,0.0,,,,,,,,,,,0.005852741332744014,0.00585636419955475,0.00030940594059406223,0.00030940594059406223,
24,0.25,2023,3,pcg64,768,768,12,0.2617993877991494,0.041666666666666664,0.005868619910095631,0.0058686199100939545,0.005825569831663493,0.0029145963492371147,0.0029109734824263787,0.9926643607710767,0.9926643607713603,0.005775051339357107,0.005803806575182382,0.0006218905472636872,0.0,,,,,,,,,,,0.005811078364420549,0.005807455497609814,0.002487562189054749,0.003109452736318287,
24,0.25,314159,0,pcg64,768,768,12,0.2617993877991494,0.041666666666666664,0.005868619910095631,0.0058686199100939545,0.005816512664636653,0.0029145963492371147,0.002901916315399539,0.991121039314654,0.9911210393149371,0.0058838304729660375,0.005913361231065856,0.0021800062285891697,0.0,,,,,,,0.005812889797825917,0.014716084985209646,0.9905037107320849,0.9905037107323679,,,,,
24,0.25,314159,1,pcg64,768,768,12,0.2617993877991494,0.041666666666666664,0.005868619910095631,0.0058686199100939545,0.005823758398258125,0.0029127849158317467,0.0029109734824263787,0.9923556964797922,0.9923556964800757,0.005765398867403865,0.005794601941625234,0.00031104199066874313,0.0,,,,,,,0.005823758398258125,0.014717896418615014,0.9923556964797922,0.9923556964800757,,,,,
24,0.25,314159,2,pcg64,768,768,12,0.2617993877991494,0.041666666666666664,0.005868619910095631,0.0058686199100939545,0.005803832630799078,0.0029091620490210106,0.002894670581778067,0.9889603892756623,0.9889603892759449,0.005785583604542584,0.005814505720031817,0.002496878901373231,0.0,,,,,,,0.005803832630799078,0.014991422862825583,0.9889603892756623,0.9889603892759449,,,,,
24,0.25,314159,3,pcg64,768,768,12,0.2617993877991494,0.041666666666666664,0.005868619910095631,0.0058686199100939545,0.0059251986689587335,0.002970750784803523,0.0029544478841552107,1.0096408967917263,1.0096408967920147,0.005899572255332394,0.00592960081383287,0.0027514521553042132,0.0,,,,,,,0.0059251986689587335,0.015152640435903334,1.0096408967917263,1.0096408967920147,,,,,
24,0.25,271828,0,pcg64,768,768,12,0.2617993877991494,0.041666666666666664,0.005868619910095631,0.0058686199100939545,0.005903461468094318,0.002945390717128371,0.0029580707509659467,1.005936925296312,1.0059369252965995,0.005832530142238991,0.005861374760590342,0.0021478981282601482,0.0,,,,,,,,,,,,,,,
24,0.25,271828,1,pcg64,768,768,12,0.2617993877991494,0.041666666666666664,0.005868619910095631,0.0058686199100939545,0.005994033138362718,0.002990676552262571,0.0030033565861001467,1.021370139860539,1.0213701398608308,0.005876203838094377,0.005905889118118861,0.002115442731943132,0.0,,,,,,,,,,,,,,,
24,0.25,271828,2,pcg64,768,768,12,0.2617993877991494,0.041666666666666664,0.005868619910095631,0.0058686199100939545,0.005898027167878214,0.002947202150533739,0.002950825017344475,1.0050109324224583,1.0050109324227454,0.005922758277824401,0.005953329164946094,0.0006142506142506198,0.0,,,,,,,,,,,,,,,
24,0.25,271828,3,pcg64,768,768,12,0.2617993877991494,0.041666666666666664,0.005868619910095631,0.0058686199100939545,0.0059342558359855736,0.002972562218208891,0.0029616936177766827,1.011184218248149,1.0111842182484378,0.005843781993053192,0.005874211593127687,0.0018315018315018482,0.0,,,,,,,,,,,,,,,
32,0.25,42,0,pcg64,1024,1024,16,0.19634954084936207,0.03125,0.0033010986994287937,0.0033010986994278495,0.0032685694968133993,0.0016291935186608843,0.001639375978152515,0.9901459466749591,0.9901459466752424,0.003281292223217182,0.003290453029506039,0.0031152647975078046,0.0,0.14367765456561235,0.4492001551440527,1.088541402198555,0.0006949535679374389,6.586785190615835e-05,3.141362625947599,0.003267551250864236,0.008247792188220728,0.989837489993752,0.9898374899940351,0.0032655147589659103,0.003262460021118421,0.0009345794392522883,0.0018691588785047094,
32,0.25,42,1,pcg64,1024,1024,16,0.19634954084936207,0.03125,0.0033010986994287937,0.0033010986994278495,0.003359193386288911,0.0016790875701698739,0.001680105816119037,1.0175985913023957,1.0175985913026868,0.00329315854592369,0.0033018789299168972,0.00030312215822979403,0.0,0.14388114868980859,0.45486408450643867,1.1064318464678158,0.0007164322152981427,7.970964687194526e-05,3.1414767799580714,0.0033581751403397478,0.00852882807018973,1.0172901346211884,1.0172901346214795,0.0033490109267972803,0.0033500291727464435,0.003031221582297682,0.002728099424067888,
32,0.25,42,2,pcg64,1024,1024,16,0.19634954084936207,0.03125,0.0033010986994287937,0.0033010986994278495,0.0032899526617458236,0.0016444672078983302,0.0016454854538474931,0.9966235369803094,0.9966235369805945,0.003280922736584728,0.0032905376982886483,0.0003095017022593245,0.0,0.14342300551573473,0.44852615329667156,1.0948510781929097,0.0006930443548387097,6.777706500488758e-05,3.1415500574385335,0.0032899526617458236,0.00825186517201738,0.9966235369803094,0.9966235369805945,0.0032848614320000083,0.0032879161698474973,0.0015475085112968202,0.0006190034045187808,
32,0.25,42,3,pcg64,1024,1024,16,0.19634954084936207,0.03125,0.0033010986994287937,0.0033010986994278495,0.003303189859084943,0.0016526131754916345,0.0016505766835933084,1.0006334738360023,1.0006334738362885,0.0032210468445748085,0.0032299104574134044,0.0006165228113440099,0.0,0.14369438434528442,0.4512027939449323,1.117849260383598,0.0006854075024437928,6.348133553274682e-05,3.141178388041392,0.003303189859084943,0.008452459624002501,1.0006334738360023,1.0006334738362885,0.003301153367186617,0.003300135121237454,0.0006165228113440755,0.000924784217015982,
32,0.25,7,0,pcg64,1024,1024,16,0.19634954084936207,0.03125,0.0033010986994287937,0.0033010986994278495,0.0033551204024922588,0.001678069324220711,0.0016770510782715478,1.016364764577567,1.0163647645778577,0.003223011030947797,0.003232442169523486,0.00030349013657058894,0.0,,,,,,,,,,,0.0033530839105939325,0.0033551204024922588,0.0006069802731411779,0.0,
32,0.25,7,1,pcg64,1024,1024,16,0.19634954084936207,0.03125,0.0033010986994287937,0.0033010986994278495,0.00324209510213516,0.0016169745672709277,0.0016251205348642322,0.9821260729635732,0.9821260729638541,0.0032529566345586764,0.003262281403220731,0.0025125628140703783,0.0,,,,,,,,,,,0.0032349673804910185,0.0032380221183385075,0.002198492462311623,0.0012562814070352895,
32,0.25,7,2,pcg64,1024,1024,16,0.19634954084936207,0.03125,0.0033010986994287937,0.0033010986994278495,0.0032919891536441494,0.0016454854538474931,0.0016465036997966563,0.9972404503427236,0.9972404503430088,0.0032790422271976724,0.003288226911857075,0.0003093102381689114,0.0,,,,,,,,,,,0.003301153367186617,0.0032960621374408016,0.0027837921435199388,0.0012372409526755137,
32,0.25,7,3,pcg64,1024,1024,16,0.19634954084936207,0.03125,0.0033010986994287937,0.0033010986994278495,0.0032359856264401817,0.0016159563213217648,0.001620029305118417,0.9802753328763303,0.9802753328766106,0.0032702491607845266,0.003279119232263124,0.0012586532410320756,0.0,,,,,,,,,,,0.0032298761507452032,0.0032329308885926927,0.0018879798615481802,0.0009439899307740231,
32,0.25,123,0,pcg64,1024,1024,16,0.19634954084936207,0.03125,0.0033010986994287937,0.0033010986994278495,0.003306244596932432,0.0016556679133391237,0.0016505766835933084,1.0015588438796237,1.0015588438799101,0.0032866402973766697,0.003295840959316372,0.0015398829688943723,0.0,,,,,,,0.003306244596932432,0.008413766277934305,1.0015588438796237,1.0015588438799101,,,,,
32,0.25,123,1,pcg64,1024,1024,16,0.19634954084936207,0.03125,0.0033010986994287937,0.0033010986994278495,0.003303189859084943,0.0016495584376441455,0.0016536314214407976,1.0006334738360023,1.0006334738362885,0.0032928651529481154,0.0033023885369986277,0.0012330456226880197,0.0,,,,,,,0.003303189859084943,0.008477915772731577,1.0006334738360023,1.0006334738362885,,,,,
32,0.25,123,2,pcg64,1024,1024,16,0.19634954084936207,0.03125,0.0033010986994287937,0.0033010986994278495,0.003364284616034726,0.0016862152918140152,0.001678069324220711,1.0191408747084314,1.019140874708723,0.003259021685280802,0.003269177998487438,0.00242130750605323,0.0,,,,,,,0.003364284616034726,0.008614360729919427,1.0191408747084314,1.019140874708723,,,,,
32,0.25,123,3,pcg64,1024,1024,16,0.19634954084936207,0.03125,0.0033010986994287937,0.0033010986994278495,0.003299116875288291,0.0016515949295424716,0.0016475219457458194,0.9993996471111738,0.9993996471114596,0.0032413577550395242,0.003251072742505661,0.0012345679012345481,0.0,,,,,,,0.003299116875288291,0.008406638556290164,0.9993996471111738,0.9993996471114596,,,,,
32,0.25,2023,0,pcg64,1024,1024,16,0.19634954084936207,0.03125,0.0033010986994287937,0.0033010986994278495,0.003303189859084943,0.0016485401916949824,0.0016546496673899608,1.0006334738360023,1.0006334738362885,0.0033260800403616766,0.003335722975570858,0.0018495684340320952,0.0,,,,,,,,,,,0.003295043891491639,0.003295043891491639,0.0024660912453760395,0.0024660912453760395,
32,0.25,2023,1,pcg64,1024,1024,16,0.19634954084936207,0.03125,0.0033010986994287937,0.0033010986994278495,0.003300135121237454,0.0016495584376441455,0.0016505766835933084,0.999708103792381,0.9997081037926668,0.003258767240561499,0.0032685057957794203,0.00030854674483180424,0.0,,,,,,,,,,,0.003300135121237454,0.003299116875288291,0.0,0.00030854674483186994,
32,0.25,2023,2,pcg64,1024,1024,16,0.19634954084936207,0.03125,0.0033010986994287937,0.0033010986994278495,0.0032879161698474973,0.001643448961949167,0.0016444672078983302,0.996006623617895,0.9960066236181799,0.0032584044677325514,0.0032676902850912798,0.0003096934035305328,0.0,,,,,,,,,,,0.003281806694152519,0.0032879161698474973,0.001858160421183065,0.0,
32,0.25,2023,3,pcg64,1024,1024,16,0.19634954084936207,0.03125,0.0033010986994287937,0.0033010986994278495,0.00330217161313578,0.0016566861592882869,0.0016454854538474931,1.000325017154795,1.0003250171550813,0.003315734935205565,0.0033248594732947,0.003391921060746267,0.0,,,,,,,,,,,0.0033113358266782474,0.003314390564525737,0.0027752081406105344,0.0037002775208141332,
32,0.25,314159,0,pcg64,1024,1024,16,0.19634954084936207,0.03125,0.0033010986994287937,0.0033010986994278495,0.0033306824997123455,0.0016577044052374498,0.0016729780944748957,1.0089618042285955,1.008961804228884,0.00331411678859819,0.0033227737736245388,0.004585753592173672,0.0,,,,,,,0.0033306824997123455,0.008495225953867348,1.0089618042285955,1.008961804228884,,,,,
32,0.25,314159,1,pcg64,1024,1024,16,0.19634954084936207,0.03125,0.0033010986994287937,0.0033010986994278495,0.0031922010506261703,0.0015976278942368297,0.0015945731563893407,0.9670116955844227,0.9670116955846992,0.003280278339409089,0.0032891489362815137,0.0009569377990430129,0.0,,,,,,,0.0031922010506261703,0.008281394304543109,0.9670116955844227,0.9670116955846992,,,,,
32,0.25,314159,2,pcg64,1024,1024,16,0.19634954084936207,0.03125,0.0033010986994287937,0.0033010986994278495,0.0033724305836280305,0.0016841787999156892,0.0016882517837123415,1.0216085281580887,1.0216085281583809,0.003275599783213426,0.0032843010332251096,0.0012077294685990789,0.0,,,,,,,0.0033724305836280305,0.008293613255933065,1.0216085281580887,1.0216085281583809,,,,,
32,0.25,314159,3,pcg64,1024,1024,16,0.19634954084936207,0.03125,0.0033010986994287937,0.0033010986994278495,0.003305226350983269,0.0016546496673899608,0.0016505766835933084,1.0012503871984166,1.0012503871987029,0.0033628847775485507,0.0033725050442450525,0.0012322858903266018,0.0,,,,,,,0.003305226350983269,0.008417839261730956,1.0012503871984166,1.0012503871987029,,,,,
32,0.25,271828,0,pcg64,1024,1024,16,0.19634954084936207,0.03125,0.0033010986994287937,0.0033010986994278495,0.0033317007456615086,0.0016658503728307543,0.0016658503728307543,1.0092702609098025,1.0092702609100912,0.003254358689345819,0.0032632051006237263,0.0,0.0,,,,,,,,,,,,,,,
32,0.25,271828,1,pcg64,1024,1024,16,0.19634954084936207,0.03125,0.0033010986994287937,0.0033010986994278495,0.0032919891536441494,0.0016505766835933084,0.001641412470050841,0.9972404503427236,0.9972404503430088,0.003304772317711879,0.003314435363767489,0.0027837921435199388,0.0,,,,,,,,,,,,,,,
32,0.25,271828,2,pcg64,1024,1024,16,0.19634954084936207,0.03125,0.0033010986994287937,0.0033010986994278495,0.0033337372375598345,0.0016648321268815912,0.0016689051106782435,1.0098871742722169,1.0098871742725057,0.003334664196302999,0.0033441749222894034,0.001221747098350687,0.0,,,,,,,,,,,,,,,
32,0.25,271828,3,pcg64,1024,1024,16,0.19634954084936207,0.03125,0.0033010986994287937,0.0033010986994278495,0.003262460021118421,0.0016312300105592104,0.0016312300105592104,0.9882952065877162,0.9882952065879989,0.0033064829142319023,0.0033162170594640654,0.0,0.0,,,,,,,,,,,,,,,
48,0.25,42,0,pcg64,1536,1536,24,0.1308996938995747,0.020833333333333332,0.0014671549775239078,0.0014671549775234886,0.001481569251377891,0.0007407846256889455,0.0007407846256889455,1.0098246429823725,1.0098246429826612,0.0014640676863846942,0.0014660229828099727,0.0,0.0,0.09608437957007142,0.2970795438730966,0.7150068886299362,0.00031640200868621063,3.223398479913138e-05,3.141325909216539,0.001481569251377891,0.003766333554784822,1.0098246429823725,1.0098246429826612,0.0014824737503103562,0.0014824737503103562,0.0006105006105006162,0.0006105006105006162,
48,0.25,42,1,pcg64,1536,1536,24,0.1308996938995747,0.020833333333333332,0.0014671549775239078,0.0014671549775234886,0.0014589567780662626,0.000730835137431829,0.0007281216406344336,0.9944121789563901,0.9944121789566742,0.0014766920512782368,0.0014784965267570737,0.0018598884066956156,0.0,0.09571201684886492,0.29753809675011716,0.7170231365151468,0.00031491754885993483,3.4142576004343106e-05,3.1412916689749264,0.0014589567780662626,0.003830100729523614,0.9944121789563901,0.9944121789566742,0.0014598612769987278,0.0014598612769987278,0.0006199628022318719,0.0006199628022318719,
48,0.25,42,2,pcg64,1536,1536,24,0.1308996938995747,0.020833333333333332,0.0014671549775239078,0.0014671549775234886,0.001452173036072774,0.0007263126427695033,0.0007258603933032709,0.9897884397485953,0.9897884397488781,0.0014606135266320857,0.001462192385932886,0.00031142946122696033,0.0,0.09608244871289907,0.29588663478264543,0.7105456166827238,0.00031661407437567863,3.202191910966341e-05,3.141572686837888,0.0014512685371403091,0.003726535601756356,0.9891719411875561,0.9891719411878387,0.0014535297844714718,0.0014539820339377044,0.000934288383681105,0.0012457178449081401,
48,0.25,42,3,pcg64,1536,1536,24,0.1308996938995747,0.020833333333333332,0.0014671549775239078,0.0014671549775234886,0.0014413190488831926,0.00072043339970848,0.0007208856491747126,0.9823904570161238,0.9823904570164045,0.0014659559809114874,0.0014677604165029307,0.0003137747097583964,0.0,0.09572984043528457,0.29505343462753153,0.7059878717028428,0.0003180985342019544,3.223398479913138e-05,3.1415495234979995,0.0014413190488831926,0.003735128341614775,0.9823904570161238,0.9823904570164045,0.0014431280467481229,0.0014431280467481229,0.0012550988390335855,0.0012550988390335855,
48,0.25,7,0,pcg64,1536,1536,24,0.1308996938995747,0.020833333333333332,0.0014671549775239078,0.0014671549775234886,0.0014707152641883095,0.0007344531331616896,0.0007362621310266199,1.002426660249901,1.0024266602501875,0.0014424308968484616,0.0014442245077899377,0.0012300123001230128,0.0,,,,,,,,,,,0.0014707152641883095,0.0014707152641883095,0.0,0.0,
48,0.25,7,1,pcg64,1536,1536,24,0.1308996938995747,0.020833333333333332,0.0014671549775239078,0.0014671549775234886,0.0014851872471077516,0.0007453071203512712,0.0007398801267564804,1.01229063722653,1.012290637226819,0.0014543866260975885,0.0014562844659520614,0.003654080389768609,0.0,,,,,,,,,,,0.001484734997641519,0.0014838304987090539,0.0003045066991473841,0.0009135200974421522,
48,0.25,7,2,pcg64,1536,1536,24,0.1308996938995747,0.020833333333333332,0.0014671549775239078,0.0014671549775234886,0.0015159402108115662,0.0007579701054057831,0.0007579701054057831,1.033251588301866,1.0332515883021611,0.0014739150597778286,0.0014756543831585258,0.0,0.0,,,,,,,,,,,0.0015159402108115662,0.0015159402108115662,0.0,0.0,
48,0.25,7,3,pcg64,1536,1536,24,0.1308996938995747,0.020833333333333332,0.0014671549775239078,0.0014671549775234886,0.0014621225243298906,0.0007285738901006662,0.0007335486342292245,0.9965699239200276,0.9965699239203124,0.0014823685362168615,0.0014841918254566637,0.003402412619857749,0.0,,,,,,,,,,,0.0014625747737961232,0.0014625747737961232,0.0003093102381688863,0.0003093102381688863,
48,0.25,123,0,pcg64,1536,1536,24,0.1308996938995747,0.020833333333333332,0.0014671549775239078,0.0014671549775234886,0.0014435802962143554,0.0007186244018435497,0.0007249558943708057,0.983931703418722,0.9839317034190032,0.001487429380688949,0.001489360204594855,0.004385964912280742,0.0,,,,,,,0.0014435802962143554,0.003766333554784822,0.983931703418722,0.9839317034190032,,,,,
48,0.25,123,1,pcg64,1536,1536,24,0.1308996938995747,0.020833333333333332,0.0014671549775239078,0.0014671549775234886,0.001471167513654542,0.0007344531331616896,0.0007367143804928525,1.0027349095304208,1.0027349095307072,0.0014558302942349233,0.0014576017945941286,0.0015370427297879024,0.0,,,,,,,0.001471167513654542,0.0037102546209719835,1.0027349095304208,1.0027349095307072,,,,,
48,0.25,123,2,pcg64,1536,1536,24,0.1308996938995747,0.020833333333333332,0.0014671549775239078,0.0014671549775234886,0.0014367965542208668,0.0007177199029110846,0.0007190766513097823,0.9793079642109273,0.979307964211207,0.0014557745692205738,0.001457730907629792,0.0009442870632672421,0.0,,,,,,,0.0014367965542208668,0.003604880495339795,0.9793079642109273,0.979307964211207,,,,,
48,0.25,123,3,pcg64,1536,1536,24,0.1308996938995747,0.020833333333333332,0.0014671549775239078,0.0014671549775234886,0.0014594090275324952,0.0007267648922357359,0.0007326441352967593,0.9947204282369098,0.994720428237194,0.0014667284780122238,0.0014686178277234108,0.004028509451502981,0.0,,,,,,,0.0014594090275324952,0.003649200943030587,0.9947204282369098,0.994720428237194,,,,,
48,0.25,2023,0,pcg64,1536,1536,24,0.1308996938995747,0.020833333333333332,0.0014671549775239078,0.0014671549775234886,0.0014395100510182623,0.0007199811502422474,0.0007195289007760149,0.9811574598940451,0.9811574598943255,0.0014824574182050341,0.0014841296587074556,0.0003141690229343416,0.0,,,,,,,,,,,0.0014372488036870994,0.0014367965542208668,0.001570845114671708,0.0018850141376060496,
48,0.25,2023,1,pcg64,1536,1536,24,0.1308996938995747,0.020833333333333332,0.0014671549775239078,0.0014671549775234886,0.0014725242620532398,0.0007367143804928525,0.0007358098815603873,1.0036596573719796,1.0036596573722665,0.0014816955028202504,0.0014833602984572361,0.00061425061425062,0.0,,,,,,,,,,,0.0014729765115194724,0.0014716197631207747,0.00030712530712531,0.00061425061425062,
48,0.25,2023,2,pcg64,1536,1536,24,0.1308996938995747,0.020833333333333332,0.0014671549775239078,0.0014671549775234886,0.001467097268458449,0.0007358098815603873,0.0007312873868980616,0.9999606660057438,0.9999606660060295,0.0015081770497567457,0.001509903152428791,0.0030826140567201273,0.0,,,,,,,,,,,0.001471167513654542,0.001471167513654542,0.0027743526510481146,0.0027743526510481146,
48,0.25,2023,3,pcg64,1536,1536,24,0.1308996938995747,0.020833333333333332,0.0014671549775239078,0.0014671549775234886,0.001463931522194821,0.0007317396363642942,0.0007321918858305268,0.9978029210421062,0.9978029210423913,0.001467885344995306,0.0014698311406059464,0.00030892801977139614,0.0,,,,,,,,,,,0.0014643837716610535,0.0014634792727285884,0.00030892801977139614,0.00030892801977139614,
48,0.25,314159,0,pcg64,1536,1536,24,0.1308996938995747,0.020833333333333332,0.0014671549775239078,0.0014671549775234886,0.001475237758850635,0.0007385233783577826,0.0007367143804928525,1.0055091530550975,1.0055091530553848,0.0014652261268918293,0.0014668243108756983,0.0012262415695891472,0.0,,,,,,,0.001475237758850635,0.003690355644457751,1.0055091530550975,1.0055091530553848,,,,,
48,0.25,314159,1,pcg64,1536,1536,24,0.1308996938995747,0.020833333333333332,0.0014671549775239078,0.0014671549775234886,0.0014526252855390066,0.0007272171417019685,0.0007254081438370383,0.990096689029115,0.9900966890293978,0.0014912422388297319,0.0014930466640711644,0.0012453300124532372,0.0,,,,,,,0.0014526252855390066,0.0036437739494357964,0.990096689029115,0.9900966890293978,,,,,
48,0.25,314159,2,pcg64,1536,1536,24,0.1308996938995747,0.020833333333333332,0.0014671549775239078,0.0014671549775234886,0.00144086679941696,0.0007213378986409451,0.0007195289007760149,0.9820822077356042,0.9820822077358847,0.0014670263194097061,0.0014689000333446803,0.0012554927809165215,0.0,,,,,,,0.00144086679941696,0.0037070888747083555,0.9820822077356042,0.9820822077358847,,,,,
48,0.25,314159,3,pcg64,1536,1536,24,0.1308996938995747,0.020833333333333332,0.0014671549775239078,0.0014671549775234886,0.0014838304987090539,0.0007425936235538758,0.0007412368751551781,1.0113658893849709,1.0113658893852597,0.0014567949433126096,0.0014585558176040264,0.000914355379457491,0.0,,,,,,,0.0014838304987090539,0.003706636625242123,1.0113658893849709,1.0113658893852597,,,,,
48,0.25,271828,0,pcg64,1536,1536,24,0.1308996938995747,0.020833333333333332,0.0014671549775239078,0.0014671549775234886,0.0015010159784258914,0.0007520908623447597,0.0007489251160811318,1.0230793620447174,1.0230793620450098,0.001470732035684843,0.0014726990409557686,0.002109068996685696,0.0,,,,,,,,,,,,,,,
48,0.25,271828,1,pcg64,1536,1536,24,0.1308996938995747,0.020833333333333332,0.0014671549775239078,0.0014671549775234886,0.001457600029667565,0.0007285738901006662,0.0007290261395668988,0.9934874311148312,0.993487431115115,0.0014445157351566289,0.0014463082359656887,0.0003102699348433166,0.0,,,,,,,,,,,,,,,
48,0.25,271828,2,pcg64,1536,1536,24,0.1308996938995747,0.020833333333333332,0.0014671549775239078,0.0014671549775234886,0.0014548865328701695,0.0007272171417019685,0.000727669391168201,0.9916379354317132,0.9916379354319965,0.001473830121590172,0.001475634499207582,0.0003108486167236585,0.0,,,,,,,,,,,,,,,
48,0.25,271828,3,pcg64,1536,1536,24,0.1308996938995747,0.020833333333333332,0.0014671549775239078,0.0014671549775234886,0.0014969457332297985,0.0007457593698175038,0.0007511863634122945,1.0203051185200407,1.0203051185203322,0.0014778224422501009,0.00147958718671456,0.0036253776435044927,0.0,,,,,,,,,,,,,,,
64,0.25,42,0,pcg64,2048,2048,32,0.09817477042468103,0.015625,0.0008252746748571984,0.0008252746748569624,0.0008252191026651398,0.00041273670373667855,0.00041248239892846127,0.9999326621866008,0.9999326621868868,0.0008389770083991022,0.0008395154356246734,0.0003081664098613034,0.0,0.07172419591165363,0.22046758841182149,0.5173907948644291,0.00016745160600879335,1.395430050073278e-05,3.1413676593901614,0.0008252191026651398,0.002040796085943836,0.9999326621866008,0.9999326621868868,0.0008254734074733571,0.0008254734074733571,0.0003081664098613034,0.0003081664098613034,
64,0.25,42,1,pcg64,2048,2048,32,0.09817477042468103,0.015625,0.0008252746748571984,0.0008252746748569624,0.0008409860007746124,0.00042214598164071865,0.00041884001913389376,1.0190376930203664,1.0190376930206577,0.0008409059426056187,0.0008414644581850342,0.003931055337163573,0.0,0.07197956477044243,0.2218448881206917,0.5209033844183022,0.0001754425302271617,1.765159379579873e-05,3.1415029819004263,0.0008409860007746124,0.0020692782244641733,1.0190376930203664,1.0190376930206577,0.0008417489151992644,0.0008422575248156989,0.0009071666162685863,0.001511944360447558,
64,0.25,42,2,pcg64,2048,2048,32,0.09817477042468103,0.015625,0.0008252746748571984,0.0008252746748569624,0.0008028402795420173,0.00040256451140798655,0.00040027576813403084,0.972815844228998,0.9728158442292762,0.0008171152360097279,0.0008176675887580908,0.0028508077288565115,0.0,0.07174451855215985,0.21997113185615652,0.5185380947116995,0.00017663520548363458,1.7293791218856863e-05,3.14154235498019,0.0008028402795420173,0.002070804053313477,0.972815844228998,0.9728158442292762,0.0008028402795420173,0.0008025859747338,0.0,0.00031675641431736765,
64,0.25,42,3,pcg64,2048,2048,32,0.09817477042468103,0.015625,0.0008252746748571984,0.0008252746748569624,0.0008310681132541377,0.0004155340566270689,0.0004155340566270689,1.0070200123346107,1.0070200123348987,0.0008281875648774782,0.0008288628994029052,0.0,0.0,0.07199838792393665,0.22112144535433026,0.5225388408594226,0.00018247931424035174,1.6220383488031265e-05,3.1414697559841067,0.0008310681132541377,0.0021193762716829817,1.0070200123346107,1.0070200123348987,0.0008308138084459205,0.0008310681132541377,0.0003059975520195623,0.0,
64,0.25,7,0,pcg64,2048,2048,32,0.09817477042468103,0.015625,0.0008252746748571984,0.0008252746748569624,0.0008074177660899287,0.00040510755949015953,0.00040231020659976926,0.9783624660839623,0.978362466084242,0.0008160178438235568,0.000816643460116506,0.003464566929133816,0.0,,,,,,,,,,,0.0008071634612817115,0.0008074177660899287,0.00031496062992123766,0.0,
64,0.25,7,1,pcg64,2048,2048,32,0.09817477042468103,0.015625,0.0008252746748571984,0.0008252746748569624,0.000828779369980182,0.00041451683739419964,0.00041426253258598235,1.0042467014071286,1.0042467014074157,0.0008179774304458292,0.0008185270529744195,0.00030684258975143593,0.0,,,,,,,,,,,0.0008292879795966167,0.0008292879795966167,0.0006136851795030026,0.0006136851795030026,
64,0.25,7,2,pcg64,2048,2048,32,0.09817477042468103,0.015625,0.0008252746748571984,0.0008252746748569624,0.0008229303593911842,0.0004107022652709402,0.000412228094120244,0.9971593512591188,0.997159351259404,0.0008206579185473155,0.0008211991103974519,0.001854140914709519,0.0,,,,,,,,,,,0.0008214045305418804,0.0008216588353500976,0.001854140914709519,0.001545117428924621,
64,0.25,7,3,pcg64,2048,2048,32,0.09817477042468103,0.015625,0.0008252746748571984,0.0008252746748569624,0.0008369171238431357,0.00041807710470924186,0.00041884001913389376,1.0141073624826205,1.0141073624829104,0.0008366403180189215,0.0008372520330643794,0.0009115770282588884,0.0,,,,,,,,,,,0.0008358999046102664,0.0008358999046102664,0.001215436037678561,0.001215436037678561,
64,0.25,123,0,pcg64,2048,2048,32,0.09817477042468103,0.015625,0.0008252746748571984,0.0008252746748569624,0.0008224217497747495,0.00041044796046272285,0.00041197378931202665,0.9965430599419005,0.9965430599421855,0.0008167434508334909,0.000817275880899732,0.0018552875695732852,0.0,,,,,,,0.0008224217497747495,0.0020593603369436987,0.9965430599419005,0.9965430599421855,,,,,
64,0.25,123,1,pcg64,2048,2048,32,0.09817477042468103,0.015625,0.0008252746748571984,0.0008252746748569624,0.0008259820170897918,0.00041248239892846127,0.00041349961816133045,1.0008570991624282,1.0008570991627146,0.000840116940144552,0.0008406473713734964,0.0012315270935960379,0.0,,,,,,,0.0008259820170897918,0.0021132729562857665,1.0008570991624282,1.0008570991627146,,,,,
64,0.25,123,2,pcg64,2048,2048,32,0.09817477042468103,0.015625,0.0008252746748571984,0.0008252746748569624,0.0008163184343775343,0.00040815921718876714,0.00040815921718876714,0.9891475641352815,0.9891475641355644,0.0008267066505617021,0.0008272809635167687,0.0,0.0,,,,,,,0.000816064129569317,0.0020819934648750385,0.9888394184766724,0.9888394184769552,,,,,
64,0.25,123,3,pcg64,2048,2048,32,0.09817477042468103,0.015625,0.0008252746748571984,0.0008252746748569624,0.0008155555199528824,0.0004084135219969845,0.00040714199795589796,0.9882231271594543,0.9882231271597368,0.0008407162782435768,0.0008412380153002714,0.0015590894917368488,0.0,,,,,,,0.0008155555199528824,0.002086825256231167,0.9882231271594543,0.9882231271597368,,,,,
64,0.25,2023,0,pcg64,2048,2048,32,0.09817477042468103,0.015625,0.0008252746748571984,0.0008252746748569624,0.0008399687815417433,0.000422400286448936,0.00041756849509280724,1.01780511038593,1.0178051103862211,0.0008364122555449556,0.0008370043420700003,0.005752346351801439,0.0,,,,,,,,,,,0.0008394601719253086,0.0008394601719253086,0.0006055101422949698,0.0006055101422949698,
64,0.25,2023,1,pcg64,2048,2048,32,0.09817477042468103,0.015625,0.0008252746748571984,0.0008252746748569624,0.0008264906267062263,0.0004137539229695478,0.00041273670373667855,1.0014733904796465,1.001473390479933,0.0008216444658423878,0.0008222311318937881,0.0012307692307692753,0.0,,,,,,,,,,,0.0008269992363226609,0.0008264906267062263,0.000615384615384572,0.0,
64,0.25,2023,2,pcg64,2048,2048,32,0.09817477042468103,0.015625,0.0008252746748571984,0.0008252746748569624,0.000828779369980182,0.00041502544701063426,0.0004137539229695478,1.0042467014071286,1.0042467014074157,0.0008171783810037377,0.0008177742674399287,0.001534212948757245,0.0,,,,,,,,,,,0.0008297965892130512,0.0008300508940212685,0.0012273703590058745,0.0015342129487573104,
64,0.25,2023,3,pcg64,2048,2048,32,0.09817477042468103,0.015625,0.0008252746748571984,0.0008252746748569624,0.0008348826853773972,0.00041807710470924186,0.00041680558066815534,1.0116421972137475,1.0116421972140368,0.0008377224403873271,0.0008382983863516536,0.0015229972586049572,0.0,,,,,,,,,,,0.0008348826853773972,0.0008348826853773972,0.0,0.0,
64,0.25,314159,0,pcg64,2048,2048,32,0.09817477042468103,0.015625,0.0008252746748571984,0.0008252746748569624,0.0008259820170897918,0.0004114651796955921,0.00041451683739419964,1.0008570991624282,1.0008570991627146,0.0008206267310595453,0.0008212158194421827,0.003694581280788114,0.0,,,,,,,0.0008257277122815744,0.0020939457908612518,1.000548953503819,1.0005489535041052,,,,,
64,0.25,314159,1,pcg64,2048,2048,32,0.09817477042468103,0.015625,0.0008252746748571984,0.0008252746748569624,0.000821150225733663,0.0004107022652709402,0.00041044796046272285,0.9950023316488549,0.9950023316491394,0.0008193055094964463,0.000819935826325811,0.00030969340353054903,0.0,,,,,,,0.000821150225733663,0.0021107299082035935,0.9950023316488549,0.9950023316491394,,,,,
64,0.25,314159,2,pcg64,2048,2048,32,0.09817477042468103,0.015625,0.0008252746748571984,0.0008252746748569624,0.0008392058671170913,0.00041807710470924186,0.00042112876240784947,1.0168806734101026,1.0168806734103935,0.0008148181630534921,0.0008154013990135573,0.0036363636363636385,0.0,,,,,,,0.0008392058671170913,0.0021041179831899435,1.0168806734101026,1.0168806734103935,,,,,
64,0.25,314159,3,pcg64,2048,2048,32,0.09817477042468103,0.015625,0.0008252746748571984,0.0008252746748569624,0.0008285250651719647,0.0004137539229695478,0.000414771142202417,1.0039385557485194,1.0039385557488065,0.0008370689263219858,0.000837593822395908,0.0012277470841006543,0.0,,,,,,,0.0008285250651719647,0.0021066610312721165,1.0039385557485194,1.0039385557488065,,,,,
64,0.25,271828,0,pcg64,2048,2048,32,0.09817477042468103,0.015625,0.0008252746748571984,0.0008252746748569624,0.0008381886478842221,0.00041807710470924186,0.0004201115431749803,1.015648090775666,1.0156480907759564,0.000829225097137779,0.0008299091141045735,0.0024271844660194407,0.0,,,,,,,,,,,,,,,
64,0.25,271828,1,pcg64,2048,2048,32,0.09817477042468103,0.015625,0.0008252746748571984,0.0008252746748569624,0.0008140296911035786,0.00040815921718876714,0.00040587047391481144,0.9863742532077995,0.9863742532080816,0.0008397964514442409,0.0008402800094846245,0.002811621368322401,0.0,,,,,,,,,,,,,,,
64,0.25,271828,2,pcg64,2048,2048,32,0.09817477042468103,0.015625,0.0008252746748571984,0.0008252746748569624,0.0008058919372406249,0.00040281881621620383,0.00040307312102442117,0.9765135921323075,0.9765135921325868,0.0008208663922339054,0.000821477660516492,0.00031555695803096965,0.0,,,,,,,,,,,,,,,
64,0.25,271828,3,pcg64,2048,2048,32,0.09817477042468103,0.015625,0.0008252746748571984,0.0008252746748569624,0.0008290336747883993,0.00041502544701063426,0.00041400822777776507,1.0045548470657375,1.0045548470660248,0.000825220923457707,0.0008257388931664653,0.0012269938650306539,0.0,,,,,,,,,,,,,,,
4,0.5,42,0,pcg64,128,128,4,1.5707963267948966,0.5,0.255640279001267,0.25601447675574845,0.23211637596214957,0.1163759621495657,0.11574041381258386,0.907980451550826,0.9066533225134805,0.20067357663888843,0.25764478601747925,0.0027380590203832994,0.0,1.1845150648695404,2.847287768588655,3.082503954403729,0.053241879921259845,0.005720964566929134,3.1415188859534355,0.2182049290304357,0.5000353082409434,0.8535623958904935,0.8523148057702022,0.23112774521573334,0.22950356613233527,0.004259202920596336,0.011256464861575973,
4,0.5,42,1,pcg64,128,128,4,1.5707963267948966,0.5,0.255640279001267,0.25601447675574845,0.23211637596214957,0.11644657863145258,0.11566979733069699,0.907980451550826,0.9066533225134805,0.20039133999402353,0.25885875706939937,0.0033465165804684904,0.0,1.1861963762615468,2.8416574270052872,3.085209219051622,0.05265748031496063,0.005997785433070866,3.141558643885795,0.22018219052326812,0.49975284231339595,0.8612969418726728,0.8600380467286377,0.23501165171951133,0.23183391003460208,0.012473379981746234,0.001216915120170382,
4,0.5,42,2,pcg64,128,128,4,1.5707963267948966,0.5,0.255640279001267,0.25601447675574845,0.233528705599887,0.1166584280771132,0.11687027752277382,0.9135051272523825,0.9121699231980772,0.20001075560321172,0.25755836496244233,0.0009071666162685316,0.0,1.1835774637751257,2.8399810485045793,3.0790541361517003,0.05204232283464567,0.004982775590551181,3.1415531375233186,0.21947602570439942,0.49565708636395733,0.8585346040218945,0.8572797463863394,0.2304921968787515,0.23013911446931715,0.013002721499848775,0.014514665860296268,
4,0.5,42,3,pcg64,128,128,4,1.5707963267948966,0.5,0.255640279001267,0.25601447675574845,0.22823246945837158,0.11453993362050703,0.11369253583786455,0.8927875933715453,0.8914826706308394,0.19886302672880496,0.25572635121444903,0.0037128712871287548,0.0,1.1784695977599378,2.8343347227376525,3.0790891014501165,0.050996555118110236,0.004705954724409449,3.1412623427864244,0.21389732363533648,0.4952333874726361,0.8367121350007459,0.835489173682182,0.23225760892592331,0.23345808911800014,0.017636138613861402,0.022896039603960413,
4,0.5,7,0,pcg64,128,128,4,1.5707963267948966,0.5,0.255640279001267,0.25601447675574845,0.2363533648753619,0.118423840124285,0.1179295247510769,0.9245544786554958,0.9232031245672708,0.19924651628298126,0.25669631287002714,0.0020914251568568518,0.0,,,,,,,,,,,0.234093637454982,0.2345879528281901,0.009560800717060045,0.007469375560203193,
4,0.5,7,1,pcg64,128,128,4,1.5707963267948966,0.5,0.255640279001267,0.25601447675574845,0.2360708989478144,0.11814137419673752,0.1179295247510769,0.9234495435151845,0.9220998044303514,0.19776147908334696,0.25521790109196435,0.0008973975471133814,0.0,,,,,,,,,,,0.23797754395875997,0.23776569451309937,0.008076577924020374,0.007179180376907051,
4,0.5,7,2,pcg64,128,128,4,1.5707963267948966,0.5,0.255640279001267,0.25601447675574845,0.23578843302026692,0.1179295247510769,0.11785890826919003,0.9223446083748731,0.9209964842934321,0.19879982709308738,0.25474163739542743,0.00029949086552860475,0.0,,,,,,,,,,,0.23338747263611326,0.23211637596214957,0.010182689427972446,0.015573525007487213,
4,0.5,7,3,pcg64,128,128,4,1.5707963267948966,0.5,0.255640279001267,0.25601447675574845,0.2429913141727279,0.12138973236353365,0.12160158180919427,0.9505204544528117,0.9491311477848756,0.20317944517240474,0.26260049642722316,0.0008718395815170108,0.0,,,,,,,,,,,0.23472918579196383,0.2328225407810183,0.03400174367916302,0.041848299912815946,
4,0.5,123,0,pcg64,128,128,4,1.5707963267948966,0.5,0.255640279001267,0.25601447675574845,0.22618459148365228,0.11298637101899583,0.11319822046465645,0.8847768136042883,0.883483599638174,0.20201666094826884,0.2606625056548348,0.0009366219169528674,0.0,,,,,,,0.21368547418967587,0.5037073652990608,0.8358834336455124,0.8346616835794926,,,,,
4,0.5,123,1,pcg64,128,128,4,1.5707963267948966,0.5,0.255640279001267,0.25601447675574845,0.2355765835746063,0.11778829178730316,0.11778829178730316,0.9215159070196397,0.9201689941907426,0.19776147372292396,0.25462573845301806,0.0,0.0,,,,,,,0.22032342348704187,0.5012357884330203,0.8618494094428284,0.8605897067970973,,,,,
4,0.5,123,2,pcg64,128,128,4,1.5707963267948966,0.5,0.255640279001267,0.25601447675574845,0.23522350116517196,0.11764705882352941,0.11757644234164254,0.9201347380942505,0.9187898440195935,0.19952212928750343,0.2567403362879253,0.00030021014710297544,0.0,,,,,,,0.22258315090742178,0.5008827060235859,0.870688890565319,0.8694162678924522,,,,,
4,0.5,123,3,pcg64,128,128,4,1.5707963267948966,0.5,0.255640279001267,0.25601447675574845,0.23204575948026268,0.11630534566767883,0.11574041381258386,0.9077042177657482,0.9063774924792506,0.19726674733949628,0.25353992351945515,0.0024345709068776308,0.0,,,,,,,0.21982910811383377,0.5003883906503778,0.8599157729472836,0.8586588965574885,,,,,
4,0.5,2023,0,pcg64,128,128,4,1.5707963267948966,0.5,0.255640279001267,0.25601447675574845,0.23479980227385072,0.11778829178730316,0.11701151048654757,0.9184773353837835,0.9171348638142144,0.2003382332663026,0.25792485919406455,0.0033082706766917078,0.0,,,,,,,,,,,0.2304921968787515,0.23190452651648893,0.018345864661654165,0.012330827067669253,
4,0.5,2023,1,pcg64,128,128,4,1.5707963267948966,0.5,0.255640279001267,0.25601447675574845,0.23797754395875997,0.11891815549749311,0.11905938846126686,0.9309078557122858,0.9295472153545572,0.19860527079725177,0.25551483092441424,0.0005934718100890275,0.0,,,,,,,,,,,0.23734199562177813,0.2392486406327237,0.0026706231454005653,0.005341246290801248,
4,0.5,2023,2,pcg64,128,128,4,1.5707963267948966,0.5,0.255640279001267,0.25601447675574845,0.23465856931007698,0.11757644234164254,0.11708212696843444,0.9179248678136279,0.9165832037457547,0.19815867114975427,0.25488421566678926,0.002106530243755607,0.0,,,,,,,,,,,0.22936233316856156,0.23239884188969706,0.022569966897381843,0.009629852542882927,
4,0.5,2023,3,pcg64,128,128,4,1.5707963267948966,0.5,0.255640279001267,0.25601447675574845,0.23430548690064262,0.11757644234164254,0.11672904455900007,0.9165436988882388,0.9152040535746055,0.1976643210088639,0.25443863271562706,0.0036166365280289148,0.0,,,,,,,,,,,0.2297154155779959,0.22893863427724032,0.01959011452682343,0.022905364677516596,
4,0.5,314159,0,pcg64,128,128,4,1.5707963267948966,0.5,0.255640279001267,0.25601447675574845,0.23684768024857,0.118423840124285,0.118423840124285,0.9264881151510406,0.9251339348068797,0.19586500534967427,0.2522863619685035,0.0,0.0,,,,,,,0.2238542475813855,0.4962926347009392,0.8756610986967199,0.8743812085085894,,,,,
4,0.5,314159,1,pcg64,128,128,4,1.5707963267948966,0.5,0.255640279001267,0.25601447675574845,0.23649459783913565,0.11856507308805875,0.1179295247510769,0.9251069462256515,0.9237547846357305,0.19750248353153246,0.25464800757445244,0.0026873693639892222,0.0,,,,,,,0.22145328719723184,0.4977755808205635,0.8662691500040738,0.8650029873447749,,,,,
4,0.5,314159,2,pcg64,128,128,4,1.5707963267948966,0.5,0.255640279001267,0.25601447675574845,0.23402302097309513,0.11687027752277382,0.11715274345032131,0.9154387637479274,0.9141007334376862,0.1983890405728108,0.2553424738435739,0.0012070006035003154,0.0,,,,,,,0.22095897182402371,0.5010239389873596,0.8643355135085289,0.8630721771051659,,,,,
4,0.5,314159,3,pcg64,128,128,4,1.5707963267948966,0.5,0.255640279001267,0.25601447675574845,0.23141021114328084,0.11566979733069699,0.11574041381258386,0.9052181137000477,0.9038950221711821,0.1987604301750544,0.25596620115891244,0.00030515715593531015,0.0,,,,,,,0.21919355977685193,0.5123225760892592,0.8574296688815832,0.85617642624942,,,,,
4,0.5,271828,0,pcg64,128,128,4,1.5707963267948966,0.5,0.255640279001267,0.25601447675574845,0.23769507803121248,0.11856507308805875,0.11913000494315373,0.9298029205719746,0.9284438952176378,0.19827206737096956,0.255000025188521,0.0023767082590612273,0.0,,,,,,,,,,,,,,,
4,0.5,271828,1,pcg64,128,128,4,1.5707963267948966,0.5,0.255640279001267,0.25601447675574845,0.23105712873384648,0.11559918084881012,0.11545794788503637,0.9038369447746586,0.9025158720000329,0.20174717029118008,0.26058628540135825,0.0006112469437652881,0.0,,,,,,,,,,,,,,,
4,0.5,271828,2,pcg64,128,128,4,1.5707963267948966,0.5,0.255640279001267,0.25601447675574845,0.23677706376668314,0.11807075771485065,0.1187063060518325,0.9262118813659628,0.9248581047726498,0.19639710544246333,0.25218633219275693,0.0026841634357291696,0.0,,,,,,,,,,,,,,,
4,0.5,271828,3,pcg64,128,128,4,1.5707963267948966,0.5,0.255640279001267,0.25601447675574845,0.2371301461761175,0.11877692253371937,0.11835322364239814,0.9275930502913519,0.926237254943799,0.1984198971797871,0.2555250477042311,0.0017867778439546967,0.0,,,,,,,,,,,,,,,
6,0.5,42,0,pcg64,192,192,4,1.0471975511965976,0.3333333333333333,0.11378422305088183,0.11378421189144375,0.11218609095523903,0.05589895189465197,0.056287139060587056,0.9859547127642806,0.9859548094622353,0.10182829647176625,0.11408945568860368,0.003460207612456749,0.0,0.8218053878410079,2.5053726717201146,3.0142480336424096,0.02407831588132635,0.0028359511343804536,3.1413748842324325,0.11048403953536982,0.26549016094837113,0.9709961238296083,0.9709962190604926,0.11203678819911016,0.11033473677924094,0.001330849081714077,0.016502528613255272,
6,0.5,42,1,pcg64,192,192,4,1.0471975511965976,0.3333333333333333,0.11378422305088183,0.11378421189144375,0.10922989638388725,0.05455522708949207,0.05467466929439518,0.9599740056672181,0.9599740998171032,0.10093165020784928,0.11296760469587543,0.0010934937124111833,0.0,0.823303594471607,2.501795851276887,3.0121211264518717,0.024323734729493892,0.002535994764397906,3.1412641649234954,0.10746812386156648,0.26799844725133626,0.9444905539629082,0.9444906465942468,0.10931947803756457,0.10911045417898414,0.0008201202843083557,0.0010934937124111833,
6,0.5,42,2,pcg64,192,192,4,1.0471975511965976,0.3333333333333333,0.11378422305088183,0.11378421189144375,0.10860282480814595,0.05434620323091164,0.054256621577234314,0.954462946586023,0.9544630401954085,0.10133398078424659,0.11343029907407404,0.0008248556502611948,0.0,0.819730202445736,2.4969666275534825,3.0030741062860593,0.023532940663176266,0.0023587478184991274,3.141530627391544,0.10657230732479321,0.2623249425184389,0.9366176124183437,0.93661770427754,0.10890143032040371,0.1087819881155006,0.002749518834204025,0.0016497113005223896,
6,0.5,42,3,pcg64,192,192,4,1.0471975511965976,0.3333333333333333,0.11378422305088183,0.11378421189144375,0.10970766520349966,0.05473439039684672,0.05497327480665293,0.9641729078243192,0.9641730023860134,0.1008262536212824,0.11301961019187118,0.0021774632553075626,0.0,0.819742185381243,2.516470535482974,3.0126150235635105,0.024351003490401396,0.0023451134380453754,3.141406967610293,0.10740840275911494,0.26549016094837113,0.9439656911932706,0.943965783773133,0.10994654961330586,0.10973752575472544,0.0021774632553074992,0.00027218290691348484,
6,0.5,7,0,pcg64,192,192,4,1.0471975511965976,0.3333333333333333,0.11378422305088183,0.11378421189144375,0.11140971662336886,0.05551076472871689,0.05589895189465197,0.9791314967589915,0.9791315927877562,0.10258525254210782,0.11500418474298771,0.0034843205574912905,0.0,,,,,,,,,,,0.11134999552091732,0.11072292394517602,0.0005360493165370737,0.006164567140176908,
6,0.5,7,1,pcg64,192,192,4,1.0471975511965976,0.3333333333333333,0.11378422305088183,0.11378421189144375,0.10949864134491923,0.0546448087431694,0.05485383260174983,0.9623358881305875,0.9623359825121153,0.10066589499287043,0.1126505550872247,0.0019089173711480975,0.0,,,,,,,,,,,0.10970766520349966,0.10908059362775836,0.0019089173711480975,0.003817834742296195,
6,0.5,7,2,pcg64,192,192,4,1.0471975511965976,0.3333333333333333,0.11378422305088183,0.11378421189144375,0.11239511481381946,0.05622741795813551,0.05616769685568396,0.9877917324580123,0.9877918293361335,0.10088602474176205,0.11290957608734115,0.0005313496280552748,0.0,,,,,,,,,,,0.11123055331601421,0.11146943772582042,0.01036131774707758,0.008235919234856481,
6,0.5,7,3,pcg64,192,192,4,1.0471975511965976,0.3333333333333333,0.11378422305088183,0.11378421189144375,0.10994654961330586,0.05503299590910448,0.05491355370420138,0.9662723589028696,0.9662724536704685,0.10115346942615172,0.11325934986825857,0.0010863661053774787,0.0,,,,,,,,,,,0.10890143032040371,0.10931947803756457,0.009505703422053206,0.005703422053231873,
6,0.5,123,0,pcg64,192,192,4,1.0471975511965976,0.3333333333333333,0.11378422305088183,0.11378421189144375,0.11254441756994835,0.05637672071426438,0.05616769685568396,0.9891038893821065,0.989103986388918,0.10196774679107644,0.11426954182127771,0.001857256566728533,0.0,,,,,,,0.11036459733046672,0.26602765087043506,0.969946398290333,0.969946493418265,,,,,
6,0.5,123,1,pcg64,192,192,4,1.0471975511965976,0.3333333333333333,0.11378422305088183,0.11378421189144375,0.10937919914001612,0.0547642509480725,0.054614948191943624,0.9612861625913122,0.9612862568698877,0.10294481355164176,0.11536383899533319,0.0013650013650013703,0.0,,,,,,,0.10740840275911494,0.2629221535429544,0.9439656911932706,0.943965783773133,,,,,
6,0.5,123,2,pcg64,192,192,4,1.0471975511965976,0.3333333333333333,0.11378422305088183,0.11378421189144375,0.10988682851085431,0.05491355370420138,0.05497327480665293,0.965747496133232,0.9657475908493548,0.10091967326894734,0.11302586908481023,0.0005434782608695169,0.0,,,,,,,0.10794589268117889,0.26814775000746516,0.9486894561200092,0.948689549163157,,,,,
6,0.5,123,3,pcg64,192,192,4,1.0471975511965976,0.3333333333333333,0.11378422305088183,0.11378421189144375,0.11042431843291828,0.055271880318910685,0.055152438114007586,0.9704712610599707,0.9704713562393789,0.10236730296117749,0.11458100392365987,0.0010816657652784954,0.0,,,,,,,0.10851324315446863,0.2670727701633372,0.9536756524315666,0.9536757459637378,,,,,
6,0.5,2023,0,pcg64,192,192,4,1.0471975511965976,0.3333333333333333,0.11378422305088183,0.11378421189144375,0.10997641016453163,0.05485383260174983,0.055122577562781806,0.9665347902876884,0.9665348850810255,0.10139499873337061,0.11346701582029346,0.0024436600597338843,0.0,,,,,,,,,,,0.10946878079369345,0.10860282480814595,0.004615802335052977,0.012489818083084466,
6,0.5,2023,1,pcg64,192,192,4,1.0471975511965976,0.3333333333333333,0.11378422305088183,0.11378421189144375,0.11087222670130491,0.05533160142136224,0.05554062527994267,0.9744077318322528,0.9744078273977322,0.10240975710887694,0.11467287669511193,0.0018852679773768042,0.0,,,,,,,,,,,0.1113798560721431,0.11170832213562662,0.004578507945057935,0.007541071909507091,
6,0.5,2023,2,pcg64,192,192,4,1.0471975511965976,0.3333333333333333,0.11378422305088183,0.11378421189144375,0.11099166890620801,0.05551076472871689,0.05548090417749112,0.9754574573715281,0.9754575530399597,0.10197038330210641,0.11435834801329864,0.0002690341673392281,0.0,,,,,,,,,,,0.11105139000865956,0.11081250559885336,0.0005380683346784562,0.0016142050040354938,
6,0.5,2023,3,pcg64,192,192,4,1.0471975511965976,0.3333333333333333,0.11378422305088183,0.11378421189144375,0.10949864134491923,0.05467466929439518,0.054823972050524056,0.9623358881305875,0.9623359825121153,0.10310699640700087,0.1154882207148566,0.0013635124079629179,0.0,,,,,,,,,,,0.10958822299859655,0.10985696795962853,0.000818107444777738,0.003272429779110952,
6,0.5,314159,0,pcg64,192,192,4,1.0471975511965976,0.3333333333333333,0.11378422305088183,0.11378421189144375,0.10827435874466243,0.054137179372331215,0.054137179372331215,0.9515762013530161,0.9515762946792828,0.10047498511716729,0.11275569377938582,0.0,0.0,,,,,,,0.10612439905640658,0.26139926543043984,0.9326811416460616,0.9326812331191867,,,,,
6,0.5,314159,1,pcg64,192,192,4,1.0471975511965976,0.3333333333333333,0.11378422305088183,0.11378421189144375,0.11009585236943474,0.055122577562781806,0.05497327480665293,0.9675845158269637,0.9675846107232531,0.10129987479940651,0.11325542905807126,0.001356116083536756,0.0,,,,,,,0.10812505598853354,0.2619666159037296,0.950264044428922,0.9502641376264983,,,,,
6,0.5,314159,2,pcg64,192,192,4,1.0471975511965976,0.3333333333333333,0.11378422305088183,0.11378421189144375,0.10991668906208009,0.05503299590910448,0.0548836931529756,0.9660099275180508,0.9660100222599117,0.10037436947324045,0.11230930358392513,0.00135832654170063,0.0,,,,,,,0.10809519543730778,0.26041386723998927,0.9500016130441032,0.9500017062159415,,,,,
6,0.5,314159,3,pcg64,192,192,4,1.0471975511965976,0.3333333333333333,0.11378422305088183,0.11378421189144375,0.11329093135059273,0.05667532622652214,0.056615605124070593,0.9956646740025767,0.9956647716528403,0.10089090347202273,0.11278399184634634,0.0005271481286240965,0.0,,,,,,,0.11146943772582042,0.26907342709546417,0.9796563595286292,0.97965645560887,,,,,
6,0.5,271828,0,pcg64,192,192,4,1.0471975511965976,0.3333333333333333,0.11378422305088183,0.11378421189144375,0.10964794410104811,0.054794111499298276,0.05485383260174983,0.9636480450546816,0.9636481395648998,0.10174623090498022,0.11397382169496922,0.0005446623093682065,0.0,,,,,,,,,,,,,,,
6,0.5,271828,1,pcg64,192,192,4,1.0471975511965976,0.3333333333333333,0.11378422305088183,0.11378421189144375,0.10973752575472544,0.0546448087431694,0.05509271701155603,0.964435339209138,0.9644354337965704,0.10011256618438981,0.11202587570760915,0.0040816326530612405,0.0,,,,,,,,,,,,,,,
6,0.5,271828,2,pcg64,192,192,4,1.0471975511965976,0.3333333333333333,0.11378422305088183,0.11378421189144375,0.10914031473020992,0.054614948191943624,0.0545253665382663,0.9591867115127617,0.9591868055854326,0.10325910074403873,0.11575998127162472,0.0008207934336525212,0.0,,,,,,,,,,,,,,,
6,0.5,271828,3,pcg64,192,192,4,1.0471975511965976,0.3333333333333333,0.11378422305088183,0.11378421189144375,0.10973752575472544,0.054794111499298276,0.054943414255427155,0.964435339209138,0.9644354337965704,0.10029790729099841,0.11248591246816961,0.0013605442176870802,0.0,,,,,,,,,,,,,,,
8,0.5,42,0,pcg64,256,256,4,0.7853981633974483,0.25,0.06400362550830066,0.06400361918893711,0.06290875116786047,0.03137242046255471,0.03153633070530577,0.9828935574860803,0.9828936545315567,0.05973225377116872,0.06363662522552684,0.0026055237102657,0.0,0.6239187090483156,2.1124603696164517,2.9120854969680954,0.013740808823529412,0.0014476102941176471,3.141572153993256,0.06259732170663344,0.15525578193381304,0.9780277477955552,0.9780278443606085,0.06300709731351112,0.06284318707076005,0.0015633142261594864,0.0010422094841063241,
8,0.5,42,1,pcg64,256,256,4,0.7853981633974483,0.25,0.06400362550830066,0.06400361918893711,0.06267927682800899,0.03130685636545428,0.03137242046255471,0.9793082240299041,0.9793083207213845,0.060185072805917374,0.06414954651486307,0.0010460251046025292,0.0,0.6221391858429732,2.102495870044815,2.902271425483833,0.013511029411764706,0.001409313725490196,3.141562999532946,0.06223671917258109,0.15325607697225,0.9723936523644209,0.9723937483731947,0.06312183448343688,0.06330213575046305,0.007060669456066961,0.009937238493723806,
8,0.5,42,2,pcg64,256,256,4,0.7853981633974483,0.25,0.06400362550830066,0.06400361918893711,0.06264649477945877,0.03140520251110492,0.03124129226835385,0.9787960335361646,0.9787961301770741,0.060191198883360685,0.06418826904471697,0.002616431187859806,0.0,0.6247836236348984,2.1144819677104554,2.9073367614525187,0.013748468137254902,0.001439950980392157,3.1415350671874727,0.06223671917258109,0.15507548066678686,0.9723936523644209,0.9723937483731947,0.06300709731351112,0.06279401399793473,0.005756148613291353,0.0023547880690737147,
8,0.5,42,3,pcg64,256,256,4,0.7853981633974483,0.25,0.06400362550830066,0.06400361918893711,0.06228589224540641,0.031142946122703206,0.031142946122703206,0.9731619381050302,0.9731620341896602,0.05909856059372371,0.06304087445393859,0.0,0.0,0.6238840823785745,2.1058800578913592,2.890966473099806,0.012806372549019607,0.0013174019607843138,3.1414429098684207,0.06184333458997853,0.15512465373961218,0.9662473664395471,0.9662474618414706,0.062335065318231735,0.06215476405120556,0.0007894736842105406,0.0021052631578946635,
8,0.5,7,0,pcg64,256,256,4,0.7853981633974483,0.25,0.06400362550830066,0.06400361918893711,0.06194168073562917,0.03102820895277746,0.030913471782851712,0.9677839379207654,0.9677840334744016,0.060271743374934496,0.06424807439633534,0.0018523418893887046,0.0,,,,,,,,,,,0.06282679604648495,0.06249897556098281,0.0142894945752845,0.008997089177031011,
8,0.5,7,1,pcg64,256,256,4,0.7853981633974483,0.25,0.06400362550830066,0.06400361918893711,0.06456424461964629,0.03229031782196069,0.032273926797685586,1.0087591774199247,1.0087592770192295,0.059891037924173746,0.06386988773331227,0.00025387154100025845,0.0,,,,,,,,,,,0.0648428920323231,0.0648428920323231,0.004315816197004285,0.004315816197004285,
8,0.5,7,2,pcg64,256,256,4,0.7853981633974483,0.25,0.06400362550830066,0.06400361918893711,0.0624825845367077,0.03124129226835385,0.03124129226835385,0.9762350810674671,0.9762351774555224,0.0600139585767747,0.06398305946539531,0.0,0.0,,,,,,,,,,,0.06276123194938452,0.06279401399793473,0.0044596012591815015,0.004984260230849926,
8,0.5,7,3,pcg64,256,256,4,0.7853981633974483,0.25,0.06400362550830066,0.06400361918893711,0.06312183448343688,0.03155272172958088,0.03156911275385599,0.9862227956953872,0.9862228930695742,0.060590685229636086,0.06455497526565092,0.0002596728122565614,0.0,,,,,,,,,,,0.06222032814830599,0.06267927682800899,0.014282004674110657,0.007011165930927048,
8,0.5,123,0,pcg64,256,256,4,0.7853981633974483,0.25,0.06400362550830066,0.06400361918893711,0.06161386025012703,0.030782343588650854,0.030831516661476176,0.9626620329833706,0.9626621280312981,0.059479055641704706,0.06343386210980186,0.0007980845969672929,0.0,,,,,,,0.06118769361897425,0.15184644888459078,0.9560035565647572,0.9560036509552636,,,,,
8,0.5,123,1,pcg64,256,256,4,0.7853981633974483,0.25,0.06400362550830066,0.06400361918893711,0.06184333458997853,0.030913471782851712,0.030929862807126816,0.9662473664395471,0.9662474618414706,0.059557164392738546,0.06349655792770773,0.0002650410813675606,0.0,,,,,,,0.061318821813175106,0.1523053975642938,0.9580523185397152,0.958052413132505,,,,,
8,0.5,123,2,pcg64,256,256,4,0.7853981633974483,0.25,0.06400362550830066,0.06400361918893711,0.06281040502220984,0.03143798455965513,0.03137242046255471,0.9813569860048621,0.9813570828986259,0.060000844123319345,0.06393693816310099,0.0010438413361168184,0.0,,,,,,,0.06235145634250684,0.15320690389942468,0.9741863190925091,0.974186415278281,,,,,
8,0.5,123,3,pcg64,256,256,4,0.7853981633974483,0.25,0.06400362550830066,0.06400361918893711,0.06222032814830599,0.031093773049877888,0.0311265550984281,0.9721375571175512,0.9721376531010396,0.060365061801665586,0.06439790735970873,0.0005268703898840422,0.0,,,,,,,0.061826943565703424,0.15402645511318003,0.9659912711926774,0.9659913665693155,,,,,
8,0.5,2023,0,pcg64,256,256,4,0.7853981633974483,0.25,0.06400362550830066,0.06400361918893711,0.06299070628923602,0.03153633070530577,0.03145437558393024,0.9841740337204292,0.9841741308923327,0.06023918199460752,0.06421866237720336,0.00130106687483739,0.0,,,,,,,,,,,0.06323657165336262,0.0634332639446639,0.00390320062451206,0.0070257611241217955,
8,0.5,2023,1,pcg64,256,256,4,0.7853981633974483,0.25,0.06400362550830066,0.06400361918893711,0.06285957809503516,0.031388811486829815,0.031470766608205344,0.9821252717454713,0.9821253687150914,0.0598435665242846,0.06385608335346887,0.001303780964797827,0.0,,,,,,,,,,,0.06276123194938452,0.0632037896048124,0.0015645371577575249,0.005475880052151227,
8,0.5,2023,2,pcg64,256,256,4,0.7853981633974483,0.25,0.06400362550830066,0.06400361918893711,0.06281040502220984,0.03142159353538002,0.031388811486829815,0.9813569860048621,0.9813570828986259,0.060726642887513116,0.06474373099620694,0.000521920668058354,0.0,,,,,,,,,,,0.062400629415332164,0.0627284499008343,0.006524008350730806,0.0013048016701462716,
8,0.5,2023,3,pcg64,256,256,4,0.7853981633974483,0.25,0.06400362550830066,0.06400361918893711,0.062023635857004704,0.031093773049877888,0.030929862807126816,0.9690644141551142,0.9690645098351774,0.05965643644862766,0.06356582639050627,0.002642706131078272,0.0,,,,,,,,,,,0.061695815371502566,0.06148273205592617,0.005285412262156432,0.008720930232558185,
8,0.5,314159,0,pcg64,256,256,4,0.7853981633974483,0.25,0.06400362550830066,0.06400361918893711,0.06241702043960727,0.031159337146978314,0.03125768329262896,0.9752107000799881,0.9752107963669017,0.05937325014492356,0.06327871374442925,0.0015756302521008688,0.0,,,,,,,0.061958071759904275,0.15627202543886967,0.9680400331676352,0.9680401287465568,,,,,
8,0.5,314159,1,pcg64,256,256,4,0.7853981633974483,0.25,0.06400362550830066,0.06400361918893711,0.06222032814830599,0.0311265550984281,0.031093773049877888,0.9721375571175512,0.9721376531010396,0.05994147724896076,0.06385870670452588,0.0005268703898840422,0.0,,,,,,,0.06194168073562917,0.15625563441459456,0.9677839379207654,0.9677840334744016,,,,,
8,0.5,314159,2,pcg64,256,256,4,0.7853981633974483,0.25,0.06400362550830066,0.06400361918893711,0.06274484092510942,0.03137242046255471,0.03137242046255471,0.9803326050173831,0.9803327018100052,0.06098649880691541,0.06501648076186722,0.0,0.0,,,,,,,0.062335065318231735,0.15669819207002245,0.9739302238456393,0.9739303200061258,,,,,
8,0.5,314159,3,pcg64,256,256,4,0.7853981633974483,0.25,0.06400362550830066,0.06400361918893711,0.06300709731351112,0.03153633070530577,0.031470766608205344,0.9844301289672989,0.9844302261644878,0.06069247225743905,0.06469847816855887,0.0010405827263267617,0.0,,,,,,,0.06267927682800899,0.15402645511318003,0.9793082240299041,0.9793083207213845,,,,,
8,0.5,271828,0,pcg64,256,256,4,0.7853981633974483,0.25,0.06400362550830066,0.06400361918893711,0.06185972561425363,0.030979035879952137,0.030880689734301497,0.9665034616864168,0.9665035571136257,0.059169455285276694,0.0630691720389106,0.0015898251192368565,0.0,,,,,,,,,,,,,,,
8,0.5,271828,1,pcg64,256,256,4,0.7853981633974483,0.25,0.06400362550830066,0.06400361918893711,0.06259732170663344,0.031323247389729386,0.031274074316904064,0.9780277477955552,0.9780278443606085,0.060254372273930996,0.06421442894013377,0.0007855459544383488,0.0,,,,,,,,,,,,,,,
8,0.5,271828,2,pcg64,256,256,4,0.7853981633974483,0.25,0.06400362550830066,0.06400361918893711,0.06395777672146732,0.03194610631218345,0.03201167040928388,0.9992836532857441,0.999283751949488,0.06089512403504832,0.06492677827344309,0.0010251153254741342,0.0,,,,,,,,,,,,,,,
8,0.5,271828,3,pcg64,256,256,4,0.7853981633974483,0.25,0.06400362550830066,0.06400361918893711,0.06371191135734072,0.031847760166532804,0.03186415119080791,0.9954422245826979,0.9954423228671604,0.060416298733226216,0.06445309479187858,0.0002572678157962485,0.0,,,,,,,,,,,,,,,
12,0.5,42,0,pcg64,384,384,6,0.5235987755982988,0.16666666666666666,0.028446055781466955,0.028446052972860937,0.028269193045676797,0.014130963884307728,0.01413822916136907,0.993782521656117,0.9937826197767095,0.028140682530440383,0.02896329350928923,0.00025700334104347743,0.0,0.42118866127835,1.4535879241203171,2.621289310554468,0.0059154699738903395,0.0006187445604873803,3.141414876598561,0.02821833610624741,0.07085098190219484,0.9919946836577637,0.9919947816018349,0.028356376370412887,0.028370906924535567,0.0030840400925212378,0.00359804677460807,
12,0.5,42,1,pcg64,384,384,6,0.5235987755982988,0.16666666666666666,0.028446055781466955,0.028446052972860937,0.028269193045676797,0.01414549443843041,0.014123698607246387,0.993782521656117,0.9937826197767095,0.02741680946078131,0.028214829098313982,0.0007710100231303094,0.0,0.41953592548248214,1.4556717797808794,2.636449807046007,0.006092254134029591,0.000625543951261967,3.1414896350187087,0.02821833610624741,0.07101081799754434,0.9919946836577637,0.9919947816018349,0.028225601383308752,0.028298254153922158,0.0015420200462606189,0.0010280133641736642,
12,0.5,42,2,pcg64,384,384,6,0.5235987755982988,0.16666666666666666,0.028446055781466955,0.028446052972860937,0.028363641647474225,0.014196351377859795,0.014167290269614432,0.9971027922244875,0.997102890672905,0.02759232474400456,0.028373501466605704,0.0010245901639344176,0.0,0.41906817616087555,1.4544459191565486,2.628151162554247,0.005976664490861619,0.0006221442558746736,3.1413615111241504,0.0283055194309835,0.07108347076815774,0.9950595487977979,0.995059647044477,0.028312784708044842,0.0283055194309835,0.0017930327868851848,0.0020491803278688352,
12,0.5,42,3,pcg64,384,384,6,0.5235987755982988,0.16666666666666666,0.028446055781466955,0.028446052972860937,0.028458090249271657,0.01423994304022784,0.014218147209043817,1.000423062792858,1.0004231615691008,0.02760362102985151,0.028402982204768272,0.0007658922644881373,0.0,0.4198761221737988,1.4691888698281519,2.6445920651652712,0.006180646214099216,0.0005643494342906875,3.141533401977367,0.028370906924535567,0.07238395536213774,0.9973581976528237,0.9973582961264587,0.028298254153922158,0.028429029141026293,0.005616543272913048,0.0010211896859842239,
12,0.5,7,0,pcg64,384,384,6,0.5235987755982988,0.16666666666666666,0.028446055781466955,0.028446052972860937,0.028240131937431433,0.014123698607246387,0.014116433330185047,0.9927608999427722,0.9927609979624954,0.027718976680162648,0.02853184619317177,0.00025726781579622635,0.0,,,,,,,,,,,0.028160213889756685,0.028182009720940707,0.0028299459737586743,0.002058142526369934,
12,0.5,7,1,pcg64,384,384,6,0.5235987755982988,0.16666666666666666,0.028446055781466955,0.028446052972860937,0.028240131937431433,0.014087372221939684,0.01415275971549175,0.9927608999427722,0.9927609979624954,0.028041086710740376,0.02884389836987404,0.00231541034216616,0.0,,,,,,,,,,,0.02817474444387937,0.02810209167326596,0.002315410342166099,0.004888088500128608,
12,0.5,7,2,pcg64,384,384,6,0.5235987755982988,0.16666666666666666,0.028446055781466955,0.028446052972860937,0.028443559695148973,0.01423994304022784,0.014203616654921135,0.9999122519361855,0.9999123506619937,0.027680001630656193,0.02849632507378334,0.001277139208173726,0.0,,,,,,,,,,,0.02839996803278093,0.028370906924535567,0.0015325670498084467,0.00255427841634733,
12,0.5,7,3,pcg64,384,384,6,0.5235987755982988,0.16666666666666666,0.028446055781466955,0.028446052972860937,0.0281093569503273,0.01404378055957164,0.014065576390755662,0.9881636022327208,0.9881636997985322,0.027205398503955,0.027992341419899754,0.0007753941586973466,0.0,,,,,,,,,,,0.02808756111914328,0.028029438902652554,0.0007753941586973466,0.0028431119152235633,
12,0.5,123,0,pcg64,384,384,6,0.5235987755982988,0.16666666666666666,0.028446055781466955,0.028446052972860937,0.028429029141026293,0.014218147209043817,0.014210881931982475,0.9994014410795132,0.9994015397548867,0.02789477430549196,0.028710507008022364,0.0002555583950933224,0.0,,,,,,,0.028363641647474225,0.07169375404131037,0.9971027922244875,0.997102890672905,,,,,
12,0.5,123,1,pcg64,384,384,6,0.5235987755982988,0.16666666666666666,0.028446055781466955,0.028446052972860937,0.02811662222738864,0.014065576390755662,0.01405104583663298,0.988419007661057,0.9884191052520857,0.027583361742163585,0.028376672248992842,0.0005167958656331015,0.0,,,,,,,0.0280730305650206,0.07003727087132468,0.9868865750910399,0.9868866725307648,,,,,
12,0.5,123,2,pcg64,384,384,6,0.5235987755982988,0.16666666666666666,0.028446055781466955,0.028446052972860937,0.028312784708044842,0.014130963884307728,0.014181820823737113,0.9953149542261341,0.9953150524980305,0.02805700770339562,0.028853264978113618,0.001796253528355145,0.0,,,,,,,0.028247397214492775,0.07035694306202367,0.9930163053711084,0.9930164034160489,,,,,
12,0.5,123,3,pcg64,384,384,6,0.5235987755982988,0.16666666666666666,0.028446055781466955,0.028446052972860937,0.028487151357517018,0.014232677763166498,0.01425447359435052,1.0014446845062026,1.0014447833833147,0.02794096485009971,0.028753244008717774,0.0007651109410864663,0.0,,,,,,,0.028385437478658248,0.07175914153486243,0.997869008509496,0.9978691070335656,,,,,
12,0.5,2023,0,pcg64,384,384,6,0.5235987755982988,0.16666666666666666,0.028446055781466955,0.028446052972860937,0.02839996803278093,0.014174555546675772,0.014225412486105158,0.9983798193661684,0.9983799179406726,0.027811176789558044,0.02861493763173196,0.0017907393195190587,0.0,,,,,,,,,,,0.02849441663457836,0.02850894718870104,0.003325658736249759,0.003837298541826598,
12,0.5,2023,1,pcg64,384,384,6,0.5235987755982988,0.16666666666666666,0.028446055781466955,0.028446052972860937,0.028930333258258802,0.014486962460313424,0.01444337079794538,1.0170244156347104,1.0170245160500788,0.027772987097903674,0.028572854257323248,0.0015067805123053315,0.0,,,,,,,,,,,0.028741436054663946,0.02881408882527735,0.0065293822199898694,0.004018081366147631,
12,0.5,2023,2,pcg64,384,384,6,0.5235987755982988,0.16666666666666666,0.028446055781466955,0.028446052972860937,0.02821833610624741,0.014101902776062365,0.014116433330185047,0.9919946836577637,0.9919947816018349,0.027768601389251885,0.028582151547287802,0.0005149330587023951,0.0,,,,,,,,,,,0.028240131937431433,0.02827645832273814,0.0007723995880535619,0.0020597322348095805,
12,0.5,2023,3,pcg64,384,384,6,0.5235987755982988,0.16666666666666666,0.028446055781466955,0.028446052972860937,0.028298254153922158,0.01415275971549175,0.01414549443843041,0.9948041433694618,0.9948042415909235,0.0276125740126675,0.02842820341165871,0.00025673940949934066,0.0,,,,,,,,,,,0.028443559695148973,0.02839270275571959,0.005134788189987181,0.0033376123234917354,
12,0.5,314159,0,pcg64,384,384,6,0.5235987755982988,0.16666666666666666,0.028446055781466955,0.028446052972860937,0.027956786132039144,0.013963862511896892,0.013992923620142254,0.9828000882376607,0.9828001852739084,0.027370080654937706,0.02815585161741598,0.0010395010395010307,0.0,,,,,,,0.02790592919260976,0.07175187625780109,0.9810122502393075,0.981012347099034,,,,,
12,0.5,314159,1,pcg64,384,384,6,0.5235987755982988,0.16666666666666666,0.028446055781466955,0.028446052972860937,0.028182009720940707,0.014065576390755662,0.014116433330185047,0.9907176565160827,0.9907177543340673,0.027653491047409762,0.028443917511333783,0.0018045888115493685,0.0,,,,,,,0.028138418058572662,0.0714322040671021,0.9891852239460656,0.9891853216127462,,,,,
12,0.5,314159,2,pcg64,384,384,6,0.5235987755982988,0.16666666666666666,0.028446055781466955,0.028446052972860937,0.02849441663457836,0.01426173887141186,0.014232677763166498,1.001700089934539,1.0017001888368684,0.027132191680189054,0.02790958298346151,0.001019887812340634,0.0,,,,,,,0.028429029141026293,0.071664692933065,0.9994014410795132,0.9994015397548867,,,,,
12,0.5,314159,3,pcg64,384,384,6,0.5235987755982988,0.16666666666666666,0.028446055781466955,0.028446052972860937,0.028152948612695346,0.014080106944878342,0.014072841667817002,0.989696034802738,0.9896961325198533,0.027603282483750415,0.028395998557487534,0.00025806451612901465,0.0,,,,,,,0.02808756111914328,0.07145399989828612,0.9873973859477123,0.9873974834378717,,,,,
12,0.5,271828,0,pcg64,384,384,6,0.5235987755982988,0.16666666666666666,0.028446055781466955,0.028446052972860937,0.028429029141026293,0.014174555546675772,0.01425447359435052,0.9994014410795132,0.9994015397548867,0.02762164284938937,0.028417468552042715,0.0028111423460260585,0.0,,,,,,,,,,,,,,,
12,0.5,271828,1,pcg64,384,384,6,0.5235987755982988,0.16666666666666666,0.028446055781466955,0.028446052972860937,0.027978581963223167,0.013992923620142254,0.013985658343080914,0.9835663045226694,0.983566401634569,0.027776614440408326,0.0285894440086642,0.00025967281225653906,0.0,,,,,,,,,,,,,,,
12,0.5,271828,2,pcg64,384,384,6,0.5235987755982988,0.16666666666666666,0.028446055781466955,0.028446052972860937,0.028632456898743833,0.01434165691908661,0.014290799979657225,1.0065527930729266,1.006552892454385,0.02747588185399605,0.028266327104421552,0.0017761989342806395,0.0,,,,,,,,,,,,,,,
12,0.5,271828,3,pcg64,384,384,6,0.5235987755982988,0.16666666666666666,0.028446055781466955,0.028446052972860937,0.028182009720940707,0.014130963884307728,0.01405104583663298,0.9907176565160827,0.9907177543340673,0.02766229140615809,0.0284537921305143,0.0028357824181489987,0.0,,,,,,,,,,,,,,,
16,0.5,42,0,pcg64,512,512,8,0.39269908169872414,0.125,0.016000906377075165,0.01600090479723428,0.015867768595041323,0.007929803081318233,0.00793796551372309,0.9916793599752204,0.9916794578881584,0.015915049432866053,0.016173953536285177,0.0005144032921811241,0.0,0.31534236161286155,1.0625280496706584,2.302563484744399,0.003405546722113503,0.00032679488747553814,3.1415537559685363,0.015859606162636465,0.04077951229466381,0.9911692368476611,0.9911693347102324,0.01592898683807775,0.015904499540863176,0.0038580246913581025,0.00231481481481473,
16,0.5,42,1,pcg64,512,512,8,0.39269908169872414,0.125,0.016000906377075165,0.01600090479723428,0.016055504540353024,0.00803591470258137,0.008019589837771656,1.0034121919090835,1.0034122909804566,0.015548096250937933,0.01580779875121189,0.0010167768174885602,0.0,0.3164561629435481,1.056798566724313,2.2910272293366973,0.0033558586105675147,0.0003439946183953033,3.1414152731810114,0.016039179675543313,0.04031017243138455,1.0023919456539652,1.0023920446246046,0.016010611162126313,0.016031017243138455,0.0027961362480935135,0.0015251652262327864,
16,0.5,42,2,pcg64,512,512,8,0.39269908169872414,0.125,0.016000906377075165,0.01600090479723428,0.01628405264768901,0.008166513621059076,0.008117539026629936,1.017695639480743,1.0176957399623847,0.015710952392403926,0.015963523649918893,0.0030075187969924783,0.0,0.3170429280519376,1.0697134732778728,2.2977362453071346,0.003470523483365949,0.0003401724559686888,3.141361390061723,0.016271808999081726,0.040901948780736656,1.0169304547894042,1.0169305551954957,0.01633710845832058,0.01632894602591572,0.0032581453634085446,0.0027568922305764116,
16,0.5,42,3,pcg64,512,512,8,0.39269908169872414,0.125,0.016000906377075165,0.01600090479723428,0.015994286297316602,0.00800734618916437,0.00798694010815223,0.9995862684523892,0.9995863671460116,0.01589842754712276,0.01615780215950738,0.0012758356723653165,0.0,0.3163799135717637,1.0633686298776996,2.2924817674133964,0.0033405699608610568,0.0003535500244618395,3.141546926153267,0.01597388021630446,0.04038771553923069,0.998310960633491,0.9983110592011966,0.016063666972757882,0.016010611162126313,0.004337841286042272,0.00102066853789221,
16,0.5,7,0,pcg64,512,512,8,0.39269908169872414,0.125,0.016000906377075165,0.01600090479723428,0.01592082440567289,0.007954290378532803,0.007966534027140088,0.9949951603043558,0.9949952585446775,0.015593137874026577,0.015839118192338863,0.0007690335811330147,0.0,,,,,,,,,,,0.015904499540863176,0.01591674318947046,0.0010253781081774982,0.0002563445270444835,
16,0.5,7,1,pcg64,512,512,8,0.39269908169872414,0.125,0.016000906377075165,0.01600090479723428,0.015986123864911744,0.00800734618916437,0.007978777675747372,0.9990761453248298,0.9990762439680856,0.015983455069802834,0.016235785671785043,0.001787081950472271,0.0,,,,,,,,,,,0.01602693602693603,0.016002448729721456,0.0025529742149604804,0.001021189685984062,
16,0.5,7,2,pcg64,512,512,8,0.39269908169872414,0.125,0.016000906377075165,0.01600090479723428,0.01599836751351903,0.007999183756759514,0.007999183756759514,0.9998413300161687,0.9998414287349745,0.015756700581340082,0.016013009682923324,0.0,0.0,,,,,,,,,,,0.016039179675543313,0.016006529945923886,0.0025510204081633167,0.0005102040816327068,
16,0.5,7,3,pcg64,512,512,8,0.39269908169872414,0.125,0.016000906377075165,0.01600090479723428,0.01570451994694419,0.007844097541067237,0.00786042240587695,0.981476897424035,0.9814769943296383,0.015749644431649105,0.016007170458511834,0.0010395010395010383,0.0,,,,,,,,,,,0.015618814406693195,0.015610651974288337,0.005457380457380479,0.005977130977131054,
16,0.5,123,0,pcg64,512,512,8,0.39269908169872414,0.125,0.016000906377075165,0.01600090479723428,0.015688195082134475,0.007831853892459953,0.007856341189674524,0.9804566511689163,0.9804567479737861,0.015412583163634532,0.015658122309482842,0.0015608740894901682,0.0,,,,,,,0.01567595143352719,0.04055504540353025,0.9796914664775775,0.9796915632068972,,,,,
16,0.5,123,1,pcg64,512,512,8,0.39269908169872414,0.125,0.016000906377075165,0.01600090479723428,0.015888174676053465,0.007925721865115804,0.007962452810937659,0.9929546677941187,0.9929547658329735,0.015495494975037535,0.015738861259536642,0.00231184176727462,0.0,,,,,,,0.01587593102744618,0.03987348229772472,0.9921894831027798,0.9921895810660845,,,,,
16,0.5,123,2,pcg64,512,512,8,0.39269908169872414,0.125,0.016000906377075165,0.01600090479723428,0.016051423324150597,0.00805632078359351,0.007995102540557086,1.003157130345304,1.0031572293914937,0.0157431920071697,0.015996313203924355,0.00381388253241797,0.0,,,,,,,0.01604326089174574,0.04120395877971635,1.0026470072177447,1.0026471062135676,,,,,
16,0.5,123,3,pcg64,512,512,8,0.39269908169872414,0.125,0.016000906377075165,0.01600090479723428,0.015982042648709314,0.007950209162330375,0.008031833486378941,0.99882108376105,0.9988211823791224,0.015788544790105257,0.016041839385298105,0.005107252298263529,0.0,,,,,,,0.015982042648709314,0.04106519742883379,0.99882108376105,0.9988211823791224,,,,,
16,0.5,2023,0,pcg64,512,512,8,0.39269908169872414,0.125,0.016000906377075165,0.01600090479723428,0.015867768595041323,0.007942046729925517,0.007925721865115804,0.9916793599752204,0.9916794578881584,0.015559367039084802,0.015811894425977756,0.0010288065843621387,0.0,,,,,,,,,,,0.015835118865421896,0.01582287521681461,0.0020576131687242774,0.0028292181069958545,
16,0.5,2023,1,pcg64,512,512,8,0.39269908169872414,0.125,0.016000906377075165,0.01600090479723428,0.015977961432506887,0.007999183756759514,0.007978777675747372,0.9985660221972705,0.9985661207901595,0.01578018198142092,0.0160305977287336,0.0012771392081737168,0.0,,,,,,,,,,,0.01601877359453117,0.016022854810733598,0.0025542784163474336,0.00280970625798209,
16,0.5,2023,2,pcg64,512,512,8,0.39269908169872414,0.125,0.016000906377075165,0.01600090479723428,0.016035098459340882,0.007999183756759514,0.00803591470258137,1.0021368840901854,1.0021369830356415,0.015694250260581563,0.01594858596035342,0.0022906592008144814,0.0,,,,,,,,,,,0.016031017243138455,0.015994286297316602,0.00025451768897930265,0.002545176889793676,
16,0.5,2023,3,pcg64,512,512,8,0.39269908169872414,0.125,0.016000906377075165,0.01600090479723428,0.01601469237832874,0.008003264972961943,0.008011427405366799,1.0008615762712871,1.0008616750908264,0.015696473837695017,0.015947448250958104,0.0005096839959224734,0.0,,,,,,,,,,,0.015994286297316602,0.01599020508111417,0.0012742099898061293,0.0015290519877675284,
16,0.5,314159,0,pcg64,512,512,8,0.39269908169872414,0.125,0.016000906377075165,0.01600090479723428,0.015782063054790327,0.007880828486889093,0.007901234567901235,0.986323067135848,0.9863231645199353,0.01559343823735841,0.0158415796371083,0.0012929919834497286,0.0,,,,,,,0.015782063054790327,0.039791857973676154,0.986323067135848,0.9863231645199353,,,,,
16,0.5,314159,1,pcg64,512,512,8,0.39269908169872414,0.125,0.016000906377075165,0.01600090479723428,0.015794306703397612,0.007905315784103664,0.00788899091929395,0.987088251827187,0.9870883492868243,0.015716850222123335,0.015968594539783654,0.0010335917312661487,0.0,,,,,,,0.015794306703397612,0.03970615243342516,0.987088251827187,0.9870883492868243,,,,,
16,0.5,314159,2,pcg64,512,512,8,0.39269908169872414,0.125,0.016000906377075165,0.01600090479723428,0.016157534945413735,0.008101214161820223,0.00805632078359351,1.0097887310035745,1.0097888307045317,0.015953002725057484,0.016209696579167102,0.00277847941399351,0.0,,,,,,,0.01614121008060402,0.040395877971635546,1.008768484748456,1.0087685843486796,,,,,
16,0.5,314159,3,pcg64,512,512,8,0.39269908169872414,0.125,0.016000906377075165,0.01600090479723428,0.01599836751351903,0.007999183756759514,0.007999183756759514,0.9998413300161687,0.9998414287349745,0.01568602322956802,0.015934114348369374,0.0,0.0,,,,,,,0.01599020508111417,0.04049790837669626,0.9993312068886094,0.9993313055570485,,,,,
16,0.5,271828,0,pcg64,512,512,8,0.39269908169872414,0.125,0.016000906377075165,0.01600090479723428,0.01599020508111417,0.007991021324354657,0.007999183756759514,0.9993312068886094,0.9993313055570485,0.01564709612446804,0.015900959919510814,0.000510464522715725,0.0,,,,,,,,,,,,,,,
16,0.5,271828,1,pcg64,512,512,8,0.39269908169872414,0.125,0.016000906377075165,0.01600090479723428,0.01583103764921947,0.007921640648913377,0.00790939700030609,0.9893838059012038,0.9893839035874915,0.015703421093936677,0.0159525285040237,0.0007733952049498106,0.0,,,,,,,,,,,,,,,
16,0.5,271828,2,pcg64,512,512,8,0.39269908169872414,0.125,0.016000906377075165,0.01600090479723428,0.01623099683705744,0.008121620242832365,0.008109376594225079,1.014379839151608,1.0143799393058657,0.01578428381227961,0.01604422971208408,0.0007543374402816987,0.0,,,,,,,,,,,,,,,
16,0.5,271828,3,pcg64,512,512,8,0.39269908169872414,0.125,0.016000906377075165,0.01600090479723428,0.01641057034996429,0.008199163350678502,0.008211406999285787,1.0256025479579118,1.025602649220238,0.01595743781935022,0.016220789414861003,0.0007460830639144219,0.0,,,,,,,,,,,,,,,
24,0.5,42,0,pcg64,768,768,12,0.2617993877991494,0.08333333333333333,0.007111513945366739,0.007111513243215234,0.007118933283096247,0.0035685238085749636,0.0035504094745212834,1.0010432852675966,1.0010433841050765,0.007030792616447219,0.007078547742634557,0.0025445292620865367,0.0,0.21138846447725015,0.678536159333936,1.645042418183125,0.001493915688830943,0.00015448446327683617,3.1412015697366873,0.007118933283096247,0.01782269327541577,1.0010432852675966,1.0010433841050765,0.007104441815853303,0.007108064682664039,0.0020356234096692294,0.0015267175572519223,
24,0.5,42,1,pcg64,768,768,12,0.2617993877991494,0.08333333333333333,0.007111513945366739,0.007111513243215234,0.007015681578990271,0.0034996893391709793,0.0035159922398192915,0.9865243368553184,0.9865244342592778,0.007073168232105137,0.007122725452420667,0.002323780015491888,0.0,0.21100919125974232,0.6789151692516212,1.659767125682459,0.0015007062146892656,0.00014260104302477183,3.1414795032990086,0.007015681578990271,0.017951305047196896,0.9865243368553184,0.9865244342592778,0.007017493012395639,0.007026550179422479,0.0002581977794990986,0.0015491866769945918,
24,0.5,42,2,pcg64,768,768,12,0.2617993877991494,0.08333333333333333,0.007111513945366739,0.007111513243215234,0.006964961443639966,0.0034797635717119316,0.003485197871928035,0.9793922218457782,0.979392318545552,0.007090894479536572,0.007140758026672872,0.0007802340702210112,0.0,0.2104879902466361,0.6755872950692605,1.6154136742080447,0.0014047900369404606,0.00015024038461538462,3.1413720810620838,0.006964961443639966,0.017262960353157056,0.9793922218457782,0.979392318545552,0.00697039574385607,0.00697039574385607,0.0007802340702210734,0.0007802340702210734,
24,0.5,42,3,pcg64,768,768,12,0.2617993877991494,0.08333333333333333,0.007111513945366739,0.007111513243215234,0.007117121849690879,0.0035630895083588595,0.0035540323413320194,1.0007885668743985,1.0007886656867293,0.0069717379725315245,0.007019721470790935,0.0012725884448969319,0.0,0.21063174067554252,0.6773921730030428,1.6592633974428446,0.0015473910799652325,0.0001663678835289005,3.141499503292826,0.007111687549474775,0.018018328083195513,1.0000244116948052,1.0000245104316872,0.007127990450123087,0.007113498982880143,0.001527106133876318,0.0005090353779587727,
24,0.5,7,0,pcg64,768,768,12,0.2617993877991494,0.08333333333333333,0.007111513945366739,0.007111513243215234,0.007037418779854687,0.0035141808064139235,0.0035232379734407636,0.9895809575736928,0.989581055279446,0.006962212012762175,0.007011764244064253,0.0012870012870012987,0.0,,,,,,,,,,,0.007053721680502999,0.007055533113908367,0.0023166023166023373,0.0025740025740025973,
24,0.5,7,1,pcg64,768,768,12,0.2617993877991494,0.08333333333333333,0.007111513945366739,0.007111513243215234,0.007283773722984735,0.0036373582779789474,0.0036464154450057875,1.0242226590486019,1.0242227601746852,0.0070329008729311335,0.007083721055663324,0.0012434717731907598,0.0,,,,,,,,,,,0.007281962289579367,0.007276527989363263,0.00024869435463815195,0.0009947774185526078,
24,0.5,7,2,pcg64,768,768,12,0.2617993877991494,0.08333333333333333,0.007111513945366739,0.007111513243215234,0.007205882086553911,0.0035993181764662195,0.0036065639100876915,1.0132697681410938,1.0132698681857493,0.0070639452340322305,0.007115771772336608,0.0010055304172951322,0.0,,,,,,,,,,,0.007218562120391487,0.007214939253580751,0.0017596782302664814,0.0012569130216189153,
24,0.5,7,3,pcg64,768,768,12,0.2617993877991494,0.08333333333333333,0.007111513945366739,0.007111513243215234,0.0070754588813674146,0.0035141808064139235,0.0035612780749534915,0.9949300438308478,0.9949301420647402,0.007100488541990645,0.00715083754271348,0.00665642601126472,0.0,,,,,,,,,,,0.007084516048394255,0.007095384648826463,0.0012800819252432273,0.0028161802355351,
24,0.5,123,0,pcg64,768,768,12,0.2617993877991494,0.08333333333333333,0.007111513945366739,0.007111513243215234,0.007113498982880143,0.0035576552081427555,0.0035558437747373875,1.000279130088003,1.0002792288500346,0.007170499096960812,0.007220014226037125,0.0002546473134708452,0.0,,,,,,,0.007111687549474775,0.017853487643307027,1.0000244116948052,1.0000245104316872,,,,,
24,0.5,123,1,pcg64,768,768,12,0.2617993877991494,0.08333333333333333,0.007111513945366739,0.007111513243215234,0.007030173046233215,0.0035214265400353956,0.0035087465061978194,0.9885620840009013,0.9885621816060566,0.007159636722051678,0.007210464331257093,0.0018036588508116627,0.0,,,,,,,0.007026550179422479,0.017728498738336634,0.9880526472145056,0.9880527447693619,,,,,
24,0.5,123,2,pcg64,768,768,12,0.2617993877991494,0.08333333333333333,0.007111513945366739,0.007111513243215234,0.007039230213260055,0.0035196151066300275,0.0035196151066300275,0.9898356759668906,0.9898357736977933,0.007118301598265158,0.007168606711071044,0.0,0.0,,,,,,,0.007039230213260055,0.01798572228189889,0.9898356759668906,0.9898357736977933,,,,,
24,0.5,123,3,pcg64,768,768,12,0.2617993877991494,0.08333333333333333,0.007111513945366739,0.007111513243215234,0.007164219118230447,0.0035902610094393794,0.0035739581087910676,1.007411245097543,1.0074113445637602,0.007105356487163138,0.007156320438703643,0.002275600505688961,0.0,,,,,,,0.007164219118230447,0.018132448387733698,1.007411245097543,1.0074113445637602,,,,,
24,0.5,2023,0,pcg64,768,768,12,0.2617993877991494,0.08333333333333333,0.007111513945366739,0.007111513243215234,0.007207693519959279,0.0035975067430608514,0.0036101867768984276,1.0135244865342918,1.0135245866040967,0.00707000429649996,0.00711881403350932,0.0017592359889419611,0.0,,,,,,,,,,,0.007178710585473391,0.007175087718662655,0.004021110831867339,0.004523749685850757,
24,0.5,2023,1,pcg64,768,768,12,0.2617993877991494,0.08333333333333333,0.007111513945366739,0.007111513243215234,0.007057344547313735,0.0035268608402514996,0.003530483707062235,0.9923828598988692,0.9923829578812668,0.007006503123242034,0.0070556663930427185,0.0005133470225872122,0.0,,,,,,,,,,,0.007037418779854687,0.007055533113908367,0.002823408624230005,0.0002566735112936368,
24,0.5,2023,2,pcg64,768,768,12,0.2617993877991494,0.08333333333333333,0.007111513945366739,0.007111513243215234,0.007102630382447935,0.0035612780749534915,0.0035413523074944433,0.9987508197288157,0.9987509183399504,0.006966760244163941,0.007015714001625585,0.002805406783983703,0.0,,,,,,,,,,,0.007120744716501615,0.007118933283096247,0.002550369803621548,0.002295332823259393,
24,0.5,2023,3,pcg64,768,768,12,0.2617993877991494,0.08333333333333333,0.007111513945366739,0.007111513243215234,0.007214939253580751,0.0035975067430608514,0.0036174325105198996,1.0145433601070832,1.014543460277486,0.0070199348681696415,0.007070719897404061,0.0027617373838815214,0.0,,,,,,,,,,,0.007214939253580751,0.007233053587634431,0.0,0.0025106703489832013,
24,0.5,314159,0,pcg64,768,768,12,0.2617993877991494,0.08333333333333333,0.007111513945366739,0.007111513243215234,0.007202259219743175,0.0036083753434930596,0.0035938838762501154,1.0127603313546982,1.0127604313490546,0.007150004343778362,0.0072000776604739265,0.0020120724346076643,0.0,,,,,,,0.007200447786337807,0.01820309429054305,1.0125056129615002,1.0125057129307073,,,,,
24,0.5,314159,1,pcg64,768,768,12,0.2617993877991494,0.08333333333333333,0.007111513945366739,0.007111513243215234,0.007044664513476159,0.0035178036732246595,0.0035268608402514996,0.9905998311464842,0.9905999289528354,0.007051047582137434,0.007102496573384958,0.0012856775520699525,0.0,,,,,,,0.007042853080070791,0.018072671085356554,0.9903451127532863,0.9903452105344881,,,,,
24,0.5,314159,2,pcg64,768,768,12,0.2617993877991494,0.08333333333333333,0.007111513945366739,0.007111513243215234,0.007155161951203607,0.0035739581087910676,0.0035812038424125393,1.0061376531315538,1.0061377524720236,0.007160027039111127,0.007211190835067871,0.0010126582278480497,0.0,,,,,,,0.007151539084392871,0.018079916818978026,1.005628216345158,1.005628315635329,,,,,
24,0.5,314159,3,pcg64,768,768,12,0.2617993877991494,0.08333333333333333,0.007111513945366739,0.007111513243215234,0.007209504953364647,0.0036029410432769555,0.0036065639100876915,1.0137792049274896,1.013779305022444,0.0070619698155446695,0.007111404748700151,0.0005025125628140748,0.0,,,,,,,0.007209504953364647,0.01818497995648937,1.0137792049274896,1.013779305022444,,,,,
24,0.5,271828,0,pcg64,768,768,12,0.2617993877991494,0.08333333333333333,0.007111513945366739,0.007111513243215234,0.007015681578990271,0.0035051236393870834,0.0035105579396031874,0.9865243368553184,0.9865244342592778,0.007003130576191573,0.007053708708082522,0.0007745933384972959,0.0,,,,,,,,,,,,,,,
24,0.5,271828,1,pcg64,768,768,12,0.2617993877991494,0.08333333333333333,0.007111513945366739,0.007111513243215234,0.007216750686986119,0.0036047524766823235,0.0036119982103037956,1.014798078500281,1.0147981786958333,0.007120454059855076,0.0071714555051313284,0.0010040160642570371,0.0,,,,,,,,,,,,,,,
24,0.5,271828,2,pcg64,768,768,12,0.2617993877991494,0.08333333333333333,0.007111513945366739,0.007111513243215234,0.007111687549474775,0.0035485980411159154,0.0035630895083588595,1.0000244116948052,1.0000245104316872,0.007150537445732218,0.007201699234871054,0.0020376974019358307,0.0,,,,,,,,,,,,,,,
24,0.5,271828,3,pcg64,768,768,12,0.2617993877991494,0.08333333333333333,0.007111513945366739,0.007111513243215234,0.007185956319094863,0.0035848267092232753,0.0036011296098715875,1.0104678658159174,1.0104679655839284,0.007138770557191128,0.007190062672495212,0.0022687169145450166,0.0,,,,,,,,,,,,,,,
32,0.5,42,0,pcg64,1024,1024,16,0.19634954084936207,0.0625,0.004000226594268791,0.00400022619930857,0.0039813416612275365,0.0019967803063087462,0.00198456135491879,0.995279034175636,0.995279132443986,0.0040240430751855485,0.004040247103578802,0.0030690537084398484,0.0,0.15788960629456542,0.4991712224913571,1.2213350110579788,0.0008138020833333334,8.448267961876833e-05,3.141500204804442,0.0039813416612275365,0.0100399050587477,0.995279034175636,0.995279132443986,0.003978286923380047,0.0039813416612275365,0.0007672634271100437,0.0,
32,0.5,42,1,pcg64,1024,1024,16,0.19634954084936207,0.0625,0.004000226594268791,0.00400022619930857,0.004098439945381287,0.0020538020794618776,0.0020446378659194097,1.0245519469455076,1.024552048104103,0.004016878676161426,0.004032148166446275,0.0022360248447205935,0.0,0.15896357994728894,0.502472943008527,1.2406419984563055,0.0008978074596774193,8.686919599217987e-05,3.1414230419801625,0.004097421699432125,0.010369816746276529,1.0242973998779437,1.0242975010114066,0.004101494683228776,0.004097421699432125,0.0007453416149068998,0.00024844720496875497,
32,0.5,42,2,pcg64,1024,1024,16,0.19634954084936207,0.0625,0.004000226594268791,0.00400022619930857,0.004048545893872298,0.002027327684783638,0.0020212182090886596,1.0120791406348668,1.0120792405619663,0.004003665581647364,0.004019777739176032,0.0015090543259557638,0.0,0.1586831305053147,0.5002971891611592,1.2331410136996193,0.0008601005009775171,8.782380254154448e-05,3.1411219640841392,0.004047527647923135,0.010471641341192835,1.0118245935673027,1.0118246934692696,0.004047527647923135,0.00405261887766895,0.00025150905432597847,0.0010060362173036996,
32,0.5,42,3,pcg64,1024,1024,16,0.19634954084936207,0.0625,0.004000226594268791,0.00400022619930857,0.0039426483151593405,0.0019631781899863655,0.0019794701251729745,0.9856062456082002,0.9856063429215125,0.003980253387579367,0.003996595515879174,0.004132231404958721,0.0,0.1580373625202736,0.4960783329881714,1.2245770286588085,0.0008472133125610948,8.066425342130987e-05,3.141479720228946,0.0039426483151593405,0.009988992761289547,0.9856062456082002,0.9856063429215125,0.003944684807057667,0.003944684807057667,0.0005165289256198815,0.0005165289256198815,
32,0.5,7,0,pcg64,1024,1024,16,0.19634954084936207,0.0625,0.004000226594268791,0.00400022619930857,0.0040200350072957325,0.0020130722414953553,0.002006962765800377,1.0049518227430718,1.0049519219664595,0.003941897193868799,0.003957229677185941,0.0015197568389058046,0.0,,,,,,,,,,,0.004019016761346569,0.004016980269448243,0.00025329280648431874,0.0007598784194529563,
32,0.5,7,1,pcg64,1024,1024,16,0.19634954084936207,0.0625,0.004000226594268791,0.00400022619930857,0.004034290450584015,0.0020191817171903337,0.0020151087333936816,1.0085154816889692,1.0085155812642128,0.0039764189557786375,0.003991961916668178,0.0010095911155981667,0.0,,,,,,,,,,,0.004035308696533178,0.004035308696533178,0.0002523977788995685,0.0002523977788995685,
32,0.5,7,2,pcg64,1024,1024,16,0.19634954084936207,0.0625,0.004000226594268791,0.00400022619930857,0.003973195693634232,0.001988634338715442,0.00198456135491879,0.9932426576351233,0.9932427557024126,0.0039556550112572145,0.003971619069371913,0.0010251153254740993,0.0,,,,,,,,,,,0.003976250431481721,0.0039742139395833945,0.000768836494105438,0.0002562788313683338,
32,0.5,7,3,pcg64,1024,1024,16,0.19634954084936207,0.0625,0.004000226594268791,0.00400022619930857,0.004010870793753265,0.002000853290105399,0.0020100175036478663,1.002660899134995,1.0026609981321895,0.004008933864814261,0.0040244221892514745,0.002284843869002275,0.0,,,,,,,,,,,0.004009852547804102,0.004016980269448243,0.0002538715410002768,0.0015232292460014448,
32,0.5,123,0,pcg64,1024,1024,16,0.19634954084936207,0.0625,0.004000226594268791,0.00400022619930857,0.003904973215040307,0.001949940992647246,0.001955032222393061,0.9761880041083284,0.9761881004917355,0.003963672790100292,0.003979159076925123,0.0013037809647979209,0.0,,,,,,,0.0039039549690911444,0.010130528948223212,0.9759334570407643,0.9759335533990389,,,,,
32,0.5,123,1,pcg64,1024,1024,16,0.19634954084936207,0.0625,0.004000226594268791,0.00400022619930857,0.003991524120719167,0.0019967803063087462,0.0019947438144104204,0.997824504851277,0.9978246033709527,0.004018931094806339,0.004034183700531495,0.0005102040816325905,0.0,,,,,,,0.003990505874770004,0.010208933886308768,0.9975699577837129,0.997570056278256,,,,,
32,0.5,123,2,pcg64,1024,1024,16,0.19634954084936207,0.0625,0.004000226594268791,0.00400022619930857,0.003959958496295112,0.0019753971413763224,0.00198456135491879,0.9899335457567898,0.9899336434973558,0.003966456082550336,0.0039830305231782865,0.0023142195937258837,0.0,,,,,,,0.003959958496295112,0.010153948605053961,0.9899335457567898,0.9899336434973558,,,,,
32,0.5,123,3,pcg64,1024,1024,16,0.19634954084936207,0.0625,0.004000226594268791,0.00400022619930857,0.004017998515397406,0.0020140904874445184,0.002003908027952888,1.0044427286079436,1.0044428277810662,0.003992075600479231,0.004008585048349128,0.0025342118601115187,0.0,,,,,,,0.004017998515397406,0.010333159892106659,1.0044427286079436,1.0044428277810662,,,,,
32,0.5,2023,0,pcg64,1024,1024,16,0.19634954084936207,0.0625,0.004000226594268791,0.00400022619930857,0.003953849020600134,0.0019753971413763224,0.0019784518792238114,0.9884062633514054,0.9884063609411758,0.003907057163002316,0.0039225153090479414,0.0007725985063095146,0.0,,,,,,,,,,,0.003963013234142602,0.003960976742244275,0.0023177955189286536,0.0018027298480555707,
32,0.5,2023,1,pcg64,1024,1024,16,0.19634954084936207,0.0625,0.004000226594268791,0.00400022619930857,0.004009852547804102,0.002008999257698703,0.002000853290105399,1.002406352067431,1.0024064510394928,0.0040332397060716865,0.0040492621371260255,0.0020314880650075854,0.0,,,,,,,,,,,0.003999670088312471,0.004007816055905776,0.002539360081259536,0.0005078720162519504,
32,0.5,2023,2,pcg64,1024,1024,16,0.19634954084936207,0.0625,0.004000226594268791,0.00400022619930857,0.003996615350464982,0.002003908027952888,0.001992707322512094,0.9990972401890975,0.999097338834436,0.003969758394214864,0.00398672697489207,0.0028025477707006737,0.0,,,,,,,,,,,0.003995597104515819,0.0039935606126174925,0.00025477707006371734,0.000764331210191152,
32,0.5,2023,3,pcg64,1024,1024,16,0.19634954084936207,0.0625,0.004000226594268791,0.00400022619930857,0.004059746599313092,0.00203140066858029,0.002028345930732801,1.0148791583780719,1.0148792585816298,0.003988208666261716,0.004003696542712058,0.0007524454477050025,0.0,,,,,,,,,,,0.0040516006317197865,0.004056691861465602,0.002006521193880292,0.0007524454477051093,
32,0.5,314159,0,pcg64,1024,1024,16,0.19634954084936207,0.0625,0.004000226594268791,0.00400022619930857,0.003963013234142602,0.0019825248630204635,0.0019804883711221377,0.9906971869594823,0.9906972847754459,0.0038957514762904457,0.003911168261621087,0.0005138746145939761,0.0,,,,,,,0.003963013234142602,0.010021576631662765,0.9906971869594823,0.9906972847754459,,,,,
32,0.5,314159,1,pcg64,1024,1024,16,0.19634954084936207,0.0625,0.004000226594268791,0.00400022619930857,0.004009852547804102,0.002005944519851214,0.002003908027952888,1.002406352067431,1.0024064510394928,0.00397815421883905,0.003993321415966263,0.0005078720162519504,0.0,,,,,,,0.004008834301854939,0.010107109291392462,1.0021518049998668,1.002151903946796,,,,,
32,0.5,314159,2,pcg64,1024,1024,16,0.19634954084936207,0.0625,0.004000226594268791,0.00400022619930857,0.0040129072856515905,0.002005944519851214,0.002006962765800377,1.003169993270123,1.0031700923175826,0.004051930813688698,0.004068744656683417,0.0002537427048971491,0.0,,,,,,,0.0040129072856515905,0.01009285384810418,1.003169993270123,1.0031700923175826,,,,,
32,0.5,314159,3,pcg64,1024,1024,16,0.19634954084936207,0.0625,0.004000226594268791,0.00400022619930857,0.004036326942482341,0.0020181634712411706,0.0020181634712411706,1.0090245758240974,1.0090246754496062,0.003945177951664043,0.00396051266101853,0.0,0.0,,,,,,,0.004036326942482341,0.010221152837698724,1.0090245758240974,1.0090246754496062,,,,,
32,0.5,271828,0,pcg64,1024,1024,16,0.19634954084936207,0.0625,0.004000226594268791,0.00400022619930857,0.004023089745143221,0.002011035749597029,0.002012053995546192,1.0057154639457642,1.0057155632445494,0.003999205916818492,0.004015240056181577,0.00025310048089093664,0.0,,,,,,,,,,,,,,,
32,0.5,271828,1,pcg64,1024,1024,16,0.19634954084936207,0.0625,0.004000226594268791,0.00400022619930857,0.004030217466787363,0.0020181634712411706,0.002012053995546192,1.007497293418713,1.0074973928934263,0.003956301519112952,0.003972127446221538,0.001515917129863597,0.0,,,,,,,,,,,,,,,
32,0.5,271828,2,pcg64,1024,1024,16,0.19634954084936207,0.0625,0.004000226594268791,0.00400022619930857,0.003984396399075025,0.0019937255684612572,0.0019906708306137682,0.9960426753783282,0.9960427737220758,0.003995082560075918,0.004011260367932018,0.000766675185279797,0.0,,,,,,,,,,,,,,,
32,0.5,271828,3,pcg64,1024,1024,16,0.19634954084936207,0.0625,0.004000226594268791,0.00400022619930857,0.004016980269448243,0.002011035749597029,0.002005944519851214,1.0041881815403795,1.0041882806883695,0.003954207160028745,0.003969890304650473,0.0012674271229403296,0.0,,,,,,,,,,,,,,,
48,0.5,42,0,pcg64,1536,1536,24,0.1308996938995747,0.041666666666666664,0.0017778784863416845,0.0017778783108038086,0.0017678431635031063,0.000884599955950902,0.0008832432075522043,0.9943554506589324,0.9943555488360926,0.0017979882072813394,0.0018012302730383571,0.000767459708365318,0.0,0.10564500182436128,0.3262697098446754,0.7824539014791249,0.00036878223398479915,3.753562703583062e-05,3.1414222523073834,0.0017678431635031063,0.004390437818185765,0.9943554506589324,0.9943555488360926,0.0017682954129693389,0.0017669386645706412,0.00025581990278843934,0.0005116398055768787,
48,0.5,42,1,pcg64,1536,1536,24,0.1308996938995747,0.041666666666666664,0.0017778784863416845,0.0017778783108038086,0.0017863853916186415,0.0008936449452755533,0.0008927404463430882,1.004784863162646,1.0047849623695486,0.0018011966963085112,0.0018043914078802834,0.0005063291139240553,0.0,0.10579586005157442,0.32541014014871955,0.7904038652814348,0.00038193030673181323,3.287018186753529e-05,3.141282986424823,0.0017854808926861764,0.004626059790092933,1.0042761113331964,1.004276210489868,0.0017877421400173392,0.0017872898905511067,0.0007594936708860831,0.0005063291139240553,
48,0.5,42,2,pcg64,1536,1536,24,0.1308996938995747,0.041666666666666664,0.0017778784863416845,0.0017778783108038086,0.0017976916282744558,0.0008972629410054139,0.0009004286872690418,1.011144261030764,1.0111443608655586,0.0017870919837676272,0.0017902367736941322,0.0017610062893081322,0.0,0.1055480688030471,0.3271079897560413,0.7918462133929813,0.00038405096362649293,4.156487513572204e-05,3.141006619896045,0.0017972393788082232,0.004594854576922886,1.0108898851160393,1.010889984925718,0.0017945258820108278,0.0017940736325445952,0.0017610062893081925,0.00201257861635222,
48,0.5,42,3,pcg64,1536,1536,24,0.1308996938995747,0.041666666666666664,0.0017778784863416845,0.0017778783108038086,0.001780506148557618,0.0008922881968768556,0.0008882179516807626,1.0014779762712245,1.0014780751516235,0.0017948795182121766,0.0017980689198706103,0.0022860045720091045,0.0,0.10639229506458493,0.329174251060507,0.7983466483827147,0.00040059208740499455,4.0716612377850165e-05,3.1413917341092787,0.001780506148557618,0.004658169502195445,1.0014779762712245,1.0014780751516235,0.0017800538990913855,0.001779601649625153,0.00025400050800101836,0.0005080010160020367,
48,0.5,7,0,pcg64,1536,1536,24,0.1308996938995747,0.041666666666666664,0.0017778784863416845,0.0017778783108038086,0.0018094501143965025,0.0009063079303300652,0.0009031421840664372,1.0177580348136066,1.0177581353014087,0.0017590816120798274,0.0017619989966347663,0.0017495626093476794,0.0,,,,,,,,,,,0.0018071888670653396,0.0018062843681328745,0.0012496875781054853,0.0017495626093476794,
48,0.5,7,1,pcg64,1536,1536,24,0.1308996938995747,0.041666666666666664,0.0017778784863416845,0.0017778783108038086,0.0018243743467821771,0.0009126394228573211,0.000911734923924856,1.0261524399995223,1.0261525413161416,0.001787141620964725,0.0017904160192519975,0.0004957858205255376,0.0,,,,,,,,,,,0.00182663559411334,0.0018284445919782703,0.001239464551313844,0.002231036192364919,
48,0.5,7,2,pcg64,1536,1536,24,0.1308996938995747,0.041666666666666664,0.0017778784863416845,0.0017778783108038086,0.0017750791549628274,0.0008882179516807626,0.0008868612032820649,0.998425465294528,0.9984255638735389,0.0017639777690522762,0.0017669668639136399,0.0007643312101910899,0.0,,,,,,,,,,,0.0017741746560303623,0.0017759836538952926,0.0005095541401273933,0.0005095541401273933,
48,0.5,7,3,pcg64,1536,1536,24,0.1308996938995747,0.041666666666666664,0.0017778784863416845,0.0017778783108038086,0.0017520144321849665,0.0008796252118223437,0.0008723892203626227,0.9854522936435672,0.9854523909416789,0.0017584977475128005,0.0017615870299650422,0.0041300980898296095,0.0,,,,,,,,,,,0.001749300935387571,0.0017502054343200362,0.001548786783686127,0.001032524522457418,
48,0.5,123,0,pcg64,1536,1536,24,0.1308996938995747,0.041666666666666664,0.0017778784863416845,0.0017778783108038086,0.0017800538990913855,0.0008900269495456928,0.0008900269495456928,1.0012236003564998,1.0012236992117831,0.0017671384560301604,0.0017704404366533995,0.0,0.0,,,,,,,0.001779601649625153,0.004514354171933488,1.0009692244417752,1.0009693232719428,,,,,
48,0.5,123,1,pcg64,1536,1536,24,0.1308996938995747,0.041666666666666664,0.0017778784863416845,0.0017778783108038086,0.001789098888416037,0.0008936449452755533,0.0008954539431404836,1.0063111186509943,1.006311218008591,0.001762397676025684,0.0017657223182795947,0.0010111223458038516,0.0,,,,,,,0.0017886466389498044,0.004484053457695906,1.0060567427362697,1.0060568420687506,,,,,
48,0.5,123,2,pcg64,1536,1536,24,0.1308996938995747,0.041666666666666664,0.0017778784863416845,0.0017778783108038086,0.0017732701570978972,0.0008868612032820649,0.0008864089538158323,0.9974079616356291,0.9974080601141774,0.0017627246979984028,0.0017655122238960249,0.0002550369803621549,0.0,,,,,,,0.0017732701570978972,0.004542393638839908,0.9974079616356291,0.9974080601141774,,,,,
48,0.5,123,3,pcg64,1536,1536,24,0.1308996938995747,0.041666666666666664,0.0017778784863416845,0.0017778783108038086,0.0017841241442874787,0.0008922881968768556,0.000891835947410623,1.0035129835890224,1.0035130826703467,0.0017877742541760713,0.0017910629932167943,0.00025348542458808855,0.0,,,,,,,0.0017841241442874787,0.004462797732782976,1.0035129835890224,1.0035130826703467,,,,,
48,0.5,2023,0,pcg64,1536,1536,24,0.1308996938995747,0.041666666666666664,0.0017778784863416845,0.0017778783108038086,0.0017841241442874787,0.0008904791990119253,0.0008936449452755533,1.0035129835890224,1.0035130826703467,0.00175833528450471,0.001761350196844818,0.0017743979721166199,0.0,,,,,,,,,,,0.0017850286432199438,0.001782767395888781,0.0005069708491761771,0.0007604562737642657,
48,0.5,2023,1,pcg64,1536,1536,24,0.1308996938995747,0.041666666666666664,0.0017778784863416845,0.0017778783108038086,0.0017465874385901756,0.0008746504676937855,0.0008719369708963901,0.9823997826668706,0.9823998796635942,0.0017579733115207536,0.0017611901824121042,0.0015535991714137898,0.0,,,,,,,,,,,0.0017438739417927802,0.001746135189123943,0.0015535991714137898,0.0002589331952356316,
48,0.5,2023,2,pcg64,1536,1536,24,0.1308996938995747,0.041666666666666664,0.0017778784863416845,0.0017778783108038086,0.001780506148557618,0.0008909314484781579,0.0008895747000794602,1.0014779762712245,1.0014780751516235,0.0017952833233637912,0.0017986358444157528,0.0007620015240030551,0.0,,,,,,,,,,,0.0017782449012264552,0.001780506148557618,0.001270002540005092,0.0,
48,0.5,2023,3,pcg64,1536,1536,24,0.1308996938995747,0.041666666666666664,0.0017778784863416845,0.0017778783108038086,0.0017633206688407806,0.0008832432075522043,0.0008800774612885763,0.9918116915116852,0.9918117894376887,0.0017691671448686274,0.0017721876474940104,0.0017953321364452591,0.0,,,,,,,,,,,0.0017642251677732457,0.0017633206688407806,0.0005129520389843598,0.0,
48,0.5,314159,0,pcg64,1536,1536,24,0.1308996938995747,0.041666666666666664,0.0017778784863416845,0.0017778783108038086,0.0017637729183070132,0.0008832432075522043,0.0008805297107548089,0.9920660674264099,0.992066165377529,0.0017781273557082007,0.0017813298418241435,0.0015384615384615528,0.0,,,,,,,0.0017637729183070132,0.004555961122826885,0.9920660674264099,0.992066165377529,,,,,
48,0.5,314159,1,pcg64,1536,1536,24,0.1308996938995747,0.041666666666666664,0.0017778784863416845,0.0017778783108038086,0.0017438739417927802,0.0008714847214301575,0.0008723892203626227,0.9808735271785223,0.9808736240245518,0.0017807877115213972,0.0017840283865937071,0.0005186721991701294,0.0,,,,,,,0.0017434216923265476,0.004534253148447721,0.9806191512637975,0.9806192480847115,,,,,
48,0.5,314159,2,pcg64,1536,1536,24,0.1308996938995747,0.041666666666666664,0.0017778784863416845,0.0017778783108038086,0.0017511099332525014,0.0008728414698288553,0.000878268463423646,0.9849435418141178,0.9849436390619981,0.0017526482108589634,0.0017561628960743065,0.003099173553718975,0.0,,,,,,,0.0017511099332525014,0.004462797732782976,0.9849435418141178,0.9849436390619981,,,,,
48,0.5,314159,3,pcg64,1536,1536,24,0.1308996938995747,0.041666666666666664,0.0017778784863416845,0.0017778783108038086,0.0017909078862809672,0.0008968106915391813,0.0008940971947417859,1.0073286223098932,1.0073287217679525,0.001777250165476911,0.0017805007945942432,0.0015151515151515292,0.0,,,,,,,0.0017909078862809672,0.004628321037424095,1.0073286223098932,1.0073287217679525,,,,,
48,0.5,271828,0,pcg64,1536,1536,24,0.1308996938995747,0.041666666666666664,0.0017778784863416845,0.0017778783108038086,0.001783671894821246,0.0008909314484781579,0.0008927404463430882,1.0032586076742975,1.0032587067305063,0.001747780870671687,0.0017508555674769107,0.00101419878296147,0.0,,,,,,,,,,,,,,,
48,0.5,271828,1,pcg64,1536,1536,24,0.1308996938995747,0.041666666666666664,0.0017778784863416845,0.0017778783108038086,0.0017741746560303623,0.0008864089538158323,0.00088776570221453,0.9979167134650786,0.9979168119938582,0.0017720205559276865,0.0017751111098559308,0.0007647208768799459,0.0,,,,,,,,,,,,,,,
48,0.5,271828,2,pcg64,1536,1536,24,0.1308996938995747,0.041666666666666664,0.0017778784863416845,0.0017778783108038086,0.0017578936752459897,0.000881434209687274,0.0008764594655587158,0.9887591805349886,0.988759278159604,0.001769328234753297,0.0017723781412450025,0.0028299459737586474,0.0,,,,,,,,,,,,,,,
48,0.5,271828,3,pcg64,1536,1536,24,0.1308996938995747,0.041666666666666664,0.0017778784863416845,0.0017778783108038086,0.0017741746560303623,0.0008868612032820649,0.0008873134527482974,0.9979167134650786,0.9979168119938582,0.001766599281835281,0.0017697579615890454,0.00025490695895998195,0.0,,,,,,,,,,,,,,,
64,0.5,42,0,pcg64,2048,2048,32,0.09817477042468103,0.03125,0.0010000566485671978,0.0010000565498271424,0.0009966205434036003,0.0004986917289141261,0.0004979288144894742,0.9965640894758107,0.9965641878710398,0.0009997407023945425,0.001000673570471774,0.0007655014034192945,0.0,0.07907095721008098,0.24385475648679103,0.5795119732522617,0.00020991084513922813,2.1825957193453834e-05,3.1414713309087445,0.0009966205434036003,0.0025672070389536478,0.9965640894758107,0.9965641878710398,0.0009978920674446868,0.0009978920674446868,0.0012758356723654182,0.0012758356723654182,
64,0.5,42,1,pcg64,2048,2048,32,0.09817477042468103,0.03125,0.0010000566485671978,0.0010000565498271424,0.0010162020136363324,0.0005073380923935144,0.0005088639212428182,1.016144450509145,1.0161445508376308,0.0010009294245549307,0.0010019608956069253,0.0015015015015015024,0.0,0.07917311769579205,0.2430004547548249,0.5745758221742565,0.00020060797813873963,2.0752549462628236e-05,3.141495258936266,0.0010162020136363324,0.0025585606754742595,1.016144450509145,1.0161445508376308,0.001014930489595246,0.0010151847944034633,0.0012512512512512699,0.0010010010010009305,
64,0.5,42,2,pcg64,2048,2048,32,0.09817477042468103,0.03125,0.0010000566485671978,0.0010000565498271424,0.000990517228006385,0.000496911595256605,0.0004936056327497801,0.990461119803083,0.9904612175957388,0.0010032603501099714,0.0010041346271961943,0.00333761232349164,0.0,0.07896103885195953,0.24296904258594862,0.5750524547595731,0.00020692915699804592,2.2660829872984855e-05,3.141568625315056,0.000990517228006385,0.002453532789680514,0.990461119803083,0.9904612175957388,0.000991280142431037,0.0009907715328146024,0.0007702182284981297,0.00025673940949944956,
64,0.5,42,3,pcg64,2048,2048,32,0.09817477042468103,0.03125,0.0010000566485671978,0.0010000565498271424,0.0010034867732254674,0.0005032692154620375,0.0005002175577634299,1.0034299303576293,1.0034300294307537,0.001001983559153625,0.0010031698998495063,0.0030410542321338083,0.0,0.07941564033347592,0.24477815264427638,0.5835993018975032,0.00021444301111382512,2.134888709086468e-05,3.141527206194838,0.0010034867732254674,0.0025763620120494704,1.0034299303576293,1.0034300294307537,0.0010037410780336846,0.001003995382841902,0.00025342118601102466,0.0005068423720222654,
64,0.5,7,0,pcg64,2048,2048,32,0.09817477042468103,0.03125,0.0010000566485671978,0.0010000565498271424,0.001009081479006248,0.0005042864346949068,0.0005047950443113413,1.0090243192242963,1.0090244188497797,0.0010021314703712498,0.0010031182007090938,0.0005040322580644806,0.0,,,,,,,,,,,0.0010100986982391172,0.0010103530030473346,0.001008064516128961,0.001260080645161309,
64,0.5,7,1,pcg64,2048,2048,32,0.09817477042468103,0.03125,0.0010000566485671978,0.0010000565498271424,0.0009966205434036003,0.0004989460337223434,0.0004976745096812569,0.9965640894758107,0.9965641878710398,0.0010082446816754673,0.0010092999298181634,0.0012758356723654182,0.0,,,,,,,,,,,0.000996366238595383,0.0009961119337871657,0.0002551671344729531,0.0005103342689461238,
64,0.5,7,2,pcg64,2048,2048,32,0.09817477042468103,0.03125,0.0010000566485671978,0.0010000565498271424,0.0009968748482118176,0.0004981831192976915,0.0004986917289141261,0.996818379878841,0.9968184782991775,0.000995000412956968,0.000995909983744932,0.0005102040816326171,0.0,,,,,,,,,,,0.0009966205434036003,0.0009973834578282522,0.0002551020408164173,0.0005102040816326171,
64,0.5,7,3,pcg64,2048,2048,32,0.09817477042468103,0.03125,0.0010000566485671978,0.0010000565498271424,0.001001452334759729,0.0005007261673798645,0.0005007261673798645,1.0013956071333867,1.001395706005653,0.0010068611365791017,0.0010077497636686807,0.0,0.0,,,,,,,,,,,0.0010009437251432944,0.001000689420335077,0.0005078720162518688,0.0007618080243779115,
64,0.5,123,0,pcg64,2048,2048,32,0.09817477042468103,0.03125,0.0010000566485671978,0.0010000565498271424,0.0009981463722529042,0.0004997089481469953,0.0004984374241059088,0.9980898318939927,0.9980899304398653,0.0009918442168702895,0.000992823067086768,0.0012738853503184901,0.0,,,,,,,0.0009981463722529042,0.002571530220693342,0.9980898318939927,0.9980899304398653,,,,,
64,0.5,123,1,pcg64,2048,2048,32,0.09817477042468103,0.03125,0.0010000566485671978,0.0010000565498271424,0.0009968748482118176,0.0004971659000648223,0.0004997089481469953,0.996818379878841,0.9968184782991775,0.0010053027182131988,0.0010063400944958717,0.002551020408163303,0.0,,,,,,,0.0009968748482118176,0.0025778878408987743,0.996818379878841,0.9968184782991775,,,,,
64,0.5,123,2,pcg64,2048,2048,32,0.09817477042468103,0.03125,0.0010000566485671978,0.0010000565498271424,0.0009981463722529042,0.0004992003385305607,0.0004989460337223434,0.9980898318939927,0.9980899304398653,0.0010045185443639914,0.0010056006536568326,0.0002547770700636763,0.0,,,,,,,0.0009981463722529042,0.002541013643707266,0.9980898318939927,0.9980899304398653,,,,,
64,0.5,123,3,pcg64,2048,2048,32,0.09817477042468103,0.03125,0.0010000566485671978,0.0010000565498271424,0.000976784768362651,0.0004887738413936513,0.0004880109269689995,0.976729438039446,0.9767295344763114,0.0009939166608746472,0.0009950875908224883,0.0007810466024472244,0.0,,,,,,,0.000976784768362651,0.0024687910781735524,0.976729438039446,0.9767295344763114,,,,,
64,0.5,2023,0,pcg64,2048,2048,32,0.09817477042468103,0.03125,0.0010000566485671978,0.0010000565498271424,0.001002215249184381,0.0005009804721880818,0.0005012347769962991,1.0021584783424777,1.0021585772900659,0.0010081543234890195,0.0010091924071748773,0.00025374270489732454,0.0,,,,,,,,,,,0.0010001808107186424,0.0009999265059104253,0.002029941639177947,0.002283684344075055,
64,0.5,2023,1,pcg64,2048,2048,32,0.09817477042468103,0.03125,0.0010000566485671978,0.0010000565498271424,0.0009902629231981679,0.0004953857664073012,0.0004948771567908665,0.9902068294000529,0.9902069271676013,0.0009968469024604241,0.0009978527913134813,0.0005136106831022818,0.0,,,,,,,,,,,0.0009922973616639061,0.0009922973616639061,0.0020544427324086893,0.0020544427324086893,
64,0.5,2023,2,pcg64,2048,2048,32,0.09817477042468103,0.03125,0.0010000566485671978,0.0010000565498271424,0.0010085728693898135,0.0005035235202702548,0.0005050493491195586,1.0085157384182357,1.0085158379935046,0.000984976068276133,0.0009859805182272187,0.001512859304084721,0.0,,,,,,,,,,,0.0010075556501569442,0.0010080642597733787,0.0010085728693899573,0.0005042864346950862,
64,0.5,2023,3,pcg64,2048,2048,32,0.09817477042468103,0.03125,0.0010000566485671978,0.0010000565498271424,0.001021796719417113,0.000510389750092122,0.0005114069693249911,1.021738839375812,1.0217389402566568,0.0010143913865398864,0.0010153473538392068,0.0009955201592831554,0.0,,,,,,,,,,,0.001021796719417113,0.0010210338049924611,0.0,0.0007466401194624726,
64,0.5,314159,0,pcg64,2048,2048,32,0.09817477042468103,0.03125,0.0010000566485671978,0.0010000565498271424,0.001003995382841902,0.0005012347769962991,0.000502760605845603,1.0039385111636898,1.0039386102870287,0.0009980524914214245,0.0009990385697479548,0.0015197568389057762,0.0,,,,,,,0.001003995382841902,0.002560849418748215,1.0039385111636898,1.0039386102870287,,,,,
64,0.5,314159,1,pcg64,2048,2048,32,0.09817477042468103,0.03125,0.0010000566485671978,0.0010000565498271424,0.0009805993404859103,0.0004918254990922589,0.0004887738413936513,0.9805437940849007,0.9805438908983745,0.0009910402809686488,0.0009920316732539318,0.0031120331950207493,0.0,,,,,,,0.0009805993404859103,0.0024957473878445863,0.9805437940849007,0.9805438908983745,,,,,
64,0.5,314159,2,pcg64,2048,2048,32,0.09817477042468103,0.03125,0.0010000566485671978,0.0010000565498271424,0.0010146761847870287,0.0005091182260510354,0.0005055579587359932,1.0146187080909632,1.0146188082688057,0.0010064135482377,0.0010073475862210452,0.0035087719298246343,0.0,,,,,,,0.0010146761847870287,0.002570004391844038,1.0146187080909632,1.0146188082688057,,,,,
64,0.5,314159,3,pcg64,2048,2048,32,0.09817477042468103,0.03125,0.0010000566485671978,0.0010000565498271424,0.001005521211691206,0.0005040321298866894,0.0005014890818045164,1.0054642535818719,1.005464352855854,0.0010037292395961002,0.0010047210695028732,0.002529084471421275,0.0,,,,,,,0.001005521211691206,0.0025460997398716115,1.0054642535818719,1.005464352855854,,,,,
64,0.5,271828,0,pcg64,2048,2048,32,0.09817477042468103,0.03125,0.0010000566485671978,0.0010000565498271424,0.0009940774953214272,0.0004976745096812569,0.0004964029856401703,0.9940211854455074,0.9940212835896644,0.0009970456728604963,0.0009980516513917927,0.0012790995139422038,0.0,,,,,,,,,,,,,,,
64,0.5,271828,1,pcg64,2048,2048,32,0.09817477042468103,0.03125,0.0010000566485671978,0.0010000565498271424,0.0009948404097460792,0.0004971659000648223,0.0004976745096812569,0.9947840566545985,0.994784154874077,0.0010146657522623068,0.0010158326252514738,0.0005112474437627452,0.0,,,,,,,,,,,,,,,
64,0.5,271828,2,pcg64,2048,2048,32,0.09817477042468103,0.03125,0.0010000566485671978,0.0010000565498271424,0.000991280142431037,0.000494368547174432,0.000496911595256605,0.9912239910121741,0.9912240888801515,0.000997058990602422,0.0009980323150132282,0.0025654181631606333,0.0,,,,,,,,,,,,,,,
64,0.5,271828,3,pcg64,2048,2048,32,0.09817477042468103,0.03125,0.0010000566485671978,0.0010000565498271424,0.0009816165597187796,0.0004908082798593898,0.0004908082798593898,0.9815609556970221,0.9815610526109247,0.0010009483518582417,0.0010019696997237185,0.0,0.0,,,,,,,,,,,,,,,
4,0.75,42,0,pcg64,128,128,4,1.5707963267948966,0.75,0.3170384905899861,0.32968834649821965,0.2598686533436904,0.13035802556316645,0.12951062778052397,0.819675405532285,0.7882251711468781,0.22633178310063612,0.3153734736570583,0.0032608695652174284,0.0,1.275518117574881,2.882743331910017,3.088241672586989,0.0617925688976378,0.006151574803149607,3.1414901959343955,0.2384012428500812,0.5457947885036367,0.7519630894230963,0.7231109178782229,0.26431749170256336,0.2608572840901066,0.01711956521739123,0.003804347826086893,
4,0.75,42,1,pcg64,128,128,4,1.5707963267948966,0.75,0.3170384905899861,0.32968834649821965,0.26403502577501586,0.13184097168279077,0.13219405409222512,0.8328169405666341,0.8008624768799393,0.22691195494583127,0.3172560705015014,0.0013372559507889438,0.0,1.281654955191213,2.8883115558471872,3.0924035252498188,0.06234621062992126,0.006459153543307086,3.1414082063924273,0.24101405267989548,0.5492549961160935,0.7602043910548067,0.7310360079142105,0.2665066026410564,0.2655179718946402,0.009360791655522921,0.005616474993313837,
4,0.75,42,2,pcg64,128,128,4,1.5707963267948966,0.75,0.3170384905899861,0.32968834649821965,0.26241084669161785,0.13113480686392204,0.13127603982769578,0.8276939692820575,0.7959360695602715,0.22705366615548828,0.3160704483499063,0.0005382131324004366,0.0,1.2737943137479244,2.8847590305123734,3.0921587307824754,0.06040846456692913,0.0063976377952755905,3.1413044077383763,0.2391780241508368,0.540145469952687,0.7544132061244156,0.7254670257267598,0.2590918720429348,0.25895063907916105,0.012648008611410208,0.01318622174381075,
4,0.75,42,3,pcg64,128,128,4,1.5707963267948966,0.75,0.3170384905899861,0.32968834649821965,0.26241084669161785,0.1309935739001483,0.13141727279146953,0.8276939692820575,0.7959360695602715,0.22870829360190634,0.3188229914075614,0.0016146393972013098,0.0,1.2842526289687815,2.889738143060933,3.090668552532427,0.062438484251968504,0.006243848425196851,3.1415788213522475,0.23818939340442058,0.5409928677353294,0.7512948757772819,0.72246834301044,0.267848315796907,0.26537673893086644,0.02072120559741644,0.011302475780408851,
4,0.75,7,0,pcg64,128,128,4,1.5707963267948966,0.75,0.3170384905899861,0.32968834649821965,0.26212838076407036,0.1309935739001483,0.13113480686392204,0.826803017754305,0.7950793030698945,0.2281641295806144,0.3178403994440266,0.0005387931034482819,0.0,,,,,,,,,,,0.2632582444742603,0.26156344890897537,0.004310344827586044,0.0021551724137931277,
4,0.75,7,1,pcg64,128,128,4,1.5707963267948966,0.75,0.3170384905899861,0.32968834649821965,0.26876633006143635,0.13473624744015253,0.1340300826212838,0.8477403786564883,0.8152133155937549,0.22683317130369934,0.31731163452909816,0.0026274303730951425,0.0,,,,,,,,,,,0.26516488948520583,0.26721276745992517,0.013399894902785175,0.00578034682080921,
4,0.75,7,2,pcg64,128,128,4,1.5707963267948966,0.75,0.3170384905899861,0.32968834649821965,0.2624814631735047,0.13120542334580892,0.13127603982769578,0.8279167071639955,0.7961502611828656,0.22994169680082502,0.3222793819274119,0.00026903416733920225,0.0,,,,,,,,,,,0.26467057411199774,0.26332886095614716,0.008340059187516857,0.0032284100080710617,
4,0.75,7,3,pcg64,128,128,4,1.5707963267948966,0.75,0.3170384905899861,0.32968834649821965,0.2720853047101193,0.13551302874090812,0.1365722759692112,0.8582090591075799,0.825280321855685,0.2297306654040965,0.32040202236975773,0.003893070334804042,0.0,,,,,,,,,,,0.266718452086717,0.2655179718946402,0.019724889696340533,0.02413703607578502,
4,0.75,123,0,pcg64,128,128,4,1.5707963267948966,0.75,0.3170384905899861,0.32968834649821965,0.25725584351387615,0.12809829814278653,0.12915754537108962,0.8114341039005746,0.7803000811108904,0.2244707907963879,0.3133402208964921,0.004117485588800432,0.0,,,,,,,0.2361415154297013,0.54233458089118,0.7448354772010765,0.7162567859552066,,,,,
4,0.75,123,1,pcg64,128,128,4,1.5707963267948966,0.75,0.3170384905899861,0.32968834649821965,0.26347009391992093,0.13162912223713014,0.13184097168279077,0.8310350375111293,0.7991489438991854,0.22662753658455354,0.3165425009656776,0.0008040739748057438,0.0,,,,,,,0.24129651860744297,0.5416284160723113,0.7610953425825593,0.7318927744045876,,,,,
4,0.75,123,2,pcg64,128,128,4,1.5707963267948966,0.75,0.3170384905899861,0.32968834649821965,0.2665066026410564,0.1329708353929807,0.1335357672480757,0.8406127664344684,0.8083591836707384,0.22822720930121382,0.3184415541576363,0.0021197668256492026,0.0,,,,,,,0.24157898453499047,0.5448061577572205,0.7619862941103117,0.7327495408949646,,,,,
4,0.75,123,3,pcg64,128,128,4,1.5707963267948966,0.75,0.3170384905899861,0.32968834649821965,0.2665066026410564,0.1332533013205282,0.1332533013205282,0.8406127664344684,0.8083591836707384,0.2260831038868019,0.31523865891415026,0.0,0.0,,,,,,,0.24270884824518044,0.5412047171809901,0.7655501002213217,0.7361766068564728,,,,,
4,0.75,2023,0,pcg64,128,128,4,1.5707963267948966,0.75,0.3170384905899861,0.32968834649821965,0.2614928324270885,0.13085234093637454,0.13064049149071394,0.8247983768168619,0.793151578466546,0.22791487142719735,0.3176870196241749,0.0008101539292465129,0.0,,,,,,,,,,,0.2663653696772827,0.26467057411199774,0.01863354037267086,0.012152308938698331,
4,0.75,2023,1,pcg64,128,128,4,1.5707963267948966,0.75,0.3170384905899861,0.32968834649821965,0.26403502577501586,0.13212343761033826,0.13191158816467763,0.8328169405666341,0.8008624768799393,0.22759612907365556,0.31831040237516656,0.0008023535704734503,0.0,,,,,,,,,,,0.2665772191229433,0.2671421509780383,0.009628242845680772,0.011767852366943167,
4,0.75,2023,2,pcg64,128,128,4,1.5707963267948966,0.75,0.3170384905899861,0.32968834649821965,0.2683426311701151,0.1338182331756232,0.13452439799449192,0.8464039513648596,0.8139281658581893,0.22853136573964405,0.31969079659408717,0.002631578947368451,0.0,,,,,,,,,,,0.2669303015323777,0.2667890685686039,0.005263157894736695,0.0057894736842104885,
4,0.75,2023,3,pcg64,128,128,4,1.5707963267948966,0.75,0.3170384905899861,0.32968834649821965,0.2660829037497352,0.13268836946543322,0.13339453428430195,0.8392763391428397,0.807074033935173,0.22763207822836007,0.31806978470174524,0.0026539278131635117,0.0,,,,,,,,,,,0.26431749170256336,0.2629757785467128,0.006634819532908832,0.011677282377919452,
4,0.75,314159,0,pcg64,128,128,4,1.5707963267948966,0.75,0.3170384905899861,0.32968834649821965,0.26438810818445024,0.13219405409222512,0.13219405409222512,0.8339306299763248,0.8019334349929107,0.22820701950759179,0.31815630455738503,0.0,0.0,,,,,,,0.24143775157121672,0.5470658851776005,0.7615408183464355,0.7323211576497761,,,,,
4,0.75,314159,1,pcg64,128,128,4,1.5707963267948966,0.75,0.3170384905899861,0.32968834649821965,0.2607160511263329,0.1301461761175058,0.13056987500882705,0.8223482601155425,0.7907954706180091,0.2273279610352211,0.31798740541433146,0.0016251354279523476,0.0,,,,,,,0.237412612103665,0.5386625238330627,0.7488447590759626,0.7201122351619033,,,,,
4,0.75,314159,2,pcg64,128,128,4,1.5707963267948966,0.75,0.3170384905899861,0.32968834649821965,0.2597274203799167,0.1299343266718452,0.12979309370807146,0.8192299297684089,0.7877967879016896,0.22664788019043997,0.3167341623256168,0.0005437737901033232,0.0,,,,,,,0.2360708989478144,0.5378151260504201,0.7446127393191383,0.7160425943326123,,,,,
4,0.75,314159,3,pcg64,128,128,4,1.5707963267948966,0.75,0.3170384905899861,0.32968834649821965,0.26438810818445024,0.13247652001977261,0.13191158816467763,0.8339306299763248,0.8019334349929107,0.22718841594232245,0.3171010010572534,0.002136752136752161,0.0,,,,,,,0.2394604900783843,0.540710401807782,0.7553041576521681,0.7263237922171368,,,,,
4,0.75,271828,0,pcg64,128,128,4,1.5707963267948966,0.75,0.3170384905899861,0.32968834649821965,0.2626933126191653,0.13155850575524328,0.13113480686392204,0.8285849208098098,0.7967928360506484,0.2244637688156662,0.3136336246762461,0.00161290322580647,0.0,,,,,,,,,,,,,,,
4,0.75,271828,1,pcg64,128,128,4,1.5707963267948966,0.75,0.3170384905899861,0.32968834649821965,0.26417625873878964,0.13219405409222512,0.13198220464656452,0.8332624163305105,0.801290860125128,0.22831814989870577,0.3190759169578244,0.0008019246190857624,0.0,,,,,,,,,,,,,,,
4,0.75,271828,2,pcg64,128,128,4,1.5707963267948966,0.75,0.3170384905899861,0.32968834649821965,0.2624814631735047,0.13155850575524328,0.13092295741826143,0.8279167071639955,0.7961502611828656,0.2271143014527411,0.31728286316379534,0.0024213075060532433,0.0,,,,,,,,,,,,,,,
4,0.75,271828,3,pcg64,128,128,4,1.5707963267948966,0.75,0.3170384905899861,0.32968834649821965,0.2554904314667043,0.12760398276957843,0.1278864486971259,0.8058656568521215,0.7749452905460338,0.22789485870967396,0.31732825463240444,0.0011055831951353378,0.0,,,,,,,,,,,,,,,
6,0.75,42,0,pcg64,192,192,4,1.0471975511965976,0.5,0.14651886019531757,0.1465281539992087,0.13458150437457075,0.06724596136044671,0.06733554301412405,0.9185268312568521,0.9184685720895489,0.12693013542940848,0.1492984606700592,0.0006656312402929732,0.0,0.9159264742678254,2.6158700710425804,3.0317118053248104,0.02949116492146597,0.00299956369982548,3.141444394570276,0.13117740153483234,0.32126967063811995,0.8952936254074443,0.8952368398467692,0.13473080713069963,0.134282898862313,0.0011093854004880824,0.002218770800976165,
6,0.75,42,1,pcg64,192,192,4,1.0471975511965976,0.5,0.14651886019531757,0.1465281539992087,0.1358655080772791,0.06793275403863955,0.06793275403863955,0.9272902334632076,0.9272314184618254,0.1239726972400124,0.1460889141850195,0.0,0.0,0.9180151388731992,2.6372237642836014,3.0413674824592376,0.030418302792321116,0.0031631762652705063,3.141283535650949,0.13165517035444474,0.32228492937979636,0.8985544262284136,0.8984974338457558,0.1364925796530204,0.1351488548478605,0.004615384615384664,0.005274725274725214,
6,0.75,42,2,pcg64,192,192,4,1.0471975511965976,0.5,0.14651886019531757,0.1465281539992087,0.13470094657947385,0.06730568246289827,0.06739526411657559,0.9193420314620944,0.9192837205892955,0.12370458936626223,0.14561614311291915,0.0006650410108623288,0.0,0.9162408974552763,2.62288030259694,3.0409383279101863,0.02962750872600349,0.0031222731239092497,3.1414636988578426,0.13156558870076743,0.3222550688285706,0.897943026074482,0.8978860724709459,0.1338051300427006,0.134282898862313,0.006650410108623289,0.0031035247173573973,
6,0.75,42,3,pcg64,192,192,4,1.0471975511965976,0.5,0.14651886019531757,0.1465281539992087,0.13490997043805428,0.06769386962883335,0.06721610080922094,0.9207686318212686,0.9207102304638521,0.12328041177384239,0.14501773007616836,0.003541389995573256,0.0,0.914608436977352,2.626670196266124,3.039044643321119,0.030036540139616055,0.0032722513089005235,3.141478634778558,0.1314760070470901,0.3198960852817343,0.8973316259205502,0.8972747110961358,0.13643285855056883,0.1351488548478605,0.011288180610889747,0.0017706949977866794,
6,0.75,7,0,pcg64,192,192,4,1.0471975511965976,0.5,0.14651886019531757,0.1465281539992087,0.13741825674101943,0.06867926781928395,0.0687389889217355,0.9378878361313585,0.9378283489585321,0.12668231083595777,0.14929340005474045,0.0004345936549325993,0.0,,,,,,,,,,,0.13732867508734212,0.13652244020424617,0.0006518904823988484,0.0065189048239894945,
6,0.75,7,1,pcg64,192,192,4,1.0471975511965976,0.5,0.14651886019531757,0.1465281539992087,0.1361342530383111,0.06811191734599421,0.06802233569231687,0.929124433925003,0.9290655025862555,0.12295349777375768,0.14437205925230537,0.0006580390436500175,0.0,,,,,,,,,,,0.1366120218579235,0.13652244020424617,0.003509541566133019,0.0028515025224830014,
6,0.75,7,2,pcg64,192,192,4,1.0471975511965976,0.5,0.14651886019531757,0.1465281539992087,0.13553704201379557,0.06772373018005913,0.06781331183373646,0.925048432898791,0.9249897600875222,0.12432734591534106,0.14626630648594416,0.0006609385327164497,0.0,,,,,,,,,,,0.13398429335005524,0.1355071814625698,0.011456267900418598,0.00022031284423885072,
6,0.75,7,3,pcg64,192,192,4,1.0471975511965976,0.5,0.14651886019531757,0.1465281539992087,0.13664188240914926,0.0682313595508973,0.06841052285825196,0.9325890347972831,0.9325298837101788,0.1241043008115976,0.14607890532451115,0.001311188811188796,0.0,,,,,,,,,,,0.13753769894592255,0.13705993012631013,0.0065559440559441835,0.003059440559440592,
6,0.75,123,0,pcg64,192,192,4,1.0471975511965976,0.5,0.14651886019531757,0.1465281539992087,0.13589536862850488,0.06796261458986533,0.06793275403863955,0.9274940335145182,0.9274352055867622,0.12358960899192055,0.14555425940053504,0.00021973192704903173,0.0,,,,,,,0.1323419630326376,0.3216877183552808,0.9032418274085575,0.9031845377192992,,,,,
6,0.75,123,1,pcg64,192,192,4,1.0471975511965976,0.5,0.14651886019531757,0.1465281539992087,0.13386485114515215,0.06706679805309206,0.06679805309206008,0.9136356300253978,0.9135776810910691,0.12312438992530678,0.1448542878536857,0.0020075842070042147,0.0,,,,,,,0.1301024216907044,0.31777598614470426,0.8879568235602627,0.8879005033490491,,,,,
6,0.75,123,2,pcg64,192,192,4,1.0471975511965976,0.5,0.14651886019531757,0.1465281539992087,0.13425303831108723,0.06715637970676938,0.06709665860431784,0.9162850306924355,0.9162269137152457,0.12496021016656612,0.1467812066566822,0.0004448398576512059,0.0,,,,,,,0.13055032995909105,0.32126967063811995,0.8910138243299217,0.8909573102230992,,,,,
6,0.75,123,3,pcg64,192,192,4,1.0471975511965976,0.5,0.14651886019531757,0.1465281539992087,0.13556690256502135,0.06781331183373646,0.0677535907312849,0.9252522329501017,0.9251935472124589,0.12503255669101393,0.14742474469848785,0.0004405286343612966,0.0,,,,,,,0.13153572814954165,0.31858222102780015,0.8977392260231714,0.8976822853460091,,,,,
6,0.75,2023,0,pcg64,192,192,4,1.0471975511965976,0.5,0.14651886019531757,0.1465281539992087,0.13470094657947385,0.0675147063214787,0.06718624025799516,0.9193420314620944,0.9192837205892955,0.1232873740317704,0.14510259221849736,0.0024384837064952746,0.0,,,,,,,,,,,0.13470094657947385,0.1361342530383111,0.0,0.010640656173797468,
6,0.75,2023,1,pcg64,192,192,4,1.0471975511965976,0.5,0.14651886019531757,0.1465281539992087,0.13595508973095644,0.06808205679476843,0.067873032936188,0.9279016336171394,0.9278427798366355,0.12544599471677062,0.14763159946766338,0.0015374478365912747,0.0,,,,,,,,,,,0.1348801098868285,0.13446206216966766,0.007906874588183727,0.010981770261366073,
6,0.75,2023,2,pcg64,192,192,4,1.0471975511965976,0.5,0.14651886019531757,0.1465281539992087,0.13431275941353876,0.06709665860431784,0.06721610080922094,0.9166926307950566,0.9166344879651189,0.12508065082889086,0.1472270601707822,0.0008892841262783701,0.0,,,,,,,,,,,0.1345217832721192,0.13347666397921706,0.001556247220987122,0.006224988883948281,
6,0.75,2023,3,pcg64,192,192,4,1.0471975511965976,0.5,0.14651886019531757,0.1465281539992087,0.1366120218579235,0.06820149899967154,0.06841052285825196,0.9323852347459726,0.9323260965852422,0.12498957730520599,0.14739125099261535,0.0015300546448086575,0.0,,,,,,,,,,,0.13717937233121325,0.13717937233121325,0.00415300546448086,0.00415300546448086,
6,0.75,314159,0,pcg64,192,192,4,1.0471975511965976,0.5,0.14651886019531757,0.1465281539992087,0.1344023410672161,0.06730568246289827,0.06709665860431784,0.9173040309489885,0.9172458493399289,0.123867092538291,0.14604084666804962,0.0015552099533437179,0.0,,,,,,,0.13066977216399414,0.31894054764250945,0.891829024535164,0.8917724587228458,,,,,
6,0.75,314159,1,pcg64,192,192,4,1.0471975511965976,0.5,0.14651886019531757,0.1465281539992087,0.13532801815521514,0.0677535907312849,0.06757442742393024,0.9236218325396168,0.9235632502129656,0.12356856089961078,0.14560690396604703,0.0013239187996469397,0.0,,,,,,,0.13159544925199318,0.3197766430768312,0.8981468261257924,0.8980898595958824,,,,,
6,0.75,314159,2,pcg64,192,192,4,1.0471975511965976,0.5,0.14651886019531757,0.1465281539992087,0.13496969154050584,0.06745498521902714,0.0675147063214787,0.9211762319238898,0.9211178047137256,0.12418958913462963,0.14606756687200925,0.0004424778761062581,0.0,,,,,,,0.13186419421302517,0.3204932963062498,0.8999810265875878,0.8999239437203124,,,,,
6,0.75,314159,3,pcg64,192,192,4,1.0471975511965976,0.5,0.14651886019531757,0.1465281539992087,0.13395443279882946,0.06697721639941473,0.06697721639941473,0.9142470301793295,0.914189042465879,0.12436972089916142,0.14663234922455037,0.0,0.0,,,,,,,0.129624652871092,0.32055301740870135,0.8846960227392934,0.8846399093500626,,,,,
6,0.75,271828,0,pcg64,192,192,4,1.0471975511965976,0.5,0.14651886019531757,0.1465281539992087,0.13410373555495833,0.06694735584818896,0.06715637970676938,0.9152660304358824,0.9152079780905622,0.12437901442919978,0.14612612710066736,0.0015586729013581852,0.0,,,,,,,,,,,,,,,
6,0.75,271828,1,pcg64,192,192,4,1.0471975511965976,0.5,0.14651886019531757,0.1465281539992087,0.13580578697482756,0.06802233569231687,0.06778345128251068,0.9268826333605865,0.9268238442119523,0.12550278030893708,0.14784310842244086,0.0017590149516270343,0.0,,,,,,,,,,,,,,,
6,0.75,271828,2,pcg64,192,192,4,1.0471975511965976,0.5,0.14651886019531757,0.1465281539992087,0.13410373555495833,0.06700707695064051,0.06709665860431784,0.9152660304358824,0.9152079780905622,0.12433745696042577,0.14642496515539555,0.0006680026720106804,0.0,,,,,,,,,,,,,,,
6,0.75,271828,3,pcg64,192,192,4,1.0471975511965976,0.5,0.14651886019531757,0.1465281539992087,0.1377168622532772,0.06891815222909015,0.06879871002418704,0.9399258366444645,0.9398662202078988,0.1251847803567817,0.14734975241129536,0.0008673026886383583,0.0,,,,,,,,,,,,,,,
8,0.75,42,0,pcg64,256,256,4,0.7853981633974483,0.375,0.08242212384907707,0.08242208662455491,0.08047992919077514,0.04022357357111246,0.040256355619662676,0.9764360032524971,0.9764364442430753,0.07537658395906661,0.08269374819959693,0.00040733197556008875,0.0,0.7034315972464046,2.300486189676338,2.961376102707121,0.01753982843137255,0.0015854779411764706,3.141528259273321,0.0797095510498451,0.19779048992771558,0.9670892635064955,0.967089700275779,0.07992263436542149,0.08034880099657428,0.006924643584521509,0.001629327902240355,
8,0.75,42,1,pcg64,256,256,4,0.7853981633974483,0.375,0.08242212384907707,0.08242208662455491,0.07895556393319018,0.039535150551557964,0.03942041338163222,0.9579413905636004,0.957941823201404,0.07506154146010917,0.08233733651968335,0.001453186630682936,0.0,0.7037530091331996,2.293006957150132,2.9492101443453906,0.01681219362745098,0.0017463235294117648,3.141501882540461,0.07821796784081038,0.19495484272812208,0.9489923844238118,0.9489928130199502,0.07931616646724254,0.0789719549574653,0.004567157982146647,0.00020759809009766273,
8,0.75,42,2,pcg64,256,256,4,0.7853981633974483,0.375,0.08242212384907707,0.08242208662455491,0.079234211345867,0.039649887721483715,0.039584323624383286,0.9613221262164094,0.9613225603810642,0.07454492552340328,0.08169469218669138,0.0008274720728175573,0.0,0.7029656512320606,2.288247896615624,2.9485952020527977,0.01675091911764706,0.001876531862745098,3.1415723840553813,0.07833270501073612,0.1961841695487551,0.9503844520455567,0.9503848812703986,0.07877526266616401,0.07931616646724254,0.0057923045097227266,0.0010343400910220342,
8,0.75,42,3,pcg64,256,256,4,0.7853981633974483,0.375,0.08242212384907707,0.08242208662455491,0.07843105115638677,0.03912537494468029,0.03930567621170647,0.9515776528641952,0.9515780826279258,0.07500447135499358,0.08230403585881156,0.002298850574712685,0.0,0.6991961427262998,2.2800135342476286,2.9524730122755596,0.0168734681372549,0.001600796568627451,3.141589097085302,0.07748037174843056,0.19293874674228392,0.9400433782840231,0.9400438028384963,0.0782671409136357,0.07864413447196315,0.0020898641588297136,0.0027168234064785394,
8,0.75,7,0,pcg64,256,256,4,0.7853981633974483,0.375,0.08242212384907707,0.08242208662455491,0.07752954482125587,0.03876477241062794,0.03876477241062794,0.9406399786933423,0.9406404035172597,0.07495688900383271,0.0822014466727487,0.0,0.0,,,,,,,,,,,0.0778081922339327,0.0780540575980593,0.0035940803382665393,0.006765327695560376,
8,0.75,7,1,pcg64,256,256,4,0.7853981633974483,0.375,0.08242212384907707,0.08242208662455491,0.07823435886508548,0.039158156993230504,0.039076201871854975,0.9491912512269182,0.9491916799128713,0.07450566389266526,0.0817536549549966,0.001047559187094001,0.0,,,,,,,,,,,0.07839826910783655,0.0782671409136357,0.0020951183741881796,0.0004190236748376359,
8,0.75,7,2,pcg64,256,256,4,0.7853981633974483,0.375,0.08242212384907707,0.08242208662455491,0.07770984608828206,0.038895900604828795,0.03881394548345326,0.9428275135275129,0.9428279393393931,0.07549876785432526,0.0828232288459425,0.001054629824931468,0.0,,,,,,,,,,,0.07798849350095888,0.07798849350095888,0.0035857414047669018,0.0035857414047669018,
8,0.75,7,3,pcg64,256,256,4,0.7853981633974483,0.375,0.08242212384907707,0.08242208662455491,0.08003737153534725,0.040026881279811174,0.04001049025553607,0.9710665995686238,0.971067038134203,0.07519927347928922,0.08241988183688789,0.00020479213598198197,0.0,,,,,,,,,,,0.08010293563244768,0.08005376255962235,0.0008191685439279279,0.00020479213598189526,
8,0.75,123,0,pcg64,256,256,4,0.7853981633974483,0.375,0.08242212384907707,0.08242208662455491,0.07887360881181465,0.03946958645445754,0.03940402235735711,0.9569470565480684,0.956947488736798,0.0750855787311801,0.08224247209046898,0.0008312551953449858,0.0,,,,,,,0.07785736530675802,0.19623334262158043,0.9446173147554706,0.9446177413756838,,,,,
8,0.75,123,1,pcg64,256,256,4,0.7853981633974483,0.375,0.08242212384907707,0.08242208662455491,0.07929977544296743,0.03968266977003393,0.0396171056729335,0.9621175934288351,0.962118027952749,0.07641214467338708,0.08383198420435445,0.000826787928896253,0.0,,,,,,,0.0785130062777623,0.19733154124801258,0.9525719868797272,0.9525724170925316,,,,,
8,0.75,123,2,pcg64,256,256,4,0.7853981633974483,0.375,0.08242212384907707,0.08242208662455491,0.0780704486223344,0.03897785572620433,0.03909259289613008,0.947202583195854,0.9472030109836593,0.0749838587011821,0.08221659354442779,0.0014696619777451452,0.0,,,,,,,0.07708698716582799,0.19087347768362045,0.9352705750094691,0.9352709974083875,,,,,
8,0.75,123,3,pcg64,256,256,4,0.7853981633974483,0.375,0.08242212384907707,0.08242208662455491,0.07856217935058762,0.03930567621170647,0.03925650313888115,0.9531685872890465,0.9531690177712954,0.07541447425004795,0.08270092398036515,0.0006259127894846764,0.0,,,,,,,0.07766067301545673,0.19257814420823158,0.9422309131181936,0.9422313386606294,,,,,
8,0.75,2023,0,pcg64,256,256,4,0.7853981633974483,0.375,0.08242212384907707,0.08242208662455491,0.08013571768099789,0.03997770820698585,0.04015800947401203,0.9722598003872623,0.9722602394917302,0.07523842142645673,0.08245055623386753,0.0022499488647985677,0.0,,,,,,,,,,,0.07984067924404596,0.0797095510498451,0.0036817345060340197,0.005318060953160251,
8,0.75,2023,1,pcg64,256,256,4,0.7853981633974483,0.375,0.08242212384907707,0.08242208662455491,0.07815240374370995,0.0391417659689554,0.039010637774754546,0.9481969172113862,0.9481973454482654,0.07501731921359464,0.08221329936267847,0.0016778523489932298,0.0,,,,,,,,,,,0.07741480765133013,0.07751315379698077,0.009437919463087328,0.00817953020134234,
8,0.75,2023,2,pcg64,256,256,4,0.7853981633974483,0.375,0.08242212384907707,0.08242208662455491,0.07816879476798505,0.03904341982330476,0.03912537494468029,0.9483957840144925,0.9483962123411865,0.07511001081162683,0.08237750761262641,0.0010484378276367512,0.0,,,,,,,,,,,0.07785736530675802,0.07833270501073612,0.003984063745019904,0.00209687565527368,
8,0.75,2023,3,pcg64,256,256,4,0.7853981633974483,0.375,0.08242212384907707,0.08242208662455491,0.08015210870527299,0.040141618449736925,0.04001049025553607,0.9724586671903687,0.9724591063846513,0.0754581540061806,0.08274815974375681,0.0016359918200409293,0.0,,,,,,,,,,,0.0794636856857185,0.07951285875854382,0.008588957055214706,0.007975460122699443,
8,0.75,314159,0,pcg64,256,256,4,0.7853981633974483,0.375,0.08242212384907707,0.08242208662455491,0.0792178203215919,0.03963349669720861,0.039584323624383286,0.9611232594133031,0.9611236934881432,0.07526814916460016,0.08246028534207687,0.0006207324643078945,0.0,,,,,,,0.07825074988936058,0.19628251569440575,0.9493901180300245,0.9493905468057924,,,,,
8,0.75,314159,1,pcg64,256,256,4,0.7853981633974483,0.375,0.08242212384907707,0.08242208662455491,0.07859496139913784,0.039272894163156255,0.03932206723598158,0.9535663208952594,0.9535667515571378,0.0745022466725531,0.0816811998064487,0.0006256517205422427,0.0,,,,,,,0.07762789096690652,0.19326656722778607,0.9418331795119808,0.941833604874787,,,,,
8,0.75,314159,2,pcg64,256,256,4,0.7853981633974483,0.375,0.08242212384907707,0.08242208662455491,0.07893917290891508,0.03946958645445754,0.03946958645445754,0.9577425237604941,0.9577429563084828,0.07488652319950602,0.0821451458678195,0.0,0.0,,,,,,,0.0780540575980593,0.19579078496615254,0.9470037163927476,0.9470041440907382,,,,,
8,0.75,314159,3,pcg64,256,256,4,0.7853981633974483,0.375,0.08242212384907707,0.08242208662455491,0.07908669212739104,0.03951875952728286,0.03956793260010818,0.9595323249884518,0.9595327583447736,0.07495716307605452,0.08221589735272164,0.0006217616580310993,0.0,,,,,,,0.07820157681653526,0.19559409267485126,0.9487935176207053,0.9487939461270289,,,,,
8,0.75,271828,0,pcg64,256,256,4,0.7853981633974483,0.375,0.08242212384907707,0.08242208662455491,0.07833270501073612,0.03924011211460604,0.03909259289613008,0.9503844520455567,0.9503848812703986,0.07419148248965336,0.08131665248519798,0.0018832391713747099,0.0,,,,,,,,,,,,,,,
8,0.75,271828,1,pcg64,256,256,4,0.7853981633974483,0.375,0.08242212384907707,0.08242208662455491,0.07951285875854382,0.039846580012785,0.03966627874575882,0.9647028618692185,0.9647032975607246,0.07531709513430762,0.08251770376269672,0.0022675736961451655,0.0,,,,,,,,,,,,,,,
8,0.75,271828,2,pcg64,256,256,4,0.7853981633974483,0.375,0.08242212384907707,0.08242208662455491,0.07944729466144339,0.039649887721483715,0.03979740693995968,0.9639073946567928,0.9639078299890398,0.07474214383319834,0.08200407452379074,0.001856818650711814,0.0,,,,,,,,,,,,,,,
8,0.75,271828,3,pcg64,256,256,4,0.7853981633974483,0.375,0.08242212384907707,0.08242208662455491,0.0799554164139717,0.040026881279811174,0.03992853513416053,0.9700722655530917,0.9700727036695969,0.07556377360636954,0.08295021741815317,0.0012300123001230234,0.0,,,,,,,,,,,,,,,
12,0.75,42,0,pcg64,384,384,6,0.5235987755982988,0.25,0.0366320550927015,0.03663203849980218,0.03575242841885775,0.017821724631468822,0.01793070378738893,0.975987514988778,0.975987957073446,0.035144176662128546,0.036629007944751386,0.003048160942897723,0.0,0.4742533288299102,1.6476125341964334,2.7296338676285834,0.0075779210182767625,0.0007581320713664055,3.141543538911625,0.0356361839858763,0.08857099265480489,0.9728142168299038,0.9728146574771902,0.035556265938201555,0.03556353121526289,0.005486689697215882,0.005283478967689425,
12,0.75,42,1,pcg64,384,384,6,0.5235987755982988,0.25,0.0366320550927015,0.03663203849980218,0.03572336731061239,0.017879846847959548,0.017843520462652845,0.9751941904490595,0.9751946321743821,0.03514538382611929,0.03660765495368013,0.0010168802115110632,0.0,0.4733755680220677,1.650928845887566,2.7317645150771126,0.007571121627502176,0.0007241351174934726,3.1414870683314136,0.0355998576005696,0.09022747582479058,0.9718225611552557,0.9718230013533603,0.035679775648244344,0.03582508118947116,0.0012202562538133148,0.0028472645922311326,
12,0.75,42,2,pcg64,384,384,6,0.5235987755982988,0.25,0.0366320550927015,0.03663203849980218,0.03600671311600468,0.018068744051554408,0.017937969064450273,0.9829291047113157,0.9829295499402558,0.03523364865227844,0.036730843151224164,0.0036319612590799445,0.0,0.4752572921635923,1.6506398466150105,2.7438851067138983,0.007832898172323759,0.0008329253698868581,3.141589828926344,0.03583961174359384,0.0904817605219375,0.9783674886079338,0.978367931770638,0.03590499923714591,0.035766958972980434,0.002824858757062243,0.006658595641646565,
12,0.75,42,3,pcg64,384,384,6,0.5235987755982988,0.25,0.0366320550927015,0.03663203849980218,0.03602124367012736,0.018025152389186363,0.017996091280941,0.9833257669811749,0.9833262123897878,0.03501641111410331,0.036480403135901875,0.0008067769261799527,0.0,0.4739687471432592,1.6476104646163365,2.7287694621451544,0.0073977371627502175,0.0007139360313315927,3.141500720597027,0.035883203405961885,0.09014755777711583,0.9795574754175116,0.979557919119234,0.03565797981706032,0.03577422425004177,0.010084711577248879,0.00685760387252926,
12,0.75,7,0,pcg64,384,384,6,0.5235987755982988,0.25,0.0366320550927015,0.03663203849980218,0.035934060345391275,0.017959764895634295,0.017974295449756976,0.9809457933620193,0.980946237692596,0.03581225401033285,0.037330873124490245,0.000404367165386143,0.0,,,,,,,,,,,0.03568704092530569,0.03586867285183921,0.006874241811564915,0.0018196522442377886,
12,0.75,7,1,pcg64,384,384,6,0.5235987755982988,0.25,0.0366320550927015,0.03663203849980218,0.03594132562245261,0.017959764895634295,0.017981560726818318,0.9811441244969489,0.9811445689173619,0.03503025730595919,0.03648235454058603,0.0006064281382656225,0.0,,,,,,,,,,,0.035759693695919095,0.035788754804164456,0.005053567818880123,0.004244996967859357,
12,0.75,7,2,pcg64,384,384,6,0.5235987755982988,0.25,0.0366320550927015,0.03663203849980218,0.03490239100268089,0.01741486911603374,0.017487521886647147,0.9527827722020098,0.952783203775825,0.03497496224410469,0.03643961345308203,0.00208159866777681,0.0,,,,,,,,,,,0.03503316598978502,0.03521479791631854,0.0037468776019983774,0.008950874271440501,
12,0.75,7,3,pcg64,384,384,6,0.5235987755982988,0.25,0.0366320550927015,0.03663203849980218,0.03521479791631854,0.01759650104256726,0.01761829687375128,0.9613110110039845,0.9613114464407628,0.03505639731539941,0.03653337003571361,0.0006189395502372672,0.0,,,,,,,,,,,0.035207532639257196,0.03518573680807317,0.00020631318341255377,0.000825252733649821,
12,0.75,123,0,pcg64,384,384,6,0.5235987755982988,0.25,0.0366320550927015,0.03663203849980218,0.03644262973968512,0.01819951903865854,0.018243110701026584,0.9948289728070943,0.9948294234262154,0.0348632167292585,0.036318758505490975,0.0011961722488038414,0.0,,,,,,,0.03631185475258099,0.09101212574741538,0.9912590123783607,0.9912594613804274,,,,,
12,0.75,123,1,pcg64,384,384,6,0.5235987755982988,0.25,0.0366320550927015,0.03663203849980218,0.03609389644074077,0.018076009328615746,0.01801788711212502,0.9853090783304714,0.9853095246374478,0.03464099486087885,0.036081495695165465,0.0016103059581320312,0.0,,,,,,,0.03598491728482066,0.09054714801548958,0.9823341113065267,0.9823345562659579,,,,,
12,0.75,123,2,pcg64,384,384,6,0.5235987755982988,0.25,0.0366320550927015,0.03663203849980218,0.035934060345391275,0.017937969064450273,0.017996091280941,0.9809457933620193,0.980946237692596,0.035084418476807565,0.03657990137008423,0.0016174686615446688,0.0,,,,,,,0.03581055063534848,0.08947188701041114,0.9775741640682153,0.977574606871574,,,,,
12,0.75,123,3,pcg64,384,384,6,0.5235987755982988,0.25,0.0366320550927015,0.03663203849980218,0.03651528251029853,0.018228580146903903,0.01828670236339463,0.9968122841563907,0.9968127356738752,0.03560567728048207,0.0370967426249129,0.0015917230401909933,0.0,,,,,,,0.03641356863143976,0.09146983820227984,0.9940356482673758,0.9940360985271515,,,,,
12,0.75,2023,0,pcg64,384,384,6,0.5235987755982988,0.25,0.0366320550927015,0.03663203849980218,0.03612295754898613,0.018076009328615746,0.018046948220370385,0.98610240287019,0.9861028495365117,0.035248284904852996,0.03673772503585151,0.0008045052292839354,0.0,,,,,,,,,,,0.03644989501674646,0.03630458947551965,0.009050683829444803,0.005028157683024933,
12,0.75,2023,1,pcg64,384,384,6,0.5235987755982988,0.25,0.0366320550927015,0.03663203849980218,0.035796020081225795,0.017923438510327593,0.017872581570898206,0.9771775017983559,0.977177944422042,0.03533999242391812,0.03684451062622852,0.0014207428455450051,0.0,,,,,,,,,,,0.03565797981706032,0.03570883675648971,0.00385630200933629,0.002435559163791188,
12,0.75,2023,2,pcg64,384,384,6,0.5235987755982988,0.25,0.0366320550927015,0.03663203849980218,0.03633365058376501,0.018126866268045133,0.01820678431571988,0.9918540057831495,0.9918544550547255,0.035635041270310745,0.03714404401482166,0.0021995600879823967,0.0,,,,,,,,,,,0.03628279364433563,0.03636271169201037,0.0013997200559887546,0.0007998400319935468,
12,0.75,2023,3,pcg64,384,384,6,0.5235987755982988,0.25,0.0366320550927015,0.03663203849980218,0.03551267427583351,0.01772727602967139,0.017785398246162116,0.9694425875360999,0.9694430266561684,0.03541111994407887,0.036895587082143425,0.0016366612111292822,0.0,,,,,,,,,,,0.03550540899877217,0.03542549095109742,0.00020458265139109924,0.0024549918166939725,
12,0.75,314159,0,pcg64,384,384,6,0.5235987755982988,0.25,0.0366320550927015,0.03663203849980218,0.0361883450425382,0.018083274605677088,0.01810507043686111,0.9878873830845568,0.9878878305594057,0.03552368499530151,0.03700992340146418,0.0006022886970487923,0.0,,,,,,,0.036050304778372726,0.0902855980412813,0.9841190915208936,0.9841195372888518,,,,,
12,0.75,314159,1,pcg64,384,384,6,0.5235987755982988,0.25,0.0366320550927015,0.03663203849980218,0.03573789786473507,0.017858051016775525,0.017879846847959548,0.9755908527189189,0.9755912946239141,0.0352208553036192,0.03672078080093912,0.0006098800569221456,0.0,,,,,,,0.03561438815469228,0.09038731192014007,0.9722192234251148,0.9722196638028922,,,,,
12,0.75,314159,2,pcg64,384,384,6,0.5235987755982988,0.25,0.0366320550927015,0.03663203849980218,0.03560712287763094,0.017821724631468822,0.017785398246162116,0.9720208922901852,0.9720213325781263,0.03475699350160053,0.03622415157944379,0.0010201999591920783,0.0,,,,,,,0.03550540899877217,0.08995866057352098,0.9692442564011703,0.9692446954314025,,,,,
12,0.75,314159,3,pcg64,384,384,6,0.5235987755982988,0.25,0.0366320550927015,0.03663203849980218,0.03562165343175362,0.01781445935440748,0.01780719407734614,0.9724175545600445,0.9724179950276584,0.03474825163164856,0.036204293944740125,0.00020395676116666747,0.0,,,,,,,0.0354763478905268,0.08890519539962656,0.9684509318614516,0.9684513705323384,,,,,
12,0.75,271828,0,pcg64,384,384,6,0.5235987755982988,0.25,0.0366320550927015,0.03663203849980218,0.037132831060512496,0.018526456506418872,0.01860637455409362,1.0136704306254105,1.0136708897789846,0.03530269299987664,0.03678109218444444,0.002152220700450003,0.0,,,,,,,,,,,,,,,
12,0.75,271828,1,pcg64,384,384,6,0.5235987755982988,0.25,0.0366320550927015,0.03663203849980218,0.03549087844464949,0.01771274547554871,0.017778132969100777,0.9688475941313109,0.9688480329818704,0.03487032438834318,0.036348142804652546,0.001842374616171976,0.0,,,,,,,,,,,,,,,
12,0.75,271828,2,pcg64,384,384,6,0.5235987755982988,0.25,0.0366320550927015,0.03663203849980218,0.035846877020655185,0.01793070378738893,0.01791617323326625,0.9785658197428635,0.9785662629954041,0.03515154216073455,0.0366070635966076,0.0004053506282934462,0.0,,,,,,,,,,,,,,,
12,0.75,271828,3,pcg64,384,384,6,0.5235987755982988,0.25,0.0366320550927015,0.03663203849980218,0.03692213802573361,0.018461069012866805,0.018461069012866805,1.0079188277124507,1.0079192842607707,0.03535921708929263,0.036846816850108786,0.0,0.0,,,,,,,,,,,,,,,
16,0.75,42,0,pcg64,512,512,8,0.39269908169872414,0.1875,0.02060553098964459,0.02060552165613873,0.020675441281501887,0.010354045505560657,0.01032139577594123,1.0033927925415964,1.0033932470397966,0.02026038030221086,0.020731938066835744,0.0015791551519936818,0.0,0.35789964561582177,1.2266802962602017,2.466081768300819,0.004531173556751467,0.000452926247553816,3.1415696250570995,0.02064687276808489,0.052431384552596674,1.002006343756008,1.0020067976262006,0.020565248444036323,0.020606060606060607,0.0053296486379786545,0.0033557046979865108,
16,0.75,42,1,pcg64,512,512,8,0.39269908169872414,0.1875,0.02060553098964459,0.02060552165613873,0.020414243444546475,0.010194878073665953,0.010219365370880522,0.9907166893590732,0.9907171381154881,0.02019330111120948,0.020658649177588084,0.001199520191923187,0.0,0.3576028607326284,1.221280761329696,2.466571863918472,0.004479574363992172,0.00042999327299412913,3.1415295381142445,0.020385674931129475,0.05198245077032956,0.9893302405734847,0.9893306887018919,0.0204754616875829,0.020450974390368328,0.0029988004798081375,0.0017992802878847804,
16,0.75,42,2,pcg64,512,512,8,0.39269908169872414,0.1875,0.02060553098964459,0.02060552165613873,0.020463218038975616,0.010215284154678095,0.010247933884297521,0.9930934587057964,0.9930939085387961,0.019952621780289864,0.020418567576436005,0.0015955325089748685,0.0,0.35598937042630996,1.2182073665740931,2.442574112172739,0.004227311643835617,0.00041088246086105673,3.141452738701014,0.02042648709315376,0.051582491582491584,0.991310881695754,0.991311330721315,0.020508111417202327,0.02051627384960718,0.002193857199840423,0.002592740327084013,
16,0.75,42,3,pcg64,512,512,8,0.39269908169872414,0.1875,0.02060553098964459,0.02060552165613873,0.02037343128252219,0.01017447199265381,0.010198959289868382,0.9887360482368039,0.988736496096065,0.01993825728202482,0.020409926177329767,0.0012019230769231182,0.0,0.3576008576558594,1.2246650479335812,2.4617076062160668,0.004299932729941292,0.00042999327299412913,3.1414503171741583,0.020344862769105194,0.05147637996122845,0.9873495994512156,0.9873500466824687,0.02040199979593919,0.02040199979593919,0.0014022435897436522,0.0014022435897436522,
16,0.75,7,0,pcg64,512,512,8,0.39269908169872414,0.1875,0.02060553098964459,0.02060552165613873,0.020781552902765024,0.010407101316192225,0.010374451586572799,1.0085424594594963,1.008542916290297,0.01992682016885337,0.0203986315190338,0.0015710919088766677,0.0,,,,,,,,,,,0.020732578308335883,0.020748903173145598,0.0023566378633150848,0.0015710919088766677,
16,0.75,7,1,pcg64,512,512,8,0.39269908169872414,0.1875,0.02060553098964459,0.02060552165613873,0.02010407101316192,0.010064279155188247,0.010039791857973676,0.975663816829827,0.9756642587678717,0.02017041374184955,0.02064688815393893,0.001218026796589567,0.0,,,,,,,,,,,0.020140801958983778,0.020136720742781347,0.0018270401948843936,0.0016240357287860318,
16,0.75,7,2,pcg64,512,512,8,0.39269908169872414,0.1875,0.02060553098964459,0.02060552165613873,0.020442811957963474,0.010219365370880522,0.01022344658708295,0.9921031381446618,0.9921035875290845,0.020356883344498793,0.020838739468942772,0.00019964064683571675,0.0,,,,,,,,,,,0.020422405876951332,0.02042648709315376,0.0009982032341784989,0.000798562587342867,
16,0.75,7,3,pcg64,512,512,8,0.39269908169872414,0.1875,0.02060553098964459,0.02060552165613873,0.020393837363534333,0.010166309560248955,0.01022752780328538,0.9897263687979386,0.9897268171057765,0.020172239041214478,0.020644752787569373,0.003001801080648365,0.0,,,,,,,,,,,0.020463218038975616,0.02045505560657076,0.0034020412247349435,0.00300180108064845,
16,0.75,123,0,pcg64,512,512,8,0.39269908169872414,0.1875,0.02060553098964459,0.02060552165613873,0.020287725742271195,0.010133659830629528,0.010154065911641669,0.9845767018800385,0.9845771478552762,0.020216587261952395,0.020696901013334563,0.0010058338362501863,0.0,,,,,,,0.020246913580246915,0.051431486583001736,0.9825960607577694,0.9825965058358531,,,,,
16,0.75,123,1,pcg64,512,512,8,0.39269908169872414,0.1875,0.02060553098964459,0.02060552165613873,0.020389756147331906,0.010182634425058668,0.010207121722273237,0.9895283046857117,0.9895287529038342,0.01997302793964431,0.02043846714519982,0.001200960768614848,0.0,,,,,,,0.02037343128252219,0.05157841036628916,0.9887360482368039,0.988736496096065,,,,,
16,0.75,123,2,pcg64,512,512,8,0.39269908169872414,0.1875,0.02060553098964459,0.02060552165613873,0.02001020304050607,0.010011223344556678,0.009998979695949393,0.9711083422486078,0.9711087821231984,0.0201240531639907,0.02058476336870747,0.0006118702834998756,0.0,,,,,,,0.019977553310886645,0.05062340577492093,0.9695238293507924,0.9695242685076598,,,,,
16,0.75,123,3,pcg64,512,512,8,0.39269908169872414,0.1875,0.02060553098964459,0.02060552165613873,0.020585654525048465,0.010305070911131517,0.010280583613916948,0.999035382072604,0.9990358345970657,0.020193537377751928,0.020672520782523376,0.0011895321173671254,0.0,,,,,,,0.02054484236302418,0.051823283338434854,0.9970547409503348,0.9970551925776424,,,,,
16,0.75,2023,0,pcg64,512,512,8,0.39269908169872414,0.1875,0.02060553098964459,0.02060552165613873,0.02018161412100806,0.010109172533414958,0.010072441587593102,0.9794270349621387,0.979427478604776,0.019821768297063485,0.02028209406509151,0.0018200202224469355,0.0,,,,,,,,,,,0.020026527905315783,0.020071421283542494,0.007684529828109321,0.005460060667340893,
16,0.75,2023,1,pcg64,512,512,8,0.39269908169872414,0.1875,0.02060553098964459,0.02060552165613873,0.02037343128252219,0.010215284154678095,0.010158147127844097,0.9887360482368039,0.988736496096065,0.020005405943550356,0.020481343299856403,0.0028044871794872194,0.0,,,,,,,,,,,0.020344862769105194,0.020361187633914906,0.001402243589743482,0.0006009615384615166,
16,0.75,2023,2,pcg64,512,512,8,0.39269908169872414,0.1875,0.02060553098964459,0.02060552165613873,0.02032853790429548,0.010154065911641669,0.01017447199265381,0.9865573430023078,0.9865577898746994,0.020149038534195907,0.020614448009267056,0.0010038144950813292,0.0,,,,,,,,,,,0.020320375471890622,0.0202591572288542,0.0004015257980325658,0.003412969283276383,
16,0.75,2023,3,pcg64,512,512,8,0.39269908169872414,0.1875,0.02060553098964459,0.02060552165613873,0.020030609121518213,0.01003162942556882,0.009998979695949393,0.9720986628097424,0.97209910313291,0.019981603110411146,0.02045690854958926,0.001629991850040748,0.0,,,,,,,,,,,0.020169370472400774,0.02016120803999592,0.0069274653626730485,0.006519967400162992,
16,0.75,314159,0,pcg64,512,512,8,0.39269908169872414,0.1875,0.02060553098964459,0.02060552165613873,0.02025507601265177,0.010121416182022242,0.010133659830629528,0.9829921889822232,0.9829926342397376,0.02006592751245892,0.020536605886257997,0.0006044731009470715,0.0,,,,,,,0.020218345066829915,0.05197836955412713,0.9812096119721809,0.9812100564222568,,,,,
16,0.75,314159,1,pcg64,512,512,8,0.39269908169872414,0.1875,0.02060553098964459,0.02060552165613873,0.02037751249872462,0.010182634425058668,0.010194878073665953,0.988934112349031,0.9889345602980073,0.019765122934252723,0.0202221574286512,0.0006008411776486862,0.0,,,,,,,0.02035710641771248,0.05141516171819202,0.9879437917878964,0.9879442392882957,,,,,
16,0.75,314159,2,pcg64,512,512,8,0.39269908169872414,0.1875,0.02060553098964459,0.02060552165613873,0.0200142842567085,0.010027548209366391,0.009986736047342107,0.9713064063608347,0.9713068463251407,0.02009519530113187,0.02056694795344591,0.00203915171288748,0.0,,,,,,,0.019981634527089072,0.05095398428731762,0.9697218934630193,0.9697223327096022,,,,,
16,0.75,314159,3,pcg64,512,512,8,0.39269908169872414,0.1875,0.02060553098964459,0.02060552165613873,0.02020610141822263,0.010096928884807673,0.010109172533414958,0.9806154196355001,0.9806158638164298,0.020031197319240742,0.020501380541445458,0.0006059381943041589,0.0,,,,,,,0.02018569533721049,0.05084379144985206,0.9796250990743655,0.9796255428067182,,,,,
16,0.75,271828,0,pcg64,512,512,8,0.39269908169872414,0.1875,0.02060553098964459,0.02060552165613873,0.020324456688093052,0.010170390776451382,0.010154065911641669,0.9863592788900809,0.9863597256727571,0.020050273634749607,0.020520704513779953,0.0008032128514056215,0.0,,,,,,,,,,,,,,,
16,0.75,271828,1,pcg64,512,512,8,0.39269908169872414,0.1875,0.02060553098964459,0.02060552165613873,0.020124477094174063,0.010060197938985818,0.010064279155188247,0.9766541373909615,0.9766545797775833,0.02014397215333799,0.02061417177179233,0.00020279862096939875,0.0,,,,,,,,,,,,,,,
16,0.75,271828,2,pcg64,512,512,8,0.39269908169872414,0.1875,0.02060553098964459,0.02060552165613873,0.02034894398530762,0.010182634425058668,0.010166309560248955,0.9875476635634425,0.987548110884411,0.020083825159360382,0.020559395229372293,0.0008022462896109097,0.0,,,,,,,,,,,,,,,
16,0.75,271828,3,pcg64,512,512,8,0.39269908169872414,0.1875,0.02060553098964459,0.02060552165613873,0.020148964391388635,0.010092847668605244,0.010056116722783389,0.9778425220643232,0.9778429649892374,0.020034365845219525,0.020498795127010916,0.0018229694146242852,0.0,,,,,,,,,,,,,,,
24,0.75,42,0,pcg64,768,768,12,0.2617993877991494,0.125,0.009158013773175376,0.009158009624950544,0.00916404159775672,0.004575680781959572,0.004588360815797148,1.00065820217469,1.000658655434227,0.009048990938766299,0.009141218227283917,0.0013836726625815505,0.0,0.23985909269395844,0.7806372999645795,1.8606955485204262,0.0019378463168187744,0.00019862288135593222,3.1415684453617168,0.009158607297540616,0.023086718751415183,1.000064809289431,1.000065262280184,0.009171287331378192,0.009171287331378192,0.0007906700929037431,0.0007906700929037431,
24,0.75,42,1,pcg64,768,768,12,0.2617993877991494,0.125,0.009158013773175376,0.009158009624950544,0.009138681530081568,0.004566623614932732,0.004572057915148836,0.9978890353768157,0.997889487382027,0.009112884640946697,0.009207988658364492,0.000594648166501492,0.0,0.239220140591302,0.778495722663775,1.8756153868465437,0.001971798946110387,0.00021220393307257713,3.1415430799910418,0.0091368700966762,0.023275107825573453,0.9976912377483961,0.9976916896640127,0.009116944329217154,0.0091368700966762,0.0023785926660057784,0.00019821605550049735,
24,0.75,42,2,pcg64,768,768,12,0.2617993877991494,0.125,0.009158013773175376,0.009158009624950544,0.009097018561758105,0.004544886414068317,0.004552132147689789,0.9933396899231653,0.9933401398676988,0.008920333714336967,0.009010722524462205,0.0007964954201513413,0.0,0.23841094227376114,0.7802141948757294,1.8635548278841738,0.001931055790960452,0.00021135511734028683,3.141569764423003,0.00909339569494737,0.023202650489358736,0.9929440946663262,0.9929445444316702,0.009124190062838624,0.009115132895811786,0.002986857825567339,0.0019912385503783533,
24,0.75,42,3,pcg64,768,768,12,0.2617993877991494,0.125,0.009158013773175376,0.009158009624950544,0.00910245286197421,0.004548509280879053,0.004553943581095157,0.9939330828084242,0.9939335330217416,0.009065874919997259,0.009162583394101226,0.0005970149253731396,0.0,0.23935113430196664,0.7799539806648618,1.8613865916185468,0.001936148685354194,0.00018334419817470665,3.1415509892309785,0.009091584261542001,0.023307713626870077,0.9927462970379066,0.9927467467136559,0.009129624363054728,0.009138681530081568,0.0029850746268655077,0.0039800995024874075,
24,0.75,7,0,pcg64,768,768,12,0.2617993877991494,0.125,0.009158013773175376,0.009158009624950544,0.009178533064999665,0.00460466371644546,0.004573869348554204,1.0022405832020467,1.0022410371783412,0.009049815445105736,0.009145875295868189,0.003355042431419016,0.0,,,,,,,,,,,0.009194835965647977,0.009183967365215769,0.0017761989342806555,0.0005920663114268852,
24,0.75,7,1,pcg64,768,768,12,0.2617993877991494,0.125,0.009158013773175376,0.009158009624950544,0.009142304396892304,0.004570246481743468,0.004572057915148836,0.9982846306336549,0.9982850828180556,0.009100339872873715,0.009195214052957356,0.00019813750743015833,0.0,,,,,,,,,,,0.009171287331378192,0.009156795864135248,0.0031702001188825333,0.0015851000594412667,
24,0.75,7,2,pcg64,768,768,12,0.2617993877991494,0.125,0.009158013773175376,0.009158009624950544,0.009234687500566073,0.004626400917309877,0.0046082865832561964,1.008372309683054,1.0083727664367839,0.009065608289051499,0.009159539014340377,0.001961553550411944,0.0,,,,,,,,,,,0.009269104735268065,0.009238310367376809,0.0037269517457826935,0.00039231071008238877,
24,0.75,7,3,pcg64,768,768,12,0.2617993877991494,0.125,0.009158013773175376,0.009158009624950544,0.009144115830297672,0.004581115082175676,0.004563000748121996,0.9984824282620745,0.9984828805360698,0.009008674695466451,0.009103576472381865,0.001980982567353425,0.0,,,,,,,,,,,0.009142304396892304,0.009169475897972824,0.00019809825673534253,0.0027733755942947955,
24,0.75,123,0,pcg64,768,768,12,0.2617993877991494,0.125,0.009158013773175376,0.009158009624950544,0.009017315491921913,0.004510469179366324,0.004506846312555588,0.9846365942727034,0.9846370402750705,0.008975282956953382,0.009068263706925142,0.00040176777822419004,0.0,,,,,,,0.00901006975830044,0.022787832239529463,0.9838454037590251,0.9838458494030135,,,,,
24,0.75,123,1,pcg64,768,768,12,0.2617993877991494,0.125,0.009158013773175376,0.009158009624950544,0.009086149961325897,0.004539452113852213,0.004546697847473685,0.9921529041526478,0.9921533535596131,0.009092777118760949,0.009188625551991068,0.0007974481658692257,0.0,,,,,,,0.00908433852792053,0.023316770793896918,0.9919551065242282,0.9919555558415988,,,,,
24,0.75,123,2,pcg64,768,768,12,0.2617993877991494,0.125,0.009158013773175376,0.009158009624950544,0.009149550130513776,0.00459560654941862,0.004553943581095157,0.9990758211473333,0.9990762736901126,0.009065352856976747,0.009160429567218058,0.004553553751732277,0.0,,,,,,,0.00914592726370304,0.02352508563551424,0.9986802258904941,0.9986806782540841,,,,,
24,0.75,123,3,pcg64,768,768,12,0.2617993877991494,0.125,0.009158013773175376,0.009158009624950544,0.009104264295379578,0.004544886414068317,0.004559377881311261,0.9941308804368437,0.9941313307397559,0.009101502648725845,0.009196373530613889,0.001591723040191021,0.0,,,,,,,0.009100641428568841,0.02287115817617639,0.9937352851800045,0.9937357353037274,,,,,
24,0.75,2023,0,pcg64,768,768,12,0.2617993877991494,0.125,0.009158013773175376,0.009158009624950544,0.009086149961325897,0.004553943581095157,0.0045322063802307406,0.9921529041526478,0.9921533535596131,0.009039291805366802,0.009130973432732763,0.002392344497607677,0.0,,,,,,,,,,,0.009053544160029273,0.009071658494082953,0.0035885167464115154,0.0015948963317384513,
24,0.75,2023,1,pcg64,768,768,12,0.2617993877991494,0.125,0.009158013773175376,0.009158009624950544,0.00916404159775672,0.004590172249202516,0.004573869348554204,1.00065820217469,1.000658655434227,0.009233525448674371,0.009330085948179793,0.001779007709033422,0.0,,,,,,,,,,,0.009174910198188928,0.009180344498405033,0.0011860051393556147,0.001779007709033422,
24,0.75,2023,2,pcg64,768,768,12,0.2617993877991494,0.125,0.009158013773175376,0.009158009624950544,0.009031806959164857,0.0045213377797985324,0.004510469179366324,0.9862189753000602,0.9862194220191848,0.00906147495363217,0.009154321691390332,0.0012033694344163767,0.0,,,,,,,,,,,0.009048109859813169,0.009035429825975593,0.001805054151624565,0.0004011231448054589,
24,0.75,2023,3,pcg64,768,768,12,0.2617993877991494,0.125,0.009158013773175376,0.009158009624950544,0.009089772828136633,0.004543074980662949,0.004546697847473685,0.992548499409487,0.9925489489956417,0.008989029366592311,0.009080260397308377,0.00039856516540454724,0.0,,,,,,,,,,,0.009080715661109793,0.009077092794299057,0.000996412913511368,0.0013949780789159153,
24,0.75,314159,0,pcg64,768,768,12,0.2617993877991494,0.125,0.009158013773175376,0.009158009624950544,0.008959349622950136,0.0044778633780697,0.004481486244880436,0.9783070701632767,0.9783075132986137,0.009088382514859548,0.009180218371175374,0.0004043671653861743,0.0,,,,,,,0.008959349622950136,0.02245633992634712,0.9783070701632767,0.9783075132986137,,,,,
24,0.75,314159,1,pcg64,768,768,12,0.2617993877991494,0.125,0.009158013773175376,0.009158009624950544,0.009080715661109793,0.004535829247041477,0.004544886414068317,0.9915595112673891,0.9915599604055703,0.009035679342305713,0.009129585342601616,0.0009974067424695881,0.0,,,,,,,0.009073469927488321,0.022900141110662277,0.9907683207537107,0.9907687695335131,,,,,
24,0.75,314159,2,pcg64,768,768,12,0.2617993877991494,0.125,0.009158013773175376,0.009158009624950544,0.00909339569494737,0.004544886414068317,0.004548509280879053,0.9929440946663262,0.9929445444316702,0.009189600223369924,0.009285095596178376,0.0003984063745019956,0.0,,,,,,,0.009087961394731265,0.022822249474231456,0.9923507017810674,0.9923511512776274,,,,,
24,0.75,314159,3,pcg64,768,768,12,0.2617993877991494,0.125,0.009158013773175376,0.009158009624950544,0.00909339569494737,0.004535829247041477,0.004557566447905893,0.9929440946663262,0.9929445444316702,0.00894939974398745,0.00904106795695672,0.0023904382470119737,0.0,,,,,,,0.009087961394731265,0.023340319428166702,0.9923507017810674,0.9923511512776274,,,,,
24,0.75,271828,0,pcg64,768,768,12,0.2617993877991494,0.125,0.009158013773175376,0.009158009624950544,0.009073469927488321,0.004535829247041477,0.004537640680446845,0.9907683207537107,0.9907687695335131,0.008941825262851127,0.009036432309041002,0.00019964064683569753,0.0,,,,,,,,,,,,,,,
24,0.75,271828,1,pcg64,768,768,12,0.2617993877991494,0.125,0.009158013773175376,0.009158009624950544,0.009098829995163473,0.004539452113852213,0.004559377881311261,0.993537487551585,0.9935379375857131,0.008954489407781206,0.009048244691058076,0.0021899263388413495,0.0,,,,,,,,,,,,,,,
24,0.75,271828,2,pcg64,768,768,12,0.2617993877991494,0.125,0.009158013773175376,0.009158009624950544,0.00912781292964936,0.004555755014500525,0.004572057915148836,0.9967022496062982,0.9967027010739413,0.009022521950026348,0.00911651374570697,0.0017860686644174644,0.0,,,,,,,,,,,,,,,
24,0.75,271828,3,pcg64,768,768,12,0.2617993877991494,0.125,0.009158013773175376,0.009158009624950544,0.008943046722301824,0.00446880621104286,0.004474240511258964,0.9765268915075004,0.976527333836485,0.009022827497494668,0.009115611206564263,0.0006076564715414275,0.0,,,,,,,,,,,,,,,
32,0.75,42,0,pcg64,1024,1024,16,0.19634954084936207,0.09375,0.005151382747411147,0.005151380414034682,0.00526025857337633,0.0026331840245356545,0.002627074548840676,1.021135262375893,1.0211357249107471,0.0050922656206994765,0.005120759753880508,0.0011614401858304525,0.0,0.18098305953948837,0.577308238728775,1.4178689198409402,0.0011049570808895407,0.0001107343597262952,3.1414641915060146,0.005259240327427167,0.013508050761597057,1.0209375977877444,1.0209380602330642,0.005285714722105407,0.005289787705902059,0.0048393341076268985,0.0056136275648470905,
32,0.75,42,1,pcg64,1024,1024,16,0.19634954084936207,0.09375,0.005151382747411147,0.005151380414034682,0.005165561700104166,0.0025792169892300126,0.0025863447108741538,1.0027524556780691,1.0027529098862216,0.005131645372690287,0.005160945885620726,0.0013798541297062451,0.0,0.17938041420987252,0.5710585484044818,1.3961325514379177,0.0010562721468719452,0.00010739323680351906,3.1414470141684703,0.005165561700104166,0.01288488424070927,1.0027524556780691,1.0027529098862216,0.005161488716307515,0.0051604704703583516,0.0007884880741177824,0.00098561009264727,
32,0.75,42,2,pcg64,1024,1024,16,0.19634954084936207,0.09375,0.005151382747411147,0.005151380414034682,0.005100393959357731,0.0025517243486026103,0.002548669610755121,0.990101922036556,0.990102370514505,0.00512641130979865,0.00515711306377198,0.0005989219405071414,0.0,0.17944695430675828,0.5676302386223578,1.4014537945519745,0.0011183215725806453,0.00012218963831867058,3.1414370253991497,0.005099375713408568,0.013055949560168662,0.9899042574484073,0.989904705836822,0.005111594664798525,0.005109558172900199,0.002196047115192682,0.0017967658215212543,
32,0.75,42,3,pcg64,1024,1024,16,0.19634954084936207,0.09375,0.005151382747411147,0.005151380414034682,0.0051849083731382644,0.002589399448721643,0.0025955089244166217,1.0065080828528934,1.0065085387622,0.005152510197315766,0.005183542922103793,0.001178318931657525,0.0,0.180012935264761,0.5728243007111767,1.405086211104873,0.0010691593352883675,0.00010930244990224829,3.1413322022887273,0.005183890127189101,0.013225996633678893,1.0063104182647447,1.0063108740845168,0.005181853635290775,0.005185926619087428,0.0005891594658288043,0.00019638648860960143,
32,0.75,7,0,pcg64,1024,1024,16,0.19634954084936207,0.09375,0.005151382747411147,0.005151380414034682,0.005125850108086807,0.0025629250540434036,0.0025629250540434036,0.995043536740272,0.9950439874565817,0.005101023100045663,0.005131155132608348,0.0,0.0,,,,,,,,,,,0.005138069059476764,0.00512992309188346,0.0023837902264601182,0.0007945967421534292,
32,0.75,7,1,pcg64,1024,1024,16,0.19634954084936207,0.09375,0.005151382747411147,0.005151380414034682,0.005205273292121526,0.0025975454163149475,0.002607727875806578,1.0104613746158662,1.0104618323158614,0.005163920030872781,0.005193753676212449,0.001956181533646333,0.0,,,,,,,,,,,0.005196109078579058,0.0051849083731382644,0.0017605633802816828,0.003912363067292666,
32,0.75,7,2,pcg64,1024,1024,16,0.19634954084936207,0.09375,0.005151382747411147,0.005151380414034682,0.005142142043273417,0.002573107513535034,0.002569034529738382,0.9982061701506504,0.9982066222995111,0.005108298249387254,0.0051376111422863115,0.0007920792079207793,0.0,,,,,,,,,,,0.00514316028922258,0.005146215027070068,0.00019801980198021592,0.000792079207920695,
32,0.75,7,3,pcg64,1024,1024,16,0.19634954084936207,0.09375,0.005151382747411147,0.005151380414034682,0.005111594664798525,0.002561906808094241,0.002549687856704284,0.9922762325061911,0.9922766819690189,0.00510348418703126,0.0051335278528339915,0.002390438247011999,0.0,,,,,,,,,,,0.005122795370239319,0.0051085399269510355,0.0021912350597609845,0.0005976095617530421,
32,0.75,123,0,pcg64,1024,1024,16,0.19634954084936207,0.09375,0.005151382747411147,0.005151380414034682,0.0051339960756801115,0.002570052775687545,0.0025639432999925668,0.9966248534454611,0.9966253048780463,0.005113581336910851,0.005142571435524008,0.0011900039666799121,0.0,,,,,,,0.005131959583781786,0.012974489884235618,0.996229524269164,0.9962299755226803,,,,,
32,0.75,123,1,pcg64,1024,1024,16,0.19634954084936207,0.09375,0.005151382747411147,0.005151380414034682,0.005214437505663993,0.0026118008596032302,0.002602636646060763,1.0122403559092041,1.012240814415009,0.0051510110417340394,0.005181058131876444,0.0017574692442882177,0.0,,,,,,,0.00521341925971483,0.013138427482050869,1.0120426913210554,1.012043149737326,,,,,
32,0.75,123,2,pcg64,1024,1024,16,0.19634954084936207,0.09375,0.005151382747411147,0.005151380414034682,0.005092247991764427,0.002550706102653447,0.0025415418891109797,0.9885206053313669,0.9885210530930405,0.0050910371605847205,0.005120749027896353,0.0017996400719855954,0.0,,,,,,,0.005090211499866101,0.012850263878437726,0.9881252761550695,0.9881257237376744,,,,,
32,0.75,123,3,pcg64,1024,1024,16,0.19634954084936207,0.09375,0.005151382747411147,0.005151380414034682,0.005182871881239938,0.0025965271703657844,0.0025863447108741538,1.0061127536765961,1.0061132094068337,0.005123011777840121,0.005153415797346089,0.0019646365422396964,0.0,,,,,,,0.005181853635290775,0.01312213554686426,1.0059150890884474,1.0059155447291508,,,,,
32,0.75,2023,0,pcg64,1024,1024,16,0.19634954084936207,0.09375,0.005151382747411147,0.005151380414034682,0.005021989021272176,0.002508958018737762,0.0025130310025344143,0.9748817487491104,0.9748821903329085,0.005127947540022999,0.005157269749318047,0.0008110300081102871,0.0,,,,,,,,,,,0.005028098496967155,0.005020970775323013,0.0012165450121655603,0.00020275750202759338,
32,0.75,2023,1,pcg64,1024,1024,16,0.19634954084936207,0.09375,0.005151382747411147,0.005151380414034682,0.005206291538070689,0.002603654892009926,0.002602636646060763,1.010659039204015,1.0106594969935445,0.005122283077885926,0.005151809393362569,0.00019557989438687473,0.0,,,,,,,,,,,0.0052174922435114825,0.005219528735409809,0.0021513788382554553,0.0025425386270292046,
32,0.75,2023,2,pcg64,1024,1024,16,0.19634954084936207,0.09375,0.005151382747411147,0.005151380414034682,0.005218510489460646,0.0026097643677049044,0.0026087461217557412,1.0130310142617986,1.0130314731257415,0.005148283947031555,0.0051787740673384,0.00019512195121952982,0.0,,,,,,,,,,,0.00521341925971483,0.005208328029969015,0.0009756097560976492,0.0019512195121951321,
32,0.75,2023,3,pcg64,1024,1024,16,0.19634954084936207,0.09375,0.005151382747411147,0.005151380414034682,0.005042353940255437,0.0025171039863310664,0.0025252499539243707,0.9788350405120833,0.9788354838865699,0.005108134046679755,0.0051380011735511905,0.0016155088852988432,0.0,,,,,,,,,,,0.005038280956458785,0.005035226218611296,0.0008077544426495077,0.0014135702746364664,
32,0.75,314159,0,pcg64,1024,1024,16,0.19634954084936207,0.09375,0.005151382747411147,0.005151380414034682,0.0050830837782219595,0.0025405236431618166,0.002542560135060143,0.9867416240380291,0.9867420709938929,0.005135008593082199,0.005164560278540937,0.0004006410256410619,0.0,,,,,,,0.005081047286323633,0.01277185894035217,0.9863462948617318,0.9863467416385266,,,,,
32,0.75,314159,1,pcg64,1024,1024,16,0.19634954084936207,0.09375,0.005151382747411147,0.005151380414034682,0.005203236800223199,0.0025985636622641107,0.002604673137959089,1.010066045439569,1.0100665029604952,0.005100924326484509,0.0051304823791204855,0.0011741682974559917,0.0,,,,,,,0.005203236800223199,0.013131299760406728,1.010066045439569,1.0100665029604952,,,,,
32,0.75,314159,2,pcg64,1024,1024,16,0.19634954084936207,0.09375,0.005151382747411147,0.005151380414034682,0.00521341925971483,0.0026097643677049044,0.002603654892009926,1.0120426913210554,1.012043149737326,0.005129510458615485,0.005159593205730563,0.001171875000000023,0.0,,,,,,,0.005211382767816504,0.013194431009254838,1.0116473621447581,1.0116478203819597,,,,,
32,0.75,314159,3,pcg64,1024,1024,16,0.19634954084936207,0.09375,0.005151382747411147,0.005151380414034682,0.005088175007967774,0.0025415418891109797,0.002546633118856795,0.9877299469787723,0.9877303943823081,0.005123481421475778,0.0051531978118380915,0.001000600360216135,0.0,,,,,,,0.005088175007967774,0.013290146128476165,0.9877299469787723,0.9877303943823081,,,,,
32,0.75,271828,0,pcg64,1024,1024,16,0.19634954084936207,0.09375,0.005151382747411147,0.005151380414034682,0.00517676240554496,0.0025863447108741538,0.0025904176946708064,1.0049267661477042,1.0049272213407354,0.005099472586103158,0.00512935090624037,0.000786782061369072,0.0,,,,,,,,,,,,,,,
32,0.75,271828,1,pcg64,1024,1024,16,0.19634954084936207,0.09375,0.005151382747411147,0.005151380414034682,0.005158433978460025,0.0025781987432808495,0.0025802352351791758,1.0013688035610286,1.0013692571424402,0.005145651295142097,0.005175232647798047,0.00039478878799845655,0.0,,,,,,,,,,,,,,,
32,0.75,271828,2,pcg64,1024,1024,16,0.19634954084936207,0.09375,0.005151382747411147,0.005151380414034682,0.005171671175799145,0.00258838120277248,0.0025832899730266648,1.0039384432069611,1.00393889795232,0.005151346100891417,0.005180933023098189,0.0009844457570387924,0.0,,,,,,,,,,,,,,,
32,0.75,271828,3,pcg64,1024,1024,16,0.19634954084936207,0.09375,0.005151382747411147,0.005151380414034682,0.005120758878340992,0.0025578338242975883,0.0025629250540434036,0.9940552137995289,0.9940556640681665,0.005132275114458943,0.0051628843504503705,0.0009942334460131292,0.0,,,,,,,,,,,,,,,
48,0.75,42,0,pcg64,1536,1536,24,0.1308996938995747,0.0625,0.002289503443293843,0.002289502406237636,0.002338129740422374,0.0011713261175423499,0.0011668036228800241,1.0212387962424612,1.0212392588242123,0.002321510412949947,0.002327389146299239,0.0019342359767891863,0.0,0.12056341244028387,0.37526929882980303,0.9095643564573039,0.000501747421281216,4.898717426710098e-05,3.1415289225502785,0.002338129740422374,0.005870198071698726,1.0212387962424612,1.0212392588242123,0.0023336072457600483,0.0023367729920236763,0.0019342359767891863,0.0005802707930367559,
48,0.75,42,1,pcg64,1536,1536,24,0.1308996938995747,0.0625,0.002289503443293843,0.002289502406237636,0.002301045284191303,0.0011514271410281167,0.0011496181431631866,1.0050411983136636,1.0050416535585283,0.0023027141233053676,0.002308547213835435,0.0007861635220124918,0.0,0.12029676057723176,0.37422448899257327,0.910738620047646,0.000516379953854506,5.322848805646037e-05,3.141488190291726,0.0023005930347250706,0.005802360651763841,1.0048436666316052,1.0048441217869954,0.0022987840368601407,0.0023005930347250706,0.0009827044025155442,0.0001965408805031465,
48,0.75,42,2,pcg64,1536,1536,24,0.1308996938995747,0.0625,0.002289503443293843,0.002289502406237636,0.0023164217660432106,0.0011591153819540704,0.0011573063840891401,1.0117572755036528,1.0117577337906412,0.0023035222524864815,0.002309315952271837,0.0007809449433814989,0.0,0.12011197583367345,0.37439359647084985,0.9143546081745184,0.0004975061074918567,4.962337133550489e-05,3.1414214547472317,0.0023164217660432106,0.005946628231492029,1.0117572755036528,1.0117577337906412,0.0023141605187120477,0.0023132560197795826,0.0009761811792268737,0.0013666536509176232,
48,0.75,42,3,pcg64,1536,1536,24,0.1308996938995747,0.0625,0.002289503443293843,0.002289502406237636,0.0022829553055420007,0.0011392164054398375,0.0011437389001021632,0.9971399310313237,0.9971403826972192,0.00229611204813419,0.0023020262551614696,0.0019809825673534256,0.0,0.11987307046330005,0.3720534223823336,0.8954381776448707,0.00048096498371335503,4.8350977198697065e-05,3.141299456620411,0.0022829553055420007,0.00574582946848477,0.9971399310313237,0.9971403826972192,0.0022892867980692567,0.0022874778002043264,0.002773375594294796,0.0019809825673534256,
48,0.75,7,0,pcg64,1536,1536,24,0.1308996938995747,0.0625,0.002289503443293843,0.002289502406237636,0.002327728002699025,0.001162733377683931,0.0011649946250150939,1.0166955675551155,1.0166960280789594,0.0022875041643669334,0.0022932875146390672,0.0009714396735962787,0.0,,,,,,,,,,,0.0023299892500301877,0.00232863250163149,0.0009714396735962787,0.0003885758694385115,
48,0.75,7,1,pcg64,1536,1536,24,0.1308996938995747,0.0625,0.002289503443293843,0.002289502406237636,0.0022675788236900933,0.0011346939107775118,0.0011328849129125815,0.9904238538413345,0.9904243024651064,0.002268505689517836,0.0022745852607638406,0.0007977662544874426,0.0,,,,,,,,,,,0.0022662220752913955,0.002268031073156326,0.000598324690865582,0.00019944156362186065,
48,0.75,7,2,pcg64,1536,1536,24,0.1308996938995747,0.0625,0.002289503443293843,0.002289502406237636,0.0022508455934394885,0.0011247444225203954,0.0011261011709190931,0.98311518160517,0.9831156269183955,0.0022673416214019034,0.00227319703128479,0.0006027727546714945,0.0,,,,,,,,,,,0.002249488845040791,0.002249488845040791,0.0006027727546714945,0.0006027727546714945,
48,0.75,7,3,pcg64,1536,1536,24,0.1308996938995747,0.0625,0.002289503443293843,0.002289502406237636,0.002264865326892698,0.0011328849129125815,0.0011319804139801163,0.9892386637489835,0.98923911183591,0.002311949660712864,0.002318020145944566,0.000399361022364221,0.0,,,,,,,,,,,0.002268031073156326,0.002268031073156326,0.0013977635782747736,0.0013977635782747736,
48,0.75,123,0,pcg64,1536,1536,24,0.1308996938995747,0.0625,0.002289503443293843,0.002289502406237636,0.0023155172671107454,0.0011582108830216053,0.0011573063840891401,1.0113622121395358,1.0113626702475758,0.002307513513378738,0.0023134895395772737,0.00039062500000000365,0.0,,,,,,,0.0023155172671107454,0.005891001547145424,1.0113622121395358,1.0113626702475758,,,,,
48,0.75,123,1,pcg64,1536,1536,24,0.1308996938995747,0.0625,0.002289503443293843,0.002289502406237636,0.002252654591304419,0.0011297191666489535,0.0011229354246554651,0.9839053083334041,0.9839057540045264,0.0022782575923377467,0.002284259051906775,0.0030114434852438585,0.0,,,,,,,0.002252654591304419,0.005703318018658908,0.9839053083334041,0.9839057540045264,,,,,
48,0.75,123,2,pcg64,1536,1536,24,0.1308996938995747,0.0625,0.002289503443293843,0.002289502406237636,0.002284764303406931,0.001142834401169698,0.001141929902237233,0.9979300577595577,0.9979305097833502,0.0022776794731602145,0.0022835362876704674,0.0003958828186856727,0.0,,,,,,,0.002284764303406931,0.00581638038521705,0.9979300577595577,0.9979305097833502,,,,,
48,0.75,123,3,pcg64,1536,1536,24,0.1308996938995747,0.0625,0.002289503443293843,0.002289502406237636,0.002321396510171769,0.0011631856271501636,0.0011582108830216053,1.0139301240062963,1.0139305832775012,0.002279930223676683,0.0022857966177142254,0.002142996298460959,0.0,,,,,,,0.002321396510171769,0.006018535896623008,1.0139301240062963,1.0139305832775012,,,,,
48,0.75,2023,0,pcg64,1536,1536,24,0.1308996938995747,0.0625,0.002289503443293843,0.002289502406237636,0.002268935572088791,0.0011328849129125815,0.0011360506591762095,0.99101644888751,0.9910168977797046,0.002297591512950702,0.002303580664749759,0.0013952561291608661,0.0,,,,,,,,,,,0.002263508578494,0.0022644130774264653,0.0023918676499900563,0.0019932230416583804,
48,0.75,2023,1,pcg64,1536,1536,24,0.1308996938995747,0.0625,0.002289503443293843,0.002289502406237636,0.002294261542197815,0.0011505226420956516,0.0011437389001021632,1.0020782230827863,1.0020786769855374,0.002261946094450175,0.0022676604876000145,0.002956830277941979,0.0,,,,,,,,,,,0.002298331787393908,0.002297427288461443,0.0017740981667652442,0.001379854129706301,
48,0.75,2023,2,pcg64,1536,1536,24,0.1308996938995747,0.0625,0.002289503443293843,0.002289502406237636,0.0022843120539406984,0.0011423821517034655,0.001141929902237233,0.9977325260774992,0.9977329780118174,0.002302835928311674,0.002308867842704599,0.0001979805979014075,0.0,,,,,,,,,,,0.0022892867980692567,0.002285668802339396,0.0021777865769154825,0.0005939417937042225,
48,0.75,2023,3,pcg64,1536,1536,24,0.1308996938995747,0.0625,0.002289503443293843,0.002289502406237636,0.0023019497831237683,0.0011496181431631866,0.0011523316399605819,1.0054362616777808,1.0054367171015937,0.0022575390796876474,0.002263063927394131,0.0011787819253437283,0.0,,,,,,,,,,,0.002301045284191303,0.0022996885357926054,0.00039292730844794085,0.000982318271119852,
48,0.75,314159,0,pcg64,1536,1536,24,0.1308996938995747,0.0625,0.002289503443293843,0.002289502406237636,0.002271196819419954,0.0011346939107775118,0.001136502908642442,0.9920041072978025,0.9920045566373682,0.0022807058654852417,0.0022867261168014416,0.0007964954201513416,0.0,,,,,,,0.002271196819419954,0.005799194905500213,0.9920041072978025,0.9920045566373682,,,,,
48,0.75,314159,1,pcg64,1536,1536,24,0.1308996938995747,0.0625,0.002289503443293843,0.002289502406237636,0.0023028542820562334,0.0011536883883592796,0.001149165893696954,1.0058313250418978,1.0058317806446593,0.0022866699951244237,0.0022924530869962803,0.001963864886095761,0.0,,,,,,,0.0023028542820562334,0.00578291392471584,1.0058313250418978,1.0058317806446593,,,,,
48,0.75,314159,2,pcg64,1536,1536,24,0.1308996938995747,0.0625,0.002289503443293843,0.002289502406237636,0.0022865733012718613,0.0011414776527710003,0.001145095648500861,0.9987201844877917,0.9987206368694811,0.0022777401612766803,0.0022839329545749393,0.001582278481012673,0.0,,,,,,,0.0022865733012718613,0.00568432354107714,0.9987201844877917,0.9987206368694811,,,,,
48,0.75,314159,3,pcg64,1536,1536,24,0.1308996938995747,0.0625,0.002289503443293843,0.002289502406237636,0.00231280377031335,0.0011559496356904424,0.0011568541346229076,1.0101770220471848,1.0101774796183793,0.0022743823537374895,0.002280397146655458,0.00039108330074306193,0.0,,,,,,,0.00231280377031335,0.00581638038521705,1.0101770220471848,1.0101774796183793,,,,,
48,0.75,271828,0,pcg64,1536,1536,24,0.1308996938995747,0.0625,0.002289503443293843,0.002289502406237636,0.002283859804474466,0.0011432866506359306,0.0011405731538385352,0.9975349943954407,0.9975354462402847,0.0022653396651392136,0.0022711110021009194,0.0011881188118811991,0.0,,,,,,,,,,,,,,,
48,0.75,271828,1,pcg64,1536,1536,24,0.1308996938995747,0.0625,0.002289503443293843,0.002289502406237636,0.0022987840368601407,0.001148261394764489,0.0011505226420956516,1.0040535399033714,1.0040539947008649,0.0022784312054960247,0.0022842958936952467,0.0009836710603973178,0.0,,,,,,,,,,,,,,,
48,0.75,271828,2,pcg64,1536,1536,24,0.1308996938995747,0.0625,0.002289503443293843,0.002289502406237636,0.0022770760624809773,0.00113966865490607,0.0011374074075749072,0.9945720191645631,0.9945724696672937,0.002307022862935588,0.0023130700953151477,0.0009930486593843191,0.0,,,,,,,,,,,,,,,
48,0.75,271828,3,pcg64,1536,1536,24,0.1308996938995747,0.0625,0.002289503443293843,0.002289502406237636,0.0022119521393434874,0.00110620219440486,0.0011057499449386274,0.9661274569481386,0.9661278945665805,0.002256104814951901,0.00226201441030378,0.00020445716622367806,0.0,,,,,,,,,,,,,,,
64,0.75,42,0,pcg64,2048,2048,32,0.09817477042468103,0.046875,0.0012878456868527868,0.0012878451035086705,0.0012979717411411014,0.0006479686513376814,0.0006500030898034198,1.0078627854188498,1.0078632419417843,0.0012788466141959492,0.0012807189693686616,0.00156739811912223,0.0,0.08974451410799249,0.27727375734115034,0.6652989823566711,0.00028039795279677577,2.95783463605276e-05,3.141304587067325,0.0012979717411411014,0.0033102856885645995,1.0078627854188498,1.0078632419417843,0.0012974631315246666,0.0012992432651821877,0.0003918495297807037,0.0009796238244512581,
64,0.75,42,1,pcg64,2048,2048,32,0.09817477042468103,0.046875,0.0012878456868527868,0.0012878451035086705,0.0013300141469764811,0.0006667872071457617,0.0006632269398307195,1.032743410607481,1.0327438784003784,0.001293705293979071,0.0012955883932495099,0.0026768642447418485,0.0,0.09051132229980119,0.27930674643164183,0.6708365527299499,0.00029315957804103564,3.136735924523693e-05,3.141537063849151,0.0013297598421682637,0.003397257932974916,1.0325459453282062,1.0325464130316593,0.001328996927743612,0.0013302684517846985,0.0007648183556404815,0.0001912045889102019,
64,0.75,42,2,pcg64,2048,2048,32,0.09817477042468103,0.046875,0.0012878456868527868,0.0012878451035086705,0.0012750843084015442,0.0006393222878582932,0.000635762020543251,0.9900909102841129,0.990091358757074,0.0012680354707833327,0.001269825339768976,0.0027921818907059967,0.0,0.08970803112719851,0.27610571323256866,0.6598423023190384,0.00027085655074499267,2.874347368099658e-05,3.1412555399426068,0.0012750843084015442,0.00324899822978423,0.9900909102841129,0.990091358757074,0.0012750843084015442,0.0012730498699358057,0.0,0.0015955325089749282,
64,0.75,42,3,pcg64,2048,2048,32,0.09817477042468103,0.046875,0.0012878456868527868,0.0012878451035086705,0.0012870366343877573,0.0006449169936390738,0.0006421196407486835,0.9993717784100309,0.999372231086867,0.0012774213355025632,0.0012793513583469172,0.002173483501284347,0.0,0.08987303674861044,0.27723088555273645,0.6644550570548192,0.0002778933347581827,2.9220543783585734e-05,3.141503838568038,0.0012870366343877573,0.003318169137619336,0.9993717784100309,0.999372231086867,0.0012860194151548881,0.0012862737199631055,0.0007903576368306103,0.0005927682276228735,
64,0.75,7,0,pcg64,2048,2048,32,0.09817477042468103,0.046875,0.0012878456868527868,0.0012878451035086705,0.0012954286930589283,0.0006479686513376814,0.0006474600417212469,1.005888132626101,1.0058885882545943,0.0012867687232083085,0.0012886380846404376,0.00039261876717704337,0.0,,,,,,,,,,,0.0012939028642096244,0.0012949200834424938,0.0011778563015312977,0.00039261876717704337,
64,0.75,7,1,pcg64,2048,2048,32,0.09817477042468103,0.046875,0.0012878456868527868,0.0012878451035086705,0.0012753386132097616,0.0006388136782418586,0.0006365249349679029,0.9902883755633878,0.9902888241257931,0.001295201896399697,0.0012971001700271905,0.0017946161515454075,0.0,,,,,,,,,,,0.0012768644420590653,0.0012766101372508481,0.001196410767696825,0.0009970089730807724,
64,0.75,7,2,pcg64,2048,2048,32,0.09817477042468103,0.046875,0.0012878456868527868,0.0012878451035086705,0.001263894896839983,0.0006327103628446434,0.0006311845339953396,0.9814024379960192,0.9814028825334379,0.0012767559776732627,0.001278622994743798,0.0012072434607645884,0.0,,,,,,,,,,,0.0012633862872235484,0.0012631319824153312,0.00040241448692150087,0.0006036217303821655,
64,0.75,7,3,pcg64,2048,2048,32,0.09817477042468103,0.046875,0.0012878456868527868,0.0012878451035086705,0.0012806790141823249,0.0006400852022829451,0.0006405938118993797,0.9944351464281597,0.994435596868892,0.001274952098530652,0.0012768774765046715,0.0003971405877680419,0.0,,,,,,,,,,,0.0012806790141823249,0.001279916099757673,0.0,0.0005957108816521475,
64,0.75,123,0,pcg64,2048,2048,32,0.09817477042468103,0.046875,0.0012878456868527868,0.0012878451035086705,0.0012720326507029366,0.0006362706301596856,0.000635762020543251,0.9877213269328146,0.987721774332446,0.0012876866478623893,0.0012895804363191907,0.0003998400639743821,0.0,,,,,,,0.0012720326507029366,0.0032840922933182175,0.9877213269328146,0.987721774332446,,,,,
64,0.75,123,1,pcg64,2048,2048,32,0.09817477042468103,0.046875,0.0012878456868527868,0.0012878451035086705,0.001305346580579403,0.0006525461378855929,0.0006528004426938101,1.0135892785178202,1.0135897376346352,0.0012959936310749805,0.0012978355426921924,0.00019481784531461712,0.0,,,,,,,0.001305346580579403,0.00334792280018076,1.0135892785178202,1.0135897376346352,,,,,
64,0.75,123,2,pcg64,2048,2048,32,0.09817477042468103,0.046875,0.0012878456868527868,0.0012878451035086705,0.0012547399237441603,0.0006273699618720802,0.0006273699618720802,0.9742936879421247,0.9742941292595539,0.0012904219482444401,0.0012923608071443854,0.0,0.0,,,,,,,0.0012547399237441603,0.0032009346210311604,0.9742936879421247,0.9742941292595539,,,,,
64,0.75,123,3,pcg64,2048,2048,32,0.09817477042468103,0.046875,0.0012878456868527868,0.0012878451035086705,0.0012659293353057214,0.0006327103628446434,0.000633218972461078,0.9829821602302181,0.9829826054831899,0.0012737802259120976,0.001275574491925955,0.00040176777822415816,0.0,,,,,,,0.0012659293353057214,0.003292230047181171,0.9829821602302181,0.9829826054831899,,,,,
64,0.75,2023,0,pcg64,2048,2048,32,0.09817477042468103,0.046875,0.0012878456868527868,0.0012878451035086705,0.0012916141209356688,0.0006464428224883776,0.0006451712984472911,1.0029261534369782,1.002926607723809,0.0012824395245041706,0.0012842913248796532,0.0009844457570388017,0.0,,,,,,,,,,,0.0012921227305521033,0.0012900882920863649,0.00039377830281548716,0.0011813349084466294,
64,0.75,2023,1,pcg64,2048,2048,32,0.09817477042468103,0.046875,0.0012878456868527868,0.0012878451035086705,0.001268980993004329,0.0006349991061185991,0.0006339818868857299,0.9853517435815163,0.9853521899078179,0.0012989866301624596,0.001300949148250632,0.0008016032064127692,0.0,,,,,,,,,,,0.0012727955651275886,0.0012720326507029366,0.003006012024048141,0.0024048096192384786,
64,0.75,2023,2,pcg64,2048,2048,32,0.09817477042468103,0.046875,0.0012878456868527868,0.0012878451035086705,0.0012733041747440231,0.0006360163253514683,0.0006372878493925548,0.9887086533291889,0.988709101176041,0.0012748934940068344,0.0012766722404350418,0.000998601957259851,0.0,,,,,,,,,,,0.0012730498699358057,0.001274067089168675,0.00019972039145203834,0.0005991611743559447,
64,0.75,2023,3,pcg64,2048,2048,32,0.09817477042468103,0.046875,0.0012878456868527868,0.0012878451035086705,0.0012837306718809325,0.0006421196407486835,0.000641611031132249,0.9968047297794579,0.9968051812935201,0.0012715708843763765,0.0012734012661799658,0.00039619651347065355,0.0,,,,,,,,,,,0.0012847478911138016,0.0012852565007302362,0.0007923930269413071,0.0011885895404119607,
64,0.75,314159,0,pcg64,2048,2048,32,0.09817477042468103,0.046875,0.0012878456868527868,0.0012878451035086705,0.0012918684257438862,0.0006446626888308566,0.0006472057369130295,1.0031236187162533,1.0031240730925282,0.0012755527565916683,0.0012773255566646774,0.0019685039370078193,0.0,,,,,,,0.0012918684257438862,0.003277734673112785,1.0031236187162533,1.0031240730925282,,,,,
64,0.75,314159,1,pcg64,2048,2048,32,0.09817477042468103,0.046875,0.0012878456868527868,0.0012878451035086705,0.001298480350757536,0.0006482229561458987,0.0006502573946116371,1.0082577159773993,1.0082581726792221,0.0012782255640117718,0.0012799889500653442,0.0015667841754798007,0.0,,,,,,,0.001298480350757536,0.0033372419982356334,1.0082577159773993,1.0082581726792221,,,,,
64,0.75,314159,2,pcg64,2048,2048,32,0.09817477042468103,0.046875,0.0012878456868527868,0.0012878451035086705,0.0013167902969491816,0.000656869319625287,0.0006599209773238946,1.0224752160851889,1.0224756792269905,0.0012798814268173144,0.0012817061502997528,0.0023174971031286224,0.0,,,,,,,0.0013167902969491816,0.003293755876030475,1.0224752160851889,1.0224756792269905,,,,,
64,0.75,314159,3,pcg64,2048,2048,32,0.09817477042468103,0.046875,0.0012878456868527868,0.0012878451035086705,0.0013030578373054472,0.0006522918330773756,0.0006507660042280718,1.0118120910043467,1.0118125493161643,0.001279974373108177,0.001281874416574103,0.0011709601873536308,0.0,,,,,,,0.0013030578373054472,0.003292992961605823,1.0118120910043467,1.0118125493161643,,,,,
64,0.75,271828,0,pcg64,2048,2048,32,0.09817477042468103,0.046875,0.0012878456868527868,0.0012878451035086705,0.0013091611527026625,0.0006548348811595485,0.0006543262715431139,1.016551257706943,1.0165517181654202,0.0012887020728918478,0.0012904619490788083,0.0003885003885003612,0.0,,,,,,,,,,,,,,,
64,0.75,271828,1,pcg64,2048,2048,32,0.09817477042468103,0.046875,0.0012878456868527868,0.0012878451035086705,0.0012781359661001518,0.0006398308974747279,0.0006383050686254241,0.9924604936354111,0.9924609431817021,0.0012953435318195769,0.001297183461935893,0.0011937922801432558,0.0,,,,,,,,,,,,,,,
64,0.75,271828,2,pcg64,2048,2048,32,0.09817477042468103,0.046875,0.0012878456868527868,0.0012878451035086705,0.00130280353249723,0.0006510203090362891,0.0006517832234609409,1.011614625725072,1.0116150839474454,0.0012896177444782979,0.0012915151437267573,0.0005855943782939272,0.0,,,,,,,,,,,,,,,
64,0.75,271828,3,pcg64,2048,2048,32,0.09817477042468103,0.046875,0.0012878456868527868,0.0012878451035086705,0.0012750843084015442,0.0006385593734336413,0.0006365249349679029,0.9900909102841129,0.990091358757074,0.001284033217145905,0.0012858718766892228,0.0015955325089749282,0.0,,,,,,,,,,,,,,,
