p_pixels_per_wavelength,sigma_exp_rad_per_pixel_at_P4,sigma_physical,sigma_over_k0,kappa0_physical,dx_physical,physical_box_wavelengths,seed,realization,rng_route,control_family,cutoff_over_k0,grid_nyquist_over_k0,n,margin_pixels,spectral_prediction_discrete_cell,spectral_prediction_cont_full_cell,spectral_prediction_cont_trunc_cell,winding_density,winding_abs_density,ratio_discrete,ratio_cont_trunc,ratio_cont_full,power_fraction_above_cutoff
4,0.5,0.5,0.3183098861837907,1.5707963267948966,1.0,24,42,0,numpy_PCG64_SeedSequence,lowpass,1.25,2.0,96,4,0.1838192779343939,0.2560144767557485,0.18410691576018526,0.17809486061566918,0.17809486061566918,0.9688584495432095,0.967344762038449,0.6956437107483621,nan
4,0.5,0.5,0.3183098861837907,1.5707963267948966,1.0,24,7,0,numpy_PCG64_SeedSequence,lowpass,1.25,2.0,96,4,0.1838192779343939,0.2560144767557485,0.18410691576018526,0.18007662835249041,0.18007662835249041,0.9796395153764055,0.9781089841679569,0.7033845532270159,nan
4,0.5,0.5,0.3183098861837907,1.5707963267948966,1.0,24,123,0,numpy_PCG64_SeedSequence,lowpass,1.25,2.0,96,4,0.1838192779343939,0.2560144767557485,0.18410691576018526,0.17690579997357642,0.17690579997357642,0.9623898100432918,0.9608862287607441,0.6909992052611696,nan
4,0.5,0.5,0.3183098861837907,1.5707963267948966,1.0,24,42,0,numpy_PCG64_SeedSequence,lowpass,1.5,2.0,96,4,0.22629115949473072,0.2560144767557485,0.22673746337679326,0.21204914783987316,0.21204914783987316,0.9370633316535321,0.9352188415704775,0.8282701452159652,nan
4,0.5,0.5,0.3183098861837907,1.5707963267948966,1.0,24,7,0,numpy_PCG64_SeedSequence,lowpass,1.5,2.0,96,4,0.22629115949473072,0.2560144767557485,0.22673746337679326,0.2205046901836438,0.2205046901836438,0.9744290969032678,0.9725110570598922,0.861297739791555,nan
4,0.5,0.5,0.3183098861837907,1.5707963267948966,1.0,24,123,0,numpy_PCG64_SeedSequence,lowpass,1.5,2.0,96,4,0.22629115949473072,0.2560144767557485,0.22673746337679326,0.2227506936187079,0.2227506936187079,0.984354378297729,0.9824168017992679,0.8700706946006962,nan
4,0.5,0.5,0.3183098861837907,1.5707963267948966,1.0,24,42,0,numpy_PCG64_SeedSequence,lowpass,1.75,2.0,96,4,0.24843707263406037,0.2560144767557485,0.2485690542178664,0.2253930506011362,0.2253930506011362,0.9072440284833526,0.906762313234628,0.880391817905568,nan
4,0.5,0.5,0.3183098861837907,1.5707963267948966,1.0,24,7,0,numpy_PCG64_SeedSequence,lowpass,1.75,2.0,96,4,0.24843707263406037,0.2560144767557485,0.2485690542178664,0.2268463469414718,0.2268463469414718,0.9130937848217564,0.9126089635544292,0.8860684357232476,nan
4,0.5,0.5,0.3183098861837907,1.5707963267948966,1.0,24,123,0,numpy_PCG64_SeedSequence,lowpass,1.75,2.0,96,4,0.24843707263406037,0.2560144767557485,0.2485690542178664,0.23133835381159995,0.23133835381159995,0.9311748498677318,0.9306804281792694,0.9036143453415296,nan
4,0.5,0.5,0.3183098861837907,1.5707963267948966,1.0,24,42,0,numpy_PCG64_SeedSequence,lowpass,2.0,2.0,96,4,0.2549183439296515,0.2560144767557485,0.2549549036834244,0.23450918219051395,0.23450918219051395,0.9199384343059683,0.9198065179468062,0.9159996933073759,nan
4,0.5,0.5,0.3183098861837907,1.5707963267948966,1.0,24,7,0,numpy_PCG64_SeedSequence,lowpass,2.0,2.0,96,4,0.2549183439296515,0.2560144767557485,0.2549549036834244,0.23886907121152068,0.23886907121152068,0.9370415150564454,0.9369071461677891,0.9330295467604144,nan
4,0.5,0.5,0.3183098861837907,1.5707963267948966,1.0,24,123,0,numpy_PCG64_SeedSequence,lowpass,2.0,2.0,96,4,0.2549183439296515,0.2560144767557485,0.2549549036834244,0.2333201215484212,0.2333201215484212,0.9152739577376563,0.9151427102501745,0.9113551878201835,nan
4,0.75,0.75,0.477464829275686,1.5707963267948966,1.0,24,42,0,numpy_PCG64_SeedSequence,lowpass,1.25,2.0,96,4,0.1715323960641636,0.3296883464982196,0.17185125108486404,0.16395825075967763,0.16395825075967763,0.9558442283890631,0.9540707427187209,0.4973128486376847,nan
4,0.75,0.75,0.477464829275686,1.5707963267948966,1.0,24,7,0,numpy_PCG64_SeedSequence,lowpass,1.25,2.0,96,4,0.1715323960641636,0.3296883464982196,0.17185125108486404,0.15986259743691372,0.15986259743691372,0.9319673782036797,0.9302381939481486,0.48489004581111883,nan
4,0.75,0.75,0.477464829275686,1.5707963267948966,1.0,24,123,0,numpy_PCG64_SeedSequence,lowpass,1.25,2.0,96,4,0.1715323960641636,0.3296883464982196,0.17185125108486404,0.16831813978068438,0.16831813978068438,0.9812615205218909,0.9794408752809433,0.5105371226143516,nan
4,0.75,0.75,0.477464829275686,1.5707963267948966,1.0,24,42,0,numpy_PCG64_SeedSequence,lowpass,1.5,2.0,96,4,0.22653860750022817,0.3296883464982196,0.2272504648147619,0.20398995904346678,0.20398995904346678,0.9004644342720317,0.897643748318599,0.6187357278779897,nan
4,0.75,0.75,0.477464829275686,1.5707963267948966,1.0,24,7,0,numpy_PCG64_SeedSequence,lowpass,1.5,2.0,96,4,0.22653860750022817,0.3296883464982196,0.2272504648147619,0.21350244418020875,0.21350244418020875,0.9424550037458569,0.9395027832142849,0.6475886892816265,nan
4,0.75,0.75,0.477464829275686,1.5707963267948966,1.0,24,123,0,numpy_PCG64_SeedSequence,lowpass,1.5,2.0,96,4,0.22653860750022817,0.3296883464982196,0.2272504648147619,0.21033161580129475,0.21033161580129475,0.9284581472545818,0.9255497715823896,0.6379710354804142,nan
4,0.75,0.75,0.477464829275686,1.5707963267948966,1.0,24,42,0,numpy_PCG64_SeedSequence,lowpass,1.75,2.0,96,4,0.27301725904071716,0.3296883464982196,0.2734346058988957,0.24045448540097766,0.24045448540097766,0.8807299811222441,0.8793857112946682,0.7293387465919308,nan
4,0.75,0.75,0.477464829275686,1.5707963267948966,1.0,24,7,0,numpy_PCG64_SeedSequence,lowpass,1.75,2.0,96,4,0.27301725904071716,0.3296883464982196,0.2734346058988957,0.2500990883868411,0.2500990883868411,0.9160559638815431,0.914657775538905,0.7585924435706183,nan
4,0.75,0.75,0.477464829275686,1.5707963267948966,1.0,24,123,0,numpy_PCG64_SeedSequence,lowpass,1.75,2.0,96,4,0.27301725904071716,0.3296883464982196,0.2734346058988957,0.24573919936583433,0.24573919936583433,0.9000866840040518,0.898712869784661,0.7453681695939514,nan
4,0.75,0.75,0.477464829275686,1.5707963267948966,1.0,24,42,0,numpy_PCG64_SeedSequence,lowpass,2.0,2.0,96,4,0.30431063095713573,0.3296883464982196,0.30466230730441946,0.26132910556216143,0.26132910556216143,0.8587577264067763,0.8577664492675184,0.7926549674499116,nan
4,0.75,0.75,0.477464829275686,1.5707963267948966,1.0,24,7,0,numpy_PCG64_SeedSequence,lowpass,2.0,2.0,96,4,0.30431063095713573,0.3296883464982196,0.30466230730441946,0.26621746597965384,0.26621746597965384,0.8748214452526059,0.8738116255177198,0.8074821837267806,nan
4,0.75,0.75,0.477464829275686,1.5707963267948966,1.0,24,123,0,numpy_PCG64_SeedSequence,lowpass,2.0,2.0,96,4,0.30431063095713573,0.3296883464982196,0.30466230730441946,0.25062755978332674,0.25062755978332674,0.8235912067713118,0.8226405228819427,0.7601953858708203,nan
6,0.5,0.5,0.3183098861837907,1.5707963267948966,0.6666666666666666,24,42,0,numpy_PCG64_SeedSequence,lowpass,1.25,3.0,144,6,0.08169745685973062,0.11378421189144378,0.08182529589341567,0.08169687081172426,0.08169687081172426,0.9999928266064957,0.9984304965806822,0.7179983009388635,nan
6,0.5,0.5,0.3183098861837907,1.5707963267948966,0.6666666666666666,24,7,0,numpy_PCG64_SeedSequence,lowpass,1.25,3.0,144,6,0.08169745685973062,0.11378421189144378,0.08182529589341567,0.07971563428704621,0.07971563428704621,0.9757419306688203,0.97421748881767,0.7005860739546115,nan
6,0.5,0.5,0.3183098861837907,1.5707963267948966,0.6666666666666666,24,123,0,numpy_PCG64_SeedSequence,lowpass,1.25,3.0,144,6,0.08169745685973062,0.11378421189144378,0.08182529589341567,0.08082279587436629,0.08082279587436629,0.9892939019281094,0.9877482872734709,0.7103164360928699,nan
6,0.5,0.5,0.3183098861837907,1.5707963267948966,0.6666666666666666,24,42,0,numpy_PCG64_SeedSequence,lowpass,1.5,3.0,144,6,0.10057384866432476,0.11378421189144378,0.10077220594524144,0.09981935784627935,0.09981935784627935,0.9924981411364341,0.9905445346757631,0.877268965412463,nan
6,0.5,0.5,0.3183098861837907,1.5707963267948966,0.6666666666666666,24,7,0,numpy_PCG64_SeedSequence,lowpass,1.5,3.0,144,6,0.10057384866432476,0.11378421189144378,0.10077220594524144,0.09847910960899714,0.09847910960899714,0.9791721299010937,0.9772447540000231,0.8654901059819395,nan
6,0.5,0.5,0.3183098861837907,1.5707963267948966,0.6666666666666666,24,123,0,numpy_PCG64_SeedSequence,lowpass,1.5,3.0,144,6,0.10057384866432476,0.11378421189144378,0.10077220594524144,0.09504108152205583,0.09504108152205583,0.9449880141234817,0.9431279253100815,0.8352747709210316,nan
6,0.5,0.5,0.3183098861837907,1.5707963267948966,0.6666666666666666,24,42,0,numpy_PCG64_SeedSequence,lowpass,1.75,3.0,144,6,0.11041647672624903,0.11378421189144378,0.11047513520794061,0.1042480041955597,0.1042480041955597,0.9441344923006141,0.9436331894895629,0.9161904139654969,nan
6,0.5,0.5,0.3183098861837907,1.5707963267948966,0.6666666666666666,24,7,0,numpy_PCG64_SeedSequence,lowpass,1.75,3.0,144,6,0.11041647672624903,0.11378421189144378,0.11047513520794061,0.10587961074529456,0.10587961074529456,0.9589113317552911,0.9584021829527869,0.9305298950113516,nan
6,0.5,0.5,0.3183098861837907,1.5707963267948966,0.6666666666666666,24,123,0,numpy_PCG64_SeedSequence,lowpass,1.75,3.0,144,6,0.11041647672624903,0.11378421189144378,0.11047513520794061,0.10780257560748208,0.10780257560748208,0.9763268925411603,0.9758084966773009,0.9474299976725373,nan
6,0.5,0.5,0.3183098861837907,1.5707963267948966,0.6666666666666666,24,42,0,numpy_PCG64_SeedSequence,lowpass,2.0,3.0,144,6,0.1132982182004376,0.11378421189144378,0.11331329052596639,0.11188159198181924,0.11188159198181924,0.9874964828121817,0.9873651313318884,0.9832787002871739,nan
6,0.5,0.5,0.3183098861837907,1.5707963267948966,0.6666666666666666,24,7,0,numpy_PCG64_SeedSequence,lowpass,2.0,3.0,144,6,0.1132982182004376,0.11378421189144378,0.11331329052596639,0.1087931938698211,0.1087931938698211,0.960237465317887,0.9601097396857478,0.9561361111646633,nan
6,0.5,0.5,0.3183098861837907,1.5707963267948966,0.6666666666666666,24,123,0,numpy_PCG64_SeedSequence,lowpass,2.0,3.0,144,6,0.1132982182004376,0.11378421189144378,0.11331329052596639,0.10803566225744421,0.10803566225744421,0.953551291215513,0.9534244549423548,0.9494784949648024,nan
6,0.5,0.5,0.3183098861837907,1.5707963267948966,0.6666666666666666,24,42,0,numpy_PCG64_SeedSequence,lowpass,2.5,3.0,144,6,0.11378274622559059,0.11378421189144378,0.11378276834589862,0.11153196200687605,0.11153196200687605,0.9802185806426922,0.9802183900801206,0.9802059543487766,nan
6,0.5,0.5,0.3183098861837907,1.5707963267948966,0.6666666666666666,24,7,0,numpy_PCG64_SeedSequence,lowpass,2.5,3.0,144,6,0.11378274622559059,0.11378421189144378,0.11378276834589862,0.10815220558242526,0.10815220558242526,0.9505149872898834,0.9505148025019351,0.9505027436109348,nan
6,0.5,0.5,0.3183098861837907,1.5707963267948966,0.6666666666666666,24,123,0,numpy_PCG64_SeedSequence,lowpass,2.5,3.0,144,6,0.11378274622559059,0.11378421189144378,0.11378276834589862,0.10873492220733058,0.10873492220733058,0.9556362964886436,0.9556361107050706,0.9556239868415972,nan
6,0.5,0.5,0.3183098861837907,1.5707963267948966,0.6666666666666666,24,42,0,numpy_PCG64_SeedSequence,lowpass,3.0,3.0,144,6,0.11378423811117176,0.11378421189144378,0.11378421153870749,0.1104830720820465,0.1104830720820465,0.9709874927852494,0.9709877195436908,0.9709877165335843,nan
6,0.5,0.5,0.3183098861837907,1.5707963267948966,0.6666666666666666,24,7,0,numpy_PCG64_SeedSequence,lowpass,3.0,3.0,144,6,0.11378423811117176,0.11378421189144378,0.11378421153870749,0.1129304819066488,0.1129304819066488,0.992496709397581,0.9924969411791523,0.9924969381023663,nan
6,0.5,0.5,0.3183098861837907,1.5707963267948966,0.6666666666666666,24,123,0,numpy_PCG64_SeedSequence,lowpass,3.0,3.0,144,6,0.11378423811117176,0.11378421189144378,0.11378421153870749,0.1104830720820465,0.1104830720820465,0.9709874927852494,0.9709877195436908,0.9709877165335843,nan
6,0.75,0.75,0.477464829275686,1.5707963267948966,0.6666666666666666,24,42,0,numpy_PCG64_SeedSequence,lowpass,1.25,3.0,144,6,0.07623662047296159,0.1465281539992087,0.07637833381549512,0.07575316123769012,0.07575316123769012,0.9936584382640238,0.9918147916225141,0.5169870715637297,nan
6,0.75,0.75,0.477464829275686,1.5707963267948966,0.6666666666666666,24,7,0,numpy_PCG64_SeedSequence,lowpass,1.25,3.0,144,6,0.07623662047296159,0.1465281539992087,0.07637833381549512,0.07552007458772798,0.07552007458772798,0.9906010276847498,0.988763053802137,0.5153963421127643,nan
6,0.75,0.75,0.477464829275686,1.5707963267948966,0.6666666666666666,24,123,0,numpy_PCG64_SeedSequence,lowpass,1.25,3.0,144,6,0.07623662047296159,0.1465281539992087,0.07637833381549512,0.0730726647631257,0.0730726647631257,0.9584982166023737,0.956719806688179,0.4986936828776285,nan
6,0.75,0.75,0.477464829275686,1.5707963267948966,0.6666666666666666,24,42,0,numpy_PCG64_SeedSequence,lowpass,1.5,3.0,144,6,0.10068382555565696,0.1465281539992087,0.10100020658433861,0.09894528290892139,0.09894528290892139,0.98273265207057,0.9796542626504304,0.6752646519347791,nan
6,0.75,0.75,0.477464829275686,1.5707963267948966,0.6666666666666666,24,7,0,numpy_PCG64_SeedSequence,lowpass,1.5,3.0,144,6,0.10068382555565696,0.1465281539992087,0.10100020658433861,0.09690577472175281,0.09690577472175281,0.9624760897487384,0.9594611535851977,0.6613457692388326,nan
6,0.75,0.75,0.477464829275686,1.5707963267948966,0.6666666666666666,24,123,0,numpy_PCG64_SeedSequence,lowpass,1.5,3.0,144,6,0.10068382555565696,0.1465281539992087,0.10100020658433861,0.09748849134665812,0.09748849134665812,0.9682636789835475,0.9652306133181213,0.6653225928662458,nan
6,0.75,0.75,0.477464829275686,1.5707963267948966,0.6666666666666666,24,42,0,numpy_PCG64_SeedSequence,lowpass,1.75,3.0,144,6,0.12134100401809651,0.1465281539992087,0.1215264915106203,0.11438727346891207,0.11438727346891207,0.942692656901476,0.9412538126217169,0.7806504780612318,nan
6,0.75,0.75,0.477464829275686,1.5707963267948966,0.6666666666666666,24,7,0,numpy_PCG64_SeedSequence,lowpass,1.75,3.0,144,6,0.12134100401809651,0.1465281539992087,0.1215264915106203,0.11794184488083445,0.11794184488083445,0.9719867231628055,0.970503166961974,0.8049091021884529,nan
6,0.75,0.75,0.477464829275686,1.5707963267948966,0.6666666666666666,24,123,0,numpy_PCG64_SeedSequence,lowpass,1.75,3.0,144,6,0.12134100401809651,0.1465281539992087,0.1215264915106203,0.11636850999359012,0.11636850999359012,0.9590204971127089,0.9575567314343193,0.794171678394437,nan
6,0.75,0.75,0.477464829275686,1.5707963267948966,0.6666666666666666,24,42,0,numpy_PCG64_SeedSequence,lowpass,2.0,3.0,144,6,0.13526060451821587,0.1465281539992087,0.13540546991307528,0.1278480275042247,0.1278480275042247,0.945197812471754,0.9441865796581028,0.8725151038544791,nan
6,0.75,0.75,0.477464829275686,1.5707963267948966,0.6666666666666666,24,7,0,numpy_PCG64_SeedSequence,lowpass,2.0,3.0,144,6,0.13526060451821587,0.1465281539992087,0.13540546991307528,0.13169395722859972,0.13169395722859972,0.9736312927010775,0.9725896399395224,0.8987621397954069,nan
6,0.75,0.75,0.477464829275686,1.5707963267948966,0.6666666666666666,24,123,0,numpy_PCG64_SeedSequence,lowpass,2.0,3.0,144,6,0.13526060451821587,0.1465281539992087,0.13540546991307528,0.12947963405395957,0.12947963405395957,0.9572605010538914,0.956236362807796,0.8836502100112364,nan
6,0.75,0.75,0.477464829275686,1.5707963267948966,0.6666666666666666,24,42,0,numpy_PCG64_SeedSequence,lowpass,2.5,3.0,144,6,0.14549552392890813,0.1465281539992087,0.14550937718212612,0.13664704854029486,0.13664704854029486,0.9391838652511619,0.9390944500385101,0.93256514062842,nan
6,0.75,0.75,0.477464829275686,1.5707963267948966,0.6666666666666666,24,7,0,numpy_PCG64_SeedSequence,lowpass,2.5,3.0,144,6,0.14549552392890813,0.1465281539992087,0.14550937718212612,0.13425791037818308,0.13425791037818308,0.9227631665410135,0.9226753146647023,0.9162601637560254,nan
6,0.75,0.75,0.477464829275686,1.5707963267948966,0.6666666666666666,24,123,0,numpy_PCG64_SeedSequence,lowpass,2.5,3.0,144,6,0.14549552392890813,0.1465281539992087,0.14550937718212612,0.13472408367810734,0.13472408367810734,0.9259672053137256,0.9258790483961772,0.9194416226579561,nan
6,0.75,0.75,0.477464829275686,1.5707963267948966,0.6666666666666666,24,42,0,numpy_PCG64_SeedSequence,lowpass,3.0,3.0,144,6,0.14649700126582665,0.1465281539992087,0.14649792567269876,0.13857001340248237,0.13857001340248237,0.9458897602350212,0.9458837916386018,0.945688658598884,nan
6,0.75,0.75,0.477464829275686,1.5707963267948966,0.6666666666666666,24,7,0,numpy_PCG64_SeedSequence,lowpass,3.0,3.0,144,6,0.14649700126582665,0.1465281539992087,0.14649792567269876,0.13798729677757707,0.13798729677757707,0.9419120909320985,0.9419061474349072,0.9417118349714706,nan
6,0.75,0.75,0.477464829275686,1.5707963267948966,0.6666666666666666,24,123,0,numpy_PCG64_SeedSequence,lowpass,3.0,3.0,144,6,0.14649700126582665,0.1465281539992087,0.14649792567269876,0.13326729211584407,0.13326729211584407,0.9096929695784245,0.90968722938498,0.9094995635894229,nan
8,0.5,0.5,0.3183098861837907,1.5707963267948966,0.5,24,42,0,numpy_PCG64_SeedSequence,lowpass,1.25,4.0,192,8,0.04595481948359848,0.06400361918893713,0.046026728940046314,0.04630204081632653,0.04630204081632653,1.007555710948924,1.0059815651170612,0.7234284779997211,nan
8,0.5,0.5,0.3183098861837907,1.5707963267948966,0.5,24,7,0,numpy_PCG64_SeedSequence,lowpass,1.25,4.0,192,8,0.04595481948359848,0.06400361918893713,0.046026728940046314,0.04528979591836735,0.04528979591836735,0.985528752529025,0.9839890203225417,0.7076130458290644,nan
8,0.5,0.5,0.3183098861837907,1.5707963267948966,0.5,24,123,0,numpy_PCG64_SeedSequence,lowpass,1.25,4.0,192,8,0.04595481948359848,0.06400361918893713,0.046026728940046314,0.04450612244897959,0.04450612244897959,0.9684756234297485,0.9669625340300102,0.695368840277588,nan
8,0.5,0.5,0.3183098861837907,1.5707963267948966,0.5,24,42,0,numpy_PCG64_SeedSequence,lowpass,1.5,4.0,192,8,0.05657278987368267,0.06400361918893713,0.056684365844198316,0.05433469387755102,0.05433469387755102,0.9604386490196269,0.9585481475949548,0.8489315849023525,nan
8,0.5,0.5,0.3183098861837907,1.5707963267948966,0.5,24,7,0,numpy_PCG64_SeedSequence,lowpass,1.5,4.0,192,8,0.05657278987368267,0.06400361918893713,0.056684365844198316,0.056685714285714284,0.056685714285714284,1.0019960905637455,1.0000237885966594,0.8856642015567813,nan
8,0.5,0.5,0.3183098861837907,1.5707963267948966,0.5,24,123,0,numpy_PCG64_SeedSequence,lowpass,1.5,4.0,192,8,0.05657278987368267,0.06400361918893713,0.056684365844198316,0.05531428571428571,0.05531428571428571,0.9777542496630096,0.9758296646789983,0.8642368418416978,nan
8,0.5,0.5,0.3183098861837907,1.5707963267948966,0.5,24,42,0,numpy_PCG64_SeedSequence,lowpass,1.75,4.0,192,8,0.06210926815851509,0.06400361918893713,0.0621422635544666,0.06066938775510204,0.06066938775510204,0.9768169800401094,0.9762983239567125,0.9479055797767855,nan
8,0.5,0.5,0.3183098861837907,1.5707963267948966,0.5,24,7,0,numpy_PCG64_SeedSequence,lowpass,1.75,4.0,192,8,0.06210926815851509,0.06400361918893713,0.0621422635544666,0.06128979591836735,0.06128979591836735,0.9868059588456864,0.9862819989594991,0.9575989091717042,nan
8,0.5,0.5,0.3183098861837907,1.5707963267948966,0.5,24,123,0,numpy_PCG64_SeedSequence,lowpass,1.75,4.0,192,8,0.06210926815851509,0.06400361918893713,0.0621422635544666,0.0617795918367347,0.0617795918367347,0.9946919947448263,0.9941638476459096,0.9652515376413768,nan
8,0.5,0.5,0.3183098861837907,1.5707963267948966,0.5,24,42,0,numpy_PCG64_SeedSequence,lowpass,2.0,4.0,192,8,0.06373024773774613,0.06400361918893713,0.0637387259208561,0.06230204081632653,0.06230204081632653,0.9775898106139999,0.9774597768660533,0.9734143413423609,nan
8,0.5,0.5,0.3183098861837907,1.5707963267948966,0.5,24,7,0,numpy_PCG64_SeedSequence,lowpass,2.0,4.0,192,8,0.06373024773774613,0.06400361918893713,0.0637387259208561,0.06321632653061225,0.06321632653061225,0.9919359923211236,0.9918040503211109,0.9876992478190834,nan
8,0.5,0.5,0.3183098861837907,1.5707963267948966,0.5,24,123,0,numpy_PCG64_SeedSequence,lowpass,2.0,4.0,192,8,0.06373024773774613,0.06400361918893713,0.0637387259208561,0.06220408163265306,0.06220408163265306,0.976052719716808,0.9759228904244401,0.9718838156484265,nan
8,0.5,0.5,0.3183098861837907,1.5707963267948966,0.5,24,42,0,numpy_PCG64_SeedSequence,lowpass,2.5,4.0,192,8,0.06400279475189473,0.06400361918893713,0.06400280719456798,0.06259591836734694,0.06259591836734694,0.9780185163788315,0.9780183262439707,0.9780059184241646,nan
8,0.5,0.5,0.3183098861837907,1.5707963267948966,0.5,24,7,0,numpy_PCG64_SeedSequence,lowpass,2.5,4.0,192,8,0.06400279475189473,0.06400361918893713,0.06400280719456798,0.061877551020408164,0.061877551020408164,0.966794516712512,0.9667943287596893,0.9667820633353114,nan
8,0.5,0.5,0.3183098861837907,1.5707963267948966,0.5,24,123,0,numpy_PCG64_SeedSequence,lowpass,2.5,4.0,192,8,0.06400279475189473,0.06400361918893713,0.06400280719456798,0.06210612244897959,0.06210612244897959,0.9703657893336136,0.970365600686506,0.9703532899544919,nan
8,0.5,0.5,0.3183098861837907,1.5707963267948966,0.5,24,42,0,numpy_PCG64_SeedSequence,lowpass,3.0,4.0,192,8,0.06400363393823409,0.06400361918893713,0.06400361899052297,0.06429387755102041,0.06429387755102041,1.0045347989626092,1.0045350335664678,1.004535030452363,nan
8,0.5,0.5,0.3183098861837907,1.5707963267948966,0.5,24,7,0,numpy_PCG64_SeedSequence,lowpass,3.0,4.0,192,8,0.06400363393823409,0.06400361918893713,0.06400361899052297,0.06125714285714286,0.06125714285714286,0.9570885133843853,0.9570887369074117,0.9570887339403926,nan
8,0.5,0.5,0.3183098861837907,1.5707963267948966,0.5,24,123,0,numpy_PCG64_SeedSequence,lowpass,3.0,4.0,192,8,0.06400363393823409,0.06400361918893713,0.06400361899052297,0.06357551020408163,0.06357551020408163,0.9933109464602335,0.9933111784428201,0.9933111753635098,nan
8,0.5,0.5,0.3183098861837907,1.5707963267948966,0.5,24,42,0,numpy_PCG64_SeedSequence,lowpass,4.0,4.0,192,8,0.06400363415276204,0.06400361918893713,0.06400361918893711,0.061910204081632655,0.061910204081632655,0.9672920124170942,0.9672922385666232,0.9672922385666229,nan
8,0.5,0.5,0.3183098861837907,1.5707963267948966,0.5,24,7,0,numpy_PCG64_SeedSequence,lowpass,4.0,4.0,192,8,0.06400363415276204,0.06400361918893713,0.06400361918893711,0.0626938775510204,0.0626938775510204,0.979536215105918,0.9795364441180993,0.979536444118099,nan
8,0.5,0.5,0.3183098861837907,1.5707963267948966,0.5,24,123,0,numpy_PCG64_SeedSequence,lowpass,4.0,4.0,192,8,0.06400363415276204,0.06400361918893713,0.06400361918893711,0.06416326530612244,0.06416326530612244,1.002494095147463,1.0024943295271171,1.002494329527117,nan
8,0.75,0.75,0.477464829275686,1.5707963267948966,0.5,24,42,0,numpy_PCG64_SeedSequence,lowpass,1.25,4.0,192,8,0.0428830990160409,0.0824220866245549,0.04296281277121601,0.04156734693877551,0.04156734693877551,0.9693177007386239,0.96751921621446,0.5043229144163879,nan
8,0.75,0.75,0.477464829275686,1.5707963267948966,0.5,24,7,0,numpy_PCG64_SeedSequence,lowpass,1.25,4.0,192,8,0.0428830990160409,0.0824220866245549,0.04296281277121601,0.041110204081632656,0.041110204081632656,0.9586574903612943,0.9568787849285195,0.49877655086428313,nan
8,0.75,0.75,0.477464829275686,1.5707963267948966,0.5,24,123,0,numpy_PCG64_SeedSequence,lowpass,1.25,4.0,192,8,0.0428830990160409,0.0824220866245549,0.04296281277121601,0.043395918367346936,0.043395918367346936,1.0119585422479427,1.0100809413582226,0.5265083686248071,nan
8,0.75,0.75,0.477464829275686,1.5707963267948966,0.5,24,42,0,numpy_PCG64_SeedSequence,lowpass,1.5,4.0,192,8,0.05663465187505704,0.0824220866245549,0.05681261620369048,0.05528163265306123,0.05528163265306123,0.9761096929671125,0.9730520498274501,0.6707138209795324,nan
8,0.75,0.75,0.477464829275686,1.5707963267948966,0.5,24,7,0,numpy_PCG64_SeedSequence,lowpass,1.5,4.0,192,8,0.05663465187505704,0.0824220866245549,0.05681261620369048,0.05544489795918368,0.05544489795918368,0.9789924741040502,0.9759258007129418,0.6726946651052841,nan
8,0.75,0.75,0.477464829275686,1.5707963267948966,0.5,24,123,0,numpy_PCG64_SeedSequence,lowpass,1.5,4.0,192,8,0.05663465187505704,0.0824220866245549,0.05681261620369048,0.05776326530612245,0.05776326530612245,1.0199279662485656,1.016733063286922,0.7008226516909585,nan
8,0.75,0.75,0.477464829275686,1.5707963267948966,0.5,24,42,0,numpy_PCG64_SeedSequence,lowpass,1.75,4.0,192,8,0.06825431476017929,0.0824220866245549,0.06835865147472392,0.06664489795918367,0.06664489795918367,0.9764202921580779,0.974929968942206,0.8085805721318521,nan
8,0.75,0.75,0.477464829275686,1.5707963267948966,0.5,24,7,0,numpy_PCG64_SeedSequence,lowpass,1.75,4.0,192,8,0.06825431476017929,0.0824220866245549,0.06835865147472392,0.06622040816326531,0.06622040816326531,0.9702010546284088,0.9687202239170964,0.8034303774048976,nan
8,0.75,0.75,0.477464829275686,1.5707963267948966,0.5,24,123,0,numpy_PCG64_SeedSequence,lowpass,1.75,4.0,192,8,0.06825431476017929,0.0824220866245549,0.06835865147472392,0.06693877551020408,0.06693877551020408,0.9807259181401566,0.9792290231903588,0.8121460915582052,nan
8,0.75,0.75,0.477464829275686,1.5707963267948966,0.5,24,42,0,numpy_PCG64_SeedSequence,lowpass,2.0,4.0,192,8,0.07608409004149642,0.0824220866245549,0.07616557682610486,0.07428571428571429,0.07428571428571429,0.976363313870202,0.9753187382184142,0.9012840772170326,nan
8,0.75,0.75,0.477464829275686,1.5707963267948966,0.5,24,7,0,numpy_PCG64_SeedSequence,lowpass,2.0,4.0,192,8,0.07608409004149642,0.0824220866245549,0.07616557682610486,0.07301224489795918,0.07301224489795918,0.9596256570609986,0.9585989884203843,0.8858334930361692,nan
8,0.75,0.75,0.477464829275686,1.5707963267948966,0.5,24,123,0,numpy_PCG64_SeedSequence,lowpass,2.0,4.0,192,8,0.07608409004149642,0.0824220866245549,0.07616557682610486,0.07559183673469387,0.07559183673469387,0.9935301413668208,0.992467199549727,0.9171308302230462,nan
8,0.75,0.75,0.477464829275686,1.5707963267948966,0.5,24,42,0,numpy_PCG64_SeedSequence,lowpass,2.5,4.0,192,8,0.08184123221001081,0.0824220866245549,0.08184902466494595,0.0797061224489796,0.0797061224489796,0.9739115638489855,0.9738188423779213,0.9670481021919897,nan
8,0.75,0.75,0.477464829275686,1.5707963267948966,0.5,24,7,0,numpy_PCG64_SeedSequence,lowpass,2.5,4.0,192,8,0.08184123221001081,0.0824220866245549,0.08184902466494595,0.07960816326530612,0.07960816326530612,0.9727146221482288,0.9726220146322704,0.9658595957165386,nan
8,0.75,0.75,0.477464829275686,1.5707963267948966,0.5,24,123,0,numpy_PCG64_SeedSequence,lowpass,2.5,4.0,192,8,0.08184123221001081,0.0824220866245549,0.08184902466494595,0.07951020408163266,0.07951020408163266,0.9715176804474722,0.9714251868866196,0.9646710892410877,nan
8,0.75,0.75,0.477464829275686,1.5707963267948966,0.5,24,42,0,numpy_PCG64_SeedSequence,lowpass,3.0,4.0,192,8,0.08240458883060184,0.0824220866245549,0.08240508319089306,0.07862857142857142,0.07862857142857142,0.9541770979551548,0.954171373705512,0.9539745309620282,nan
8,0.75,0.75,0.477464829275686,1.5707963267948966,0.5,24,7,0,numpy_PCG64_SeedSequence,lowpass,3.0,4.0,192,8,0.08240458883060184,0.0824220866245549,0.08240508319089306,0.07911836734693878,0.07911836734693878,0.9601208921699917,0.9601151322626478,0.9599170633392835,nan
8,0.75,0.75,0.477464829275686,1.5707963267948966,0.5,24,123,0,numpy_PCG64_SeedSequence,lowpass,3.0,4.0,192,8,0.08240458883060184,0.0824220866245549,0.08240508319089306,0.07944489795918368,0.07944489795918368,0.9640834216465498,0.9640776379674049,0.963878751590787,nan
8,0.75,0.75,0.477464829275686,1.5707963267948966,0.5,24,42,0,numpy_PCG64_SeedSequence,lowpass,4.0,4.0,192,8,0.0824221746066947,0.0824220866245549,0.08242208613135431,0.08022857142857143,0.08022857142857143,0.9733857643456899,0.9733868092189862,0.9733868033943952,nan
8,0.75,0.75,0.477464829275686,1.5707963267948966,0.5,24,7,0,numpy_PCG64_SeedSequence,lowpass,4.0,4.0,192,8,0.0824221746066947,0.0824220866245549,0.08242208613135431,0.07911836734693878,0.07911836734693878,0.9599160386689486,0.9599170690832738,0.9599170633392835,nan
8,0.75,0.75,0.477464829275686,1.5707963267948966,0.5,24,123,0,numpy_PCG64_SeedSequence,lowpass,4.0,4.0,192,8,0.0824221746066947,0.0824220866245549,0.08242208613135431,0.07826938775510205,0.07826938775510205,0.9496156602102641,0.949616679567729,0.9496166738853746,nan
12,0.5,0.5,0.3183098861837907,1.5707963267948966,0.3333333333333333,24,42,0,numpy_PCG64_SeedSequence,lowpass,1.25,6.0,288,12,0.020424364214932655,0.028446052972860944,0.020456323973353917,0.02025473839436742,0.02025473839436742,0.9916949277451085,0.9901455618688343,0.7120403809165202,nan
12,0.5,0.5,0.3183098861837907,1.5707963267948966,0.3333333333333333,24,7,0,numpy_PCG64_SeedSequence,lowpass,1.25,6.0,288,12,0.020424364214932655,0.028446052972860944,0.020456323973353917,0.020066792927467506,0.020066792927467506,0.982492904860964,0.9809579156844696,0.7054332967252891,nan
12,0.5,0.5,0.3183098861837907,1.5707963267948966,0.3333333333333333,24,123,0,numpy_PCG64_SeedSequence,lowpass,1.25,6.0,288,12,0.020424364214932655,0.028446052972860944,0.020456323973353917,0.02038485448683659,0.02038485448683659,0.9980655589725932,0.9965062399964714,0.716614516125834,nan
12,0.5,0.5,0.3183098861837907,1.5707963267948966,0.3333333333333333,24,42,0,numpy_PCG64_SeedSequence,lowpass,1.5,6.0,288,12,0.02514346216608119,0.028446052972860944,0.02519305148631036,0.0247654295999653,0.0247654295999653,0.9849649756418248,0.9830261972600888,0.8706104015060665,nan
12,0.5,0.5,0.3183098861837907,1.5707963267948966,0.3333333333333333,24,7,0,numpy_PCG64_SeedSequence,lowpass,1.5,6.0,288,12,0.02514346216608119,0.028446052972860944,0.02519305148631036,0.0259653891194032,0.0259653891194032,1.0326894899315338,1.0306567719084176,0.9127940928808497,nan
12,0.5,0.5,0.3183098861837907,1.5707963267948966,0.3333333333333333,24,123,0,numpy_PCG64_SeedSequence,lowpass,1.5,6.0,288,12,0.02514346216608119,0.028446052972860944,0.02519305148631036,0.025401552718703466,0.025401552718703466,1.0102647181568514,1.0082761404471547,0.8929728403071563,nan
12,0.5,0.5,0.3183098861837907,1.5707963267948966,0.3333333333333333,24,42,0,numpy_PCG64_SeedSequence,lowpass,1.75,6.0,288,12,0.027604119181562258,0.028446052972860944,0.027618783801985153,0.027338836762133327,0.027338836762133327,0.9903897524248438,0.9898638896680272,0.9610766312013845,nan
12,0.5,0.5,0.3183098861837907,1.5707963267948966,0.3333333333333333,24,7,0,numpy_PCG64_SeedSequence,lowpass,1.75,6.0,288,12,0.027604119181562258,0.028446052972860944,0.027618783801985153,0.028278564096632885,0.028278564096632885,1.0244327634812238,1.023888825061164,0.9941120521575401,nan
12,0.5,0.5,0.3183098861837907,1.5707963267948966,0.3333333333333333,24,123,0,numpy_PCG64_SeedSequence,lowpass,1.75,6.0,288,12,0.027604119181562258,0.028446052972860944,0.027618783801985153,0.027526782229033236,0.027526782229033236,0.9971983546361197,0.9966688767466545,0.9676837153926156,nan
12,0.5,0.5,0.3183098861837907,1.5707963267948966,0.3333333333333333,24,42,0,numpy_PCG64_SeedSequence,lowpass,2.0,6.0,288,12,0.0283245545501094,0.028446052972860944,0.028328322631491598,0.02832193612745594,0.02832193612745594,0.9999075564401612,0.9997745541054889,0.9956367638939779,nan
12,0.5,0.5,0.3183098861837907,1.5707963267948966,0.3333333333333333,24,7,0,numpy_PCG64_SeedSequence,lowpass,2.0,6.0,288,12,0.0283245545501094,0.028446052972860944,0.028328322631491598,0.02848096690714048,0.02848096690714048,1.0055221471092994,1.005388397951921,1.0012273735942503,nan
12,0.5,0.5,0.3183098861837907,1.5707963267948966,0.3333333333333333,24,123,0,numpy_PCG64_SeedSequence,lowpass,2.0,6.0,288,12,0.0283245545501094,0.028446052972860944,0.028328322631491598,0.02871228440486345,0.02871228440486345,1.0136888244462277,1.0135539890012766,1.0093591695219195,nan
12,0.5,0.5,0.3183098861837907,1.5707963267948966,0.3333333333333333,24,42,0,numpy_PCG64_SeedSequence,lowpass,2.5,6.0,288,12,0.02844568655639766,0.028446052972860944,0.028445692086474655,0.028943601902586418,0.028943601902586418,1.0175040720216604,1.0175038742104823,1.0174909654495885,nan
12,0.5,0.5,0.3183098861837907,1.5707963267948966,0.3333333333333333,24,7,0,numpy_PCG64_SeedSequence,lowpass,2.5,6.0,288,12,0.02844568655639766,0.028446052972860944,0.028445692086474655,0.02848096690714048,0.02848096690714048,1.0012402706706647,1.0012400760213036,1.0012273735942503,nan
12,0.5,0.5,0.3183098861837907,1.5707963267948966,0.3333333333333333,24,123,0,numpy_PCG64_SeedSequence,lowpass,2.5,6.0,288,12,0.02844568655639766,0.028446052972860944,0.028445692086474655,0.02839422284549437,0.02839422284549437,0.9981908079173532,0.9981906138608327,0.9981779501213746,nan
12,0.5,0.5,0.3183098861837907,1.5707963267948966,0.3333333333333333,24,42,0,numpy_PCG64_SeedSequence,lowpass,3.0,6.0,288,12,0.028446059528104035,0.028446052972860944,0.028446052884676873,0.027729185039540836,0.027729185039540836,0.9747988121920738,0.9747990398512479,0.9747990368293261,nan
12,0.5,0.5,0.3183098861837907,1.5707963267948966,0.3333333333333333,24,7,0,numpy_PCG64_SeedSequence,lowpass,3.0,6.0,288,12,0.028446059528104035,0.028446052972860944,0.028446052884676873,0.027830386444794634,0.027830386444794634,0.978356472090585,0.978356700580632,0.9783566975476813,nan
12,0.5,0.5,0.3183098861837907,1.5707963267948966,0.3333333333333333,24,123,0,numpy_PCG64_SeedSequence,lowpass,3.0,6.0,288,12,0.028446059528104035,0.028446052972860944,0.028446052884676873,0.02774364238314852,0.02774364238314852,0.9753070493204324,0.9753072770983027,0.9753072740748053,nan
12,0.5,0.5,0.3183098861837907,1.5707963267948966,0.3333333333333333,24,42,0,numpy_PCG64_SeedSequence,lowpass,4.0,6.0,288,12,0.028446059623449798,0.028446052972860944,0.028446052972860937,0.028668912374040394,0.028668912374040394,1.0078342221573242,1.0078344577854816,1.0078344577854814,nan
12,0.5,0.5,0.3183098861837907,1.5707963267948966,0.3333333333333333,24,7,0,numpy_PCG64_SeedSequence,lowpass,4.0,6.0,288,12,0.028446059623449798,0.028446052972860944,0.028446052972860937,0.027960502537263805,0.027960502537263805,0.9829306029512179,0.9829308327569953,0.9829308327569951,nan
12,0.5,0.5,0.3183098861837907,1.5707963267948966,0.3333333333333333,24,123,0,numpy_PCG64_SeedSequence,lowpass,4.0,6.0,288,12,0.028446059623449798,0.028446052972860944,0.028446052972860937,0.028466509563532798,0.028466509563532798,1.000718902384151,1.0007191363487713,1.000719136348771,nan
12,0.5,0.5,0.3183098861837907,1.5707963267948966,0.3333333333333333,24,42,0,numpy_PCG64_SeedSequence,lowpass,6.0,6.0,288,12,0.028446059623449798,0.028446052972860944,0.028446052972860937,0.02813399066055603,0.02813399066055603,0.9890294484710807,0.9890296797027471,0.9890296797027469,nan
12,0.5,0.5,0.3183098861837907,1.5707963267948966,0.3333333333333333,24,7,0,numpy_PCG64_SeedSequence,lowpass,6.0,6.0,288,12,0.028446059623449798,0.028446052972860944,0.028446052972860937,0.028538796281571223,0.028538796281571223,1.0032600880174272,1.0032603225761678,1.0032603225761676,nan
12,0.5,0.5,0.3183098861837907,1.5707963267948966,0.3333333333333333,24,123,0,numpy_PCG64_SeedSequence,lowpass,6.0,6.0,288,12,0.028446059623449798,0.028446052972860944,0.028446052972860937,0.027700270352325463,0.027700270352325463,0.9737823346714236,0.9737825623383676,0.9737825623383674,nan
12,0.75,0.75,0.477464829275686,1.5707963267948966,0.3333333333333333,24,42,0,numpy_PCG64_SeedSequence,lowpass,1.25,6.0,288,12,0.019059155118240398,0.03663203849980218,0.01909458345387378,0.018462027787014414,0.018462027787014414,0.9686697900551474,0.9668725076727956,0.5039858152342277,nan
12,0.75,0.75,0.477464829275686,1.5707963267948966,0.3333333333333333,24,7,0,numpy_PCG64_SeedSequence,lowpass,1.25,6.0,288,12,0.019059155118240398,0.03663203849980218,0.01909458345387378,0.0184764851306221,0.0184764851306221,0.9694283411828335,0.967629651374967,0.5043804791459224,nan
12,0.75,0.75,0.477464829275686,1.5707963267948966,0.3333333333333333,24,123,0,numpy_PCG64_SeedSequence,lowpass,1.25,6.0,288,12,0.019059155118240398,0.03663203849980218,0.01909458345387378,0.018881290751637293,0.018881290751637293,0.9906677727580442,0.9888296750357644,0.5154310686733761,nan
12,0.75,0.75,0.477464829275686,1.5707963267948966,0.3333333333333333,24,42,0,numpy_PCG64_SeedSequence,lowpass,1.5,6.0,288,12,0.025170956388914242,0.03663203849980218,0.025250051646084654,0.025040119128511326,0.025040119128511326,0.9948020544638289,0.9916858578938439,0.6835578950553503,nan
12,0.75,0.75,0.477464829275686,1.5707963267948966,0.3333333333333333,24,7,0,numpy_PCG64_SeedSequence,lowpass,1.5,6.0,288,12,0.025170956388914242,0.03663203849980218,0.025250051646084654,0.024808801630788357,0.024808801630788357,0.9856121971477657,0.9825247876130694,0.6772432724682338,nan
12,0.75,0.75,0.477464829275686,1.5707963267948966,0.3333333333333333,24,123,0,numpy_PCG64_SeedSequence,lowpass,1.5,6.0,288,12,0.025170956388914242,0.03663203849980218,0.025250051646084654,0.026153334586303114,0.026153334586303114,1.0390282427973825,1.0357735086200714,0.713947016255848,nan
12,0.75,0.75,0.477464829275686,1.5707963267948966,0.3333333333333333,24,42,0,numpy_PCG64_SeedSequence,lowpass,1.75,6.0,288,12,0.030335251004524114,0.03663203849980218,0.030381622877655074,0.029984530642339777,0.029984530642339777,0.988438521173534,0.9869298543756414,0.8185329528549633,nan
12,0.75,0.75,0.477464829275686,1.5707963267948966,0.3333333333333333,24,7,0,numpy_PCG64_SeedSequence,lowpass,1.75,6.0,288,12,0.030335251004524114,0.03663203849980218,0.030381622877655074,0.030215848140062746,0.030215848140062746,0.9960638906714976,0.9945435851712104,0.8248475754420798,nan
12,0.75,0.75,0.477464829275686,1.5707963267948966,0.3333333333333333,24,123,0,numpy_PCG64_SeedSequence,lowpass,1.75,6.0,288,12,0.030335251004524114,0.03663203849980218,0.030381622877655074,0.030013445329555147,0.030013445329555147,0.9893916923607794,0.9878815707250874,0.8193222806783529,nan
12,0.75,0.75,0.477464829275686,1.5707963267948966,0.3333333333333333,24,42,0,numpy_PCG64_SeedSequence,lowpass,2.0,6.0,288,12,0.033815151129553966,0.03663203849980218,0.03385136747826882,0.033902470760022556,0.033902470760022556,1.00258226349881,1.0015096371449852,0.9254868729242474,nan
12,0.75,0.75,0.477464829275686,1.5707963267948966,0.3333333333333333,24,7,0,numpy_PCG64_SeedSequence,lowpass,2.0,6.0,288,12,0.033815151129553966,0.03663203849980218,0.03385136747826882,0.03302057279995373,0.03302057279995373,0.9765022984355145,0.9754575740891879,0.901412374310866,nan
12,0.75,0.75,0.477464829275686,1.5707963267948966,0.3333333333333333,24,123,0,numpy_PCG64_SeedSequence,lowpass,2.0,6.0,288,12,0.033815151129553966,0.03663203849980218,0.03385136747826882,0.0326591392097616,0.0326591392097616,0.9658137881636724,0.9647804990663204,0.8915457765184968,nan
12,0.75,0.75,0.477464829275686,1.5707963267948966,0.3333333333333333,24,42,0,numpy_PCG64_SeedSequence,lowpass,2.5,6.0,288,12,0.03637388098222703,0.03663203849980218,0.03637734429553153,0.036172273706429184,0.036172273706429184,0.9944573614265588,0.9943626838881822,0.9874491070603271,nan
12,0.75,0.75,0.477464829275686,1.5707963267948966,0.3333333333333333,24,7,0,numpy_PCG64_SeedSequence,lowpass,2.5,6.0,288,12,0.03637388098222703,0.03663203849980218,0.03637734429553153,0.03656262198383669,0.03656262198383669,1.0051889156865577,1.0050932164481265,0.9981050326760859,nan
12,0.75,0.75,0.477464829275686,1.5707963267948966,0.3333333333333333,24,123,0,numpy_PCG64_SeedSequence,lowpass,2.5,6.0,288,12,0.03637388098222703,0.03663203849980218,0.03637734429553153,0.036172273706429184,0.036172273706429184,0.9944573614265588,0.9943626838881822,0.9874491070603271,nan
12,0.75,0.75,0.477464829275686,1.5707963267948966,0.3333333333333333,24,42,0,numpy_PCG64_SeedSequence,lowpass,3.0,6.0,288,12,0.036624261702489704,0.03663203849980218,0.03662448141817469,0.03623010308085992,0.03623010308085992,0.989237772904976,0.9892318383211548,0.9890277627071061,nan
12,0.75,0.75,0.477464829275686,1.5707963267948966,0.3333333333333333,24,7,0,numpy_PCG64_SeedSequence,lowpass,3.0,6.0,288,12,0.036624261702489704,0.03663203849980218,0.03662448141817469,0.036808396825167344,0.036808396825167344,1.0050276814908496,1.0050216521810296,1.004814319174897,nan
12,0.75,0.75,0.477464829275686,1.5707963267948966,0.3333333333333333,24,123,0,numpy_PCG64_SeedSequence,lowpass,3.0,6.0,288,12,0.036624261702489704,0.03663203849980218,0.03662448141817469,0.035767468085413985,0.035767468085413985,0.9766058460362773,0.9765999872332549,0.9763985175328733,nan
12,0.75,0.75,0.477464829275686,1.5707963267948966,0.3333333333333333,24,42,0,numpy_PCG64_SeedSequence,lowpass,4.0,6.0,288,12,0.03663207760336015,0.03663203849980218,0.03663203828060191,0.036808396825167344,0.036808396825167344,1.004813246568112,1.0048143251875457,1.004814319174897,nan
12,0.75,0.75,0.477464829275686,1.5707963267948966,0.3333333333333333,24,7,0,numpy_PCG64_SeedSequence,lowpass,4.0,6.0,288,12,0.03663207760336015,0.03663203849980218,0.03663203828060191,0.03609998698839075,0.03609998698839075,0.9854747355383252,0.9854757933987829,0.985475787501853,nan
12,0.75,0.75,0.477464829275686,1.5707963267948966,0.3333333333333333,24,123,0,numpy_PCG64_SeedSequence,lowpass,4.0,6.0,288,12,0.03663207760336015,0.03663203849980218,0.03663203828060191,0.03578192542902167,0.03578192542902167,0.9767921387494413,0.9767931872895426,0.9767931814445681,nan
12,0.75,0.75,0.477464829275686,1.5707963267948966,0.3333333333333333,24,42,0,numpy_PCG64_SeedSequence,lowpass,6.0,6.0,288,12,0.036632077829526676,0.03663203849980218,0.03663203849980218,0.03633130448611372,0.03633130448611372,0.9917893452614768,0.9917904100889695,0.9917904100889695,nan
12,0.75,0.75,0.477464829275686,1.5707963267948966,0.3333333333333333,24,7,0,numpy_PCG64_SeedSequence,lowpass,6.0,6.0,288,12,0.036632077829526676,0.03663203849980218,0.03663203849980218,0.03478436872009137,0.03478436872009137,0.9495603520489906,0.9495613715376287,0.9495613715376287,nan
12,0.75,0.75,0.477464829275686,1.5707963267948966,0.3333333333333333,24,123,0,numpy_PCG64_SeedSequence,lowpass,6.0,6.0,288,12,0.036632077829526676,0.03663203849980218,0.03663203849980218,0.03614335901921381,0.03614335901921381,0.9866587199179038,0.9866597792369375,0.9866597792369375,nan
16,0.5,0.5,0.3183098861837907,1.5707963267948966,0.25,24,42,0,numpy_PCG64_SeedSequence,lowpass,1.25,8.0,384,16,0.01148870487089962,0.016000904797234282,0.011506682235011579,0.011639515913020187,0.011639515913020187,1.0131268967055254,1.011544046780438,0.7274286086016867,nan
16,0.5,0.5,0.3183098861837907,1.5707963267948966,0.25,24,7,0,numpy_PCG64_SeedSequence,lowpass,1.25,8.0,384,16,0.01148870487089962,0.016000904797234282,0.011506682235011579,0.010900885544760189,0.010900885544760189,0.9488350225073366,0.9473526184282623,0.6812668210265448,nan
16,0.5,0.5,0.3183098861837907,1.5707963267948966,0.25,24,123,0,numpy_PCG64_SeedSequence,lowpass,1.25,8.0,384,16,0.01148870487089962,0.016000904797234282,0.011506682235011579,0.011322960040908759,0.011322960040908759,0.985573236334873,0.9840334346295055,0.7076449853551973,nan
16,0.5,0.5,0.3183098861837907,1.5707963267948966,0.25,24,42,0,numpy_PCG64_SeedSequence,lowpass,1.5,8.0,384,16,0.01414319746842067,0.016000904797234282,0.014171091461049579,0.014472285127555783,0.014472285127555783,1.0232682644691846,1.0212540909311085,0.9044666730382199,nan
16,0.5,0.5,0.3183098861837907,1.5707963267948966,0.25,24,7,0,numpy_PCG64_SeedSequence,lowpass,1.5,8.0,384,16,0.01414319746842067,0.016000904797234282,0.014171091461049579,0.014204430158846114,0.014204430158846114,1.0043294799893847,1.0023525850417498,0.8877266841373442,nan
16,0.5,0.5,0.3183098861837907,1.5707963267948966,0.25,24,123,0,numpy_PCG64_SeedSequence,lowpass,1.5,8.0,384,16,0.01414319746842067,0.016000904797234282,0.014171091461049579,0.014212546976079739,0.014212546976079739,1.0049033825493785,1.002925357947488,0.8882339565282799,nan
16,0.5,0.5,0.3183098861837907,1.5707963267948966,0.25,24,42,0,numpy_PCG64_SeedSequence,lowpass,1.75,8.0,384,16,0.015527317039628773,0.016000904797234282,0.01553556588861665,0.015616756357497099,0.015616756357497099,1.005760126983951,1.0052261030890377,0.975992080160143,nan
16,0.5,0.5,0.3183098861837907,1.5707963267948966,0.25,24,7,0,numpy_PCG64_SeedSequence,lowpass,1.75,8.0,384,16,0.015527317039628773,0.016000904797234282,0.01553556588861665,0.01514598095794677,0.01514598095794677,0.9754409547567839,0.9749230292952933,0.9465702814858767,nan
16,0.5,0.5,0.3183098861837907,1.5707963267948966,0.25,24,123,0,numpy_PCG64_SeedSequence,lowpass,1.75,8.0,384,16,0.015527317039628773,0.016000904797234282,0.01553556588861665,0.015584289088562592,0.015584289088562592,1.0036691495889738,1.0031362359308484,0.9739629905964005,nan
16,0.5,0.5,0.3183098861837907,1.5707963267948966,0.25,24,42,0,numpy_PCG64_SeedSequence,lowpass,2.0,8.0,384,16,0.015932561934436533,0.016000904797234282,0.015934681480214024,0.015795326336636877,0.015795326336636877,0.9913864701506017,0.9912546012450777,0.9871520727607267,nan
16,0.5,0.5,0.3183098861837907,1.5707963267948966,0.25,24,7,0,numpy_PCG64_SeedSequence,lowpass,2.0,8.0,384,16,0.015932561934436533,0.016000904797234282,0.015934681480214024,0.016306685822355338,0.016306685822355338,1.023481715587132,1.023345577544379,1.019110233389671,nan
16,0.5,0.5,0.3183098861837907,1.5707963267948966,0.25,24,123,0,numpy_PCG64_SeedSequence,lowpass,2.0,8.0,384,16,0.015932561934436533,0.016000904797234282,0.015934681480214024,0.015738508616001495,0.015738508616001495,0.9878203317687652,0.9876889372118222,0.9836011660241775,nan
16,0.5,0.5,0.3183098861837907,1.5707963267948966,0.25,24,42,0,numpy_PCG64_SeedSequence,lowpass,2.5,8.0,384,16,0.016000698687973682,0.016000904797234282,0.016000701798641995,0.015884611326206766,0.015884611326206766,0.9927448567071532,0.9927446637093704,0.9927320690610185,nan
16,0.5,0.5,0.3183098861837907,1.5707963267948966,0.25,24,7,0,numpy_PCG64_SeedSequence,lowpass,2.5,8.0,384,16,0.016000698687973682,0.016000904797234282,0.016000701798641995,0.01590084496067402,0.01590084496067402,0.9937594145576459,0.9937592213626248,0.9937466138428899,nan
16,0.5,0.5,0.3183098861837907,1.5707963267948966,0.25,24,123,0,numpy_PCG64_SeedSequence,lowpass,2.5,8.0,384,16,0.016000698687973682,0.016000904797234282,0.016000701798641995,0.015446303195590944,0.015446303195590944,0.965351794743849,0.9653516070715034,0.9653393599504948,nan
16,0.5,0.5,0.3183098861837907,1.5707963267948966,0.25,24,42,0,numpy_PCG64_SeedSequence,lowpass,3.0,8.0,384,16,0.016000908484558523,0.016000904797234282,0.016000904747630742,0.01565734044366523,0.01565734044366523,0.9785282166181469,0.9785284451483042,0.978528442114821,nan
16,0.5,0.5,0.3183098861837907,1.5707963267948966,0.25,24,7,0,numpy_PCG64_SeedSequence,lowpass,3.0,8.0,384,16,0.016000908484558523,0.016000904797234282,0.016000904747630742,0.016111882208748304,0.016111882208748304,1.0069354639642414,1.006935699128763,1.006935696007216,nan
16,0.5,0.5,0.3183098861837907,1.5707963267948966,0.25,24,123,0,numpy_PCG64_SeedSequence,lowpass,3.0,8.0,384,16,0.016000908484558523,0.016000904797234282,0.016000904747630742,0.015665457260898855,0.015665457260898855,0.9790354888921844,0.9790357175408124,0.9790357145057567,nan
16,0.5,0.5,0.3183098861837907,1.5707963267948966,0.25,24,42,0,numpy_PCG64_SeedSequence,lowpass,4.0,8.0,384,16,0.016000908538190514,0.016000904797234282,0.01600090479723428,0.016152466294916436,0.016152466294916436,1.0094718219508716,1.0094720579618943,1.009472057961894,nan
16,0.5,0.5,0.3183098861837907,1.5707963267948966,0.25,24,7,0,numpy_PCG64_SeedSequence,lowpass,4.0,8.0,384,16,0.016000908538190514,0.016000904797234282,0.01600090479723428,0.015884611326206766,0.015884611326206766,0.9927318369637466,0.9927320690610187,0.9927320690610185,nan
16,0.5,0.5,0.3183098861837907,1.5707963267948966,0.25,24,123,0,numpy_PCG64_SeedSequence,lowpass,4.0,8.0,384,16,0.016000908538190514,0.016000904797234282,0.01600090479723428,0.0166962930495694,0.0166962930495694,1.0434590641974588,1.0434593081545813,1.043459308154581,nan
16,0.5,0.5,0.3183098861837907,1.5707963267948966,0.25,24,42,0,numpy_PCG64_SeedSequence,lowpass,6.0,8.0,384,16,0.016000908538190514,0.016000904797234282,0.01600090479723428,0.01611999902598193,0.01611999902598193,1.0074427328615232,1.007442968398152,1.0074429683981518,nan
16,0.5,0.5,0.3183098861837907,1.5707963267948966,0.25,24,7,0,numpy_PCG64_SeedSequence,lowpass,6.0,8.0,384,16,0.016000908538190514,0.016000904797234282,0.01600090479723428,0.015819676788337757,0.015819676788337757,0.9886736587850498,0.9886738899335339,0.9886738899335337,nan
16,0.5,0.5,0.3183098861837907,1.5707963267948966,0.25,24,123,0,numpy_PCG64_SeedSequence,lowpass,6.0,8.0,384,16,0.016000908538190514,0.016000904797234282,0.01600090479723428,0.015608639540263472,0.015608639540263472,0.9754845797042846,0.9754848077692075,0.9754848077692074,nan
16,0.5,0.5,0.3183098861837907,1.5707963267948966,0.25,24,42,0,numpy_PCG64_SeedSequence,lowpass,8.0,8.0,384,16,0.016000908538190514,0.016000904797234282,0.01600090479723428,0.015965779498543033,0.015965779498543033,0.997804559687118,0.9978047929703752,0.9978047929703749,nan
16,0.5,0.5,0.3183098861837907,1.5707963267948966,0.25,24,7,0,numpy_PCG64_SeedSequence,lowpass,8.0,8.0,384,16,0.016000908538190514,0.016000904797234282,0.01600090479723428,0.015998246767477537,0.015998246767477537,0.9998336487764664,0.9998338825341176,0.9998338825341174,nan
16,0.5,0.5,0.3183098861837907,1.5707963267948966,0.25,24,123,0,numpy_PCG64_SeedSequence,lowpass,8.0,8.0,384,16,0.016000908538190514,0.016000904797234282,0.01600090479723428,0.015357018206021054,0.015357018206021054,0.9597591392618338,0.9597593636502032,0.959759363650203,nan
16,0.75,0.75,0.477464829275686,1.5707963267948966,0.25,24,42,0,numpy_PCG64_SeedSequence,lowpass,1.25,8.0,384,16,0.010720774754010225,0.020605521656138725,0.010740703192804003,0.010649264210517772,0.010649264210517772,0.9933297224190161,0.9914866856811114,0.5168160451470628,nan
16,0.75,0.75,0.477464829275686,1.5707963267948966,0.25,24,7,0,numpy_PCG64_SeedSequence,lowpass,1.25,8.0,384,16,0.010720774754010225,0.020605521656138725,0.010740703192804003,0.0109658200826292,0.0109658200826292,1.0228570541067765,1.0209592319780347,0.5321787172207941,nan
16,0.75,0.75,0.477464829275686,1.5707963267948966,0.25,24,123,0,numpy_PCG64_SeedSequence,lowpass,1.25,8.0,384,16,0.010720774754010225,0.020605521656138725,0.010740703192804003,0.010592446489882387,0.010592446489882387,0.9880299449365975,0.9861967414739713,0.5140586424671623,nan
16,0.75,0.75,0.477464829275686,1.5707963267948966,0.25,24,42,0,numpy_PCG64_SeedSequence,lowpass,1.5,8.0,384,16,0.01415866296876426,0.020605521656138725,0.01420315405092262,0.014399233772453146,0.014399233772453146,1.0169910678868206,1.0138053646976948,0.698804622020495,nan
16,0.75,0.75,0.477464829275686,1.5707963267948966,0.25,24,7,0,numpy_PCG64_SeedSequence,lowpass,1.5,8.0,384,16,0.01415866296876426,0.020605521656138725,0.01420315405092262,0.014529102848191167,0.014529102848191167,1.0261634788711436,1.0229490432969974,0.7051072567174104,nan
16,0.75,0.75,0.477464829275686,1.5707963267948966,0.25,24,123,0,numpy_PCG64_SeedSequence,lowpass,1.5,8.0,384,16,0.01415866296876426,0.020605521656138725,0.01420315405092262,0.014042093814173586,0.014042093814173586,0.9917669376799321,0.9886602485496121,0.6814723766039776,nan
16,0.75,0.75,0.477464829275686,1.5707963267948966,0.25,24,42,0,numpy_PCG64_SeedSequence,lowpass,1.75,8.0,384,16,0.017063578690044823,0.020605521656138725,0.01708966286868098,0.01685862939424193,0.01685862939424193,0.9879890789894816,0.9864810981811439,0.8181607665933305,nan
16,0.75,0.75,0.477464829275686,1.5707963267948966,0.25,24,7,0,numpy_PCG64_SeedSequence,lowpass,1.75,8.0,384,16,0.017063578690044823,0.020605521656138725,0.01708966286868098,0.01723200298698874,0.01723200298698874,1.0098703970605052,1.0083290185067733,0.8362808413469621,nan
16,0.75,0.75,0.477464829275686,1.5707963267948966,0.25,24,123,0,numpy_PCG64_SeedSequence,lowpass,1.75,8.0,384,16,0.017063578690044823,0.020605521656138725,0.01708966286868098,0.017045316190615337,0.017045316190615337,0.9989297380249935,0.9974050583439587,0.8272208039701463,nan
16,0.75,0.75,0.477464829275686,1.5707963267948966,0.25,24,42,0,numpy_PCG64_SeedSequence,lowpass,2.0,8.0,384,16,0.019021022510374106,0.020605521656138725,0.019041394206526216,0.01872549735797599,0.01872549735797599,0.9844632352316004,0.9834099937681057,0.9087611403614893,nan
16,0.75,0.75,0.477464829275686,1.5707963267948966,0.25,24,7,0,numpy_PCG64_SeedSequence,lowpass,2.0,8.0,384,16,0.019021022510374106,0.020605521656138725,0.019041394206526216,0.01941542682283423,0.01941542682283423,1.0207351793125221,1.0196431318133112,0.9422438871888523,nan
16,0.75,0.75,0.477464829275686,1.5707963267948966,0.25,24,123,0,numpy_PCG64_SeedSequence,lowpass,2.0,8.0,384,16,0.019021022510374106,0.020605521656138725,0.019041394206526216,0.019098870950722803,0.019098870950722803,1.0040927579106873,1.0030185155337463,0.9268812151151211,nan
16,0.75,0.75,0.477464829275686,1.5707963267948966,0.25,24,42,0,numpy_PCG64_SeedSequence,lowpass,2.5,8.0,384,16,0.02046030805250271,0.020605521656138725,0.020462256166236488,0.019845618136216426,0.019845618136216426,0.9699569569182955,0.9698646119464803,0.9631213646223845,nan
16,0.75,0.75,0.477464829275686,1.5707963267948966,0.25,24,7,0,numpy_PCG64_SeedSequence,lowpass,2.5,8.0,384,16,0.02046030805250271,0.020605521656138725,0.020462256166236488,0.020535547601074667,0.020535547601074667,1.0036773419236351,1.0035817865949266,0.9966041114497477,nan
16,0.75,0.75,0.477464829275686,1.5707963267948966,0.25,24,123,0,numpy_PCG64_SeedSequence,lowpass,2.5,8.0,384,16,0.02046030805250271,0.020605521656138725,0.020462256166236488,0.02025957581513137,0.02025957581513137,0.9901891879214992,0.9900949167355481,0.9832110127188024,nan
16,0.75,0.75,0.477464829275686,1.5707963267948966,0.25,24,42,0,numpy_PCG64_SeedSequence,lowpass,3.0,8.0,384,16,0.02060114720765046,0.020605521656138725,0.020601270797723264,0.02034886080470126,0.02034886080470126,0.987753769224293,0.9877478435432294,0.9875440740729318,nan
16,0.75,0.75,0.477464829275686,1.5707963267948966,0.25,24,7,0,numpy_PCG64_SeedSequence,lowpass,3.0,8.0,384,16,0.02060114720765046,0.020605521656138725,0.020601270797723264,0.020860220290419722,0.020860220290419722,1.0125756629064353,1.0125695883151575,1.0123606981920361,nan
16,0.75,0.75,0.477464829275686,1.5707963267948966,0.25,24,123,0,numpy_PCG64_SeedSequence,lowpass,3.0,8.0,384,16,0.02060114720765046,0.020605521656138725,0.020601270797723264,0.020365094439168514,0.020365094439168514,0.988541765849123,0.9885358354407511,0.9883319034100463,nan
16,0.75,0.75,0.477464829275686,1.5707963267948966,0.25,24,42,0,numpy_PCG64_SeedSequence,lowpass,4.0,8.0,384,16,0.020605543651890084,0.020605521656138725,0.020605521532838577,0.019959253577487197,0.019959253577487197,0.9686351359944049,0.9686361757783497,0.9686361699821856,nan
16,0.75,0.75,0.477464829275686,1.5707963267948966,0.25,24,7,0,numpy_PCG64_SeedSequence,lowpass,4.0,8.0,384,16,0.020605543651890084,0.020605521656138725,0.020605521532838577,0.020503080332140163,0.020503080332140163,0.9950273906148298,0.9950284587296101,0.9950284527755189,nan
16,0.75,0.75,0.477464829275686,1.5707963267948966,0.25,24,123,0,numpy_PCG64_SeedSequence,lowpass,4.0,8.0,384,16,0.020605543651890084,0.020605521656138725,0.020605521532838577,0.020365094439168514,0.020365094439168514,0.9883308483977071,0.9883319093240664,0.9883319034100463,nan
16,0.75,0.75,0.477464829275686,1.5707963267948966,0.25,24,42,0,numpy_PCG64_SeedSequence,lowpass,6.0,8.0,384,16,0.020605543779108757,0.020605521656138725,0.020605521656138725,0.02097385573169049,0.02097385573169049,1.0178744107183015,1.0178755035518372,1.0178755035518372,nan
16,0.75,0.75,0.477464829275686,1.5707963267948966,0.25,24,7,0,numpy_PCG64_SeedSequence,lowpass,6.0,8.0,384,16,0.020605543779108757,0.020605521656138725,0.020605521656138725,0.020421912159803896,0.020421912159803896,0.9910882420151882,0.9910893060899466,0.9910893060899466,nan
16,0.75,0.75,0.477464829275686,1.5707963267948966,0.25,24,123,0,numpy_PCG64_SeedSequence,lowpass,6.0,8.0,384,16,0.020605543779108757,0.020605521656138725,0.020605521656138725,0.02025957581513137,0.02025957581513137,0.9832099571025079,0.9832110127188024,0.9832110127188024,nan
16,0.75,0.75,0.477464829275686,1.5707963267948966,0.25,24,42,0,numpy_PCG64_SeedSequence,lowpass,8.0,8.0,384,16,0.020605543779108757,0.020605521656138725,0.020605521656138735,0.020121589922159722,0.020121589922159722,0.9765134149267296,0.9765144633533293,0.9765144633533298,nan
16,0.75,0.75,0.477464829275686,1.5707963267948966,0.25,24,7,0,numpy_PCG64_SeedSequence,lowpass,8.0,8.0,384,16,0.020605543779108757,0.020605521656138725,0.020605521656138735,0.020089122653225218,0.020089122653225218,0.9749377579441936,0.9749388046791005,0.974938804679101,nan
16,0.75,0.75,0.477464829275686,1.5707963267948966,0.25,24,123,0,numpy_PCG64_SeedSequence,lowpass,8.0,8.0,384,16,0.020605543779108757,0.020605521656138725,0.020605521656138735,0.020446262611504777,0.020446262611504777,0.9922699847520904,0.9922710500956178,0.9922710500956183,nan
24,0.5,0.5,0.3183098861837907,1.5707963267948966,0.16666666666666666,24,42,0,numpy_PCG64_SeedSequence,lowpass,1.25,12.0,576,24,0.005106091053733164,0.007111513243215236,0.005114080993338479,0.004968872534016973,0.004968872534016973,0.9731265035675641,0.9716061479060163,0.6987081882688672,nan
24,0.5,0.5,0.3183098861837907,1.5707963267948966,0.16666666666666666,24,7,0,numpy_PCG64_SeedSequence,lowpass,1.25,12.0,576,24,0.005106091053733164,0.007111513243215236,0.005114080993338479,0.005116498457129072,0.005116498457129072,1.0020382330213833,1.0004727073727893,0.7194669098043915,nan
24,0.5,0.5,0.3183098861837907,1.5707963267948966,0.16666666666666666,24,123,0,numpy_PCG64_SeedSequence,lowpass,1.25,12.0,576,24,0.005106091053733164,0.007111513243215236,0.005114080993338479,0.005116498457129072,0.005116498457129072,1.0020382330213833,1.0004727073727893,0.7194669098043915,nan
24,0.5,0.5,0.3183098861837907,1.5707963267948966,0.16666666666666666,24,42,0,numpy_PCG64_SeedSequence,lowpass,1.5,12.0,576,24,0.006285865541520297,0.007111513243215236,0.00629826287157759,0.006340713429278181,0.006340713429278181,1.0087255903575403,1.0067400422253188,0.891612405464837,nan
24,0.5,0.5,0.3183098861837907,1.5707963267948966,0.16666666666666666,24,7,0,numpy_PCG64_SeedSequence,lowpass,1.5,12.0,576,24,0.006285865541520297,0.007111513243215236,0.00629826287157759,0.006056263479867065,0.006056263479867065,0.9634732782404217,0.9615768035337798,0.8516138932378512,nan
24,0.5,0.5,0.3183098861837907,1.5707963267948966,0.16666666666666666,24,123,0,numpy_PCG64_SeedSequence,lowpass,1.5,12.0,576,24,0.006285865541520297,0.007111513243215236,0.00629826287157759,0.006200288770708136,0.006200288770708136,0.9863858413376969,0.9844442661624072,0.8718663044920212,nan
24,0.5,0.5,0.3183098861837907,1.5707963267948966,0.16666666666666666,24,42,0,numpy_PCG64_SeedSequence,lowpass,1.75,12.0,576,24,0.006901029795390565,0.007111513243215236,0.006904695950496288,0.0066539684368575125,0.0066539684368575125,0.9641993491032202,0.9636873925461187,0.935661399942657,nan
24,0.5,0.5,0.3183098861837907,1.5707963267948966,0.16666666666666666,24,7,0,numpy_PCG64_SeedSequence,lowpass,1.75,12.0,576,24,0.006901029795390565,0.007111513243215236,0.006904695950496288,0.006772789301801396,0.006772789301801396,0.9814171946229205,0.9808960959844422,0.9523696392273472,nan
24,0.5,0.5,0.3183098861837907,1.5707963267948966,0.16666666666666666,24,123,0,numpy_PCG64_SeedSequence,lowpass,1.75,12.0,576,24,0.006901029795390565,0.007111513243215236,0.006904695950496288,0.006920415224913495,0.006920415224913495,1.002809063298912,1.0022766063169049,0.9731283607628716,nan
24,0.5,0.5,0.3183098861837907,1.5707963267948966,0.16666666666666666,24,42,0,numpy_PCG64_SeedSequence,lowpass,2.0,12.0,576,24,0.00708113863752735,0.007111513243215236,0.0070820806578728995,0.007003229767147111,0.007003229767147111,0.9889976917035134,0.9888661405404734,0.9847734972340193,nan
24,0.5,0.5,0.3183098861837907,1.5707963267948966,0.16666666666666666,24,7,0,numpy_PCG64_SeedSequence,lowpass,2.0,12.0,576,24,0.00708113863752735,0.007111513243215236,0.0070820806578728995,0.007129251896633049,0.007129251896633049,1.0067945653331396,1.0066606469255204,1.0024943570814182,nan
24,0.5,0.5,0.3183098861837907,1.5707963267948966,0.16666666666666666,24,123,0,numpy_PCG64_SeedSequence,lowpass,2.0,12.0,576,24,0.00708113863752735,0.007111513243215236,0.0070820806578728995,0.006974424708978896,0.006974424708978896,0.9849298348738845,0.9847988247953198,0.9807230149831853,nan
24,0.5,0.5,0.3183098861837907,1.5707963267948966,0.16666666666666666,24,42,0,numpy_PCG64_SeedSequence,lowpass,2.5,12.0,576,24,0.007111421639099411,0.007111513243215236,0.007111423021618664,0.007165258219343317,0.007165258219343317,1.0075704385109028,1.0075702426309046,1.0075574598949606,nan
24,0.5,0.5,0.3183098861837907,1.5707963267948966,0.16666666666666666,24,7,0,numpy_PCG64_SeedSequence,lowpass,2.5,12.0,576,24,0.007111421639099411,0.007111513243215236,0.007111423021618664,0.007035635457586352,0.007035635457586352,0.9893430335931176,0.9893428412566769,0.9893302897662075,nan
24,0.5,0.5,0.3183098861837907,1.5707963267948966,0.16666666666666666,24,123,0,numpy_PCG64_SeedSequence,lowpass,2.5,12.0,576,24,0.007111421639099411,0.007111513243215236,0.007111423021618664,0.007136453161175102,0.007136453161175102,1.0035199040847282,1.0035197089921872,1.0035069776441266,nan
24,0.5,0.5,0.3183098861837907,1.5707963267948966,0.16666666666666666,24,42,0,numpy_PCG64_SeedSequence,lowpass,3.0,12.0,576,24,0.007111514882026008,0.007111513243215236,0.007111513221169218,0.007032034825315325,0.007032034825315325,0.9888237516156276,0.9888239825502531,0.9888239794848533,nan
24,0.5,0.5,0.3183098861837907,1.5707963267948966,0.16666666666666666,24,7,0,numpy_PCG64_SeedSequence,lowpass,3.0,12.0,576,24,0.007111514882026008,0.007111513243215236,0.007111513221169218,0.0072156670711376915,0.0072156670711376915,1.0146455700141925,1.0146458069793687,1.0146458038339201,nan
24,0.5,0.5,0.3183098861837907,1.5707963267948966,0.16666666666666666,24,123,0,numpy_PCG64_SeedSequence,lowpass,3.0,12.0,576,24,0.007111514882026008,0.007111513243215236,0.007111513221169218,0.007104047470735861,0.007104047470735861,0.9989499549091826,0.9989501882087298,0.9989501851119383,nan
24,0.5,0.5,0.3183098861837907,1.5707963267948966,0.16666666666666666,24,42,0,numpy_PCG64_SeedSequence,lowpass,4.0,12.0,576,24,0.0071115149058624495,0.007111513243215236,0.007111513243215234,0.00685920447630604,0.00685920447630604,0.9645208604782062,0.9645210859798495,0.9645210859798493,nan
24,0.5,0.5,0.3183098861837907,1.5707963267948966,0.16666666666666666,24,7,0,numpy_PCG64_SeedSequence,lowpass,4.0,12.0,576,24,0.0071115149058624495,0.007111513243215236,0.007111513243215234,0.007129251896633049,0.007129251896633049,1.0024941227017576,1.0024943570814184,1.0024943570814182,nan
24,0.5,0.5,0.3183098861837907,1.5707963267948966,0.16666666666666666,24,123,0,numpy_PCG64_SeedSequence,lowpass,4.0,12.0,576,24,0.0071115149058624495,0.007111513243215236,0.007111513243215234,0.007053638618941486,0.007053638618941486,0.9918616092791632,0.991861841172979,0.9918618411729788,nan
24,0.5,0.5,0.3183098861837907,1.5707963267948966,0.16666666666666666,24,42,0,numpy_PCG64_SeedSequence,lowpass,6.0,12.0,576,24,0.0071115149058624495,0.007111513243215236,0.007111513243215234,0.0071868620129694775,0.0071868620129694775,1.0105950853094485,1.0105953215830865,1.010595321583086,nan
24,0.5,0.5,0.3183098861837907,1.5707963267948966,0.16666666666666666,24,7,0,numpy_PCG64_SeedSequence,lowpass,6.0,12.0,576,24,0.0071115149058624495,0.007111513243215236,0.007111513243215234,0.0069996291348760845,0.0069996291348760845,0.984266956834453,0.9842671869526654,0.9842671869526651,nan
24,0.5,0.5,0.3183098861837907,1.5707963267948966,0.16666666666666666,24,123,0,numpy_PCG64_SeedSequence,lowpass,6.0,12.0,576,24,0.0071115149058624495,0.007111513243215236,0.007111513243215234,0.007014031663960191,0.007014031663960191,0.9862921974863756,0.9862924280780823,0.986292428078082,nan
24,0.5,0.5,0.3183098861837907,1.5707963267948966,0.16666666666666666,24,42,0,numpy_PCG64_SeedSequence,lowpass,8.0,12.0,576,24,0.0071115149058624495,0.007111513243215236,0.007111513243215234,0.006978025341249924,0.006978025341249924,0.9812290958565689,0.9812293252645399,0.9812293252645397,nan
24,0.5,0.5,0.3183098861837907,1.5707963267948966,0.16666666666666666,24,7,0,numpy_PCG64_SeedSequence,lowpass,8.0,12.0,576,24,0.0071115149058624495,0.007111513243215236,0.007111513243215234,0.007129251896633049,0.007129251896633049,1.0024941227017576,1.0024943570814184,1.0024943570814182,nan
24,0.5,0.5,0.3183098861837907,1.5707963267948966,0.16666666666666666,24,123,0,numpy_PCG64_SeedSequence,lowpass,8.0,12.0,576,24,0.0071115149058624495,0.007111513243215236,0.007111513243215234,0.007104047470735861,0.007104047470735861,0.9989499515608928,0.9989501851119387,0.9989501851119383,nan
24,0.5,0.5,0.3183098861837907,1.5707963267948966,0.16666666666666666,24,42,0,numpy_PCG64_SeedSequence,lowpass,12.0,12.0,576,24,0.0071115149058624495,0.007111513243215236,0.007111513243215234,0.007082443677109701,0.007082443677109701,0.9959120905830088,0.9959123234238131,0.9959123234238129,nan
24,0.5,0.5,0.3183098861837907,1.5707963267948966,0.16666666666666666,24,7,0,numpy_PCG64_SeedSequence,lowpass,12.0,12.0,576,24,0.0071115149058624495,0.007111513243215236,0.007111513243215234,0.007147255057988183,0.007147255057988183,1.0050256735166612,1.0050259084881896,1.0050259084881894,nan
24,0.5,0.5,0.3183098861837907,1.5707963267948966,0.16666666666666666,24,123,0,numpy_PCG64_SeedSequence,lowpass,12.0,12.0,576,24,0.0071115149058624495,0.007111513243215236,0.007111513243215234,0.007021232928502245,0.007021232928502245,0.987304817812337,0.9873050486407908,0.9873050486407906,nan
24,0.75,0.75,0.477464829275686,1.5707963267948966,0.16666666666666666,24,42,0,numpy_PCG64_SeedSequence,lowpass,1.25,12.0,576,24,0.0047647887795600995,0.009158009624950544,0.004773645863468445,0.004767237126839473,0.004767237126839473,1.0005138417236616,0.9986574754784352,0.5205538454394469,nan
24,0.75,0.75,0.477464829275686,1.5707963267948966,0.16666666666666666,24,7,0,numpy_PCG64_SeedSequence,lowpass,1.25,12.0,576,24,0.0047647887795600995,0.009158009624950544,0.004773645863468445,0.0048140453463628215,0.0048140453463628215,1.0103376181152084,1.0084630247089639,0.5256650236801665,nan
24,0.75,0.75,0.477464829275686,1.5707963267948966,0.16666666666666666,24,123,0,numpy_PCG64_SeedSequence,lowpass,1.25,12.0,576,24,0.0047647887795600995,0.009158009624950544,0.004773645863468445,0.004745633333213312,0.004745633333213312,0.9959797910814094,0.9941318373720375,0.5181948400975763,nan
24,0.75,0.75,0.477464829275686,1.5707963267948966,0.16666666666666666,24,42,0,numpy_PCG64_SeedSequence,lowpass,1.5,12.0,576,24,0.00629273909722856,0.009158009624950544,0.006312512911521163,0.0065243456751005475,0.0065243456751005475,1.0368053679476386,1.0335575968791701,0.7124196132449229,nan
24,0.75,0.75,0.477464829275686,1.5707963267948966,0.16666666666666666,24,7,0,numpy_PCG64_SeedSequence,lowpass,1.5,12.0,576,24,0.00629273909722856,0.009158009624950544,0.006312512911521163,0.006221892564334297,0.006221892564334297,0.9887415429434433,0.9856443307986789,0.6793935384587343,nan
24,0.75,0.75,0.477464829275686,1.5707963267948966,0.16666666666666666,24,123,0,numpy_PCG64_SeedSequence,lowpass,1.5,12.0,576,24,0.00629273909722856,0.009158009624950544,0.006312512911521163,0.006121074860745547,0.006121074860745547,0.9727202679420449,0.9696732421051817,0.6683848468633382,nan
24,0.75,0.75,0.477464829275686,1.5707963267948966,0.16666666666666666,24,42,0,numpy_PCG64_SeedSequence,lowpass,1.75,12.0,576,24,0.007583812751131031,0.009158009624950544,0.0075954057194137685,0.0075613277691562635,0.0075613277691562635,0.9970351348704628,0.9955133469472998,0.8256518696547118,nan
24,0.75,0.75,0.477464829275686,1.5707963267948966,0.16666666666666666,24,7,0,numpy_PCG64_SeedSequence,lowpass,1.75,12.0,576,24,0.007583812751131031,0.009158009624950544,0.0075954057194137685,0.007802570131315059,0.007802570131315059,1.0288453034591871,1.027274963254666,0.8519940959722669,nan
24,0.75,0.75,0.477464829275686,1.5707963267948966,0.16666666666666666,24,123,0,numpy_PCG64_SeedSequence,lowpass,1.75,12.0,576,24,0.007583812751131031,0.009158009624950544,0.0075954057194137685,0.007456909433296487,0.007456909433296487,0.9832665544365374,0.9817657816799322,0.8142500105023373,nan
24,0.75,0.75,0.477464829275686,1.5707963267948966,0.16666666666666666,24,42,0,numpy_PCG64_SeedSequence,lowpass,2.0,12.0,576,24,0.008453787782388492,0.009158009624950544,0.008462841869567205,0.008331863075155998,0.008331863075155998,0.9855775055666176,0.9845230719857577,0.9097897268480969,nan
24,0.75,0.75,0.477464829275686,1.5707963267948966,0.16666666666666666,24,7,0,numpy_PCG64_SeedSequence,lowpass,2.0,12.0,576,24,0.008453787782388492,0.009158009624950544,0.008462841869567205,0.008281454223361621,0.008281454223361621,0.9796146338821177,0.9785665797611246,0.9042853810503987,nan
24,0.75,0.75,0.477464829275686,1.5707963267948966,0.16666666666666666,24,123,0,numpy_PCG64_SeedSequence,lowpass,2.0,12.0,576,24,0.008453787782388492,0.009158009624950544,0.008462841869567205,0.008436281411015774,0.008436281411015774,0.9979291683416529,0.9968615201653543,0.9211915860004714,nan
24,0.75,0.75,0.477464829275686,1.5707963267948966,0.16666666666666666,24,42,0,numpy_PCG64_SeedSequence,lowpass,2.5,12.0,576,24,0.009093470245556758,0.009158009624950544,0.009094336073882882,0.00892236676760439,0.00892236676760439,0.9811839184236654,0.9810905045864368,0.97426920619256,nan
24,0.75,0.75,0.477464829275686,1.5707963267948966,0.16666666666666666,24,7,0,numpy_PCG64_SeedSequence,lowpass,2.5,12.0,576,24,0.009093470245556758,0.009158009624950544,0.009094336073882882,0.00885755538672591,0.00885755538672591,0.9740566744641715,0.9739639391778186,0.9671921901669482,nan
24,0.75,0.75,0.477464829275686,1.5707963267948966,0.16666666666666666,24,123,0,numpy_PCG64_SeedSequence,lowpass,2.5,12.0,576,24,0.009093470245556758,0.009158009624950544,0.009094336073882882,0.009145605968408053,0.009145605968408053,1.0057333142841447,1.0056375632161216,0.998645594725223,nan
24,0.75,0.75,0.477464829275686,1.5707963267948966,0.16666666666666666,24,42,0,numpy_PCG64_SeedSequence,lowpass,3.0,12.0,576,24,0.009156065425622424,0.009158009624950544,0.009156120354543672,0.008983577516211847,0.008983577516211847,0.9811613502752082,0.9811554641430416,0.9809530546611934,nan
24,0.75,0.75,0.477464829275686,1.5707963267948966,0.16666666666666666,24,7,0,numpy_PCG64_SeedSequence,lowpass,3.0,12.0,576,24,0.009156065425622424,0.009158009624950544,0.009156120354543672,0.009145605968408053,0.009145605968408053,0.9988576471739595,0.9988516548790884,0.998645594725223,nan
24,0.75,0.75,0.477464829275686,1.5707963267948966,0.16666666666666666,24,123,0,numpy_PCG64_SeedSequence,lowpass,3.0,12.0,576,24,0.009156065425622424,0.009158009624950544,0.009156120354543672,0.009019583838922115,0.009019583838922115,0.985093860697153,0.9850879509732742,0.9848847302309778,nan
24,0.75,0.75,0.477464829275686,1.5707963267948966,0.16666666666666666,24,42,0,numpy_PCG64_SeedSequence,lowpass,4.0,12.0,576,24,0.009158019400840038,0.009158009624950544,0.009158009570150477,0.009041187632548275,0.009041187632548275,0.9872426817220931,0.9872437414803572,0.9872437355728483,nan
24,0.75,0.75,0.477464829275686,1.5707963267948966,0.16666666666666666,24,7,0,numpy_PCG64_SeedSequence,lowpass,4.0,12.0,576,24,0.009158019400840038,0.009158009624950544,0.009158009570150477,0.009217618613828589,0.009217618613828589,1.0065078714490476,1.0065089518875805,1.0065089458647918,nan
24,0.75,0.75,0.477464829275686,1.5707963267948966,0.16666666666666666,24,123,0,numpy_PCG64_SeedSequence,lowpass,4.0,12.0,576,24,0.009158019400840038,0.009158009624950544,0.009158009570150477,0.009044788264819302,0.009044788264819302,0.9876358488593778,0.9876369090396883,0.9876369031298268,nan
24,0.75,0.75,0.477464829275686,1.5707963267948966,0.16666666666666666,24,42,0,numpy_PCG64_SeedSequence,lowpass,6.0,12.0,576,24,0.009158019457381669,0.009158009624950544,0.009158009624950544,0.0089907787807539,0.0089907787807539,0.9817383357388516,0.9817393897751503,0.9817393897751503,nan
24,0.75,0.75,0.477464829275686,1.5707963267948966,0.16666666666666666,24,7,0,numpy_PCG64_SeedSequence,lowpass,6.0,12.0,576,24,0.009158019457381669,0.009158009624950544,0.009158009624950544,0.009437257182361223,0.009437257182361223,1.0304910604611655,1.030492166840476,1.030492166840476,nan
24,0.75,0.75,0.477464829275686,1.5707963267948966,0.16666666666666666,24,123,0,numpy_PCG64_SeedSequence,lowpass,6.0,12.0,576,24,0.009158019457381669,0.009158009624950544,0.009158009624950544,0.00917081039430524,0.00917081039430524,1.00139669248172,1.001397767624072,1.001397767624072,nan
24,0.75,0.75,0.477464829275686,1.5707963267948966,0.16666666666666666,24,42,0,numpy_PCG64_SeedSequence,lowpass,8.0,12.0,576,24,0.009158019457381669,0.009158009624950544,0.009158009624950548,0.00906999269071649,0.00906999269071649,0.9903880127057137,0.9903890760286754,0.9903890760286759,nan
24,0.75,0.75,0.477464829275686,1.5707963267948966,0.16666666666666666,24,7,0,numpy_PCG64_SeedSequence,lowpass,8.0,12.0,576,24,0.009158019457381669,0.009158009624950544,0.009158009624950548,0.009401250859650954,0.009401250859650954,1.0265593891125917,1.0265604912706914,1.0265604912706918,nan
24,0.75,0.75,0.477464829275686,1.5707963267948966,0.16666666666666666,24,123,0,numpy_PCG64_SeedSequence,lowpass,8.0,12.0,576,24,0.009158019457381669,0.009158009624950544,0.009158009624950548,0.009041187632548275,0.009041187632548275,0.9872426756268547,0.987243735572848,0.9872437355728483,nan
24,0.75,0.75,0.477464829275686,1.5707963267948966,0.16666666666666666,24,42,0,numpy_PCG64_SeedSequence,lowpass,12.0,12.0,576,24,0.009158019457381669,0.009158009624950544,0.009158009624950544,0.009051989529361357,0.009051989529361357,0.988422177031427,0.9884232382437838,0.9884232382437838,nan
24,0.75,0.75,0.477464829275686,1.5707963267948966,0.16666666666666666,24,7,0,numpy_PCG64_SeedSequence,lowpass,12.0,12.0,576,24,0.009158019457381669,0.009158009624950544,0.009158009624950544,0.009030385735735195,0.009030385735735195,0.9860631742222826,0.986064232901913,0.986064232901913,nan
24,0.75,0.75,0.477464829275686,1.5707963267948966,0.16666666666666666,24,123,0,numpy_PCG64_SeedSequence,lowpass,12.0,12.0,576,24,0.009158019457381669,0.009158009624950544,0.009158009624950544,0.008969174987127739,0.008969174987127739,0.9793793329297072,0.9793803844332796,0.9793803844332796,nan
32,0.5,0.5,0.3183098861837907,1.5707963267948966,0.125,24,42,0,numpy_PCG64_SeedSequence,lowpass,1.25,16.0,768,32,0.002872176217724905,0.0040002261993085705,0.0028766705587528947,0.0027943643276427585,0.0027943643276427585,0.9729083857731464,0.9713883708860226,0.6985515789396504,nan
32,0.5,0.5,0.3183098861837907,1.5707963267948966,0.125,24,7,0,numpy_PCG64_SeedSequence,lowpass,1.25,16.0,768,32,0.002872176217724905,0.0040002261993085705,0.0028766705587528947,0.002905653276245475,0.002905653276245475,1.011655642266646,1.0100750909430327,0.7263722428365952,nan
32,0.5,0.5,0.3183098861837907,1.5707963267948966,0.125,24,123,0,numpy_PCG64_SeedSequence,lowpass,1.25,16.0,768,32,0.002872176217724905,0.0040002261993085705,0.0028766705587528947,0.002844950213371266,0.002844950213371266,0.9905207750883736,0.988973243639209,0.7111973352564435,nan
32,0.5,0.5,0.3183098861837907,1.5707963267948966,0.125,24,42,0,numpy_PCG64_SeedSequence,lowpass,1.5,16.0,768,32,0.003535799367105167,0.0040002261993085705,0.0035427728652623947,0.00353898856556639,0.00353898856556639,1.0009019738198082,0.9989318254824885,0.8846971119228447,nan
32,0.5,0.5,0.3183098861837907,1.5707963267948966,0.125,24,7,0,numpy_PCG64_SeedSequence,lowpass,1.5,16.0,768,32,0.003535799367105167,0.0040002261993085705,0.0035427728652623947,0.003666464997602229,0.003666464997602229,1.0369550466332145,1.034913932403813,0.9165644178411633,nan
32,0.5,0.5,0.3183098861837907,1.5707963267948966,0.125,24,123,0,numpy_PCG64_SeedSequence,lowpass,1.5,16.0,768,32,0.003535799367105167,0.0040002261993085705,0.0035427728652623947,0.0036017150638697395,0.0036017150638697395,1.0186423747279922,1.0166373066659975,0.9003778497556681,nan
32,0.5,0.5,0.3183098861837907,1.5707963267948966,0.125,24,42,0,numpy_PCG64_SeedSequence,lowpass,1.75,16.0,768,32,0.0038818292599071933,0.0040002261993085705,0.0038838914721541625,0.003860714798799698,0.003860714798799698,0.9945606929893666,0.9940326156071478,0.9651241220976488,nan
32,0.5,0.5,0.3183098861837907,1.5707963267948966,0.125,24,7,0,numpy_PCG64_SeedSequence,lowpass,1.75,16.0,768,32,0.0038818292599071933,0.0040002261993085705,0.0038838914721541625,0.003887019459378522,0.003887019459378522,1.00133704991225,1.0008053745185173,0.9716999153823811,nan
32,0.5,0.5,0.3183098861837907,1.5707963267948966,0.125,24,123,0,numpy_PCG64_SeedSequence,lowpass,1.75,16.0,768,32,0.0038818292599071933,0.0040002261993085705,0.0038838914721541625,0.003828339831933453,0.003828339831933453,0.9862205613919715,0.9856969123316162,0.9570308380549011,nan
32,0.5,0.5,0.3183098861837907,1.5707963267948966,0.125,24,42,0,numpy_PCG64_SeedSequence,lowpass,2.0,16.0,768,32,0.003983140483609133,0.0040002261993085705,0.003983670370053506,0.004071152083430289,0.004071152083430289,1.0220960320589567,1.0219600783323868,1.017730468375508,nan
32,0.5,0.5,0.3183098861837907,1.5707963267948966,0.125,24,7,0,numpy_PCG64_SeedSequence,lowpass,2.0,16.0,768,32,0.003983140483609133,0.0040002261993085705,0.003983670370053506,0.0040124724559852205,0.0040124724559852205,1.0073640315968744,1.00723003744191,1.003061391048028,nan
32,0.5,0.5,0.3183098861837907,1.5707963267948966,0.125,24,123,0,numpy_PCG64_SeedSequence,lowpass,2.0,16.0,768,32,0.003983140483609133,0.0040002261993085705,0.003983670370053506,0.00407317551885943,0.00407317551885943,1.0226040320748908,1.0224680107768862,1.0182362986281799,nan
32,0.5,0.5,0.3183098861837907,1.5707963267948966,0.125,24,42,0,numpy_PCG64_SeedSequence,lowpass,2.5,16.0,768,32,0.004000174671993419,0.0040002261993085705,0.004000175449660499,0.004032706810276624,0.004032706810276624,1.0081326794329692,1.0081324834436665,1.0081196935747454,nan
32,0.5,0.5,0.3183098861837907,1.5707963267948966,0.125,24,7,0,numpy_PCG64_SeedSequence,lowpass,2.5,16.0,768,32,0.004000174671993419,0.0040002261993085705,0.004000175449660499,0.003976050618260695,0.003976050618260695,0.9939692499176038,0.9939690566817886,0.993956446499937,nan
32,0.5,0.5,0.3183098861837907,1.5707963267948966,0.125,24,123,0,numpy_PCG64_SeedSequence,lowpass,2.5,16.0,768,32,0.004000174671993419,0.0040002261993085705,0.004000175449660499,0.003988191230835538,0.003988191230835538,0.9970042705280393,0.997004076702191,0.9969914280159674,nan
32,0.5,0.5,0.3183098861837907,1.5707963267948966,0.125,24,42,0,numpy_PCG64_SeedSequence,lowpass,3.0,16.0,768,32,0.00400022712113963,0.0040002261993085705,0.0040002261869076855,0.00393962878053617,0.00393962878053617,0.9848512749980567,0.9848515050049309,0.984851501951846,nan
32,0.5,0.5,0.3183098861837907,1.5707963267948966,0.125,24,7,0,numpy_PCG64_SeedSequence,lowpass,3.0,16.0,768,32,0.00400022712113963,0.0040002261993085705,0.0040002261869076855,0.003933558474248749,0.003933558474248749,0.9833337845897391,0.9833340142422115,0.9833340111938308,nan
32,0.5,0.5,0.3183098861837907,1.5707963267948966,0.125,24,123,0,numpy_PCG64_SeedSequence,lowpass,3.0,16.0,768,32,0.00400022712113963,0.0040002261993085705,0.0040002261869076855,0.00407317551885943,0.00407317551885943,1.0182360639810417,1.018236301784759,1.0182362986281799,nan
32,0.5,0.5,0.3183098861837907,1.5707963267948966,0.125,24,42,0,numpy_PCG64_SeedSequence,lowpass,4.0,16.0,768,32,0.0040002271345476285,0.0040002261993085705,0.00400022619930857,0.003990214666264678,0.003990214666264678,0.9974970250572827,0.9974972582686393,0.9974972582686391,nan
32,0.5,0.5,0.3183098861837907,1.5707963267948966,0.125,24,7,0,numpy_PCG64_SeedSequence,lowpass,4.0,16.0,768,32,0.0040002271345476285,0.0040002261993085705,0.00400022619930857,0.004046870858280606,0.004046870858280606,1.0116602688207732,1.0116605053434475,1.0116605053434473,nan
32,0.5,0.5,0.3183098861837907,1.5707963267948966,0.125,24,123,0,numpy_PCG64_SeedSequence,lowpass,4.0,16.0,768,32,0.0040002271345476285,0.0040002261993085705,0.00400022619930857,0.003961886570256713,0.003961886570256713,0.9904154031755371,0.9904156347312351,0.9904156347312348,nan
32,0.5,0.5,0.3183098861837907,1.5707963267948966,0.125,24,42,0,numpy_PCG64_SeedSequence,lowpass,6.0,16.0,768,32,0.0040002271345476285,0.0040002261993085705,0.00400022619930857,0.004032706810276624,0.004032706810276624,1.0081194578799006,1.0081196935747456,1.0081196935747454,nan
32,0.5,0.5,0.3183098861837907,1.5707963267948966,0.125,24,7,0,numpy_PCG64_SeedSequence,lowpass,6.0,16.0,768,32,0.0040002271345476285,0.0040002261993085705,0.00400022619930857,0.003826316396504313,0.003826316396504313,0.9565247841700413,0.9565250078022297,0.9565250078022295,nan
32,0.5,0.5,0.3183098861837907,1.5707963267948966,0.125,24,123,0,numpy_PCG64_SeedSequence,lowpass,6.0,16.0,768,32,0.0040002271345476285,0.0040002261993085705,0.00400022619930857,0.004119714533729657,0.004119714533729657,1.0298701536595474,1.0298703944396295,1.0298703944396292,nan
32,0.5,0.5,0.3183098861837907,1.5707963267948966,0.125,24,42,0,numpy_PCG64_SeedSequence,lowpass,8.0,16.0,768,32,0.0040002271345476285,0.0040002261993085705,0.00400022619930857,0.0039821209245481165,0.0039821209245481165,0.9954737045196411,0.9954739372579524,0.9954739372579522,nan
32,0.5,0.5,0.3183098861837907,1.5707963267948966,0.125,24,7,0,numpy_PCG64_SeedSequence,lowpass,8.0,16.0,768,32,0.0040002271345476285,0.0040002261993085705,0.00400022619930857,0.003988191230835538,0.003988191230835538,0.9969911949228722,0.9969914280159676,0.9969914280159674,nan
32,0.5,0.5,0.3183098861837907,1.5707963267948966,0.125,24,123,0,numpy_PCG64_SeedSequence,lowpass,8.0,16.0,768,32,0.0040002271345476285,0.0040002261993085705,0.00400022619930857,0.004032706810276624,0.004032706810276624,1.0081194578799006,1.0081196935747456,1.0081196935747454,nan
32,0.5,0.5,0.3183098861837907,1.5707963267948966,0.125,24,42,0,numpy_PCG64_SeedSequence,lowpass,12.0,16.0,768,32,0.0040002271345476285,0.0040002261993085705,0.00400022619930857,0.004022589633130923,0.004022589633130923,1.005590307207849,1.005590542311387,1.0055905423113867,nan
32,0.5,0.5,0.3183098861837907,1.5707963267948966,0.125,24,7,0,numpy_PCG64_SeedSequence,lowpass,12.0,16.0,768,32,0.0040002271345476285,0.0040002261993085705,0.00400022619930857,0.0039497459576818715,0.0039497459576818715,0.9873804223690749,0.9873806532152049,0.9873806532152046,nan
32,0.5,0.5,0.3183098861837907,1.5707963267948966,0.125,24,123,0,numpy_PCG64_SeedSequence,lowpass,12.0,16.0,768,32,0.0040002271345476285,0.0040002261993085705,0.00400022619930857,0.004071152083430289,0.004071152083430289,1.017730230433698,1.0177304683755082,1.017730468375508,nan
32,0.5,0.5,0.3183098861837907,1.5707963267948966,0.125,24,42,0,numpy_PCG64_SeedSequence,lowpass,16.0,16.0,768,32,0.0040002271345476285,0.0040002261993085705,0.00400022619930857,0.004042823987422325,0.004042823987422325,1.0106486085519526,1.0106488448381041,1.010648844838104,nan
32,0.5,0.5,0.3183098861837907,1.5707963267948966,0.125,24,7,0,numpy_PCG64_SeedSequence,lowpass,16.0,16.0,768,32,0.0040002271345476285,0.0040002261993085705,0.00400022619930857,0.003980097489118976,0.003980097489118976,0.9949678743852307,0.9949681070052807,0.9949681070052805,nan
32,0.5,0.5,0.3183098861837907,1.5707963267948966,0.125,24,123,0,numpy_PCG64_SeedSequence,lowpass,16.0,16.0,768,32,0.0040002271345476285,0.0040002261993085705,0.00400022619930857,0.003887019459378522,0.003887019459378522,0.9716996882023529,0.9716999153823813,0.9716999153823811,nan
32,0.75,0.75,0.477464829275686,1.5707963267948966,0.125,24,42,0,numpy_PCG64_SeedSequence,lowpass,1.25,16.0,768,32,0.002680193688502556,0.005151380414034681,0.0026851757982010007,0.002685098814469182,0.002685098814469182,1.0018301386156037,0.9999713300962008,0.5212386969430103,nan
32,0.75,0.75,0.477464829275686,1.5707963267948966,0.125,24,7,0,numpy_PCG64_SeedSequence,lowpass,1.25,16.0,768,32,0.002680193688502556,0.005151380414034681,0.0026851757982010007,0.002632489493311534,0.002632489493311534,0.9822012135183876,0.9803788247589729,0.5110260321950688,nan
32,0.75,0.75,0.477464829275686,1.5707963267948966,0.125,24,123,0,numpy_PCG64_SeedSequence,lowpass,1.25,16.0,768,32,0.002680193688502556,0.005151380414034681,0.0026851757982010007,0.002664864460177779,0.002664864460177779,0.9942805520397514,0.9924357511203439,0.5173107489630329,nan
32,0.75,0.75,0.477464829275686,1.5707963267948966,0.125,24,42,0,numpy_PCG64_SeedSequence,lowpass,1.5,16.0,768,32,0.003539665742191065,0.005151380414034681,0.003550788512730655,0.0036705118684605097,0.0036705118684605097,1.0369656729757908,1.033717399755184,0.7125297635679131,nan
32,0.75,0.75,0.477464829275686,1.5707963267948966,0.125,24,7,0,numpy_PCG64_SeedSequence,lowpass,1.5,16.0,768,32,0.003539665742191065,0.005151380414034681,0.003550788512730655,0.003504590163271005,0.003504590163271005,0.9900907087067639,0.986989270328544,0.6803205901320979,nan
32,0.75,0.75,0.477464829275686,1.5707963267948966,0.125,24,123,0,numpy_PCG64_SeedSequence,lowpass,1.5,16.0,768,32,0.003539665742191065,0.005151380414034681,0.003550788512730655,0.003520777646704127,0.003520777646704127,0.9946638759525225,0.9915481122238259,0.6834629485160798,nan
32,0.75,0.75,0.477464829275686,1.5707963267948966,0.125,24,42,0,numpy_PCG64_SeedSequence,lowpass,1.75,16.0,768,32,0.004265894672511206,0.005151380414034681,0.004272415717170245,0.004259331578340338,0.004259331578340338,0.9984614964328212,0.9969375314351262,0.8268330497852575,nan
32,0.75,0.75,0.477464829275686,1.5707963267948966,0.125,24,7,0,numpy_PCG64_SeedSequence,lowpass,1.75,16.0,768,32,0.004265894672511206,0.005151380414034681,0.004272415717170245,0.004190534773749567,0.004190534773749567,0.982334327369298,0.9808349774832047,0.813478026653334,nan
32,0.75,0.75,0.477464829275686,1.5707963267948966,0.125,24,123,0,numpy_PCG64_SeedSequence,lowpass,1.75,16.0,768,32,0.004265894672511206,0.005151380414034681,0.004272415717170245,0.004261355013769478,0.004261355013769478,0.9989358249346895,0.9974111359631238,0.8272258445832552,nan
32,0.75,0.75,0.477464829275686,1.5707963267948966,0.125,24,42,0,numpy_PCG64_SeedSequence,lowpass,2.0,16.0,768,32,0.0047552556275935265,0.005151380414034681,0.004760348551631554,0.004789471660775097,0.004789471660775097,1.007195414055771,1.0061178522596967,0.9297452868606672,nan
32,0.75,0.75,0.477464829275686,1.5707963267948966,0.125,24,7,0,numpy_PCG64_SeedSequence,lowpass,2.0,16.0,768,32,0.0047552556275935265,0.005151380414034681,0.004760348551631554,0.004692346760176363,0.004692346760176363,0.9867706654817631,0.9857149553824406,0.9108911365567753,nan
32,0.75,0.75,0.477464829275686,1.5707963267948966,0.125,24,123,0,numpy_PCG64_SeedSequence,lowpass,2.0,16.0,768,32,0.0047552556275935265,0.005151380414034681,0.004760348551631554,0.004728768597900888,0.004728768597900888,0.994429946197016,0.9933660417114116,0.9179614429207348,nan
32,0.75,0.75,0.477464829275686,1.5707963267948966,0.125,24,42,0,numpy_PCG64_SeedSequence,lowpass,2.5,16.0,768,32,0.005115077013125676,0.005151380414034681,0.005115564041559122,0.005044424524846775,0.005044424524846775,0.9861874047844048,0.9860935145891234,0.9792374314083833,nan
32,0.75,0.75,0.477464829275686,1.5707963267948966,0.125,24,7,0,numpy_PCG64_SeedSequence,lowpass,2.5,16.0,768,32,0.005115077013125676,0.005151380414034681,0.005115564041559122,0.00501002612255139,0.00501002612255139,0.9794625007004357,0.9793692507511711,0.9725599198424215,nan
32,0.75,0.75,0.477464829275686,1.5707963267948966,0.125,24,123,0,numpy_PCG64_SeedSequence,lowpass,2.5,16.0,768,32,0.005115077013125676,0.005151380414034681,0.005115564041559122,0.0050929869751461425,0.0050929869751461425,0.9956813870205964,0.9955865929485855,0.9886645065603292,nan
32,0.75,0.75,0.477464829275686,1.5707963267948966,0.125,24,42,0,numpy_PCG64_SeedSequence,lowpass,3.0,16.0,768,32,0.005150286801912615,0.005151380414034681,0.005150317699430816,0.0050929869751461425,0.0050929869751461425,0.9888744396243733,0.9888685072202421,0.9886645065603292,nan
32,0.75,0.75,0.477464829275686,1.5707963267948966,0.125,24,7,0,numpy_PCG64_SeedSequence,lowpass,3.0,16.0,768,32,0.005150286801912615,0.005151380414034681,0.005150317699430816,0.005200229052890579,0.005200229052890579,1.009696984439666,1.0096909271180066,1.00948263085421,nan
32,0.75,0.75,0.477464829275686,1.5707963267948966,0.125,24,123,0,numpy_PCG64_SeedSequence,lowpass,3.0,16.0,768,32,0.005150286801912615,0.005151380414034681,0.005150317699430816,0.005248791503189946,0.005248791503189946,1.019126061337157,1.0191199474490695,1.0189097060061558,nan
32,0.75,0.75,0.477464829275686,1.5707963267948966,0.125,24,42,0,numpy_PCG64_SeedSequence,lowpass,4.0,16.0,768,32,0.005151385912972521,0.005151380414034681,0.005151380383209644,0.005050494831134196,0.005050494831134196,0.9804147692402049,0.9804158216690281,0.9804158158023766,nan
32,0.75,0.75,0.477464829275686,1.5707963267948966,0.125,24,7,0,numpy_PCG64_SeedSequence,lowpass,4.0,16.0,768,32,0.005151385912972521,0.005151380414034681,0.005151380383209644,0.005099057281433564,0.005099057281433564,0.989841834329053,0.9898428968773841,0.9898428909543225,nan
32,0.75,0.75,0.477464829275686,1.5707963267948966,0.125,24,123,0,numpy_PCG64_SeedSequence,lowpass,4.0,16.0,768,32,0.005151385912972521,0.005151380414034681,0.005151380383209644,0.005204275923748859,0.005204275923748859,1.0102671420215572,1.0102682264954888,1.0102682204502054,nan
32,0.75,0.75,0.477464829275686,1.5707963267948966,0.125,24,42,0,numpy_PCG64_SeedSequence,lowpass,6.0,16.0,768,32,0.005151385944777189,0.005151380414034681,0.005151380414034681,0.00500800268712225,0.00500800268712225,0.9721660812853071,0.9721671250444238,0.9721671250444238,nan
32,0.75,0.75,0.477464829275686,1.5707963267948966,0.125,24,7,0,numpy_PCG64_SeedSequence,lowpass,6.0,16.0,768,32,0.005151385944777189,0.005151380414034681,0.005151380414034681,0.005119291635724966,0.005119291635724966,0.9937697719805362,0.9937708389343,0.9937708389343,nan
32,0.75,0.75,0.477464829275686,1.5707963267948966,0.125,24,123,0,numpy_PCG64_SeedSequence,lowpass,6.0,16.0,768,32,0.005151385944777189,0.005151380414034681,0.005151380414034681,0.005147619731732931,0.005147619731732931,0.9992688932484127,0.9992699661062685,0.9992699661062685,nan
32,0.75,0.75,0.477464829275686,1.5707963267948966,0.125,24,42,0,numpy_PCG64_SeedSequence,lowpass,8.0,16.0,768,32,0.005151385944777189,0.005151380414034681,0.005151380414034684,0.005127385377441528,0.005127385377441528,0.9953409494856438,0.9953420181262904,0.9953420181262909,nan
32,0.75,0.75,0.477464829275686,1.5707963267948966,0.125,24,7,0,numpy_PCG64_SeedSequence,lowpass,8.0,16.0,768,32,0.005151385944777189,0.005151380414034681,0.005151380414034684,0.005246768067760805,0.005246768067760805,1.0185158176859803,1.0185169112081573,1.018516911208158,nan
32,0.75,0.75,0.477464829275686,1.5707963267948966,0.125,24,123,0,numpy_PCG64_SeedSequence,lowpass,8.0,16.0,768,32,0.005151385944777189,0.005151380414034681,0.005151380414034684,0.0051860650048865965,0.0051860650048865965,1.0067319863976736,1.006733067268225,1.0067330672682255,nan
32,0.75,0.75,0.477464829275686,1.5707963267948966,0.125,24,42,0,numpy_PCG64_SeedSequence,lowpass,12.0,16.0,768,32,0.005151385944777189,0.005151380414034681,0.005151380414034681,0.005175947827740895,0.005175947827740895,1.0047680145162892,1.004769093278237,1.004769093278237,nan
32,0.75,0.75,0.477464829275686,1.5707963267948966,0.125,24,7,0,numpy_PCG64_SeedSequence,lowpass,12.0,16.0,768,32,0.005151385944777189,0.005151380414034681,0.005151380414034681,0.005022166735126232,0.005022166735126232,0.9749156419192455,0.9749166886304081,0.9749166886304081,nan
32,0.75,0.75,0.477464829275686,1.5707963267948966,0.125,24,123,0,numpy_PCG64_SeedSequence,lowpass,12.0,16.0,768,32,0.005151385944777189,0.005151380414034681,0.005151380414034681,0.005133455683728949,0.005133455683728949,0.9965193326144745,0.9965204025202842,0.9965204025202842,nan
32,0.75,0.75,0.477464829275686,1.5707963267948966,0.125,24,42,0,numpy_PCG64_SeedSequence,lowpass,16.0,16.0,768,32,0.005151385944777189,0.005151380414034681,0.005151380414034684,0.005151666602591211,0.005151666602591211,1.0000544820009665,1.0000555557022635,1.000055555702264,nan
32,0.75,0.75,0.477464829275686,1.5707963267948966,0.125,24,7,0,numpy_PCG64_SeedSequence,lowpass,16.0,16.0,768,32,0.005151385944777189,0.005151380414034681,0.005151380414034684,0.005115244764866686,0.005115244764866686,0.9929841832279824,0.992985249338304,0.9929852493383045,nan
32,0.75,0.75,0.477464829275686,1.5707963267948966,0.125,24,123,0,numpy_PCG64_SeedSequence,lowpass,16.0,16.0,768,32,0.005151385944777189,0.005151380414034681,0.005151380414034684,0.005099057281433564,0.005099057281433564,0.9898418282177673,0.989842890954322,0.9898428909543225,nan
48,0.5,0.5,0.3183098861837907,1.5707963267948966,0.08333333333333333,24,42,0,numpy_PCG64_SeedSequence,lowpass,1.25,24.0,1152,48,0.001276522763433291,0.001777878310803809,0.0012785202483346198,0.0012515442150895083,0.0012515442150895083,0.980432351808125,0.9789005819186282,0.703953812521434,nan
48,0.5,0.5,0.3183098861837907,1.5707963267948966,0.08333333333333333,24,7,0,numpy_PCG64_SeedSequence,lowpass,1.25,24.0,1152,48,0.001276522763433291,0.001777878310803809,0.0012785202483346198,0.0013000606455380607,0.0013000606455380607,1.0184390617848937,1.0168479124452656,0.7312427614633992,nan
48,0.5,0.5,0.3183098861837907,1.5707963267948966,0.08333333333333333,24,123,0,numpy_PCG64_SeedSequence,lowpass,1.25,24.0,1152,48,0.001276522763433291,0.001777878310803809,0.0012785202483346198,0.0012605287392466477,0.0012605287392466477,0.9874706314334527,0.9859278653494871,0.7090073215847609,nan
48,0.5,0.5,0.3183098861837907,1.5707963267948966,0.08333333333333333,24,42,0,numpy_PCG64_SeedSequence,lowpass,1.5,24.0,1152,48,0.0015714663853800743,0.001777878310803809,0.0015745657178943976,0.00157858089440938,0.00157858089440938,1.004527305894351,1.0025500215515626,0.8879015424265324,nan
48,0.5,0.5,0.3183098861837907,1.5707963267948966,0.08333333333333333,24,7,0,numpy_PCG64_SeedSequence,lowpass,1.5,24.0,1152,48,0.0015714663853800743,0.001777878310803809,0.0015745657178943976,0.0015399474405336808,0.0015399474405336808,0.9799429722839599,0.97801407907762,0.8661714534542267,nan
48,0.5,0.5,0.3183098861837907,1.5707963267948966,0.08333333333333333,24,123,0,numpy_PCG64_SeedSequence,lowpass,1.5,24.0,1152,48,0.0015714663853800743,0.001777878310803809,0.0015745657178943976,0.0015965499427236585,0.0015965499427236585,1.0159618796666259,1.0139620878185127,0.8980085605531861,nan
48,0.5,0.5,0.3183098861837907,1.5707963267948966,0.08333333333333333,24,42,0,numpy_PCG64_SeedSequence,lowpass,1.75,24.0,1152,48,0.0017252574488476414,0.001777878310803809,0.001726173987624072,0.0017250286381707508,0.0017250286381707508,0.9998673759229132,0.9993364808753157,0.9702737401587603,nan
48,0.5,0.5,0.3183098861837907,1.5707963267948966,0.08333333333333333,24,7,0,numpy_PCG64_SeedSequence,lowpass,1.75,24.0,1152,48,0.0017252574488476414,0.001777878310803809,0.001726173987624072,0.0016890905415421935,0.0016890905415421935,0.9790368055911859,0.9785169708570799,0.9500597039054529,nan
48,0.5,0.5,0.3183098861837907,1.5707963267948966,0.08333333333333333,24,123,0,numpy_PCG64_SeedSequence,lowpass,1.75,24.0,1152,48,0.0017252574488476414,0.001777878310803809,0.001726173987624072,0.0017070595898564722,0.0017070595898564722,0.9894520907570495,0.9889267258661978,0.9601667220321066,nan
48,0.5,0.5,0.3183098861837907,1.5707963267948966,0.08333333333333333,24,42,0,numpy_PCG64_SeedSequence,lowpass,2.0,24.0,1152,48,0.0017702846593818375,0.001777878310803809,0.0017705201644682249,0.001778935783113587,0.001778935783113587,1.004886854600418,1.004753189946238,1.0005947945387217,nan
48,0.5,0.5,0.3183098861837907,1.5707963267948966,0.08333333333333333,24,7,0,numpy_PCG64_SeedSequence,lowpass,2.0,24.0,1152,48,0.0017702846593818375,0.001777878310803809,0.0017705201644682249,0.0018238584038992834,0.0018238584038992834,1.0302627852721455,1.0301257452479107,1.0258623398553561,nan
48,0.5,0.5,0.3183098861837907,1.5707963267948966,0.08333333333333333,24,123,0,numpy_PCG64_SeedSequence,lowpass,2.0,24.0,1152,48,0.0017702846593818375,0.001777878310803809,0.0017705201644682249,0.0017843264976078704,0.0017843264976078704,1.007931966281025,1.0077978965824386,1.0036268999767177,nan
48,0.5,0.5,0.3183098861837907,1.5707963267948966,0.08333333333333333,24,42,0,numpy_PCG64_SeedSequence,lowpass,2.5,24.0,1152,48,0.001777855409774853,0.001777878310803809,0.001777855755404666,0.0018193661418207138,0.0018193661418207138,1.0233487671818697,1.0233485682344345,1.0233355853236927,nan
48,0.5,0.5,0.3183098861837907,1.5707963267948966,0.08333333333333333,24,7,0,numpy_PCG64_SeedSequence,lowpass,2.5,24.0,1152,48,0.001777855409774853,0.001777878310803809,0.001777855755404666,0.0017798342355293008,0.0017798342355293008,1.0011130408826094,1.0011128462579826,1.0011001454450543,nan
48,0.5,0.5,0.3183098861837907,1.5707963267948966,0.08333333333333333,24,123,0,numpy_PCG64_SeedSequence,lowpass,2.5,24.0,1152,48,0.001777855409774853,0.001777878310803809,0.001777855755404666,0.0017438961389007435,0.0017438961389007435,0.9808987442469183,0.9808985535521172,0.9808861091917469,nan
48,0.5,0.5,0.3183098861837907,1.5707963267948966,0.08333333333333333,24,42,0,numpy_PCG64_SeedSequence,lowpass,3.0,24.0,1152,48,0.001777878720506502,0.001777878310803809,0.0017778783052923046,0.0017573729251364524,0.0017573729251364524,0.98846614499992,0.9884663758510283,0.9884663727867371,nan
48,0.5,0.5,0.3183098861837907,1.5707963267948966,0.08333333333333333,24,7,0,numpy_PCG64_SeedSequence,lowpass,3.0,24.0,1152,48,0.001777878720506502,0.001777878310803809,0.0017778783052923046,0.0017474899485635993,0.0017474899485635993,0.9829072863112703,0.9829075158641362,0.9829075128170777,nan
48,0.5,0.5,0.3183098861837907,1.5707963267948966,0.08333333333333333,24,123,0,numpy_PCG64_SeedSequence,lowpass,3.0,24.0,1152,48,0.001777878720506502,0.001777878310803809,0.0017778783052923046,0.001831944475640709,0.001831944475640709,1.0304102605597327,1.0304105012066702,1.0304104980123503,nan
48,0.5,0.5,0.3183098861837907,1.5707963267948966,0.08333333333333333,24,42,0,numpy_PCG64_SeedSequence,lowpass,4.0,24.0,1152,48,0.0017778787264656124,0.001777878310803809,0.0017778783108038086,0.0017951079265964376,0.0017951079265964376,1.0096908747904738,1.0096911108527102,1.00969111085271,nan
48,0.5,0.5,0.3183098861837907,1.5707963267948966,0.08333333333333333,24,7,0,numpy_PCG64_SeedSequence,lowpass,4.0,24.0,1152,48,0.0017778787264656124,0.001777878310803809,0.0017778783108038086,0.0017600682823835942,0.0017600682823835942,0.9899821940513204,0.9899824255057355,0.9899824255057352,nan
48,0.5,0.5,0.3183098861837907,1.5707963267948966,0.08333333333333333,24,123,0,numpy_PCG64_SeedSequence,lowpass,4.0,24.0,1152,48,0.0017778787264656124,0.001777878310803809,0.0017778783108038086,0.0018562026908649852,0.0018562026908649852,1.0440547283869464,1.0440549724833332,1.0440549724833328,nan
48,0.5,0.5,0.3183098861837907,1.5707963267948966,0.08333333333333333,24,42,0,numpy_PCG64_SeedSequence,lowpass,6.0,24.0,1152,48,0.0017778787264656124,0.001777878310803809,0.0017778783108038086,0.0017933110217650098,0.0017933110217650098,1.008680173214107,1.008680409040045,1.0086804090400447,nan
48,0.5,0.5,0.3183098861837907,1.5707963267948966,0.08333333333333333,24,7,0,numpy_PCG64_SeedSequence,lowpass,6.0,24.0,1152,48,0.0017778787264656124,0.001777878310803809,0.0017778783108038086,0.0017385054244064598,0.0017385054244064598,0.9778537751349183,0.977854003753751,0.9778540037537508,nan
48,0.5,0.5,0.3183098861837907,1.5707963267948966,0.08333333333333333,24,123,0,numpy_PCG64_SeedSequence,lowpass,6.0,24.0,1152,48,0.0017778787264656124,0.001777878310803809,0.0017778783108038086,0.001778935783113587,0.001778935783113587,1.0005945606031723,1.000594794538722,1.0005947945387217,nan
48,0.5,0.5,0.3183098861837907,1.5707963267948966,0.08333333333333333,24,42,0,numpy_PCG64_SeedSequence,lowpass,8.0,24.0,1152,48,0.0017778787264656124,0.001777878310803809,0.0017778783108038086,0.0017420992340693156,0.0017420992340693156,0.979875178287652,0.9798754073790817,0.9798754073790815,nan
48,0.5,0.5,0.3183098861837907,1.5707963267948966,0.08333333333333333,24,7,0,numpy_PCG64_SeedSequence,lowpass,8.0,24.0,1152,48,0.0017778787264656124,0.001777878310803809,0.0017778783108038086,0.0017726466162035894,0.0017726466162035894,0.9970571050858883,0.9970573381943931,0.9970573381943929,nan
48,0.5,0.5,0.3183098861837907,1.5707963267948966,0.08333333333333333,24,123,0,numpy_PCG64_SeedSequence,lowpass,8.0,24.0,1152,48,0.0017778787264656124,0.001777878310803809,0.0017778783108038086,0.001778935783113587,0.001778935783113587,1.0005945606031723,1.000594794538722,1.0005947945387217,nan
48,0.5,0.5,0.3183098861837907,1.5707963267948966,0.08333333333333333,24,42,0,numpy_PCG64_SeedSequence,lowpass,12.0,24.0,1152,48,0.0017778787264656124,0.001777878310803809,0.0017778783108038086,0.0017996001886750072,0.0017996001886750072,1.0122176287313909,1.0122178653843736,1.0122178653843734,nan
48,0.5,0.5,0.3183098861837907,1.5707963267948966,0.08333333333333333,24,7,0,numpy_PCG64_SeedSequence,lowpass,12.0,24.0,1152,48,0.0017778787264656124,0.001777878310803809,0.0017778783108038086,0.001778935783113587,0.001778935783113587,1.0005945606031723,1.000594794538722,1.0005947945387217,nan
48,0.5,0.5,0.3183098861837907,1.5707963267948966,0.08333333333333333,24,123,0,numpy_PCG64_SeedSequence,lowpass,12.0,24.0,1152,48,0.0017778787264656124,0.001777878310803809,0.0017778783108038086,0.0017681543541250198,0.0017681543541250198,0.9945303511449712,0.9945305836627297,0.9945305836627295,nan
48,0.5,0.5,0.3183098861837907,1.5707963267948966,0.08333333333333333,24,42,0,numpy_PCG64_SeedSequence,lowpass,16.0,24.0,1152,48,0.0017778787264656124,0.001777878310803809,0.0017778783108038086,0.0017735450686193032,0.0017735450686193032,0.9975624558740717,0.9975626891007258,0.9975626891007255,nan
48,0.5,0.5,0.3183098861837907,1.5707963267948966,0.08333333333333333,24,7,0,numpy_PCG64_SeedSequence,lowpass,16.0,24.0,1152,48,0.0017778787264656124,0.001777878310803809,0.0017778783108038086,0.0017304193526650345,0.0017304193526650345,0.9733056180412676,0.9733058455967568,0.9733058455967566,nan
48,0.5,0.5,0.3183098861837907,1.5707963267948966,0.08333333333333333,24,123,0,numpy_PCG64_SeedSequence,lowpass,16.0,24.0,1152,48,0.0017778787264656124,0.001777878310803809,0.0017778783108038086,0.0017951079265964376,0.0017951079265964376,1.0096908747904738,1.0096911108527102,1.00969111085271,nan
48,0.5,0.5,0.3183098861837907,1.5707963267948966,0.08333333333333333,24,42,0,numpy_PCG64_SeedSequence,lowpass,24.0,24.0,1152,48,0.0017778787264656124,0.001777878310803809,0.0017778783108038086,0.0018202645942364277,0.0018202645942364277,1.0238406968596094,1.0238409362300256,1.0238409362300254,nan
48,0.5,0.5,0.3183098861837907,1.5707963267948966,0.08333333333333333,24,7,0,numpy_PCG64_SeedSequence,lowpass,24.0,24.0,1152,48,0.0017778787264656124,0.001777878310803809,0.0017778783108038086,0.0018220614990678557,0.0018220614990678557,1.0248513984359764,1.0248516380426909,1.0248516380426906,nan
48,0.5,0.5,0.3183098861837907,1.5707963267948966,0.08333333333333333,24,123,0,numpy_PCG64_SeedSequence,lowpass,24.0,24.0,1152,48,0.0017778787264656124,0.001777878310803809,0.0017778783108038086,0.0018220614990678557,0.0018220614990678557,1.0248513984359764,1.0248516380426909,1.0248516380426906,nan
48,0.75,0.75,0.477464829275686,1.5707963267948966,0.08333333333333333,24,42,0,numpy_PCG64_SeedSequence,lowpass,1.25,24.0,1152,48,0.0011911971948900249,0.002289502406237636,0.0011934114658671113,0.0012254890950338044,0.0012254890950338044,1.028787760994472,1.0268789349559215,0.5352643839530459,nan
48,0.75,0.75,0.477464829275686,1.5707963267948966,0.08333333333333333,24,7,0,numpy_PCG64_SeedSequence,lowpass,1.25,24.0,1152,48,0.0011911971948900249,0.002289502406237636,0.0011934114658671113,0.0012200983805395207,0.0012200983805395207,1.0242623016352588,1.0223618721921857,0.5329098485397626,nan
48,0.75,0.75,0.477464829275686,1.5707963267948966,0.08333333333333333,24,123,0,numpy_PCG64_SeedSequence,lowpass,1.25,24.0,1152,48,0.0011911971948900249,0.002289502406237636,0.0011934114658671113,0.0012066215943038116,0.0012066215943038116,1.0129486532372256,1.0110692152828464,0.5270235100065546,nan
48,0.75,0.75,0.477464829275686,1.5707963267948966,0.08333333333333333,24,42,0,numpy_PCG64_SeedSequence,lowpass,1.5,24.0,1152,48,0.00157318477430714,0.002289502406237636,0.0015781282278802908,0.001536353630870825,0.001536353630870825,0.9765881643162126,0.9735290223750851,0.6710425927857099,nan
48,0.75,0.75,0.477464829275686,1.5707963267948966,0.08333333333333333,24,7,0,numpy_PCG64_SeedSequence,lowpass,1.5,24.0,1152,48,0.00157318477430714,0.002289502406237636,0.0015781282278802908,0.0015677994654208127,0.0015677994654208127,0.9965768109542638,0.9934550549967973,0.6847773826965285,nan
48,0.75,0.75,0.477464829275686,1.5707963267948966,0.08333333333333333,24,123,0,numpy_PCG64_SeedSequence,lowpass,1.5,24.0,1152,48,0.00157318477430714,0.002289502406237636,0.0015781282278802908,0.0015677994654208127,0.0015677994654208127,0.9965768109542638,0.9934550549967973,0.6847773826965285,nan
48,0.75,0.75,0.477464829275686,1.5707963267948966,0.08333333333333333,24,42,0,numpy_PCG64_SeedSequence,lowpass,1.75,24.0,1152,48,0.0018959531877827578,0.002289502406237636,0.0018988514298534421,0.001924485074459244,0.001924485074459244,1.0150488349925206,1.013499552520431,0.8405691425420998,nan
48,0.75,0.75,0.477464829275686,1.5707963267948966,0.08333333333333333,24,7,0,numpy_PCG64_SeedSequence,lowpass,1.75,24.0,1152,48,0.0018959531877827578,0.002289502406237636,0.0018988514298534421,0.0018562026908649852,0.0018562026908649852,0.9790340303896115,0.977539717790481,0.8107450273071793,nan
48,0.75,0.75,0.477464829275686,1.5707963267948966,0.08333333333333333,24,123,0,numpy_PCG64_SeedSequence,lowpass,1.75,24.0,1152,48,0.0018959531877827578,0.002289502406237636,0.0018988514298534421,0.0019190943599649603,0.0019190943599649603,1.0122055609449225,1.0106606181996454,0.8382146071288166,nan
48,0.75,0.75,0.477464829275686,1.5707963267948966,0.08333333333333333,24,42,0,numpy_PCG64_SeedSequence,lowpass,2.0,24.0,1152,48,0.002113446945597123,0.002289502406237636,0.0021157104673918013,0.0021338244873205904,0.0021338244873205904,1.0096418515572012,1.0085616724064894,0.9320036010912638,nan
48,0.75,0.75,0.477464829275686,1.5707963267948966,0.08333333333333333,24,7,0,numpy_PCG64_SeedSequence,lowpass,2.0,24.0,1152,48,0.002113446945597123,0.002289502406237636,0.0021157104673918013,0.0021032771051863164,0.0021032771051863164,0.9951880313664874,0.9941233158330911,0.9186612337493256,nan
48,0.75,0.75,0.477464829275686,1.5707963267948966,0.08333333333333333,24,123,0,numpy_PCG64_SeedSequence,lowpass,2.0,24.0,1152,48,0.002113446945597123,0.002289502406237636,0.0021157104673918013,0.0021320275824891623,0.0021320275824891623,1.0087916268401,1.0077123573139364,0.9312187559535026,nan
48,0.75,0.75,0.477464829275686,1.5707963267948966,0.08333333333333333,24,42,0,numpy_PCG64_SeedSequence,lowpass,2.5,24.0,1152,48,0.0022733675613891896,0.002289502406237636,0.0022735840184707205,0.0023314840187776556,0.0023314840187776556,1.0255640391705743,1.025466400113896,1.0183365662449808,nan
48,0.75,0.75,0.477464829275686,1.5707963267948966,0.08333333333333333,24,7,0,numpy_PCG64_SeedSequence,lowpass,2.5,24.0,1152,48,0.0022733675613891896,0.002289502406237636,0.0022735840184707205,0.002257810920689113,0.002257810920689113,0.9931570059482284,0.9930624522104896,0.9861579155967771,nan
48,0.75,0.75,0.477464829275686,1.5707963267948966,0.08333333333333333,24,123,0,numpy_PCG64_SeedSequence,lowpass,2.5,24.0,1152,48,0.0022733675613891896,0.002289502406237636,0.0022735840184707205,0.002191325441926282,0.002191325441926282,0.9639116345036727,0.9638198650781474,0.9571186454996179,nan
48,0.75,0.75,0.477464829275686,1.5707963267948966,0.08333333333333333,24,42,0,numpy_PCG64_SeedSequence,lowpass,3.0,24.0,1152,48,0.0022890163564056056,0.002289502406237636,0.002289030088635918,0.0023296871139462274,0.0023296871139462274,1.0177677880836493,1.0177616823440436,1.0175517211072196,nan
48,0.75,0.75,0.477464829275686,1.5707963267948966,0.08333333333333333,24,7,0,numpy_PCG64_SeedSequence,lowpass,3.0,24.0,1152,48,0.0022890163564056056,0.002289502406237636,0.002289030088635918,0.002338671638103367,0.002338671638103367,1.0216928470427071,1.0216867177560918,1.021475946796025,nan
48,0.75,0.75,0.477464829275686,1.5707963267948966,0.08333333333333333,24,123,0,numpy_PCG64_SeedSequence,lowpass,3.0,24.0,1152,48,0.0022890163564056056,0.002289502406237636,0.002289030088635918,0.0022641000875991105,0.0022641000875991105,0.9891148576825285,0.9891089238360934,0.9889048735789409,nan
48,0.75,0.75,0.477464829275686,1.5707963267948966,0.08333333333333333,24,42,0,numpy_PCG64_SeedSequence,lowpass,4.0,24.0,1152,48,0.0022895048502100095,0.002289502406237636,0.0022895023925376193,0.002307225803553379,0.002307225803553379,1.0077400811541168,1.0077411629153685,1.0077411568852064,nan
48,0.75,0.75,0.477464829275686,1.5707963267948966,0.08333333333333333,24,7,0,numpy_PCG64_SeedSequence,lowpass,4.0,24.0,1152,48,0.0022895048502100095,0.002289502406237636,0.0022895023925376193,0.0022757799690033918,0.0022757799690033918,0.9940053059047423,0.9940063729223633,0.9940063669743878,nan
48,0.75,0.75,0.477464829275686,1.5707963267948966,0.08333333333333333,24,123,0,numpy_PCG64_SeedSequence,lowpass,4.0,24.0,1152,48,0.0022895048502100095,0.002289502406237636,0.0022895023925376193,0.0022632016351833966,0.0022632016351833966,0.9885113958049924,0.9885124569251611,0.9885124510100604,nan
48,0.75,0.75,0.477464829275686,1.5707963267948966,0.08333333333333333,24,42,0,numpy_PCG64_SeedSequence,lowpass,6.0,24.0,1152,48,0.0022895048643454172,0.002289502406237636,0.002289502406237636,0.002257810920689113,0.002257810920689113,0.9861568568165651,0.9861579155967771,0.9861579155967771,nan
48,0.75,0.75,0.477464829275686,1.5707963267948966,0.08333333333333333,24,7,0,numpy_PCG64_SeedSequence,lowpass,6.0,24.0,1152,48,0.0022895048643454172,0.002289502406237636,0.002289502406237636,0.00230273354147481,0.00230273354147481,1.005777964194531,1.0057790440408039,1.0057790440408039,nan
48,0.75,0.75,0.477464829275686,1.5707963267948966,0.08333333333333333,24,123,0,numpy_PCG64_SeedSequence,lowpass,6.0,24.0,1152,48,0.0022895048643454172,0.002289502406237636,0.002289502406237636,0.0022928505649019563,0.0022928505649019563,1.0014613205713785,1.001462395783118,1.001462395783118,nan
48,0.75,0.75,0.477464829275686,1.5707963267948966,0.08333333333333333,24,42,0,numpy_PCG64_SeedSequence,lowpass,8.0,24.0,1152,48,0.0022895048643454172,0.002289502406237636,0.002289502406237637,0.0022641000875991105,0.0022641000875991105,0.9889038118494804,0.9889048735789405,0.9889048735789409,nan
48,0.75,0.75,0.477464829275686,1.5707963267948966,0.08333333333333333,24,7,0,numpy_PCG64_SeedSequence,lowpass,8.0,24.0,1152,48,0.0022895048643454172,0.002289502406237636,0.002289502406237637,0.0022784753262505334,0.0022784753262505334,0.9951825662104294,0.995183634681029,0.9951836346810294,nan
48,0.75,0.75,0.477464829275686,1.5707963267948966,0.08333333333333333,24,123,0,numpy_PCG64_SeedSequence,lowpass,8.0,24.0,1152,48,0.0022895048643454172,0.002289502406237636,0.002289502406237637,0.002271287706924822,0.002271287706924822,0.9920431890299549,0.9920442541299848,0.9920442541299851,nan
48,0.75,0.75,0.477464829275686,1.5707963267948966,0.08333333333333333,24,42,0,numpy_PCG64_SeedSequence,lowpass,12.0,24.0,1152,48,0.0022895048643454172,0.002289502406237636,0.002289502406237636,0.002282967588329103,0.002282967588329103,0.9971446769482261,0.9971457475254322,0.9971457475254322,nan
48,0.75,0.75,0.477464829275686,1.5707963267948966,0.08333333333333333,24,7,0,numpy_PCG64_SeedSequence,lowpass,12.0,24.0,1152,48,0.0022895048643454172,0.002289502406237636,0.002289502406237636,0.0022649985400148244,0.0022649985400148244,0.9892962339970396,0.9892972961478214,0.9892972961478214,nan
48,0.75,0.75,0.477464829275686,1.5707963267948966,0.08333333333333333,24,123,0,numpy_PCG64_SeedSequence,lowpass,12.0,24.0,1152,48,0.0022895048643454172,0.002289502406237636,0.002289502406237636,0.0022236697288919834,0.0022236697288919834,0.971244815209311,0.9712458579793168,0.9712458579793168,nan
48,0.75,0.75,0.477464829275686,1.5707963267948966,0.08333333333333333,24,42,0,numpy_PCG64_SeedSequence,lowpass,16.0,24.0,1152,48,0.0022895048643454172,0.002289502406237636,0.002289502406237637,0.002270389254509108,0.002270389254509108,0.9916507668823956,0.9916518315611043,0.9916518315611046,nan
48,0.75,0.75,0.477464829275686,1.5707963267948966,0.08333333333333333,24,7,0,numpy_PCG64_SeedSequence,lowpass,16.0,24.0,1152,48,0.0022895048643454172,0.002289502406237636,0.002289502406237637,0.002284764493160531,0.002284764493160531,0.9979295212433447,0.9979305926631927,0.9979305926631932,nan
48,0.75,0.75,0.477464829275686,1.5707963267948966,0.08333333333333333,24,123,0,numpy_PCG64_SeedSequence,lowpass,16.0,24.0,1152,48,0.0022895048643454172,0.002289502406237636,0.002289502406237637,0.0023036319938905237,0.0023036319938905237,1.0061703863420903,1.006171466609684,1.0061714666096844,nan
48,0.75,0.75,0.477464829275686,1.5707963267948966,0.08333333333333333,24,42,0,numpy_PCG64_SeedSequence,lowpass,24.0,24.0,1152,48,0.0022895048643454172,0.002289502406237636,0.002289502406237636,0.002309022708384807,0.002309022708384807,1.0085249192274461,1.0085260020229674,1.0085260020229674,nan
48,0.75,0.75,0.477464829275686,1.5707963267948966,0.08333333333333333,24,7,0,numpy_PCG64_SeedSequence,lowpass,24.0,24.0,1152,48,0.0022895048643454172,0.002289502406237636,0.002289502406237636,0.002283866040744817,0.002283866040744817,0.9975370990957854,0.9975381700943127,0.9975381700943127,nan
48,0.75,0.75,0.477464829275686,1.5707963267948966,0.08333333333333333,24,123,0,numpy_PCG64_SeedSequence,lowpass,24.0,24.0,1152,48,0.0022895048643454172,0.002289502406237636,0.002289502406237636,0.0023233979470362303,0.0023233979470362303,1.0148036735883954,1.014804763125056,1.014804763125056,nan
64,0.5,0.5,0.3183098861837907,1.5707963267948966,0.0625,24,42,0,numpy_PCG64_SeedSequence,lowpass,1.25,32.0,1536,64,0.0007180440544312263,0.0010000565498271426,0.0007191676396882237,0.0007263913956463999,0.0007263913956463999,1.0116251101358755,1.0100446065138693,0.7263503206613215,nan
64,0.5,0.5,0.3183098861837907,1.5707963267948966,0.0625,24,7,0,numpy_PCG64_SeedSequence,lowpass,1.25,32.0,1536,64,0.0007180440544312263,0.0010000565498271426,0.0007191676396882237,0.000712247474173452,0.000712247474173452,0.9919272637632717,0.9903775348988565,0.7122071989794599,nan
64,0.5,0.5,0.3183098861837907,1.5707963267948966,0.0625,24,123,0,numpy_PCG64_SeedSequence,lowpass,1.25,32.0,1536,64,0.0007180440544312263,0.0010000565498271426,0.0007191676396882237,0.0007309376561198476,0.0007309376561198476,1.0179565607556413,1.0163661652472662,0.7308963240590628,nan
64,0.5,0.5,0.3183098861837907,1.5707963267948966,0.0625,24,42,0,numpy_PCG64_SeedSequence,lowpass,1.5,32.0,1536,64,0.0008839498417762919,0.0010000565498271426,0.0008856932163155987,0.0008986441535848022,0.0008986441535848022,1.0166234678870265,1.0146223737865785,0.8985933382868506,nan
64,0.5,0.5,0.3183098861837907,1.5707963267948966,0.0625,24,7,0,numpy_PCG64_SeedSequence,lowpass,1.5,32.0,1536,64,0.0008839498417762919,0.0010000565498271426,0.0008856932163155987,0.0008824796719014331,0.0008824796719014331,0.9983368175371755,0.9963717183840093,0.8824297706504373,nan
64,0.5,0.5,0.3183098861837907,1.5707963267948966,0.0625,24,123,0,numpy_PCG64_SeedSequence,lowpass,1.5,32.0,1536,64,0.0008839498417762919,0.0010000565498271426,0.0008856932163155987,0.0008819745318488278,0.0008819745318488278,0.9977653597137427,0.9958013854026789,0.8819246591617994,nan
64,0.5,0.5,0.3183098861837907,1.5707963267948966,0.0625,24,42,0,numpy_PCG64_SeedSequence,lowpass,1.75,32.0,1536,64,0.0009704573149767983,0.0010000565498271426,0.0009709728680385406,0.0009627969402656734,0.0009627969402656734,0.9921064279768883,0.9915796537246366,0.9627424973438657,nan
64,0.5,0.5,0.3183098861837907,1.5707963267948966,0.0625,24,7,0,numpy_PCG64_SeedSequence,lowpass,1.75,32.0,1536,64,0.0009704573149767983,0.0010000565498271426,0.0009709728680385406,0.0009491581588453306,0.0009491581588453306,0.9780524544431128,0.9775331423654733,0.949104487150642,nan
64,0.5,0.5,0.3183098861837907,1.5707963267948966,0.0625,24,123,0,numpy_PCG64_SeedSequence,lowpass,1.75,32.0,1536,64,0.0009704573149767983,0.0010000565498271426,0.0009709728680385406,0.0009784562818964371,0.0009784562818964371,1.0082424716638156,1.0077071297296016,0.978400953491641,nan
64,0.5,0.5,0.3183098861837907,1.5707963267948966,0.0625,24,42,0,numpy_PCG64_SeedSequence,lowpass,2.0,32.0,1536,64,0.0009957851209022833,0.0010000565498271426,0.0009959175925133765,0.000972899741317779,0.000972899741317779,0.9770177530230942,0.9768877953671771,0.972844727116624,nan
64,0.5,0.5,0.3183098861837907,1.5707963267948966,0.0625,24,7,0,numpy_PCG64_SeedSequence,lowpass,2.0,32.0,1536,64,0.0009957851209022833,0.0010000565498271426,0.0009959175925133765,0.00099209506331678,0.00099209506331678,0.9962943234358033,0.9961618017139854,0.9920389636848648,nan
64,0.5,0.5,0.3183098861837907,1.5707963267948966,0.0625,24,123,0,numpy_PCG64_SeedSequence,lowpass,2.0,32.0,1536,64,0.0009957851209022833,0.0010000565498271426,0.0009959175925133765,0.0009739100214229896,0.0009739100214229896,0.9780323093606053,0.9779022167538512,0.9738549500938998,nan
64,0.5,0.5,0.3183098861837907,1.5707963267948966,0.0625,24,42,0,numpy_PCG64_SeedSequence,lowpass,2.5,32.0,1536,64,0.0010000436679983551,0.0010000565498271426,0.0010000438624151247,0.0009961361837376222,0.0009961361837376222,0.9960926863638325,0.9960924927152042,0.9960798555939682,nan
64,0.5,0.5,0.3183098861837907,1.5707963267948966,0.0625,24,7,0,numpy_PCG64_SeedSequence,lowpass,2.5,32.0,1536,64,0.0010000436679983551,0.0010000565498271426,0.0010000438624151247,0.0010057338447371227,0.0010057338447371227,1.0056899282709892,1.005689732756578,1.0056769738780886,nan
64,0.5,0.5,0.3183098861837907,1.5707963267948966,0.0625,24,123,0,numpy_PCG64_SeedSequence,lowpass,2.5,32.0,1536,64,0.0010000436679983551,0.0010000565498271426,0.0010000438624151247,0.0009996721641058592,0.0009996721641058592,0.999628512329627,0.999628317993605,0.9996156360144335,nan
64,0.5,0.5,0.3183098861837907,1.5707963267948966,0.0625,24,42,0,numpy_PCG64_SeedSequence,lowpass,3.0,32.0,1536,64,0.0010000567802849077,0.0010000565498271426,0.0010000565467269214,0.0010037132845267015,0.0010037132845267015,1.003656296636229,1.0036565310349181,1.0036565279235368,nan
64,0.5,0.5,0.3183098861837907,1.5707963267948966,0.0625,24,7,0,numpy_PCG64_SeedSequence,lowpass,3.0,32.0,1536,64,0.0010000567802849077,0.0010000565498271426,0.0010000565467269214,0.0009981567439480434,0.0009981567439480434,0.9981000715416148,0.9981003046426766,0.9981003015485198,nan
64,0.5,0.5,0.3183098861837907,1.5707963267948966,0.0625,24,123,0,numpy_PCG64_SeedSequence,lowpass,3.0,32.0,1536,64,0.0010000567802849077,0.0010000565498271426,0.0010000565467269214,0.0010112903853157808,0.0010112903853157808,1.011232967219794,1.011233203387975,1.0112332002531055,nan
64,0.5,0.5,0.3183098861837907,1.5707963267948966,0.0625,24,42,0,numpy_PCG64_SeedSequence,lowpass,4.0,32.0,1536,64,0.0010000567836369071,0.0010000565498271426,0.0010000565498271424,0.0010128058054735965,0.0010128058054735965,1.012748297941968,1.0127485347190195,1.0127485347190193,nan
64,0.5,0.5,0.3183098861837907,1.5707963267948966,0.0625,24,7,0,numpy_PCG64_SeedSequence,lowpass,4.0,32.0,1536,64,0.0010000567836369071,0.0010000565498271426,0.0010000565498271424,0.0010001773041584644,0.0010001773041584644,1.0001205136783522,1.0001207475030716,1.0001207475030713,nan
64,0.5,0.5,0.3183098861837907,1.5707963267948966,0.0625,24,123,0,numpy_PCG64_SeedSequence,lowpass,4.0,32.0,1536,64,0.0010000567836369071,0.0010000565498271426,0.0010000565498271424,0.0010016927243162803,0.0010016927243162803,1.0016358477899863,1.0016360819689853,1.0016360819689851,nan
64,0.5,0.5,0.3183098861837907,1.5707963267948966,0.0625,24,42,0,numpy_PCG64_SeedSequence,lowpass,6.0,32.0,1536,64,0.0010000567836369071,0.0010000565498271426,0.0010000565498271424,0.0009961361837376222,0.0009961361837376222,0.9960796227139954,0.9960798555939684,0.9960798555939682,nan
64,0.5,0.5,0.3183098861837907,1.5707963267948966,0.0625,24,7,0,numpy_PCG64_SeedSequence,lowpass,6.0,32.0,1536,64,0.0010000567836369071,0.0010000565498271426,0.0010000565498271424,0.0009865385227381218,0.0009865385227381218,0.9864825066736476,0.9864827373098479,0.9864827373098477,nan
64,0.5,0.5,0.3183098861837907,1.5707963267948966,0.0625,24,123,0,numpy_PCG64_SeedSequence,lowpass,6.0,32.0,1536,64,0.0010000567836369071,0.0010000565498271426,0.0010000565498271424,0.0009850231025803058,0.0009850231025803058,0.9849671725620136,0.9849674028439341,0.9849674028439339,nan
64,0.5,0.5,0.3183098861837907,1.5707963267948966,0.0625,24,42,0,numpy_PCG64_SeedSequence,lowpass,8.0,32.0,1536,64,0.0010000567836369071,0.0010000565498271426,0.0010000565498271424,0.0010077544049475436,0.0010077544049475436,1.0076971842365217,1.0076974198326403,1.00769741983264,nan
64,0.5,0.5,0.3183098861837907,1.5707963267948966,0.0625,24,7,0,numpy_PCG64_SeedSequence,lowpass,8.0,32.0,1536,64,0.0010000567836369071,0.0010000565498271426,0.0010000565498271424,0.0010309908473673868,0.0010309908473673868,1.0309323072815744,1.0309325483099845,1.0309325483099843,nan
64,0.5,0.5,0.3183098861837907,1.5707963267948966,0.0625,24,123,0,numpy_PCG64_SeedSequence,lowpass,8.0,32.0,1536,64,0.0010000567836369071,0.0010000565498271426,0.0010000565498271424,0.0009966413237902274,0.0009966413237902274,0.99658473408454,0.9965849670826061,0.996584967082606,nan
64,0.5,0.5,0.3183098861837907,1.5707963267948966,0.0625,24,42,0,numpy_PCG64_SeedSequence,lowpass,12.0,32.0,1536,64,0.0010000567836369071,0.0010000565498271426,0.0010000565498271424,0.0009971464638428328,0.0009971464638428328,0.9970898454550847,0.9970900785712442,0.997090078571244,nan
64,0.5,0.5,0.3183098861837907,1.5707963267948966,0.0625,24,7,0,numpy_PCG64_SeedSequence,lowpass,12.0,32.0,1536,64,0.0010000567836369071,0.0010000565498271426,0.0010000565498271424,0.0009966413237902274,0.0009966413237902274,0.99658473408454,0.9965849670826061,0.996584967082606,nan
64,0.5,0.5,0.3183098861837907,1.5707963267948966,0.0625,24,123,0,numpy_PCG64_SeedSequence,lowpass,12.0,32.0,1536,64,0.0010000567836369071,0.0010000565498271426,0.0010000565498271424,0.0010284651471043605,0.0010284651471043605,1.0284067504288512,1.028406990866795,1.0284069908667948,nan
64,0.5,0.5,0.3183098861837907,1.5707963267948966,0.0625,24,42,0,numpy_PCG64_SeedSequence,lowpass,16.0,32.0,1536,64,0.0010000567836369071,0.0010000565498271426,0.0010000565498271424,0.0009840128224750952,0.0009840128224750952,0.9839569498209243,0.9839571798666582,0.983957179866658,nan
64,0.5,0.5,0.3183098861837907,1.5707963267948966,0.0625,24,7,0,numpy_PCG64_SeedSequence,lowpass,16.0,32.0,1536,64,0.0010000567836369071,0.0010000565498271426,0.0010000565498271424,0.001008259545000149,0.001008259545000149,1.0082022956070664,1.0082025313212784,1.0082025313212781,nan
64,0.5,0.5,0.3183098861837907,1.5707963267948966,0.0625,24,123,0,numpy_PCG64_SeedSequence,lowpass,16.0,32.0,1536,64,0.0010000567836369071,0.0010000565498271426,0.0010000565498271424,0.0009809819821594637,0.0009809819821594637,0.9809262815976568,0.980926510934831,0.9809265109348307,nan
64,0.5,0.5,0.3183098861837907,1.5707963267948966,0.0625,24,42,0,numpy_PCG64_SeedSequence,lowpass,24.0,32.0,1536,64,0.0010000567836369071,0.0010000565498271426,0.0010000565498271424,0.0010042184245793067,0.0010042184245793067,1.0041614046427092,1.0041616394121748,1.0041616394121746,nan
64,0.5,0.5,0.3183098861837907,1.5707963267948966,0.0625,24,7,0,numpy_PCG64_SeedSequence,lowpass,24.0,32.0,1536,64,0.0010000567836369071,0.0010000565498271426,0.0010000565498271424,0.001002703004421491,0.001002703004421491,1.0026460705310756,1.0026463049462613,1.002646304946261,nan
64,0.5,0.5,0.3183098861837907,1.5707963267948966,0.0625,24,123,0,numpy_PCG64_SeedSequence,lowpass,24.0,32.0,1536,64,0.0010000567836369071,0.0010000565498271426,0.0010000565498271424,0.0009875488028433324,0.0009875488028433324,0.9874927294147369,0.9874929602871239,0.9874929602871236,nan
64,0.5,0.5,0.3183098861837907,1.5707963267948966,0.0625,24,42,0,numpy_PCG64_SeedSequence,lowpass,32.0,32.0,1536,64,0.0010000567836369071,0.0010000565498271426,0.0010000565498271424,0.0010234137465783076,0.0010234137465783076,1.023355636723405,1.0233558759804158,1.0233558759804156,nan
64,0.5,0.5,0.3183098861837907,1.5707963267948966,0.0625,24,7,0,numpy_PCG64_SeedSequence,lowpass,32.0,32.0,1536,64,0.0010000567836369071,0.0010000565498271426,0.0010000565498271424,0.000999167024053254,0.000999167024053254,0.9991102909372632,0.9991105245257959,0.9991105245257956,nan
64,0.5,0.5,0.3183098861837907,1.5707963267948966,0.0625,24,123,0,numpy_PCG64_SeedSequence,lowpass,32.0,32.0,1536,64,0.0010000567836369071,0.0010000565498271426,0.0010000565498271424,0.0009981567439480434,0.0009981567439480434,0.9981000681961739,0.99810030154852,0.9981003015485198,nan
64,0.75,0.75,0.477464829275686,1.5707963267948966,0.0625,24,42,0,numpy_PCG64_SeedSequence,lowpass,1.25,32.0,1536,64,0.000670048422125639,0.0012878451035086703,0.0006712939495502502,0.0006470844073873702,0.0006470844073873702,0.9657278280494735,0.9639360042212509,0.5024551521176116,nan
64,0.75,0.75,0.477464829275686,1.5707963267948966,0.0625,24,7,0,numpy_PCG64_SeedSequence,lowpass,1.25,32.0,1536,64,0.000670048422125639,0.0012878451035086703,0.0006712939495502502,0.0006561769283342653,0.0006561769283342653,0.9792977741110587,0.9774807724304488,0.5095154118663369,nan
64,0.75,0.75,0.477464829275686,1.5707963267948966,0.0625,24,123,0,numpy_PCG64_SeedSequence,lowpass,1.25,32.0,1536,64,0.000670048422125639,0.0012878451035086703,0.0006712939495502502,0.0006748671102806609,0.0006748671102806609,1.007191552126539,1.005322795971578,0.5240281680164942,nan
64,0.75,0.75,0.477464829275686,1.5707963267948966,0.0625,24,42,0,numpy_PCG64_SeedSequence,lowpass,1.5,32.0,1536,64,0.0008849164355477663,0.0012878451035086703,0.0008876971281826637,0.0008865207923222753,0.0008865207923222753,1.0018130037030173,0.9986748454815927,0.6883753255007091,nan
64,0.75,0.75,0.477464829275686,1.5707963267948966,0.0625,24,7,0,numpy_PCG64_SeedSequence,lowpass,1.5,32.0,1536,64,0.0008849164355477663,0.0012878451035086703,0.0008876971281826637,0.0009112726548999343,0.0009112726548999343,1.0297838510998538,1.0265580747856373,0.70759492148335,nan
64,0.75,0.75,0.477464829275686,1.5707963267948966,0.0625,24,123,0,numpy_PCG64_SeedSequence,lowpass,1.5,32.0,1536,64,0.0008849164355477663,0.0012878451035086703,0.0008876971281826637,0.0008617689297446163,0.0008617689297446163,0.973842156306181,0.9707916161775483,0.6691557295180682,nan
64,0.75,0.75,0.477464829275686,1.5707963267948966,0.0625,24,42,0,numpy_PCG64_SeedSequence,lowpass,1.75,32.0,1536,64,0.0010664736681278014,0.0012878451035086703,0.0010681039292925612,0.0010547324298398352,0.0010547324298398352,0.9889905971062765,0.9874810876675808,0.8189901308521257,nan
64,0.75,0.75,0.477464829275686,1.5707963267948966,0.0625,24,7,0,numpy_PCG64_SeedSequence,lowpass,1.75,32.0,1536,64,0.0010664736681278014,0.0012878451035086703,0.0010681039292925612,0.0011027207348373374,0.0011027207348373374,1.03398777465661,1.0324095854302342,0.8562526128592867,nan
64,0.75,0.75,0.477464829275686,1.5707963267948966,0.0625,24,123,0,numpy_PCG64_SeedSequence,lowpass,1.75,32.0,1536,64,0.0010664736681278014,0.0012878451035086703,0.0010681039292925612,0.0010729174717336255,0.0010729174717336255,1.00604215912535,1.0045066236618494,0.8331106503495761,nan
64,0.75,0.75,0.477464829275686,1.5707963267948966,0.0625,24,42,0,numpy_PCG64_SeedSequence,lowpass,2.0,32.0,1536,64,0.0011888139068983816,0.0012878451035086703,0.0011900871379078885,0.0011739454822546826,0.0011739454822546826,0.987493059630762,0.986436576668174,0.9115579808909675,nan
64,0.75,0.75,0.477464829275686,1.5707963267948966,0.0625,24,7,0,numpy_PCG64_SeedSequence,lowpass,2.0,32.0,1536,64,0.0011888139068983816,0.0012878451035086703,0.0011900871379078885,0.0011759660424651036,0.0011759660424651036,0.9891927034511245,0.9881344021013376,0.9131269275017952,nan
64,0.75,0.75,0.477464829275686,1.5707963267948966,0.0625,24,123,0,numpy_PCG64_SeedSequence,lowpass,2.0,32.0,1536,64,0.0011888139068983816,0.0012878451035086703,0.0011900871379078885,0.0011734403422020772,0.0011734403422020772,0.9870681486756712,0.986012120309883,0.9111657442382605,nan
64,0.75,0.75,0.477464829275686,1.5707963267948966,0.0625,24,42,0,numpy_PCG64_SeedSequence,lowpass,2.5,32.0,1536,64,0.0012787692532814194,0.0012878451035086703,0.0012788910103897805,0.0013047767558794514,0.0013047767558794514,1.0203379167361857,1.020240775233678,1.0131472739420693,nan
64,0.75,0.75,0.477464829275686,1.5707963267948966,0.0625,24,7,0,numpy_PCG64_SeedSequence,lowpass,2.5,32.0,1536,64,0.0012787692532814194,0.0012878451035086703,0.0012788910103897805,0.001263355271565818,0.001263355271565818,0.987946236839799,0.9878521791945136,0.9809838684200989,nan
64,0.75,0.75,0.477464829275686,1.5707963267948966,0.0625,24,123,0,numpy_PCG64_SeedSequence,lowpass,2.5,32.0,1536,64,0.0012787692532814194,0.0012878451035086703,0.0012788910103897805,0.0012628501315132127,0.0012628501315132127,0.9875512163532576,0.9874571963159872,0.9805916317673918,nan
64,0.75,0.75,0.477464829275686,1.5707963267948966,0.0625,24,42,0,numpy_PCG64_SeedSequence,lowpass,3.0,32.0,1536,64,0.0012875717004781537,0.0012878451035086703,0.001287579424857704,0.0013062921760372671,0.0013062921760372671,1.0145393654987613,1.014533279126941,1.01432398390019,nan
64,0.75,0.75,0.477464829275686,1.5707963267948966,0.0625,24,7,0,numpy_PCG64_SeedSequence,lowpass,3.0,32.0,1536,64,0.0012875717004781537,0.0012878451035086703,0.001287579424857704,0.0013401365595618214,0.0013401365595618214,1.040824801495829,1.0408185574337876,1.0406038396315562,nan
64,0.75,0.75,0.477464829275686,1.5707963267948966,0.0625,24,123,0,numpy_PCG64_SeedSequence,lowpass,3.0,32.0,1536,64,0.0012875717004781537,0.0012878451035086703,0.001287579424857704,0.001304271615826846,0.001304271615826846,1.0129700857377422,1.0129640087802636,1.0127550372893623,nan
64,0.75,0.75,0.477464829275686,1.5707963267948966,0.0625,24,42,0,numpy_PCG64_SeedSequence,lowpass,4.0,32.0,1536,64,0.0012878464782431303,0.0012878451035086703,0.001287845095802411,0.0012820454535122136,0.0012820454535122136,0.995495561909809,0.995496630527149,0.9954966245702562,nan
64,0.75,0.75,0.477464829275686,1.5707963267948966,0.0625,24,7,0,numpy_PCG64_SeedSequence,lowpass,4.0,32.0,1536,64,0.0012878464782431303,0.0012878451035086703,0.001287845095802411,0.001242139389356396,0.001242139389356396,0.9645088994232547,0.9645099347778799,0.9645099290064066,nan
64,0.75,0.75,0.477464829275686,1.5707963267948966,0.0625,24,123,0,numpy_PCG64_SeedSequence,lowpass,4.0,32.0,1536,64,0.0012878464782431303,0.0012878451035086703,0.001287845095802411,0.0012800248933017924,0.0012800248933017924,0.9939266169737809,0.9939276839069328,0.9939276779594284,nan
64,0.75,0.75,0.477464829275686,1.5707963267948966,0.0625,24,42,0,numpy_PCG64_SeedSequence,lowpass,6.0,32.0,1536,64,0.001287846486194297,0.0012878451035086703,0.0012878451035086703,0.0013133641367737412,0.0013133641367737412,1.019814202121909,1.0198152970380876,1.0198152970380876,nan
64,0.75,0.75,0.477464829275686,1.5707963267948966,0.0625,24,7,0,numpy_PCG64_SeedSequence,lowpass,6.0,32.0,1536,64,0.001287846486194297,0.0012878451035086703,0.0012878451035086703,0.0012790146131965818,0.0012790146131965818,0.9931421383741053,0.9931432046540145,0.9931432046540145,nan
64,0.75,0.75,0.477464829275686,1.5707963267948966,0.0625,24,123,0,numpy_PCG64_SeedSequence,lowpass,6.0,32.0,1536,64,0.001287846486194297,0.0012878451035086703,0.0012878451035086703,0.0012886122741960822,0.0012886122741960822,1.000594626774227,1.0005957010554467,1.0005957010554467,nan
64,0.75,0.75,0.477464829275686,1.5707963267948966,0.0625,24,42,0,numpy_PCG64_SeedSequence,lowpass,8.0,32.0,1536,64,0.001287846486194297,0.0012878451035086703,0.001287845103508671,0.0013012407755112144,0.0013012407755112144,1.0104005325638608,1.01040161737312,1.0104016173731207,nan
64,0.75,0.75,0.477464829275686,1.5707963267948966,0.0625,24,7,0,numpy_PCG64_SeedSequence,lowpass,8.0,32.0,1536,64,0.001287846486194297,0.0012878451035086703,0.001287845103508671,0.001277499193038766,0.001277499193038766,0.9919654296793492,0.9919664946958932,0.9919664946958937,nan
64,0.75,0.75,0.477464829275686,1.5707963267948966,0.0625,24,123,0,numpy_PCG64_SeedSequence,lowpass,8.0,32.0,1536,64,0.001287846486194297,0.0012878451035086703,0.001287845103508671,0.0012567884508819492,0.0012567884508819492,0.9758837441843498,0.9758847919349078,0.9758847919349083,nan
64,0.75,0.75,0.477464829275686,1.5707963267948966,0.0625,24,42,0,numpy_PCG64_SeedSequence,lowpass,12.0,32.0,1536,64,0.001287846486194297,0.0012878451035086703,0.0012878451035086703,0.0012896225543012928,0.0012896225543012928,1.0013790992373977,1.0013801743608606,1.0013801743608606,nan
64,0.75,0.75,0.477464829275686,1.5707963267948966,0.0625,24,7,0,numpy_PCG64_SeedSequence,lowpass,12.0,32.0,1536,64,0.001287846486194297,0.0012878451035086703,0.0012878451035086703,0.001261334711355397,0.001261334711355397,0.979413870268618,0.979414921809271,0.979414921809271,nan
64,0.75,0.75,0.477464829275686,1.5707963267948966,0.0625,24,123,0,numpy_PCG64_SeedSequence,lowpass,12.0,32.0,1536,64,0.001287846486194297,0.0012878451035086703,0.0012878451035086703,0.0012881071341434768,0.0012881071341434768,1.0002023905426414,1.0002034644027396,1.0002034644027396,nan
64,0.75,0.75,0.477464829275686,1.5707963267948966,0.0625,24,42,0,numpy_PCG64_SeedSequence,lowpass,16.0,32.0,1536,64,0.001287846486194297,0.0012878451035086703,0.001287845103508671,0.0012855814338804505,0.0012855814338804505,0.9982412093847147,0.9982422811392044,0.9982422811392049,nan
64,0.75,0.75,0.477464829275686,1.5707963267948966,0.0625,24,7,0,numpy_PCG64_SeedSequence,lowpass,16.0,32.0,1536,64,0.001287846486194297,0.0012878451035086703,0.001287845103508671,0.0013012407755112144,0.0013012407755112144,1.0104005325638608,1.01040161737312,1.0104016173731207,nan
64,0.75,0.75,0.477464829275686,1.5707963267948966,0.0625,24,123,0,numpy_PCG64_SeedSequence,lowpass,16.0,32.0,1536,64,0.001287846486194297,0.0012878451035086703,0.001287845103508671,0.001309323016352899,0.001309323016352899,1.0166763122692262,1.0166774038164315,1.016677403816432,nan
64,0.75,0.75,0.477464829275686,1.5707963267948966,0.0625,24,42,0,numpy_PCG64_SeedSequence,lowpass,24.0,32.0,1536,64,0.001287846486194297,0.0012878451035086703,0.0012878451035086703,0.0012673963919866602,0.0012673963919866602,0.9841207050476422,0.9841217616417545,0.9841217616417545,nan
64,0.75,0.75,0.477464829275686,1.5707963267948966,0.0625,24,7,0,numpy_PCG64_SeedSequence,lowpass,24.0,32.0,1536,64,0.001287846486194297,0.0012878451035086703,0.0012878451035086703,0.0012583038710397652,0.0012583038710397652,0.9770604528791059,0.9770615018930293,0.9770615018930293,nan
64,0.75,0.75,0.477464829275686,1.5707963267948966,0.0625,24,123,0,numpy_PCG64_SeedSequence,lowpass,24.0,32.0,1536,64,0.001287846486194297,0.0012878451035086703,0.0012878451035086703,0.001300735635458609,0.001300735635458609,1.0100082963322752,1.0100093807204136,1.0100093807204136,nan
64,0.75,0.75,0.477464829275686,1.5707963267948966,0.0625,24,42,0,numpy_PCG64_SeedSequence,lowpass,32.0,32.0,1536,64,0.001287846486194297,0.0012878451035086703,0.001287845103508671,0.00128457115377524,0.00128457115377524,0.997456736921544,0.9974578078337905,0.997457807833791,nan
64,0.75,0.75,0.477464829275686,1.5707963267948966,0.0625,24,7,0,numpy_PCG64_SeedSequence,lowpass,32.0,32.0,1536,64,0.001287846486194297,0.0012878451035086703,0.001287845103508671,0.0012946739548273458,0.0012946739548273458,1.0053014615532512,1.0053025408879297,1.0053025408879301,nan
64,0.75,0.75,0.477464829275686,1.5707963267948966,0.0625,24,123,0,numpy_PCG64_SeedSequence,lowpass,32.0,32.0,1536,64,0.001287846486194297,0.0012878451035086703,0.001287845103508671,0.001252747330461107,0.001252747330461107,0.9727458543316672,0.9727468987132523,0.9727468987132528,nan
