p_pixels_per_wavelength,sigma_exp_rad_per_pixel_at_P4,sigma_physical,sigma_over_k0,kappa0_physical,dx_physical,physical_box_wavelengths,seed,realization,rng_route,n,n_physical_kappa0,nyquist_over_k0,margin_pixels,roi_cells,spectral_prediction_discrete_cell,spectral_prediction_cont_full_cell,spectral_prediction_cont_trunc_cell,spectral_prediction_discrete_physical,spectral_prediction_cont_full_physical,spectral_prediction_cont_trunc_physical,spectrum_power_sum,spectrum_power_above_nyquist_master_reference,winding_density,winding_abs_density,winding_plus_density,winding_minus_density,winding_charge_sum_density,winding_charge_imbalance,winding_abs_charge_max,winding_zero_vertex_samples,winding_edge_phase_max_abs,ratio_discrete,ratio_cont_full,ratio_cont_trunc,ratio_abs_discrete,ratio_abs_cont_full,fd_forward_prediction_cell,fd_central_prediction_cell,fd_forward_over_discrete,fd_central_over_discrete
4,0.1,0.1,0.06366197723675814,1.5707963267948966,1.0,24,42,0,numpy_PCG64_SeedSequence,96,4.0,2.0,4,7569,0.19873686499574048,0.19873686499574048,0.1987368649957405,0.19873686499574048,0.19873686499574048,0.1987368649957405,577.5271544749827,,0.20214030915576695,0.20214030915576695,0.10159862597436914,0.1005416831813978,0.0010569427929713305,0.00522875816993464,1.0,0.0,3.1412640874586777,1.0171253791293298,1.0171253791293298,1.0171253791293295,1.0171253791293298,1.0171253791293298,0.16613080237721198,0.10121865868948553,0.8359334961873967,0.5093099294469345
4,0.1,0.1,0.06366197723675814,1.5707963267948966,1.0,24,42,1,numpy_PCG64_SeedSequence,96,4.0,2.0,4,7569,0.19873686499574048,0.19873686499574048,0.1987368649957405,0.19873686499574048,0.19873686499574048,0.1987368649957405,577.5271544749827,,0.20372572334522393,0.20372572334522393,0.10199497952173339,0.10173074382349055,0.0002642356982428326,0.0012970168612191958,1.0,0.0,3.1414250711083214,1.0251028330832852,1.0251028330832852,1.025102833083285,1.0251028330832852,1.0251028330832852,0.16934228017877292,0.1041344590089538,0.8520929430098559,0.5239815925001419
4,0.1,0.1,0.06366197723675814,1.5707963267948966,1.0,24,42,2,numpy_PCG64_SeedSequence,96,4.0,2.0,4,7569,0.19873686499574048,0.19873686499574048,0.1987368649957405,0.19873686499574048,0.19873686499574048,0.1987368649957405,577.5271544749827,,0.2034614876469811,0.2034614876469811,0.10159862597436914,0.10186286167261197,-0.0002642356982428326,0.0012987012987012987,1.0,0.0,3.141564889780239,1.0237732574242926,1.0237732574242926,1.0237732574242926,1.0237732574242926,1.0237732574242926,0.17163621814173496,0.10502621121977822,0.8636355320660495,0.5284686926204116
4,0.1,0.1,0.06366197723675814,1.5707963267948966,1.0,24,42,3,numpy_PCG64_SeedSequence,96,4.0,2.0,4,7569,0.19873686499574048,0.19873686499574048,0.1987368649957405,0.19873686499574048,0.19873686499574048,0.1987368649957405,577.5271544749827,,0.19566653454881755,0.19566653454881755,0.09789932619896947,0.09776720834984806,0.0001321178491214163,0.0006752194463200541,1.0,0.0,3.1411901254056,0.9845507754840114,0.9845507754840114,0.9845507754840112,0.9845507754840114,0.9845507754840114,0.17492290836321037,0.10651776762120342,0.8801734311697001,0.5359738749199169
4,0.1,0.1,0.06366197723675814,1.5707963267948966,1.0,24,7,0,numpy_PCG64_SeedSequence,96,4.0,2.0,4,7569,0.19873686499574048,0.19873686499574048,0.1987368649957405,0.19873686499574048,0.19873686499574048,0.1987368649957405,577.5271544749827,,0.20200819130664552,0.20200819130664552,0.10120227242700489,0.10080591887964065,0.00039635354736424893,0.001962066710268149,1.0,0.0,3.1413266801930155,1.0164605912998335,1.0164605912998335,1.0164605912998332,1.0164605912998335,1.0164605912998335,0.1703235752926959,0.10433543466353459,0.85703060323683,0.5249928575947438
4,0.1,0.1,0.06366197723675814,1.5707963267948966,1.0,24,7,1,numpy_PCG64_SeedSequence,96,4.0,2.0,4,7569,0.19873686499574048,0.19873686499574048,0.1987368649957405,0.19873686499574048,0.19873686499574048,0.1987368649957405,577.5271544749827,,0.1969877130400317,0.1969877130400317,0.09816356189721231,0.0988241511428194,-0.0006605892456070815,0.00335345405767941,1.0,0.0,3.141266956224507,0.9911986537789742,0.9911986537789742,0.9911986537789741,0.9911986537789742,0.9911986537789742,0.17208183986788164,0.10449692951923881,0.8658778021459173,0.5258054640314392
4,0.1,0.1,0.06366197723675814,1.5707963267948966,1.0,24,7,2,numpy_PCG64_SeedSequence,96,4.0,2.0,4,7569,0.19873686499574048,0.19873686499574048,0.1987368649957405,0.19873686499574048,0.19873686499574048,0.1987368649957405,577.5271544749827,,0.19870524507861012,0.19870524507861012,0.09961685823754789,0.09908838684106223,0.0005284713964856652,0.0026595744680851063,1.0,0.0,3.1414406284573926,0.9998408955624261,0.9998408955624261,0.999840895562426,0.9998408955624261,0.9998408955624261,0.1734179824200842,0.10452351798381093,0.8726009762899352,0.5259392513112813
4,0.1,0.1,0.06366197723675814,1.5707963267948966,1.0,24,7,3,numpy_PCG64_SeedSequence,96,4.0,2.0,4,7569,0.19873686499574048,0.19873686499574048,0.1987368649957405,0.19873686499574048,0.19873686499574048,0.1987368649957405,577.5271544749827,,0.2017439556084027,0.2017439556084027,0.10027744748315498,0.10146650812524773,-0.0011890606420927466,0.005893909626719057,1.0,0.0,3.1396300424168126,1.0151310156408409,1.0151310156408409,1.0151310156408406,1.0151310156408409,1.0151310156408409,0.17040611534855604,0.10387789933615586,0.8574459265632893,0.5226906409054116
4,0.1,0.1,0.06366197723675814,1.5707963267948966,1.0,24,123,0,numpy_PCG64_SeedSequence,96,4.0,2.0,4,7569,0.19873686499574048,0.19873686499574048,0.1987368649957405,0.19873686499574048,0.19873686499574048,0.1987368649957405,577.5271544749827,,0.19883736292773155,0.19883736292773155,0.09948474038842647,0.09935262253930506,0.0001321178491214163,0.000664451827242525,1.0,0.0,3.1413913303610683,1.0005056833919224,1.0005056833919224,1.0005056833919224,1.0005056833919224,1.0005056833919224,0.17933027076047872,0.10753559515947131,0.9023503050846772,0.5410953582355046
4,0.1,0.1,0.06366197723675814,1.5707963267948966,1.0,24,123,1,numpy_PCG64_SeedSequence,96,4.0,2.0,4,7569,0.19873686499574048,0.19873686499574048,0.1987368649957405,0.19873686499574048,0.19873686499574048,0.1987368649957405,577.5271544749827,,0.20914255515920202,0.20914255515920202,0.10529792574976879,0.10384462940943322,0.0014532963403355794,0.006948831332912192,1.0,0.0,3.141053055882599,1.0523591340926333,1.0523591340926333,1.0523591340926333,1.0523591340926333,1.0523591340926333,0.17067979592743346,0.10406139776622414,0.8588230267750859,0.5236139644673095
4,0.1,0.1,0.06366197723675814,1.5707963267948966,1.0,24,123,2,numpy_PCG64_SeedSequence,96,4.0,2.0,4,7569,0.19873686499574048,0.19873686499574048,0.1987368649957405,0.19873686499574048,0.19873686499574048,0.1987368649957405,577.5271544749827,,0.204386312590831,0.204386312590831,0.10331615801294755,0.10107015457788347,0.002246003435064077,0.01098901098901099,1.0,0.0,3.1412837336461923,1.0284267722307667,1.0284267722307667,1.0284267722307665,1.0284267722307667,1.0284267722307667,0.17264691656713635,0.10471592251933694,0.8687211432606461,0.5269073884283186
4,0.1,0.1,0.06366197723675814,1.5707963267948966,1.0,24,123,3,numpy_PCG64_SeedSequence,96,4.0,2.0,4,7569,0.19873686499574048,0.19873686499574048,0.1987368649957405,0.19873686499574048,0.19873686499574048,0.1987368649957405,577.5271544749827,,0.20689655172413793,0.20689655172413793,0.10278768661646188,0.10410886510767604,-0.001321178491214163,0.006385696040868455,1.0,0.0,3.141511766065756,1.0410577409911963,1.0410577409911963,1.041057740991196,1.0410577409911963,1.0410577409911963,0.17333670739347526,0.10582877759060555,0.8721920183111995,0.5325070292966219
4,0.1,0.1,0.06366197723675814,1.5707963267948966,1.0,24,2023,0,numpy_PCG64_SeedSequence,96,4.0,2.0,4,7569,0.19873686499574048,0.19873686499574048,0.1987368649957405,0.19873686499574048,0.19873686499574048,0.1987368649957405,577.5271544749827,,0.1938168846611177,0.1938168846611177,0.09697450125511957,0.09684238340599816,0.0001321178491214163,0.0006816632583503749,1.0,0.0,3.140724107230726,0.9752437458710631,0.9752437458710631,0.975243745871063,0.9752437458710631,0.9752437458710631,0.17317306569610577,0.10514186420191231,0.8713686094415215,0.5290506328766221
4,0.1,0.1,0.06366197723675814,1.5707963267948966,1.0,24,2023,1,numpy_PCG64_SeedSequence,96,4.0,2.0,4,7569,0.19873686499574048,0.19873686499574048,0.1987368649957405,0.19873686499574048,0.19873686499574048,0.1987368649957405,577.5271544749827,,0.20782137666798783,0.20782137666798783,0.10437310080591888,0.10344827586206896,0.0009248249438499141,0.004450095359186269,1.0,0.0,3.1410419802588887,1.0457112557976702,1.0457112557976702,1.0457112557976702,1.0457112557976702,1.0457112557976702,0.17088750169469097,0.10387405100263172,0.8598681563098703,0.5226712769412865
4,0.1,0.1,0.06366197723675814,1.5707963267948966,1.0,24,2023,2,numpy_PCG64_SeedSequence,96,4.0,2.0,4,7569,0.19873686499574048,0.19873686499574048,0.1987368649957405,0.19873686499574048,0.19873686499574048,0.1987368649957405,577.5271544749827,,0.19645924164354606,0.19645924164354606,0.09829567974633373,0.09816356189721231,0.0001321178491214163,0.0006724949562878278,1.0,0.0,3.1412570021329764,0.9885395024609891,0.9885395024609891,0.988539502460989,0.9885395024609891,0.9885395024609891,0.17269529810091544,0.10472598975601868,0.8689645884502446,0.5269580445392619
4,0.1,0.1,0.06366197723675814,1.5707963267948966,1.0,24,2023,3,numpy_PCG64_SeedSequence,96,4.0,2.0,4,7569,0.19873686499574048,0.19873686499574048,0.1987368649957405,0.19873686499574048,0.19873686499574048,0.1987368649957405,577.5271544749827,,0.2067644338750165,0.2067644338750165,0.10331615801294755,0.10344827586206896,-0.0001321178491214163,0.0006389776357827476,1.0,0.0,3.1412647218669094,1.0403929531617,1.0403929531617,1.0403929531616998,1.0403929531617,1.0403929531617,0.16503903674180073,0.1010771885886397,0.8304399727012802,0.5085980831528468
4,0.1,0.1,0.06366197723675814,1.5707963267948966,1.0,24,314159,0,numpy_PCG64_SeedSequence,96,4.0,2.0,4,7569,0.19873686499574048,0.19873686499574048,0.1987368649957405,0.19873686499574048,0.19873686499574048,0.1987368649957405,577.5271544749827,,0.20095124851367419,0.20095124851367419,0.10027744748315498,0.10067380103051922,-0.00039635354736424893,0.0019723865877712033,1.0,0.0,3.141525630299425,1.011142288663863,1.011142288663863,1.0111422886638628,1.011142288663863,1.011142288663863,0.17448684626469546,0.10648675136059718,0.8779792630241764,0.5358178079486134
4,0.1,0.1,0.06366197723675814,1.5707963267948966,1.0,24,314159,1,numpy_PCG64_SeedSequence,96,4.0,2.0,4,7569,0.19873686499574048,0.19873686499574048,0.1987368649957405,0.19873686499574048,0.19873686499574048,0.1987368649957405,577.5271544749827,,0.20544325538380234,0.20544325538380234,0.10265556876734047,0.10278768661646188,-0.0001321178491214163,0.0006430868167202572,1.0,0.0,3.14154398275592,1.033745074866737,1.033745074866737,1.033745074866737,1.033745074866737,1.033745074866737,0.16682450589775116,0.10238487010800439,0.8394240590507791,0.5151780476671945
4,0.1,0.1,0.06366197723675814,1.5707963267948966,1.0,24,314159,2,numpy_PCG64_SeedSequence,96,4.0,2.0,4,7569,0.19873686499574048,0.19873686499574048,0.1987368649957405,0.19873686499574048,0.19873686499574048,0.1987368649957405,577.5271544749827,,0.2042541947417096,0.2042541947417096,0.10265556876734047,0.10159862597436914,0.0010569427929713305,0.00517464424320828,1.0,0.0,3.1403644336923002,1.0277619844012704,1.0277619844012704,1.0277619844012702,1.0277619844012704,1.0277619844012704,0.1747906563879615,0.10524535775825836,0.8795079684471615,0.5295713895885098
4,0.1,0.1,0.06366197723675814,1.5707963267948966,1.0,24,314159,3,numpy_PCG64_SeedSequence,96,4.0,2.0,4,7569,0.19873686499574048,0.19873686499574048,0.1987368649957405,0.19873686499574048,0.19873686499574048,0.1987368649957405,577.5271544749827,,0.19910159862597437,0.19910159862597437,0.10001321178491214,0.09908838684106223,0.0009248249438499141,0.0046449900464499,1.0,0.0,3.1415525990132687,1.001835259050915,1.001835259050915,1.0018352590509148,1.001835259050915,1.001835259050915,0.1699071010630908,0.104526407414472,0.8549349969203369,0.525953790288039
4,0.1,0.1,0.06366197723675814,1.5707963267948966,1.0,24,271828,0,numpy_PCG64_SeedSequence,96,4.0,2.0,4,7569,0.19873686499574048,0.19873686499574048,0.1987368649957405,0.19873686499574048,0.19873686499574048,0.1987368649957405,577.5271544749827,,0.2057074910820452,0.2057074910820452,0.10252345091821904,0.10318404016382614,-0.0006605892456070815,0.0032113037893384713,1.0,0.0,3.1414731611179167,1.0350746505257298,1.0350746505257298,1.0350746505257296,1.0350746505257298,1.0350746505257298,0.16705674788774708,0.10303050431548344,0.8405926494378766,0.5184267363666609
4,0.1,0.1,0.06366197723675814,1.5707963267948966,1.0,24,271828,1,numpy_PCG64_SeedSequence,96,4.0,2.0,4,7569,0.19873686499574048,0.19873686499574048,0.1987368649957405,0.19873686499574048,0.19873686499574048,0.1987368649957405,577.5271544749827,,0.2034614876469811,0.2034614876469811,0.1013343902761263,0.1021270973708548,-0.0007927070947284979,0.003896103896103896,1.0,0.0,3.1413160719934274,1.0237732574242926,1.0237732574242926,1.0237732574242926,1.0237732574242926,1.0237732574242926,0.17268412368067762,0.10528446026650702,0.8689083612362445,0.529768144771548
4,0.1,0.1,0.06366197723675814,1.5707963267948966,1.0,24,271828,2,numpy_PCG64_SeedSequence,96,4.0,2.0,4,7569,0.19873686499574048,0.19873686499574048,0.1987368649957405,0.19873686499574048,0.19873686499574048,0.1987368649957405,577.5271544749827,,0.20465054828907386,0.20465054828907386,0.1021270973708548,0.10252345091821904,-0.00039635354736424893,0.001936733376371853,1.0,0.0,3.1412835698491905,1.0297563478897593,1.0297563478897593,1.0297563478897591,1.0297563478897593,1.0297563478897593,0.16331619214638354,0.10037544743557099,0.8217709993054579,0.5050670766982378
4,0.1,0.1,0.06366197723675814,1.5707963267948966,1.0,24,271828,3,numpy_PCG64_SeedSequence,96,4.0,2.0,4,7569,0.19873686499574048,0.19873686499574048,0.1987368649957405,0.19873686499574048,0.19873686499574048,0.1987368649957405,577.5271544749827,,0.20478266613819526,0.20478266613819526,0.1021270973708548,0.10265556876734047,-0.0005284713964856652,0.0025806451612903226,1.0,0.0,3.1412799547977825,1.0304211357192556,1.0304211357192556,1.0304211357192554,1.0304211357192556,1.0304211357192556,0.16132124337798048,0.09992772047705337,0.8117328578240282,0.5028142135541642
4,0.25,0.25,0.15915494309189535,1.5707963267948966,1.0,24,42,0,numpy_PCG64_SeedSequence,96,4.0,2.0,4,7569,0.21127031672048285,0.21127031676338245,0.21127031656411124,0.21127031672048285,0.21127031676338245,0.21127031656411124,1443.8178860880512,,0.20768925881886643,0.20768925881886643,0.10358039371119038,0.10410886510767604,-0.0005284713964856652,0.002544529262086514,1.0,0.0,3.140845880462474,0.9830498767777479,0.9830498765781341,0.9830498775053517,0.9830498767777479,0.9830498765781341,0.17330168101847482,0.10065353483500741,0.8202840972106757,0.4764206178957697
4,0.25,0.25,0.15915494309189535,1.5707963267948966,1.0,24,42,1,numpy_PCG64_SeedSequence,96,4.0,2.0,4,7569,0.21127031672048285,0.21127031676338245,0.21127031656411124,0.21127031672048285,0.21127031676338245,0.21127031656411124,1443.8178860880512,,0.213898797727573,0.213898797727573,0.10661910424098296,0.10727969348659004,-0.0006605892456070815,0.0030883261272390363,1.0,0.0,3.1415679739169415,1.0124413171139783,1.0124413169083966,1.0124413178633362,1.0124413171139783,1.0124413169083966,0.17186509933343466,0.10006727801067583,0.8134843644922324,0.47364570453627863
4,0.25,0.25,0.15915494309189535,1.5707963267948966,1.0,24,42,2,numpy_PCG64_SeedSequence,96,4.0,2.0,4,7569,0.21127031672048285,0.21127031676338245,0.21127031656411124,0.21127031672048285,0.21127031676338245,0.21127031656411124,1443.8178860880512,,0.2140309155766944,0.2140309155766944,0.10675122209010438,0.10727969348659004,-0.0005284713964856652,0.0024691358024691358,1.0,0.0,3.1415060678045976,1.013066666908366,1.0130666667026573,1.0130666676581868,1.013066666908366,1.0130666667026573,0.176547039042507,0.10202737741936711,0.8356452614026426,0.4829233893484075
4,0.25,0.25,0.15915494309189535,1.5707963267948966,1.0,24,42,3,numpy_PCG64_SeedSequence,96,4.0,2.0,4,7569,0.21127031672048285,0.21127031676338245,0.21127031656411124,0.21127031672048285,0.21127031676338245,0.21127031656411124,1443.8178860880512,,0.204386312590831,0.204386312590831,0.10239133306909763,0.10199497952173339,0.00039635354736424893,0.0019392372333548805,1.0,0.0,3.140125079729621,0.9674161319180508,0.9674161317216116,0.9674161326340833,0.9674161319180508,0.9674161317216116,0.17204726706121987,0.09973623163029792,0.8143466140056187,0.47207877177678503
4,0.25,0.25,0.15915494309189535,1.5707963267948966,1.0,24,7,0,numpy_PCG64_SeedSequence,96,4.0,2.0,4,7569,0.21127031672048285,0.21127031676338245,0.21127031656411124,0.21127031672048285,0.21127031676338245,0.21127031656411124,1443.8178860880512,,0.21019949795217333,0.21019949795217333,0.10503369005152596,0.10516580790064738,-0.0001321178491214163,0.0006285355122564425,1.0,0.0,3.140591824607149,0.9949315228711175,0.9949315226690911,0.9949315236075156,0.9949315228711175,0.9949315226690911,0.17336228491387934,0.10072264052217152,0.8205709519678668,0.4767477139508939
4,0.25,0.25,0.15915494309189535,1.5707963267948966,1.0,24,7,1,numpy_PCG64_SeedSequence,96,4.0,2.0,4,7569,0.21127031672048285,0.21127031676338245,0.21127031656411124,0.21127031672048285,0.21127031676338245,0.21127031656411124,1443.8178860880512,,0.21059585149953758,0.21059585149953758,0.10543004359889022,0.10516580790064738,0.0002642356982428326,0.0012547051442910915,1.0,0.0,3.1409940010929,0.9968075722542812,0.9968075720518739,0.9968075729920678,0.9968075722542812,0.9968075720518739,0.1793229025873648,0.10279238386017339,0.8487841802434297,0.4865443733686966
4,0.25,0.25,0.15915494309189535,1.5707963267948966,1.0,24,7,2,numpy_PCG64_SeedSequence,96,4.0,2.0,4,7569,0.21127031672048285,0.21127031676338245,0.21127031656411124,0.21127031672048285,0.21127031676338245,0.21127031656411124,1443.8178860880512,,0.21046373365041618,0.21046373365041618,0.10556216144801163,0.10490157220240455,0.0006605892456070815,0.003138731952291274,1.0,0.0,3.1414495336132364,0.9961822224598934,0.9961822222576131,0.996182223197217,0.9961822224598934,0.9961822222576131,0.1719899435524462,0.09956362677237812,0.8140752862125644,0.47126178593325
4,0.25,0.25,0.15915494309189535,1.5707963267948966,1.0,24,7,3,numpy_PCG64_SeedSequence,96,4.0,2.0,4,7569,0.21127031672048285,0.21127031676338245,0.21127031656411124,0.21127031672048285,0.21127031676338245,0.21127031656411124,1443.8178860880512,,0.21019949795217333,0.21019949795217333,0.10529792574976879,0.10490157220240455,0.00039635354736424893,0.0018856065367693275,1.0,0.0,3.141503047383032,0.9949315228711175,0.9949315226690911,0.9949315236075156,0.9949315228711175,0.9949315226690911,0.17245475923920206,0.09956110124299661,0.8162753855638178,0.47124983191424386
4,0.25,0.25,0.15915494309189535,1.5707963267948966,1.0,24,123,0,numpy_PCG64_SeedSequence,96,4.0,2.0,4,7569,0.21127031672048285,0.21127031676338245,0.21127031656411124,0.21127031672048285,0.21127031676338245,0.21127031656411124,1443.8178860880512,,0.20887831946095917,0.20887831946095917,0.10424098295679746,0.10463733650416171,-0.00039635354736424893,0.0018975332068311196,1.0,0.0,3.1411439482762247,0.9886780249272388,0.9886780247264823,0.9886780256590082,0.9886780249272388,0.9886780247264823,0.17421459369347864,0.10039093559591249,0.8246051617557326,0.4751776641142295
4,0.25,0.25,0.15915494309189535,1.5707963267948966,1.0,24,123,1,numpy_PCG64_SeedSequence,96,4.0,2.0,4,7569,0.21127031672048285,0.21127031676338245,0.21127031656411124,0.21127031672048285,0.21127031676338245,0.21127031656411124,1443.8178860880512,,0.20702866957325936,0.20702866957325936,0.10331615801294755,0.1037125115603118,-0.00039635354736424893,0.0019144862795149968,1.0,0.0,3.141477649290995,0.9799231278058085,0.9799231276068296,0.9799231285310981,0.9799231278058085,0.9799231276068296,0.17509375469128155,0.10193908513691005,0.8287664704121024,0.4825054779076164
4,0.25,0.25,0.15915494309189535,1.5707963267948966,1.0,24,123,2,numpy_PCG64_SeedSequence,96,4.0,2.0,4,7569,0.21127031672048285,0.21127031676338245,0.21127031656411124,0.21127031672048285,0.21127031676338245,0.21127031656411124,1443.8178860880512,,0.2066323160258951,0.2066323160258951,0.10344827586206896,0.10318404016382614,0.0002642356982428326,0.0012787723785166241,1.0,0.0,3.141336532806693,0.9780470784226448,0.978047078224047,0.9780470791465459,0.9780470784226448,0.978047078224047,0.17693808522725568,0.1024984206779729,0.8374961895917931,0.4851529654948238
4,0.25,0.25,0.15915494309189535,1.5707963267948966,1.0,24,123,3,numpy_PCG64_SeedSequence,96,4.0,2.0,4,7569,0.21127031672048285,0.21127031676338245,0.21127031656411124,0.21127031672048285,0.21127031676338245,0.21127031656411124,1443.8178860880512,,0.20782137666798783,0.20782137666798783,0.10424098295679746,0.10358039371119038,0.0006605892456070815,0.003178639542275906,1.0,0.0,3.141587103306815,0.9836752265721357,0.983675226372395,0.9836752273002024,0.9836752265721357,0.983675226372395,0.17456224963944178,0.10068459292005043,0.8262507121168045,0.47656762427851734
4,0.25,0.25,0.15915494309189535,1.5707963267948966,1.0,24,2023,0,numpy_PCG64_SeedSequence,96,4.0,2.0,4,7569,0.21127031672048285,0.21127031676338245,0.21127031656411124,0.21127031672048285,0.21127031676338245,0.21127031656411124,1443.8178860880512,,0.21178491214163034,0.21178491214163034,0.10622275069361871,0.10556216144801163,0.0006605892456070815,0.0031191515907673115,1.0,0.0,3.1415617595863545,1.0024357204037722,1.002435720200222,1.0024357211457244,1.0024357204037722,1.002435720200222,0.1753710432271374,0.10135882722253142,0.8300789526394221,0.4797589590241978
4,0.25,0.25,0.15915494309189535,1.5707963267948966,1.0,24,2023,1,numpy_PCG64_SeedSequence,96,4.0,2.0,4,7569,0.21127031672048285,0.21127031676338245,0.21127031656411124,0.21127031672048285,0.21127031676338245,0.21127031656411124,1443.8178860880512,,0.21204914783987316,0.21204914783987316,0.10556216144801163,0.10648698639186154,-0.0009248249438499141,0.004361370716510903,1.0,0.0,3.1414266542240563,1.003686419992548,1.0036864197887438,1.003686420735426,1.003686419992548,1.0036864197887438,0.1738915112839876,0.10066466086937015,0.8230759246413751,0.47647328044929566
4,0.25,0.25,0.15915494309189535,1.5707963267948966,1.0,24,2023,2,numpy_PCG64_SeedSequence,96,4.0,2.0,4,7569,0.21127031672048285,0.21127031676338245,0.21127031656411124,0.21127031672048285,0.21127031676338245,0.21127031656411124,1443.8178860880512,,0.2090104373100806,0.2090104373100806,0.10463733650416171,0.10437310080591888,0.0002642356982428326,0.0012642225031605564,1.0,0.0,3.141490150483673,0.9893033747216267,0.9893033745207431,0.989303375453859,0.9893033747216267,0.9893033745207431,0.17379288161868692,0.10094065481047834,0.8226090835496794,0.4777796350067764
4,0.25,0.25,0.15915494309189535,1.5707963267948966,1.0,24,2023,3,numpy_PCG64_SeedSequence,96,4.0,2.0,4,7569,0.21127031672048285,0.21127031676338245,0.21127031656411124,0.21127031672048285,0.21127031676338245,0.21127031656411124,1443.8178860880512,,0.21442726912405866,0.21442726912405866,0.10741181133571145,0.1070154577883472,0.00039635354736424893,0.0018484288354898336,1.0,0.0,3.1412888113509,1.0149427162915297,1.01494271608544,1.014942717042739,1.0149427162915297,1.01494271608544,0.17151938253115961,0.09895838499093401,0.8118479926268348,0.4683970115965652
4,0.25,0.25,0.15915494309189535,1.5707963267948966,1.0,24,314159,0,numpy_PCG64_SeedSequence,96,4.0,2.0,4,7569,0.21127031672048285,0.21127031676338245,0.21127031656411124,0.21127031672048285,0.21127031676338245,0.21127031656411124,1443.8178860880512,,0.21112432289602326,0.21112432289602326,0.10543004359889022,0.10569427929713304,-0.0002642356982428326,0.0012515644555694619,1.0,0.0,3.141575531776236,0.9993089714318327,0.9993089712289176,0.9993089721714707,0.9993089714318327,0.9993089712289176,0.17532320906619392,0.10202394323473012,0.8298525405163847,0.48290713441638344
4,0.25,0.25,0.15915494309189535,1.5707963267948966,1.0,24,314159,1,numpy_PCG64_SeedSequence,96,4.0,2.0,4,7569,0.21127031672048285,0.21127031676338245,0.21127031656411124,0.21127031672048285,0.21127031676338245,0.21127031656411124,1443.8178860880512,,0.21244550138723742,0.21244550138723742,0.10635486854274012,0.1060906328444973,0.0002642356982428326,0.0012437810945273632,1.0,0.0,3.141532362923682,1.0055624693757115,1.0055624691715266,1.0055624701199781,1.0055624693757115,1.0055624691715266,0.17098593533588696,0.10003730570524819,0.809323041637253,0.4735038374444273
4,0.25,0.25,0.15915494309189535,1.5707963267948966,1.0,24,314159,2,numpy_PCG64_SeedSequence,96,4.0,2.0,4,7569,0.21127031672048285,0.21127031676338245,0.21127031656411124,0.21127031672048285,0.21127031676338245,0.21127031656411124,1443.8178860880512,,0.20412207689258818,0.20412207689258818,0.1021270973708548,0.10199497952173339,0.0001321178491214163,0.0006472491909385113,1.0,0.0,3.1415772174736647,0.9661654323292751,0.9661654321330898,0.9661654330443818,0.9661654323292751,0.9661654321330898,0.1768227754258911,0.10212617170213713,0.8369503968692066,0.48339100961945924
4,0.25,0.25,0.15915494309189535,1.5707963267948966,1.0,24,314159,3,numpy_PCG64_SeedSequence,96,4.0,2.0,4,7569,0.21127031672048285,0.21127031676338245,0.21127031656411124,0.21127031672048285,0.21127031676338245,0.21127031656411124,1443.8178860880512,,0.20689655172413793,0.20689655172413793,0.10384462940943322,0.10305192231470471,0.0007927070947284979,0.0038314176245210726,1.0,0.0,3.1415771411990447,0.9792977780114206,0.9792977778125688,0.9792977787362472,0.9792977780114206,0.9792977778125688,0.17694153928753414,0.10142050170923345,0.8375125386006462,0.48005088118183636
4,0.25,0.25,0.15915494309189535,1.5707963267948966,1.0,24,271828,0,numpy_PCG64_SeedSequence,96,4.0,2.0,4,7569,0.21127031672048285,0.21127031676338245,0.21127031656411124,0.21127031672048285,0.21127031676338245,0.21127031656411124,1443.8178860880512,,0.20874620161183777,0.20874620161183777,0.10410886510767604,0.10463733650416171,-0.0005284713964856652,0.002531645569620253,1.0,0.0,3.141140459187054,0.9880526751328509,0.9880526749322214,0.9880526758641576,0.9880526751328509,0.9880526749322214,0.1765612969152319,0.10150135008399809,0.8357127478008561,0.4804335585783568
4,0.25,0.25,0.15915494309189535,1.5707963267948966,1.0,24,271828,1,numpy_PCG64_SeedSequence,96,4.0,2.0,4,7569,0.21127031672048285,0.21127031676338245,0.21127031656411124,0.21127031672048285,0.21127031676338245,0.21127031656411124,1443.8178860880512,,0.21773021535209408,0.21773021535209408,0.10820451843043995,0.10952569692165412,-0.001321178491214163,0.006067961165048544,1.0,0.0,3.141481183789695,1.0305764611512267,1.0305764609419625,1.0305764619140074,1.0305764611512267,1.0305764609419625,0.1772497938146126,0.10283257636799548,0.8389715913055573,0.4867346154644438
4,0.25,0.25,0.15915494309189535,1.5707963267948966,1.0,24,271828,2,numpy_PCG64_SeedSequence,96,4.0,2.0,4,7569,0.21127031672048285,0.21127031676338245,0.21127031656411124,0.21127031672048285,0.21127031676338245,0.21127031656411124,1443.8178860880512,,0.20795349451710926,0.20795349451710926,0.1037125115603118,0.10424098295679746,-0.0005284713964856652,0.0025412960609911056,1.0,0.0,3.141142445860923,0.9843005763665236,0.984300576166656,0.9843005770950531,0.9843005763665236,0.984300576166656,0.17862013705010488,0.10241573005048446,0.8454577993861051,0.48476156821397504
4,0.25,0.25,0.15915494309189535,1.5707963267948966,1.0,24,271828,3,numpy_PCG64_SeedSequence,96,4.0,2.0,4,7569,0.21127031672048285,0.21127031676338245,0.21127031656411124,0.21127031672048285,0.21127031676338245,0.21127031656411124,1443.8178860880512,,0.20953890870656625,0.20953890870656625,0.10463733650416171,0.10490157220240455,-0.0002642356982428326,0.0012610340479192938,1.0,0.0,3.141575361750669,0.9918047738991781,0.9918047736977867,0.9918047746332619,0.9918047738991781,0.9918047736977867,0.1742059546933709,0.10141612333528491,0.8245642710132857,0.48003015714442065
4,0.5,0.5,0.3183098861837907,1.5707963267948966,1.0,24,42,0,numpy_PCG64_SeedSequence,96,4.0,2.0,4,7569,0.2556383198212349,0.2560144767557485,0.2549549036834244,0.2556383198212349,0.2560144767557485,0.2549549036834244,2886.1328193602603,,0.23133835381159995,0.23133835381159995,0.11679217862333201,0.11454617518826793,0.002246003435064077,0.009708737864077669,1.0,0.0,3.141540605068029,0.9049439613488789,0.9036143453415296,0.907369697422455,0.9049439613488789,0.9036143453415296,0.19812420451703175,0.09713257707001499,0.7750176290298647,0.37996094301487643
4,0.5,0.5,0.3183098861837907,1.5707963267948966,1.0,24,42,1,numpy_PCG64_SeedSequence,96,4.0,2.0,4,7569,0.2556383198212349,0.2560144767557485,0.2549549036834244,0.2556383198212349,0.2560144767557485,0.2549549036834244,2886.1328193602603,,0.23622671422909236,0.23622671422909236,0.11798123926542475,0.1182454749636676,-0.0002642356982428326,0.0011185682326621924,1.0,0.0,3.141466456029567,0.924066135289432,0.9227084234555426,0.9265431290641631,0.924066135289432,0.9227084234555426,0.20138323472059624,0.09812330808833741,0.7877662271502228,0.3838364614387779
4,0.5,0.5,0.3183098861837907,1.5707963267948966,1.0,24,42,2,numpy_PCG64_SeedSequence,96,4.0,2.0,4,7569,0.2556383198212349,0.2560144767557485,0.2549549036834244,0.2556383198212349,0.2560144767557485,0.2549549036834244,2886.1328193602603,,0.24071872109922052,0.24071872109922052,0.12022724270048883,0.12049147839873167,-0.0002642356982428326,0.0010976948408342481,1.0,0.0,3.141400754600753,0.9416378626942646,0.9402543330738248,0.9441619581403273,0.9416378626942646,0.9402543330738248,0.20035753698702272,0.09754336284001917,0.7837539267474867,0.3815678451815447
4,0.5,0.5,0.3183098861837907,1.5707963267948966,1.0,24,42,3,numpy_PCG64_SeedSequence,96,4.0,2.0,4,7569,0.2556383198212349,0.2560144767557485,0.2549549036834244,0.2556383198212349,0.2560144767557485,0.2549549036834244,2886.1328193602603,,0.23239529660457128,0.23239529660457128,0.11626370722684634,0.11613158937772493,0.0001321178491214163,0.0005685048322910744,1.0,0.0,3.141366036095709,0.9090784854441336,0.9077427946634784,0.9115153042639055,0.9090784854441336,0.9077427946634784,0.20003945794500236,0.09653542256960135,0.7825096725909002,0.3776250080078273
4,0.5,0.5,0.3183098861837907,1.5707963267948966,1.0,24,7,0,numpy_PCG64_SeedSequence,96,4.0,2.0,4,7569,0.2556383198212349,0.2560144767557485,0.2549549036834244,0.2556383198212349,0.2560144767557485,0.2549549036834244,2886.1328193602603,,0.24177566389219182,0.24177566389219182,0.12101994979521734,0.1207557140969745,0.0002642356982428326,0.001092896174863388,1.0,0.0,3.141513778122526,0.9457723867895192,0.9443827823957733,0.9483075649817776,0.9457723867895192,0.9443827823957733,0.199543127614272,0.09713243278979644,0.7805681392125028,0.3799603786228923
4,0.5,0.5,0.3183098861837907,1.5707963267948966,1.0,24,7,1,numpy_PCG64_SeedSequence,96,4.0,2.0,4,7569,0.2556383198212349,0.2560144767557485,0.2549549036834244,0.2556383198212349,0.2560144767557485,0.2549549036834244,2886.1328193602603,,0.23107411811335712,0.23107411811335712,0.11533888228299644,0.11573523583036067,-0.00039635354736424893,0.0017152658662092624,1.0,0.0,3.1413905127834996,0.9039103303250652,0.9025822330110425,0.9063332957120924,0.9039103303250652,0.9025822330110425,0.19709569081914716,0.09476170477408245,0.770994313203803,0.3706866202232446
4,0.5,0.5,0.3183098861837907,1.5707963267948966,1.0,24,7,2,numpy_PCG64_SeedSequence,96,4.0,2.0,4,7569,0.2556383198212349,0.2560144767557485,0.2549549036834244,0.2556383198212349,0.2560144767557485,0.2549549036834244,2886.1328193602603,,0.23160258950984278,0.23160258950984278,0.1150746465847536,0.11652794292508918,-0.0014532963403355794,0.006274957216200799,1.0,0.0,3.141478243769938,0.9059775923726926,0.9046464576720168,0.9084060991328177,0.9059775923726926,0.9046464576720168,0.19885899639578747,0.09629561655939799,0.7778919707141222,0.3766869404662668
4,0.5,0.5,0.3183098861837907,1.5707963267948966,1.0,24,7,3,numpy_PCG64_SeedSequence,96,4.0,2.0,4,7569,0.2556383198212349,0.2560144767557485,0.2549549036834244,0.2556383198212349,0.2560144767557485,0.2549549036834244,2886.1328193602603,,0.23226317875544986,0.23226317875544986,0.11679217862333201,0.11547100013211785,0.001321178491214163,0.005688282138794084,1.0,0.0,3.141573342623511,0.9085616699322268,0.9072267384982348,0.9109971034087241,0.9085616699322268,0.9072267384982348,0.19905446341881897,0.0973259509633961,0.7786565940427694,0.3807173784879163
4,0.5,0.5,0.3183098861837907,1.5707963267948966,1.0,24,123,0,numpy_PCG64_SeedSequence,96,4.0,2.0,4,7569,0.2556383198212349,0.2560144767557485,0.2549549036834244,0.2556383198212349,0.2560144767557485,0.2549549036834244,2886.1328193602603,,0.238340599815035,0.238340599815035,0.1191702999075175,0.1191702999075175,0.0,0.0,1.0,0.0,3.1414495413166734,0.9323351834799414,0.9309653220994399,0.9348343427470638,0.9323351834799414,0.9309653220994399,0.19759141068895555,0.09607863942225338,0.7729334585954448,0.3758381743763616
4,0.5,0.5,0.3183098861837907,1.5707963267948966,1.0,24,123,1,numpy_PCG64_SeedSequence,96,4.0,2.0,4,7569,0.2556383198212349,0.2560144767557485,0.2549549036834244,0.2556383198212349,0.2560144767557485,0.2549549036834244,2886.1328193602603,,0.23847271766415643,0.23847271766415643,0.1191702999075175,0.11930241775663893,-0.0001321178491214163,0.000554016620498615,1.0,0.0,3.141368239801322,0.9328519989918483,0.9314813782646836,0.9353525436022452,0.9328519989918483,0.9314813782646836,0.19932030951345855,0.09629678575409333,0.7796965245775401,0.3766915140947281
4,0.5,0.5,0.3183098861837907,1.5707963267948966,1.0,24,123,2,numpy_PCG64_SeedSequence,96,4.0,2.0,4,7569,0.2556383198212349,0.2560144767557485,0.2549549036834244,0.2556383198212349,0.2560144767557485,0.2549549036834244,2886.1328193602603,,0.24111507464658474,0.24111507464658474,0.12049147839873167,0.12062359624785308,-0.0001321178491214163,0.000547945205479452,1.0,0.0,3.1415039726563534,0.9431883092299851,0.9418025015695554,0.9457165607058712,0.9431883092299851,0.9418025015695554,0.20280372613685685,0.09701578946580468,0.7933228722465211,0.3795040959964326
4,0.5,0.5,0.3183098861837907,1.5707963267948966,1.0,24,123,3,numpy_PCG64_SeedSequence,96,4.0,2.0,4,7569,0.2556383198212349,0.2560144767557485,0.2549549036834244,0.2556383198212349,0.2560144767557485,0.2549549036834244,2886.1328193602603,,0.22737481833795745,0.22737481833795745,0.11362135024441802,0.11375346809353944,-0.0001321178491214163,0.0005810575246949448,1.0,0.0,3.141565271444996,0.8894394959916736,0.8881326603842218,0.891823671767016,0.8894394959916736,0.8881326603842218,0.1965223682206525,0.09590488225630849,0.7687516032732434,0.37515847515886397
4,0.5,0.5,0.3183098861837907,1.5707963267948966,1.0,24,2023,0,numpy_PCG64_SeedSequence,96,4.0,2.0,4,7569,0.2556383198212349,0.2560144767557485,0.2549549036834244,0.2556383198212349,0.2560144767557485,0.2549549036834244,2886.1328193602603,,0.23213106090632846,0.23213106090632846,0.11573523583036067,0.11639582507596777,-0.0006605892456070815,0.0028457598178713715,1.0,0.0,3.141389209876219,0.90804485442032,0.9067106823329912,0.9104789025535429,0.90804485442032,0.9067106823329912,0.19946017815211928,0.09847565917760072,0.780243659446673,0.38521478018813327
4,0.5,0.5,0.3183098861837907,1.5707963267948966,1.0,24,2023,1,numpy_PCG64_SeedSequence,96,4.0,2.0,4,7569,0.2556383198212349,0.2560144767557485,0.2549549036834244,0.2556383198212349,0.2560144767557485,0.2549549036834244,2886.1328193602603,,0.23437706434139252,0.23437706434139252,0.11758488571806051,0.11679217862333201,0.0007927070947284979,0.0033821871476888386,1.0,0.0,3.141584220795079,0.9168307181227362,0.9154836371421322,0.919288317091625,0.9168307181227362,0.9154836371421322,0.19738232525650565,0.09658439147834444,0.7721155630913744,0.37781656343964726
4,0.5,0.5,0.3183098861837907,1.5707963267948966,1.0,24,2023,2,numpy_PCG64_SeedSequence,96,4.0,2.0,4,7569,0.2556383198212349,0.2560144767557485,0.2549549036834244,0.2556383198212349,0.2560144767557485,0.2549549036834244,2886.1328193602603,,0.23371647509578544,0.23371647509578544,0.11745276786893909,0.11626370722684634,0.0011890606420927466,0.005087620124364048,1.0,0.0,3.141538393571571,0.914246640563202,0.9129033563159143,0.9166973128157184,0.914246640563202,0.9129033563159143,0.19395966639688725,0.09533879146755807,0.7587268862216006,0.3729440544525071
4,0.5,0.5,0.3183098861837907,1.5707963267948966,1.0,24,2023,3,numpy_PCG64_SeedSequence,96,4.0,2.0,4,7569,0.2556383198212349,0.2560144767557485,0.2549549036834244,0.2556383198212349,0.2560144767557485,0.2549549036834244,2886.1328193602603,,0.2318668252080856,0.2318668252080856,0.11599947152860351,0.1158673536794821,0.0001321178491214163,0.0005698005698005698,1.0,0.0,3.1414252670012495,0.9070112233965062,0.905678570002504,0.9094425008431802,0.9070112233965062,0.905678570002504,0.19700453681235905,0.09582355331095581,0.7706377390921759,0.37484033449274806
4,0.5,0.5,0.3183098861837907,1.5707963267948966,1.0,24,314159,0,numpy_PCG64_SeedSequence,96,4.0,2.0,4,7569,0.2556383198212349,0.2560144767557485,0.2549549036834244,0.2556383198212349,0.2560144767557485,0.2549549036834244,2886.1328193602603,,0.23437706434139252,0.23437706434139252,0.11705641432157485,0.11732065001981767,-0.0002642356982428326,0.0011273957158962795,1.0,0.0,3.141096647318017,0.9168307181227362,0.9154836371421322,0.919288317091625,0.9168307181227362,0.9154836371421322,0.19524000450874668,0.09506942945679914,0.763735282899981,0.37189037043929934
4,0.5,0.5,0.3183098861837907,1.5707963267948966,1.0,24,314159,1,numpy_PCG64_SeedSequence,96,4.0,2.0,4,7569,0.2556383198212349,0.2560144767557485,0.2549549036834244,0.2556383198212349,0.2560144767557485,0.2549549036834244,2886.1328193602603,,0.22882811467829303,0.22882811467829303,0.1142819394900251,0.11454617518826793,-0.0002642356982428326,0.0011547344110854503,1.0,0.0,3.1394430492973076,0.8951244666226489,0.8938092782019014,0.8975238811740103,0.8951244666226489,0.8938092782019014,0.19805992949759837,0.09685997646243108,0.7747661995122621,0.3788945903343607
4,0.5,0.5,0.3183098861837907,1.5707963267948966,1.0,24,314159,2,numpy_PCG64_SeedSequence,96,4.0,2.0,4,7569,0.2556383198212349,0.2560144767557485,0.2549549036834244,0.2556383198212349,0.2560144767557485,0.2549549036834244,2886.1328193602603,,0.22076892588188665,0.22076892588188665,0.10992205046901836,0.11084687541286828,-0.0009248249438499141,0.004189108318372232,1.0,0.0,3.1413728893383017,0.8635987203963316,0.8623298521220423,0.8659136290079511,0.8635987203963316,0.8623298521220423,0.19726699575938442,0.09739148839324051,0.771664419862136,0.3809737462730365
4,0.5,0.5,0.3183098861837907,1.5707963267948966,1.0,24,314159,3,numpy_PCG64_SeedSequence,96,4.0,2.0,4,7569,0.2556383198212349,0.2560144767557485,0.2549549036834244,0.2556383198212349,0.2560144767557485,0.2549549036834244,2886.1328193602603,,0.2309420002642357,0.2309420002642357,0.1150746465847536,0.1158673536794821,-0.0007927070947284979,0.003432494279176201,1.0,0.0,3.141465799880713,0.9033935148131583,0.9020661768457988,0.9058150948569111,0.9033935148131583,0.9020661768457988,0.2007845037136089,0.09727996943454822,0.7854241252016337,0.38053750901889455
4,0.5,0.5,0.3183098861837907,1.5707963267948966,1.0,24,271828,0,numpy_PCG64_SeedSequence,96,4.0,2.0,4,7569,0.2556383198212349,0.2560144767557485,0.2549549036834244,0.2556383198212349,0.2560144767557485,0.2549549036834244,2886.1328193602603,,0.2372836570220637,0.2372836570220637,0.1182454749636676,0.11903818205839609,-0.0007927070947284979,0.0033407572383073497,1.0,0.0,3.141516783516159,0.9282006593846868,0.9268368727774914,0.9306887359056135,0.9282006593846868,0.9268368727774914,0.2004542432002492,0.09643456521163697,0.7841322198503913,0.37723047655403386
4,0.5,0.5,0.3183098861837907,1.5707963267948966,1.0,24,271828,1,numpy_PCG64_SeedSequence,96,4.0,2.0,4,7569,0.2556383198212349,0.2560144767557485,0.2549549036834244,0.2556383198212349,0.2560144767557485,0.2549549036834244,2886.1328193602603,,0.24256837098692033,0.24256837098692033,0.12062359624785308,0.12194477473906724,-0.001321178491214163,0.0054466230936819175,1.0,0.0,3.1413357173069283,0.9488732798609604,0.947479119387235,0.9514167701128654,0.9488732798609604,0.947479119387235,0.2007949643510433,0.09732379890130997,0.7854650448784714,0.3807089601017854
4,0.5,0.5,0.3183098861837907,1.5707963267948966,1.0,24,271828,2,numpy_PCG64_SeedSequence,96,4.0,2.0,4,7569,0.2556383198212349,0.2560144767557485,0.2549549036834244,0.2556383198212349,0.2560144767557485,0.2549549036834244,2886.1328193602603,,0.2253930506011362,0.2253930506011362,0.11243228960232528,0.11296076099881094,-0.0005284713964856652,0.0023446658851113715,1.0,0.0,3.1411818545771024,0.881687263313071,0.880391817905568,0.8840506589392966,0.881687263313071,0.880391817905568,0.19961609037206743,0.09706424246619634,0.7808535532218205,0.37969363331003075
4,0.5,0.5,0.3183098861837907,1.5707963267948966,1.0,24,271828,3,numpy_PCG64_SeedSequence,96,4.0,2.0,4,7569,0.2556383198212349,0.2560144767557485,0.2549549036834244,0.2556383198212349,0.2560144767557485,0.2549549036834244,2886.1328193602603,,0.2364909499273352,0.2364909499273352,0.11903818205839609,0.11745276786893909,0.0015854141894569957,0.0067039106145251395,1.0,0.0,3.1403142066110634,0.9250997663132458,0.9237405357860298,0.9275795307745257,0.9250997663132458,0.9237405357860298,0.20196660239131559,0.09758073264490506,0.7900482311593529,0.3817140275102035
4,0.75,0.75,0.477464829275686,1.5707963267948966,1.0,24,42,0,numpy_PCG64_SeedSequence,96,4.0,2.0,4,7569,0.31702778093217676,0.3296883464982196,0.30466230730441946,0.31702778093217676,0.3296883464982196,0.30466230730441946,4265.0298465957,,0.2617254591095257,0.2617254591095257,0.13066455278108072,0.13106090632844497,-0.00039635354736424893,0.001514386673397274,1.0,0.0,3.1412709229984572,0.825560013510355,0.7938571741750632,0.8590674095040214,0.825560013510355,0.7938571741750632,0.23118084567716868,0.09365841522689208,0.7292132096354871,0.295426523667744
4,0.75,0.75,0.477464829275686,1.5707963267948966,1.0,24,42,1,numpy_PCG64_SeedSequence,96,4.0,2.0,4,7569,0.31702778093217676,0.3296883464982196,0.30466230730441946,0.31702778093217676,0.3296883464982196,0.30466230730441946,4265.0298465957,,0.2577619236358832,0.2577619236358832,0.1289470207425023,0.1288149028933809,0.0001321178491214163,0.0005125576627370579,1.0,0.0,3.141340401129591,0.8130578426848574,0.7818351069235477,0.8460578071389931,0.8130578426848574,0.7818351069235477,0.22783576644384773,0.09448251948183045,0.7186618339059367,0.2980259938230572
4,0.75,0.75,0.477464829275686,1.5707963267948966,1.0,24,42,2,numpy_PCG64_SeedSequence,96,4.0,2.0,4,7569,0.31702778093217676,0.3296883464982196,0.30466230730441946,0.31702778093217676,0.3296883464982196,0.30466230730441946,4265.0298465957,,0.2618575769586471,0.2618575769586471,0.13079667063020214,0.13106090632844497,-0.0002642356982428326,0.0010090817356205853,1.0,0.0,3.14132070236599,0.8259767525378715,0.7942579097501136,0.8595010629161889,0.8259767525378715,0.7942579097501136,0.22988214343483315,0.0935601790027524,0.7251167161404474,0.29511665737195497
4,0.75,0.75,0.477464829275686,1.5707963267948966,1.0,24,42,3,numpy_PCG64_SeedSequence,96,4.0,2.0,4,7569,0.31702778093217676,0.3296883464982196,0.30466230730441946,0.31702778093217676,0.3296883464982196,0.30466230730441946,4265.0298465957,,0.25578015589906195,0.25578015589906195,0.12775796010040957,0.1280221957986524,-0.0002642356982428326,0.0010330578512396695,1.0,0.0,3.1407987324085913,0.8068067572721086,0.7758240732977901,0.8395530059564792,0.8068067572721086,0.7758240732977901,0.22341392398737872,0.09131711834948483,0.7047140264189488,0.2880413763140232
4,0.75,0.75,0.477464829275686,1.5707963267948966,1.0,24,7,0,numpy_PCG64_SeedSequence,96,4.0,2.0,4,7569,0.31702778093217676,0.3296883464982196,0.30466230730441946,0.31702778093217676,0.3296883464982196,0.30466230730441946,4265.0298465957,,0.26436781609195403,0.26436781609195403,0.13277843836702338,0.13158937772493065,0.0011890606420927466,0.004497751124437781,1.0,0.0,3.1402083069161977,0.8338947940606867,0.8018718856760735,0.8677404777473734,0.8338947940606867,0.8018718856760735,0.2273718360181825,0.09215825267326755,0.7171984592316382,0.2906945643763106
4,0.75,0.75,0.477464829275686,1.5707963267948966,1.0,24,7,1,numpy_PCG64_SeedSequence,96,4.0,2.0,4,7569,0.31702778093217676,0.3296883464982196,0.30466230730441946,0.31702778093217676,0.3296883464982196,0.30466230730441946,4265.0298465957,,0.2650284053375611,0.2650284053375611,0.1321178491214163,0.1329105562161448,-0.0007927070947284979,0.0029910269192422734,1.0,0.0,3.1414357755250686,0.8359784891982696,0.803875563551326,0.8699087448082115,0.8359784891982696,0.803875563551326,0.22601743069495392,0.09250874820325203,0.7129262616366951,0.2918001316201461
4,0.75,0.75,0.477464829275686,1.5707963267948966,1.0,24,7,2,numpy_PCG64_SeedSequence,96,4.0,2.0,4,7569,0.31702778093217676,0.3296883464982196,0.30466230730441946,0.31702778093217676,0.3296883464982196,0.30466230730441946,4265.0298465957,,0.26119698771304,0.26119698771304,0.13106090632844497,0.13013608138459506,0.0009248249438499141,0.0035407182599898838,1.0,0.0,3.1409113263921156,0.8238930574002885,0.7922542318748611,0.8573327958553508,0.8238930574002885,0.7922542318748611,0.2283772614447122,0.0919434414718479,0.7203698703413315,0.2900169858978945
4,0.75,0.75,0.477464829275686,1.5707963267948966,1.0,24,7,3,numpy_PCG64_SeedSequence,96,4.0,2.0,4,7569,0.31702778093217676,0.3296883464982196,0.30466230730441946,0.31702778093217676,0.3296883464982196,0.30466230730441946,4265.0298465957,,0.26634958382877527,0.26634958382877527,0.13330690976350906,0.1330426740652662,0.0002642356982428326,0.000992063492063492,1.0,0.0,3.14158081250279,0.8401458794734354,0.8078829193018311,0.8742452789298875,0.8401458794734354,0.8078829193018311,0.22463524554987419,0.09127407442808919,0.7085664382136008,0.28790560297179724
4,0.75,0.75,0.477464829275686,1.5707963267948966,1.0,24,123,0,numpy_PCG64_SeedSequence,96,4.0,2.0,4,7569,0.31702778093217676,0.3296883464982196,0.30466230730441946,0.31702778093217676,0.3296883464982196,0.30466230730441946,4265.0298465957,,0.2553838023516977,0.2553838023516977,0.1272294887039239,0.12815431364777383,-0.0009248249438499141,0.0036213140196585617,1.0,0.0,3.1414681020613378,0.8055565401895589,0.7746218665726387,0.8382520457199764,0.8055565401895589,0.7746218665726387,0.2283968534597316,0.09203396349301038,0.7204316693892312,0.2903025193009809
4,0.75,0.75,0.477464829275686,1.5707963267948966,1.0,24,123,1,numpy_PCG64_SeedSequence,96,4.0,2.0,4,7569,0.31702778093217676,0.3296883464982196,0.30466230730441946,0.31702778093217676,0.3296883464982196,0.30466230730441946,4265.0298465957,,0.2638393446954684,0.2638393446954684,0.13172149557405205,0.1321178491214163,-0.00039635354736424893,0.0015022533800701052,1.0,0.0,3.1414297912232922,0.8322278379506204,0.8002689433758714,0.8660058640987031,0.8322278379506204,0.8002689433758714,0.2305505710446761,0.09257725927714246,0.7272251358123055,0.29201623594289344
4,0.75,0.75,0.477464829275686,1.5707963267948966,1.0,24,123,2,numpy_PCG64_SeedSequence,96,4.0,2.0,4,7569,0.31702778093217676,0.3296883464982196,0.30466230730441946,0.31702778093217676,0.3296883464982196,0.30466230730441946,4265.0298465957,,0.25551592020081915,0.25551592020081915,0.12762584225128815,0.12789007794953097,-0.0002642356982428326,0.001034126163391934,1.0,0.0,3.141204291125829,0.8059732792170755,0.7750226021476891,0.8386856991321441,0.8059732792170755,0.7750226021476891,0.22460414338199916,0.09158930928705858,0.7084683327170301,0.288899947562175
4,0.75,0.75,0.477464829275686,1.5707963267948966,1.0,24,123,3,numpy_PCG64_SeedSequence,96,4.0,2.0,4,7569,0.31702778093217676,0.3296883464982196,0.30466230730441946,0.31702778093217676,0.3296883464982196,0.30466230730441946,4265.0298465957,,0.2615933412604043,0.2615933412604043,0.13079667063020214,0.13079667063020214,0.0,0.0,1.0,0.0,3.1412589532113016,0.8251432744828384,0.7934564386000127,0.8586337560918538,0.8251432744828384,0.7934564386000127,0.22571852649350377,0.09150118744397688,0.7119834288017579,0.28862198503528674
4,0.75,0.75,0.477464829275686,1.5707963267948966,1.0,24,2023,0,numpy_PCG64_SeedSequence,96,4.0,2.0,4,7569,0.31702778093217676,0.3296883464982196,0.30466230730441946,0.31702778093217676,0.3296883464982196,0.30466230730441946,4265.0298465957,,0.26595323028141105,0.26595323028141105,0.13277843836702338,0.13317479191438764,-0.00039635354736424893,0.0014903129657228018,1.0,0.0,3.141393120095699,0.8388956623908858,0.8066807125766796,0.8729443186933847,0.8388956623908858,0.8066807125766796,0.22549342043906492,0.09100989832523268,0.711273377292149,0.287072312898354
4,0.75,0.75,0.477464829275686,1.5707963267948966,1.0,24,2023,1,numpy_PCG64_SeedSequence,96,4.0,2.0,4,7569,0.31702778093217676,0.3296883464982196,0.30466230730441946,0.31702778093217676,0.3296883464982196,0.30466230730441946,4265.0298465957,,0.2724270048883604,0.2724270048883604,0.13634562029330163,0.13608138459505878,0.0002642356982428326,0.0009699321047526673,1.0,0.0,3.1414840074717696,0.8593158747391983,0.8263167557541546,0.8941933358895972,0.8593158747391983,0.8263167557541546,0.22827488377280739,0.09206919574458834,0.7200469406863852,0.29041365231107347
4,0.75,0.75,0.477464829275686,1.5707963267948966,1.0,24,2023,2,numpy_PCG64_SeedSequence,96,4.0,2.0,4,7569,0.31702778093217676,0.3296883464982196,0.30466230730441946,0.31702778093217676,0.3296883464982196,0.30466230730441946,4265.0298465957,,0.2608006341656758,0.2608006341656758,0.13066455278108072,0.13013608138459506,0.0005284713964856652,0.002026342451874367,1.0,0.0,3.141435296564886,0.8226428403177388,0.7910520251497096,0.8560318356188481,0.8226428403177388,0.7910520251497096,0.2262443246752235,0.0900085214791987,0.7136419527966384,0.28391367221680375
4,0.75,0.75,0.477464829275686,1.5707963267948966,1.0,24,2023,3,numpy_PCG64_SeedSequence,96,4.0,2.0,4,7569,0.31702778093217676,0.3296883464982196,0.30466230730441946,0.31702778093217676,0.3296883464982196,0.30466230730441946,4265.0298465957,,0.26780288016911086,0.26780288016911086,0.13409961685823754,0.1337032633108733,0.00039635354736424893,0.0014800197335964479,1.0,0.0,3.141394535993487,0.8447300087761179,0.8122910106273867,0.8790154664637311,0.8447300087761179,0.8122910106273867,0.22471260189926273,0.09090013321314368,0.7088104431685012,0.28672608105783126
4,0.75,0.75,0.477464829275686,1.5707963267948966,1.0,24,314159,0,numpy_PCG64_SeedSequence,96,4.0,2.0,4,7569,0.31702778093217676,0.3296883464982196,0.30466230730441946,0.31702778093217676,0.3296883464982196,0.30466230730441946,4265.0298465957,,0.26767076231998943,0.26767076231998943,0.13409961685823754,0.1335711454617519,0.0005284713964856652,0.0019743336623889436,1.0,0.0,3.141521352536063,0.8443132697486013,0.8118902750523362,0.8785818130515635,0.8443132697486013,0.8118902750523362,0.224308773207497,0.09219167214674112,0.7075366472551642,0.2907999793445992
4,0.75,0.75,0.477464829275686,1.5707963267948966,1.0,24,314159,1,numpy_PCG64_SeedSequence,96,4.0,2.0,4,7569,0.31702778093217676,0.3296883464982196,0.30466230730441946,0.31702778093217676,0.3296883464982196,0.30466230730441946,4265.0298465957,,0.2619896948077685,0.2619896948077685,0.1313251420266878,0.13066455278108072,0.0006605892456070815,0.0025214321734745334,1.0,0.0,3.1414835545258204,0.8263934915653881,0.7946586453251642,0.8599347163283565,0.8263934915653881,0.7946586453251642,0.22704939620598777,0.0915819499148366,0.7161813880738783,0.28887673391130714
4,0.75,0.75,0.477464829275686,1.5707963267948966,1.0,24,314159,2,numpy_PCG64_SeedSequence,96,4.0,2.0,4,7569,0.31702778093217676,0.3296883464982196,0.30466230730441946,0.31702778093217676,0.3296883464982196,0.30466230730441946,4265.0298465957,,0.2667459373761395,0.2667459373761395,0.13383538115999472,0.1329105562161448,0.0009248249438499141,0.003467062902426944,1.0,0.0,3.1414545859456284,0.8413960965559851,0.8090851260269826,0.8755462391663902,0.8413960965559851,0.8090851260269826,0.22643945223231993,0.09189414136936691,0.7142574432010524,0.28986147869806483
4,0.75,0.75,0.477464829275686,1.5707963267948966,1.0,24,314159,3,numpy_PCG64_SeedSequence,96,4.0,2.0,4,7569,0.31702778093217676,0.3296883464982196,0.30466230730441946,0.31702778093217676,0.3296883464982196,0.30466230730441946,4265.0298465957,,0.25432685955872636,0.25432685955872636,0.1272294887039239,0.1270973708548025,0.0001321178491214163,0.0005194805194805195,1.0,0.0,3.1407839275231684,0.8022226279694261,0.7714159819722345,0.8347828184226355,0.8022226279694261,0.7714159819722345,0.22800275209897186,0.09283410859006384,0.7191885563737065,0.2928264151397012
4,0.75,0.75,0.477464829275686,1.5707963267948966,1.0,24,271828,0,numpy_PCG64_SeedSequence,96,4.0,2.0,4,7569,0.31702778093217676,0.3296883464982196,0.30466230730441946,0.31702778093217676,0.3296883464982196,0.30466230730441946,4265.0298465957,,0.26066851631655436,0.26066851631655436,0.13026819923371646,0.1304003170828379,-0.0001321178491214163,0.0005068423720223011,1.0,0.0,3.141444938607221,0.8222261012902222,0.790651289574659,0.8555981822066805,0.8222261012902222,0.790651289574659,0.23127443384775126,0.09333774071578115,0.7295084145866348,0.29441502079513127
4,0.75,0.75,0.477464829275686,1.5707963267948966,1.0,24,271828,1,numpy_PCG64_SeedSequence,96,4.0,2.0,4,7569,0.31702778093217676,0.3296883464982196,0.30466230730441946,0.31702778093217676,0.3296883464982196,0.30466230730441946,4265.0298465957,,0.25551592020081915,0.25551592020081915,0.12841854934601665,0.1270973708548025,0.001321178491214163,0.005170630816959669,1.0,0.0,3.140960108741419,0.8059732792170755,0.7750226021476891,0.8386856991321441,0.8059732792170755,0.7750226021476891,0.2236192224771283,0.09129422964012883,0.70536159897283,0.2879691785107622
4,0.75,0.75,0.477464829275686,1.5707963267948966,1.0,24,271828,2,numpy_PCG64_SeedSequence,96,4.0,2.0,4,7569,0.31702778093217676,0.3296883464982196,0.30466230730441946,0.31702778093217676,0.3296883464982196,0.30466230730441946,4265.0298465957,,0.26859558726383936,0.26859558726383936,0.13383538115999472,0.13476020610384462,-0.0009248249438499141,0.003443187407771766,1.0,0.0,3.1415244772999724,0.8472304429412174,0.8146954240776898,0.8816173869367367,0.8472304429412174,0.8146954240776898,0.22670204055363463,0.0913187474073839,0.7150857249388314,0.2880465148476062
4,0.75,0.75,0.477464829275686,1.5707963267948966,1.0,24,271828,3,numpy_PCG64_SeedSequence,96,4.0,2.0,4,7569,0.31702778093217676,0.3296883464982196,0.30466230730441946,0.31702778093217676,0.3296883464982196,0.30466230730441946,4265.0298465957,,0.2705773550006606,0.2705773550006606,0.13555291319857313,0.13502444180208747,0.0005284713964856652,0.001953125,1.0,0.0,3.1414654866915566,0.8534815283539662,0.8207064577034475,0.8881221881192508,0.8534815283539662,0.8207064577034475,0.23036623491132818,0.09263841633712594,0.7266436847709933,0.29220914351649363
6,0.1,0.1,0.06366197723675814,1.5707963267948966,0.6666666666666666,24,42,0,numpy_PCG64_SeedSequence,144,6.0,3.0,6,17161,0.08832749555366244,0.08832749555366243,0.08832749555366244,0.1987368649957405,0.19873686499574048,0.1987368649957405,577.5271544749826,,0.08997144688537964,0.08997144688537964,0.04486918011770876,0.04510226676767088,-0.00023308664996212343,0.0025906735751295338,1.0,0.0,3.1415330405294997,1.0186119998242047,1.0186119998242047,1.0186119998242047,1.0186119998242047,1.0186119998242047,0.07913001110245589,0.06387627281035815,0.8958706528068747,0.723175409989416
6,0.1,0.1,0.06366197723675814,1.5707963267948966,0.6666666666666666,24,42,1,numpy_PCG64_SeedSequence,144,6.0,3.0,6,17161,0.08832749555366244,0.08832749555366243,0.08832749555366244,0.1987368649957405,0.19873686499574048,0.1987368649957405,577.5271544749826,,0.08868947031058796,0.08868947031058796,0.04428646349280345,0.04440300681778451,-0.00011654332498106171,0.001314060446780552,1.0,0.0,3.1415071355711577,1.0040980982723053,1.0040980982723056,1.0040980982723053,1.0040980982723053,1.0040980982723056,0.08526383150113719,0.06865943013637127,0.9653147184427531,0.7773279396862096
6,0.1,0.1,0.06366197723675814,1.5707963267948966,0.6666666666666666,24,42,2,numpy_PCG64_SeedSequence,144,6.0,3.0,6,17161,0.08832749555366244,0.08832749555366243,0.08832749555366244,0.1987368649957405,0.19873686499574048,0.1987368649957405,577.5271544749826,,0.08973836023541752,0.08973836023541752,0.045043995105180354,0.04469436513023717,0.0003496299749431851,0.003896103896103896,1.0,0.0,3.141399651753047,1.0159731086329502,1.0159731086329504,1.0159731086329502,1.0159731086329502,1.0159731086329504,0.07944046889421102,0.06434295500209886,0.8993855016068898,0.7284589537921176
6,0.1,0.1,0.06366197723675814,1.5707963267948966,0.6666666666666666,24,42,3,numpy_PCG64_SeedSequence,144,6.0,3.0,6,17161,0.08832749555366244,0.08832749555366243,0.08832749555366244,0.1987368649957405,0.19873686499574048,0.1987368649957405,577.5271544749826,,0.09166132509760504,0.09166132509760504,0.045568440067595126,0.046092885030009904,-0.0005244449624147776,0.00572155117609663,1.0,0.0,3.1400345414994897,1.0377439609607992,1.0377439609607992,1.0377439609607992,1.0377439609607992,1.0377439609607992,0.0812705806644829,0.06576362184331168,0.9201051173822516,0.7445430376021211
6,0.1,0.1,0.06366197723675814,1.5707963267948966,0.6666666666666666,24,7,0,numpy_PCG64_SeedSequence,144,6.0,3.0,6,17161,0.08832749555366244,0.08832749555366243,0.08832749555366244,0.1987368649957405,0.19873686499574048,0.1987368649957405,577.5271544749826,,0.09061243517277548,0.09061243517277548,0.045335353417633006,0.04527708175514247,5.8271662490530857e-05,0.0006430868167202572,1.0,0.0,3.141556679679479,1.0258689506001542,1.0258689506001544,1.0258689506001542,1.0258689506001542,1.0258689506001544,0.08189246563850736,0.06620965515771621,0.9271457899398319,0.7495928050794922
6,0.1,0.1,0.06366197723675814,1.5707963267948966,0.6666666666666666,24,7,1,numpy_PCG64_SeedSequence,144,6.0,3.0,6,17161,0.08832749555366244,0.08832749555366243,0.08832749555366244,0.1987368649957405,0.19873686499574048,0.1987368649957405,577.5271544749826,,0.08769885204824894,0.08769885204824894,0.04364547520540761,0.04405337684284133,-0.000407901637433716,0.004651162790697674,1.0,0.0,3.141563214538356,0.992882810709474,0.9928828107094743,0.992882810709474,0.992882810709474,0.9928828107094743,0.07983461764160724,0.06436859177488494,0.9038478578066844,0.7287492005904149
6,0.1,0.1,0.06366197723675814,1.5707963267948966,0.6666666666666666,24,7,2,numpy_PCG64_SeedSequence,144,6.0,3.0,6,17161,0.08832749555366244,0.08832749555366243,0.08832749555366244,0.1987368649957405,0.19873686499574048,0.1987368649957405,577.5271544749826,,0.08962181691043646,0.08962181691043646,0.045335353417633006,0.04428646349280345,0.0010488899248295553,0.011703511053315995,1.0,0.0,3.1413961093633853,1.014653663037323,1.014653663037323,1.014653663037323,1.014653663037323,1.014653663037323,0.08190191036297963,0.06626119499163977,0.9272527184156487,0.7501763134604386
6,0.1,0.1,0.06366197723675814,1.5707963267948966,0.6666666666666666,24,7,3,numpy_PCG64_SeedSequence,144,6.0,3.0,6,17161,0.08832749555366244,0.08832749555366243,0.08832749555366244,0.1987368649957405,0.19873686499574048,0.1987368649957405,577.5271544749826,,0.08793193869821106,0.08793193869821106,0.04405337684284133,0.04387856185536974,0.00017481498747159256,0.0019880715705765406,1.0,0.0,3.1402894156633683,0.9955217019007284,0.9955217019007286,0.9955217019007284,0.9955217019007284,0.9955217019007286,0.08608458137651781,0.06911732279740213,0.9746068405643634,0.7825119727911976
6,0.1,0.1,0.06366197723675814,1.5707963267948966,0.6666666666666666,24,123,0,numpy_PCG64_SeedSequence,144,6.0,3.0,6,17161,0.08832749555366244,0.08832749555366243,0.08832749555366244,0.1987368649957405,0.19873686499574048,0.1987368649957405,577.5271544749826,,0.08723267874832469,0.08723267874832469,0.04364547520540761,0.04358720354291708,5.8271662490530857e-05,0.0006680026720106881,1.0,0.0,3.1411847339217673,0.9876050283269652,0.9876050283269654,0.9876050283269652,0.9876050283269652,0.9876050283269654,0.07954561560118943,0.06432476387816488,0.9005759203583705,0.7282530029291394
6,0.1,0.1,0.06366197723675814,1.5707963267948966,0.6666666666666666,24,123,1,numpy_PCG64_SeedSequence,144,6.0,3.0,6,17161,0.08832749555366244,0.08832749555366243,0.08832749555366244,0.1987368649957405,0.19873686499574048,0.1987368649957405,577.5271544749826,,0.09014626187285123,0.09014626187285123,0.04539362508012353,0.044752636792727694,0.0006409882873958394,0.007110536522301228,1.0,0.0,3.1409387684676746,1.0205911682176454,1.0205911682176456,1.0205911682176454,1.0205911682176454,1.0205911682176456,0.08400681766492667,0.0674521681903836,0.9510834326089231,0.7636599200234738
6,0.1,0.1,0.06366197723675814,1.5707963267948966,0.6666666666666666,24,123,2,numpy_PCG64_SeedSequence,144,6.0,3.0,6,17161,0.08832749555366244,0.08832749555366243,0.08832749555366244,0.1987368649957405,0.19873686499574048,0.1987368649957405,577.5271544749826,,0.08670823378590992,0.08670823378590992,0.04364547520540761,0.0430627585805023,0.0005827166249053085,0.006720430107526882,1.0,0.0,3.141074110257949,0.9816675231466429,0.981667523146643,0.9816675231466429,0.9816675231466429,0.981667523146643,0.08089037237503013,0.065224717637625,0.9158005881179552,0.7384418320566828
6,0.1,0.1,0.06366197723675814,1.5707963267948966,0.6666666666666666,24,123,3,numpy_PCG64_SeedSequence,144,6.0,3.0,6,17161,0.08832749555366244,0.08832749555366243,0.08832749555366244,0.1987368649957405,0.19873686499574048,0.1987368649957405,577.5271544749826,,0.09113688013519025,0.09113688013519025,0.04568498339257619,0.045451896742614066,0.00023308664996212343,0.0025575447570332483,1.0,0.0,3.1415423449168447,1.0318064557804767,1.0318064557804767,1.0318064557804767,1.0318064557804767,1.0318064557804767,0.0788750232703699,0.06389006424430412,0.8929838073179626,0.7233315497492894
6,0.1,0.1,0.06366197723675814,1.5707963267948966,0.6666666666666666,24,2023,0,numpy_PCG64_SeedSequence,144,6.0,3.0,6,17161,0.08832749555366244,0.08832749555366243,0.08832749555366244,0.1987368649957405,0.19873686499574048,0.1987368649957405,577.5271544749826,,0.0887477419730785,0.0887477419730785,0.04428646349280345,0.04446127848027504,-0.00017481498747159256,0.001969796454366382,1.0,0.0,3.141350253660459,1.004757821070119,1.0047578210701191,1.004757821070119,1.004757821070119,1.0047578210701191,0.08054634093689302,0.06514238712036559,0.9119056351819455,0.737509726864032
6,0.1,0.1,0.06366197723675814,1.5707963267948966,0.6666666666666666,24,2023,1,numpy_PCG64_SeedSequence,144,6.0,3.0,6,17161,0.08832749555366244,0.08832749555366243,0.08832749555366244,0.1987368649957405,0.19873686499574048,0.1987368649957405,577.5271544749826,,0.08892255696055008,0.08892255696055008,0.0445778218052561,0.04434473515529398,0.00023308664996212343,0.002621231979030144,1.0,0.0,3.1415906284780193,1.0067369894635598,1.0067369894635598,1.0067369894635598,1.0067369894635598,1.0067369894635598,0.08565003513509938,0.06886862589864771,0.9696871240174991,0.779696350122452
6,0.1,0.1,0.06366197723675814,1.5707963267948966,0.6666666666666666,24,2023,2,numpy_PCG64_SeedSequence,144,6.0,3.0,6,17161,0.08832749555366244,0.08832749555366243,0.08832749555366244,0.1987368649957405,0.19873686499574048,0.1987368649957405,577.5271544749826,,0.08956354524794592,0.08956354524794592,0.044752636792727694,0.04481090845521823,-5.8271662490530857e-05,0.0006506180871828237,1.0,0.0,3.1415165103201526,1.0139939402395093,1.0139939402395095,1.0139939402395093,1.0139939402395093,1.0139939402395095,0.08259156473517935,0.06681619628727824,0.9350606424134569,0.7564597622569833
6,0.1,0.1,0.06366197723675814,1.5707963267948966,0.6666666666666666,24,2023,3,numpy_PCG64_SeedSequence,144,6.0,3.0,6,17161,0.08832749555366244,0.08832749555366243,0.08832749555366244,0.1987368649957405,0.19873686499574048,0.1987368649957405,577.5271544749826,,0.08839811199813531,0.08839811199813531,0.04416992016782239,0.044228191830312916,-5.8271662490530857e-05,0.0006591957811470006,1.0,0.0,3.1413276866079687,1.0007994842832373,1.0007994842832375,1.0007994842832373,1.0007994842832373,1.0007994842832375,0.08110173106816955,0.06546869396178899,0.9181934861823071,0.7412040107263561
6,0.1,0.1,0.06366197723675814,1.5707963267948966,0.6666666666666666,24,314159,0,numpy_PCG64_SeedSequence,144,6.0,3.0,6,17161,0.08832749555366244,0.08832749555366243,0.08832749555366244,0.1987368649957405,0.19873686499574048,0.1987368649957405,577.5271544749826,,0.0887477419730785,0.0887477419730785,0.04469436513023717,0.04405337684284133,0.0006409882873958394,0.007222586999343401,1.0,0.0,3.1414130046182565,1.004757821070119,1.0047578210701191,1.004757821070119,1.004757821070119,1.0047578210701191,0.0786225148612221,0.06351450348231133,0.890125032623118,0.7190796374807634
6,0.1,0.1,0.06366197723675814,1.5707963267948966,0.6666666666666666,24,314159,1,numpy_PCG64_SeedSequence,144,6.0,3.0,6,17161,0.08832749555366244,0.08832749555366243,0.08832749555366244,0.1987368649957405,0.19873686499574048,0.1987368649957405,577.5271544749826,,0.0891556436105122,0.0891556436105122,0.04469436513023717,0.04446127848027504,0.00023308664996212343,0.00261437908496732,1.0,0.0,3.141429322404138,1.009375880654814,1.0093758806548143,1.009375880654814,1.009375880654814,1.0093758806548143,0.08019404311905129,0.06492140143512355,0.9079170944038625,0.7350078367803515
6,0.1,0.1,0.06366197723675814,1.5707963267948966,0.6666666666666666,24,314159,2,numpy_PCG64_SeedSequence,144,6.0,3.0,6,17161,0.08832749555366244,0.08832749555366243,0.08832749555366244,0.1987368649957405,0.19873686499574048,0.1987368649957405,577.5271544749826,,0.08968008857292699,0.08968008857292699,0.044636093467746635,0.045043995105180354,-0.000407901637433716,0.004548408057179987,1.0,0.0,3.1398744745838165,1.0153133858351366,1.0153133858351369,1.0153133858351366,1.0153133858351366,1.0153133858351369,0.08334607199767283,0.06702104943631336,0.9436027985989572,0.7587790077846759
6,0.1,0.1,0.06366197723675814,1.5707963267948966,0.6666666666666666,24,314159,3,numpy_PCG64_SeedSequence,144,6.0,3.0,6,17161,0.08832749555366244,0.08832749555366243,0.08832749555366244,0.1987368649957405,0.19873686499574048,0.1987368649957405,577.5271544749826,,0.09195268341005769,0.09195268341005769,0.04591807004253831,0.04603461336751938,-0.00011654332498106171,0.0012674271229404308,1.0,0.0,3.1401310888455205,1.041042574949867,1.0410425749498673,1.041042574949867,1.041042574949867,1.0410425749498673,0.08217377991059875,0.06630597122035249,0.930330690296488,0.7506832476651508
6,0.1,0.1,0.06366197723675814,1.5707963267948966,0.6666666666666666,24,271828,0,numpy_PCG64_SeedSequence,144,6.0,3.0,6,17161,0.08832749555366244,0.08832749555366243,0.08832749555366244,0.1987368649957405,0.19873686499574048,0.1987368649957405,577.5271544749826,,0.08909737194802168,0.08909737194802168,0.0445778218052561,0.044519550142765575,5.8271662490530857e-05,0.0006540222367560497,1.0,0.0,3.1411172665838967,1.0087161578570005,1.0087161578570008,1.0087161578570005,1.0087161578570005,1.0087161578570008,0.07972862934556489,0.0645622196643385,0.9026479110021477,0.7309413593088282
6,0.1,0.1,0.06366197723675814,1.5707963267948966,0.6666666666666666,24,271828,1,numpy_PCG64_SeedSequence,144,6.0,3.0,6,17161,0.08832749555366244,0.08832749555366243,0.08832749555366244,0.1987368649957405,0.19873686499574048,0.1987368649957405,577.5271544749826,,0.08851465532311636,0.08851465532311636,0.044111648505331856,0.04440300681778451,-0.00029135831245265427,0.0032916392363396972,1.0,0.0,3.141095117723974,1.0021189298788644,1.0021189298788646,1.0021189298788644,1.0021189298788644,1.0021189298788646,0.07767409377911873,0.06269425687030729,0.8793874805601009,0.7097932130569473
6,0.1,0.1,0.06366197723675814,1.5707963267948966,0.6666666666666666,24,271828,2,numpy_PCG64_SeedSequence,144,6.0,3.0,6,17161,0.08832749555366244,0.08832749555366243,0.08832749555366244,0.1987368649957405,0.19873686499574048,0.1987368649957405,577.5271544749826,,0.0868830487733815,0.0868830487733815,0.04364547520540761,0.04323757356797389,0.000407901637433716,0.004694835680751174,1.0,0.0,3.141551311089843,0.9836466915400836,0.9836466915400838,0.9836466915400836,0.9836466915400836,0.9836466915400838,0.08140678335127288,0.06570965578582384,0.9216471365002651,0.743932060723975
6,0.1,0.1,0.06366197723675814,1.5707963267948966,0.6666666666666666,24,271828,3,numpy_PCG64_SeedSequence,144,6.0,3.0,6,17161,0.08832749555366244,0.08832749555366243,0.08832749555366244,0.1987368649957405,0.19873686499574048,0.1987368649957405,577.5271544749826,,0.08956354524794592,0.08956354524794592,0.04469436513023717,0.04486918011770876,-0.00017481498747159256,0.001951854261548471,1.0,0.0,3.140986465100646,1.0139939402395093,1.0139939402395095,1.0139939402395093,1.0139939402395093,1.0139939402395095,0.08565271432234121,0.06910885608409789,0.9697174564437164,0.7824161168716884
6,0.25,0.25,0.15915494309189535,1.5707963267948966,0.6666666666666666,24,42,0,numpy_PCG64_SeedSequence,144,6.0,3.0,6,17161,0.0938979185615655,0.09389791856150331,0.09389791856150327,0.2112703167635224,0.21127031676338245,0.21127031676338237,1443.8178861922916,,0.09568206980945167,0.09568206980945167,0.04754967659227318,0.048132393217178486,-0.0005827166249053085,0.0060901339829476245,1.0,0.0,3.1410343006339327,1.0190009669566462,1.0190009669573212,1.0190009669573217,1.0190009669566462,1.0190009669573212,0.08891973407925421,0.06946380904076,0.9469830156134157,0.7397800729226502
6,0.25,0.25,0.15915494309189535,1.5707963267948966,0.6666666666666666,24,42,1,numpy_PCG64_SeedSequence,144,6.0,3.0,6,17161,0.0938979185615655,0.09389791856150331,0.09389791856150327,0.2112703167635224,0.21127031676338245,0.21127031676338237,1443.8178861922916,,0.0938756482722452,0.0938756482722452,0.04696695996736787,0.046908688304877336,5.8271662490530857e-05,0.0006207324643078833,1.0,0.0,3.141337988866894,0.9997628244623368,0.9997628244629989,0.9997628244629994,0.9997628244623368,0.9997628244629989,0.08637818865412906,0.06784357297636091,0.9199159041794306,0.7225247802684606
6,0.25,0.25,0.15915494309189535,1.5707963267948966,0.6666666666666666,24,42,2,numpy_PCG64_SeedSequence,144,6.0,3.0,6,17161,0.0938979185615655,0.09389791856150331,0.09389791856150327,0.2112703167635224,0.21127031676338245,0.21127031676338237,1443.8178861922916,,0.0955655264844706,0.0955655264844706,0.0477827632422353,0.0477827632422353,0.0,0.0,1.0,0.0,3.1415634298930875,1.0177597964731424,1.0177597964738163,1.0177597964738168,1.0177597964731424,1.0177597964738163,0.0864585631706987,0.06792547922582717,0.9207718817964097,0.7233970706314525
6,0.25,0.25,0.15915494309189535,1.5707963267948966,0.6666666666666666,24,42,3,numpy_PCG64_SeedSequence,144,6.0,3.0,6,17161,0.0938979185615655,0.09389791856150331,0.09389791856150327,0.2112703167635224,0.21127031676338245,0.21127031676338237,1443.8178861922916,,0.09457490822213158,0.09457490822213158,0.047200046617329995,0.04737486160480159,-0.00017481498747159256,0.0018484288354898336,1.0,0.0,3.1414649629984837,1.0072098473633597,1.007209847364027,1.0072098473640274,1.0072098473633597,1.007209847364027,0.08493832956788169,0.06657905772807826,0.9045816016911032,0.7090578656908647
6,0.25,0.25,0.15915494309189535,1.5707963267948966,0.6666666666666666,24,7,0,numpy_PCG64_SeedSequence,144,6.0,3.0,6,17161,0.0938979185615655,0.09389791856150331,0.09389791856150327,0.2112703167635224,0.21127031676338245,0.21127031676338237,1443.8178861922916,,0.09358428995979255,0.09358428995979255,0.046908688304877336,0.046675601654915216,0.00023308664996212343,0.0024906600249066002,1.0,0.0,3.1411339029221286,0.9966598982535773,0.9966598982542373,0.9966598982542377,0.9966598982535773,0.9966598982542373,0.0868980541358787,0.06818263390739471,0.9254524005119747,0.726135732845769
6,0.25,0.25,0.15915494309189535,1.5707963267948966,0.6666666666666666,24,7,1,numpy_PCG64_SeedSequence,144,6.0,3.0,6,17161,0.0938979185615655,0.09389791856150331,0.09389791856150327,0.2112703167635224,0.21127031676338245,0.21127031676338237,1443.8178861922916,,0.09643960142182856,0.09643960142182856,0.04807412155468795,0.04836547986714061,-0.00029135831245265427,0.0030211480362537764,1.0,0.0,3.1413225160492195,1.027068575099421,1.0270685751001012,1.0270685751001016,1.027068575099421,1.0270685751001012,0.08654595516049172,0.06757822636655339,0.921702594544166,0.7196988751379485
6,0.25,0.25,0.15915494309189535,1.5707963267948966,0.6666666666666666,24,7,2,numpy_PCG64_SeedSequence,144,6.0,3.0,6,17161,0.0938979185615655,0.09389791856150331,0.09389791856150327,0.2112703167635224,0.21127031676338245,0.21127031676338237,1443.8178861922916,,0.09533243983450848,0.09533243983450848,0.04749140492978265,0.047841034904725833,-0.0003496299749431851,0.003667481662591687,1.0,0.0,3.141355259831339,1.0152774555061348,1.0152774555068071,1.0152774555068076,1.0152774555061348,1.0152774555068071,0.08669196564283867,0.0678402641441241,0.9232575862264493,0.7224895416573442
6,0.25,0.25,0.15915494309189535,1.5707963267948966,0.6666666666666666,24,7,3,numpy_PCG64_SeedSequence,144,6.0,3.0,6,17161,0.0938979185615655,0.09389791856150331,0.09389791856150327,0.2112703167635224,0.21127031676338245,0.21127031676338237,1443.8178861922916,,0.09440009323465999,0.09440009323465999,0.047200046617329995,0.047200046617329995,0.0,0.0,1.0,0.0,3.141574684397242,1.0053480916381041,1.00534809163877,1.0053480916387705,1.0053480916381041,1.00534809163877,0.0860337552978441,0.06749254232605371,0.9162477360074265,0.7187863518167474
6,0.25,0.25,0.15915494309189535,1.5707963267948966,0.6666666666666666,24,123,0,numpy_PCG64_SeedSequence,144,6.0,3.0,6,17161,0.0938979185615655,0.09389791856150331,0.09389791856150327,0.2112703167635224,0.21127031676338245,0.21127031676338237,1443.8178861922916,,0.09544898315948953,0.09544898315948953,0.04754967659227318,0.04789930656721636,-0.0003496299749431851,0.003663003663003663,1.0,0.0,3.1394014431060455,1.0165186259896386,1.0165186259903116,1.016518625990312,1.0165186259896386,1.0165186259903116,0.08770077085092175,0.06875673738164957,0.9340012238228635,0.7322498563859884
6,0.25,0.25,0.15915494309189535,1.5707963267948966,0.6666666666666666,24,123,1,numpy_PCG64_SeedSequence,144,6.0,3.0,6,17161,0.0938979185615655,0.09389791856150331,0.09389791856150327,0.2112703167635224,0.21127031676338245,0.21127031676338237,1443.8178861922916,,0.09445836489715051,0.09445836489715051,0.04714177495483946,0.047316589942311055,-0.00017481498747159256,0.001850709438618137,1.0,0.0,3.14082054115351,1.005968676879856,1.005968676880522,1.0059686768805225,1.005968676879856,1.005968676880522,0.08799390777941479,0.0689036211209737,0.9371230920493764,0.7338141481357339
6,0.25,0.25,0.15915494309189535,1.5707963267948966,0.6666666666666666,24,123,2,numpy_PCG64_SeedSequence,144,6.0,3.0,6,17161,0.0938979185615655,0.09389791856150331,0.09389791856150327,0.2112703167635224,0.21127031676338245,0.21127031676338237,1443.8178861922916,,0.09282675834741565,0.09282675834741565,0.04644251500495309,0.046384243342462564,5.8271662490530857e-05,0.0006277463904582549,1.0,0.0,3.1415803877407136,0.9885922901108023,0.988592290111457,0.9885922901114574,0.9885922901108023,0.988592290111457,0.08748259882369666,0.06869461766616745,0.9316777215496791,0.7315882899057752
6,0.25,0.25,0.15915494309189535,1.5707963267948966,0.6666666666666666,24,123,3,numpy_PCG64_SeedSequence,144,6.0,3.0,6,17161,0.0938979185615655,0.09389791856150331,0.09389791856150327,0.2112703167635224,0.21127031676338245,0.21127031676338237,1443.8178861922916,,0.09305984499737778,0.09305984499737778,0.04655905832993415,0.046500786667443623,5.8271662490530857e-05,0.0006261740763932373,1.0,0.0,3.141461799536385,0.99107463107781,0.9910746310784664,0.9910746310784668,0.99107463107781,0.9910746310784664,0.08863087250430682,0.06936923568838826,0.9439066793178672,0.738772879644881
6,0.25,0.25,0.15915494309189535,1.5707963267948966,0.6666666666666666,24,2023,0,numpy_PCG64_SeedSequence,144,6.0,3.0,6,17161,0.0938979185615655,0.09389791856150331,0.09389791856150327,0.2112703167635224,0.21127031676338245,0.21127031676338237,1443.8178861922916,,0.09509935318454636,0.09509935318454636,0.04749140492978265,0.04760794825476371,-0.00011654332498106171,0.0012254901960784314,1.0,0.0,3.141470309387964,1.0127951145391272,1.012795114539798,1.0127951145397984,1.0127951145391272,1.012795114539798,0.08733825265608847,0.06856002471596098,0.9301404545919078,0.7301548933803962
6,0.25,0.25,0.15915494309189535,1.5707963267948966,0.6666666666666666,24,2023,1,numpy_PCG64_SeedSequence,144,6.0,3.0,6,17161,0.0938979185615655,0.09389791856150331,0.09389791856150327,0.2112703167635224,0.21127031676338245,0.21127031676338237,1443.8178861922916,,0.09416700658469786,0.09416700658469786,0.04714177495483946,0.0470252316298584,0.00011654332498106171,0.0012376237623762376,1.0,0.0,3.14155656577712,1.0028657506710963,1.0028657506717604,1.0028657506717609,1.0028657506710963,1.0028657506717604,0.08681225660511585,0.0681438139205576,0.924538668534981,0.7257223052913376
6,0.25,0.25,0.15915494309189535,1.5707963267948966,0.6666666666666666,24,2023,2,numpy_PCG64_SeedSequence,144,6.0,3.0,6,17161,0.0938979185615655,0.09389791856150331,0.09389791856150327,0.2112703167635224,0.21127031676338245,0.21127031676338237,1443.8178861922916,,0.09375910494726415,0.09375910494726415,0.046792144979896276,0.04696695996736787,-0.00017481498747159256,0.0018645121193287756,1.0,0.0,3.1413419811535173,0.9985216539788331,0.9985216539794943,0.9985216539794948,0.9985216539788331,0.9985216539794943,0.08495574983020335,0.06668648017619806,0.9047671251040662,0.7102019000823125
6,0.25,0.25,0.15915494309189535,1.5707963267948966,0.6666666666666666,24,2023,3,numpy_PCG64_SeedSequence,144,6.0,3.0,6,17161,0.0938979185615655,0.09389791856150331,0.09389791856150327,0.2112703167635224,0.21127031676338245,0.21127031676338237,1443.8178861922916,,0.09410873492220732,0.09410873492220732,0.0470252316298584,0.04708350329234893,-5.8271662490530857e-05,0.0006191950464396285,1.0,0.0,3.1415293223160647,1.0022451654293445,1.0022451654300082,1.0022451654300086,1.0022451654293445,1.0022451654300082,0.08682480131756383,0.06799239211547675,0.9246722680081126,0.7241096837614838
6,0.25,0.25,0.15915494309189535,1.5707963267948966,0.6666666666666666,24,314159,0,numpy_PCG64_SeedSequence,144,6.0,3.0,6,17161,0.0938979185615655,0.09389791856150331,0.09389791856150327,0.2112703167635224,0.21127031676338245,0.21127031676338237,1443.8178861922916,,0.0955655264844706,0.0955655264844706,0.04807412155468795,0.04749140492978265,0.0005827166249053085,0.006097560975609756,1.0,0.0,3.14131749441671,1.0177597964731424,1.0177597964738163,1.0177597964738168,1.0177597964731424,1.0177597964738163,0.0835504293651306,0.06578615413151355,0.8898006542109832,0.7006135507506477
6,0.25,0.25,0.15915494309189535,1.5707963267948966,0.6666666666666666,24,314159,1,numpy_PCG64_SeedSequence,144,6.0,3.0,6,17161,0.0938979185615655,0.09389791856150331,0.09389791856150327,0.2112703167635224,0.21127031676338245,0.21127031676338237,1443.8178861922916,,0.09509935318454636,0.09509935318454636,0.04749140492978265,0.04760794825476371,-0.00011654332498106171,0.0012254901960784314,1.0,0.0,3.141497050945096,1.0127951145391272,1.012795114539798,1.0127951145397984,1.0127951145391272,1.012795114539798,0.08621931680870155,0.06752797590345512,0.9182239407380541,0.7191637145734966
6,0.25,0.25,0.15915494309189535,1.5707963267948966,0.6666666666666666,24,314159,2,numpy_PCG64_SeedSequence,144,6.0,3.0,6,17161,0.0938979185615655,0.09389791856150331,0.09389791856150327,0.2112703167635224,0.21127031676338245,0.21127031676338237,1443.8178861922916,,0.09352601829730202,0.09352601829730202,0.04696695996736787,0.04655905832993415,0.000407901637433716,0.004361370716510903,1.0,0.0,3.1410465515893775,0.9960393130118252,0.9960393130124849,0.9960393130124854,0.9960393130118252,0.9960393130124849,0.08626503129589275,0.06755588337689628,0.9187107937790108,0.7194609253516339
6,0.25,0.25,0.15915494309189535,1.5707963267948966,0.6666666666666666,24,314159,3,numpy_PCG64_SeedSequence,144,6.0,3.0,6,17161,0.0938979185615655,0.09389791856150331,0.09389791856150327,0.2112703167635224,0.21127031676338245,0.21127031676338237,1443.8178861922916,,0.09171959676009557,0.09171959676009557,0.04580152671755725,0.04591807004253831,-0.00011654332498106171,0.0012706480304955528,1.0,0.0,3.1415410353233155,0.976801170517516,0.9768011705181628,0.9768011705181633,0.976801170517516,0.9768011705181628,0.08818107389623368,0.06917597126309404,0.9391163856141977,0.7367146399282305
6,0.25,0.25,0.15915494309189535,1.5707963267948966,0.6666666666666666,24,271828,0,numpy_PCG64_SeedSequence,144,6.0,3.0,6,17161,0.0938979185615655,0.09389791856150331,0.09389791856150327,0.2112703167635224,0.21127031676338245,0.21127031676338237,1443.8178861922916,,0.09358428995979255,0.09358428995979255,0.04661732999242468,0.04696695996736787,-0.0003496299749431851,0.0037359900373599006,1.0,0.0,3.140772948308263,0.9966598982535773,0.9966598982542373,0.9966598982542377,0.9966598982535773,0.9966598982542373,0.08518196244606703,0.06686953715330245,0.9071762585473742,0.7121514318707554
6,0.25,0.25,0.15915494309189535,1.5707963267948966,0.6666666666666666,24,271828,1,numpy_PCG64_SeedSequence,144,6.0,3.0,6,17161,0.0938979185615655,0.09389791856150331,0.09389791856150327,0.2112703167635224,0.21127031676338245,0.21127031676338237,1443.8178861922916,,0.09410873492220732,0.09410873492220732,0.04714177495483946,0.04696695996736787,0.00017481498747159256,0.0018575851393188853,1.0,0.0,3.141505456839691,1.0022451654293445,1.0022451654300082,1.0022451654300086,1.0022451654293445,1.0022451654300082,0.08678741610224593,0.06800064315109862,0.9242741205742758,0.7241975561632182
6,0.25,0.25,0.15915494309189535,1.5707963267948966,0.6666666666666666,24,271828,2,numpy_PCG64_SeedSequence,144,6.0,3.0,6,17161,0.0938979185615655,0.09389791856150331,0.09389791856150327,0.2112703167635224,0.21127031676338245,0.21127031676338237,1443.8178861922916,,0.09154478177262397,0.09154478177262397,0.045568440067595126,0.045976341705028845,-0.000407901637433716,0.004455760661998727,1.0,0.0,3.141549099367735,0.9749394147922602,0.9749394147929058,0.9749394147929062,0.9749394147922602,0.9749394147929058,0.08713013459199286,0.06850752102221193,0.9279240256520143,0.7295957362174541
6,0.25,0.25,0.15915494309189535,1.5707963267948966,0.6666666666666666,24,271828,3,numpy_PCG64_SeedSequence,144,6.0,3.0,6,17161,0.0938979185615655,0.09389791856150331,0.09389791856150327,0.2112703167635224,0.21127031676338245,0.21127031676338237,1443.8178861922916,,0.09247712837247246,0.09247712837247246,0.04603461336751938,0.04644251500495309,-0.000407901637433716,0.004410838059231254,1.0,0.0,3.1413406673544,0.9848687786602908,0.984868778660943,0.9848687786609435,0.9848687786602908,0.984868778660943,0.08888365093069228,0.06928368626527832,0.9465987350125813,0.7378617899804828
6,0.5,0.5,0.3183098861837907,1.5707963267948966,0.6666666666666666,24,42,0,numpy_PCG64_SeedSequence,144,6.0,3.0,6,17161,0.11378423841712111,0.11378421189144378,0.11378421153870749,0.2560145364385225,0.2560144767557485,0.25601447596209187,2887.8462394302796,,0.11030825709457491,0.11030825709457491,0.055358079366004315,0.054950177728570596,0.000407901637433716,0.0036978341257263604,1.0,0.0,3.141303871931127,0.9694511175633692,0.9694513435643856,0.9694513465697293,0.9694511175633692,0.9694513435643856,0.10239160949821494,0.07323496983228098,0.8998751577776354,0.6436301798128599
6,0.5,0.5,0.3183098861837907,1.5707963267948966,0.6666666666666666,24,42,1,numpy_PCG64_SeedSequence,144,6.0,3.0,6,17161,0.11378423841712111,0.11378421189144378,0.11378421153870749,0.2560145364385225,0.2560144767557485,0.25601447596209187,2887.8462394302796,,0.10920109550725482,0.10920109550725482,0.05465881941611794,0.05454227609113688,0.00011654332498106171,0.0010672358591248667,1.0,0.0,3.141534376394613,0.959720757693478,0.959720981426127,0.9597209844013063,0.959720757693478,0.959720981426127,0.10367135330686797,0.0740436608687599,0.9111222674516627,0.6507374123059433
6,0.5,0.5,0.3183098861837907,1.5707963267948966,0.6666666666666666,24,42,2,numpy_PCG64_SeedSequence,144,6.0,3.0,6,17161,0.11378423841712111,0.11378421189144378,0.11378421153870749,0.2560145364385225,0.2560144767557485,0.25601447596209187,2887.8462394302796,,0.11252258026921508,0.11252258026921508,0.05634869762834334,0.056173882640871746,0.00017481498747159256,0.0015535991714137752,1.0,0.0,3.141540630907056,0.9889118373031516,0.9889120678409026,0.9889120709065754,0.9889118373031516,0.9889120678409026,0.1036366607334773,0.0739184158827422,0.9108173695688514,0.6496366887983643
6,0.5,0.5,0.3183098861837907,1.5707963267948966,0.6666666666666666,24,42,3,numpy_PCG64_SeedSequence,144,6.0,3.0,6,17161,0.11378423841712111,0.11378421189144378,0.11378421153870749,0.2560145364385225,0.2560144767557485,0.25601447596209187,2887.8462394302796,,0.10826874890740633,0.10826874890740633,0.05390128780374104,0.05436746110366529,-0.00046617329992424685,0.004305705059203444,1.0,0.0,3.1414221916926293,0.9515267704346223,0.9515269922570673,0.9515269952068447,0.9515267704346223,0.9515269922570673,0.1024687779905546,0.07331794283663867,0.900553357969623,0.6443593933270684
6,0.5,0.5,0.3183098861837907,1.5707963267948966,0.6666666666666666,24,7,0,numpy_PCG64_SeedSequence,144,6.0,3.0,6,17161,0.11378423841712111,0.11378421189144378,0.11378421153870749,0.2560145364385225,0.2560144767557485,0.25601447596209187,2887.8462394302796,,0.10960899714468854,0.10960899714468854,0.05460054775362741,0.05500844939106113,-0.000407901637433716,0.003721424774056353,1.0,0.0,3.141474563435139,0.9633056271192274,0.9633058516875908,0.9633058546738832,0.9633056271192274,0.9633058516875908,0.09906778058977346,0.07125035309974154,0.8706634764878537,0.6261882497164959
6,0.5,0.5,0.3183098861837907,1.5707963267948966,0.6666666666666666,24,7,1,numpy_PCG64_SeedSequence,144,6.0,3.0,6,17161,0.11378423841712111,0.11378421189144378,0.11378421153870749,0.2560145364385225,0.2560144767557485,0.25601447596209187,2887.8462394302796,,0.10925936716974535,0.10925936716974535,0.05442573276615582,0.054833634403589536,-0.000407901637433716,0.0037333333333333333,1.0,0.0,3.141346885361503,0.9602328818971565,0.9602331057491933,0.9602331087259601,0.9602328818971565,0.9602331057491933,0.10367720815573345,0.07402472880721314,0.9111737231624617,0.6505710266816238
6,0.5,0.5,0.3183098861837907,1.5707963267948966,0.6666666666666666,24,7,2,numpy_PCG64_SeedSequence,144,6.0,3.0,6,17161,0.11378423841712111,0.11378421189144378,0.11378421153870749,0.2560145364385225,0.2560144767557485,0.25601447596209187,2887.8462394302796,,0.11089097371948022,0.11089097371948022,0.05518326437853272,0.0557077093409475,-0.0005244449624147776,0.004729374671571204,1.0,0.0,3.1414250025472334,0.974572359600154,0.974572586795048,0.9745725898162677,0.974572359600154,0.974572586795048,0.10068915428126173,0.0720828915878587,0.8849130220667807,0.6335050670516453
6,0.5,0.5,0.3183098861837907,1.5707963267948966,0.6666666666666666,24,7,3,numpy_PCG64_SeedSequence,144,6.0,3.0,6,17161,0.11378423841712111,0.11378421189144378,0.11378421153870749,0.2560145364385225,0.2560144767557485,0.25601447596209187,2887.8462394302796,,0.10943418215721694,0.10943418215721694,0.05465881941611794,0.054775362741099,-0.00011654332498106171,0.0010649627263045794,1.0,0.0,3.140280487344172,0.9617692545081918,0.961769478718392,0.9617694816999216,0.9617692545081918,0.961769478718392,0.10278275958428267,0.07338896973948658,0.9033128051311626,0.6449836177700667
6,0.5,0.5,0.3183098861837907,1.5707963267948966,0.6666666666666666,24,123,0,numpy_PCG64_SeedSequence,144,6.0,3.0,6,17161,0.11378423841712111,0.11378421189144378,0.11378421153870749,0.2560145364385225,0.2560144767557485,0.25601447596209187,2887.8462394302796,,0.11077443039449915,0.11077443039449915,0.05541635102849484,0.055358079366004315,5.8271662490530857e-05,0.0005260389268805891,1.0,0.0,3.141506850048519,0.973548111192797,0.9735483381489154,0.97354834116696,0.973548111192797,0.9735483381489154,0.10049043383831534,0.07235468229149165,0.8831665548432809,0.6358937168981784
6,0.5,0.5,0.3183098861837907,1.5707963267948966,0.6666666666666666,24,123,1,numpy_PCG64_SeedSequence,144,6.0,3.0,6,17161,0.11378423841712111,0.11378421189144378,0.11378421153870749,0.2560145364385225,0.2560144767557485,0.25601447596209187,2887.8462394302796,,0.10931763883223589,0.10931763883223589,0.05460054775362741,0.05471709107860847,-0.00011654332498106171,0.0010660980810234541,1.0,0.0,3.141315109871312,0.960745006100835,0.9607452300722595,0.960745233050614,0.960745006100835,0.9607452300722595,0.10114159022039969,0.07234118717630145,0.8888892840291746,0.6357751142219384
6,0.5,0.5,0.3183098861837907,1.5707963267948966,0.6666666666666666,24,123,2,numpy_PCG64_SeedSequence,144,6.0,3.0,6,17161,0.11378423841712111,0.11378421189144378,0.11378421153870749,0.2560145364385225,0.2560144767557485,0.25601447596209187,2887.8462394302796,,0.10791911893246314,0.10791911893246314,0.05390128780374104,0.054017831128722105,-0.00011654332498106171,0.0010799136069114472,1.0,0.0,3.1415029188470616,0.9484540252125514,0.9484542463186699,0.9484542492589216,0.9484540252125514,0.9484542463186699,0.10242297209526804,0.07351269464512876,0.9001507899520859,0.6460709819548022
6,0.5,0.5,0.3183098861837907,1.5707963267948966,0.6666666666666666,24,123,3,numpy_PCG64_SeedSequence,144,6.0,3.0,6,17161,0.11378423841712111,0.11378421189144378,0.11378421153870749,0.2560145364385225,0.2560144767557485,0.25601447596209187,2887.8462394302796,,0.11007517044461279,0.11007517044461279,0.05512499271604219,0.054950177728570596,0.00017481498747159256,0.0015881418740074113,1.0,0.0,3.141509154203906,0.9674026207486554,0.9674028462721207,0.967402849271114,0.9674026207486554,0.9674028462721207,0.10241163787686204,0.07296620200015343,0.9000511784543629,0.6412680966643812
6,0.5,0.5,0.3183098861837907,1.5707963267948966,0.6666666666666666,24,2023,0,numpy_PCG64_SeedSequence,144,6.0,3.0,6,17161,0.11378423841712111,0.11378421189144378,0.11378421153870749,0.2560145364385225,0.2560144767557485,0.25601447596209187,2887.8462394302796,,0.1112406036944234,0.1112406036944234,0.055882524328419086,0.055358079366004315,0.0005244449624147776,0.004714510214772132,1.0,0.0,3.1415021351129058,0.9776451048222249,0.9776453327334453,0.9776453357641908,0.9776451048222249,0.9776453327334453,0.10105777103258337,0.07256521302929513,0.8881526337779417,0.6377439796475031
6,0.5,0.5,0.3183098861837907,1.5707963267948966,0.6666666666666666,24,2023,1,numpy_PCG64_SeedSequence,144,6.0,3.0,6,17161,0.11378423841712111,0.11378421189144378,0.11378421153870749,0.2560145364385225,0.2560144767557485,0.25601447596209187,2887.8462394302796,,0.11159023366936659,0.11159023366936659,0.05599906765340015,0.055591166015966434,0.000407901637433716,0.0036553524804177544,1.0,0.0,3.1412360621457123,0.9807178500442958,0.9807180786718428,0.9807180817121139,0.9807178500442958,0.9807180786718428,0.10283678259116137,0.07335055760115523,0.9037875897553798,0.6446460302547332
6,0.5,0.5,0.3183098861837907,1.5707963267948966,0.6666666666666666,24,2023,2,numpy_PCG64_SeedSequence,144,6.0,3.0,6,17161,0.11378423841712111,0.11378421189144378,0.11378421153870749,0.2560145364385225,0.2560144767557485,0.25601447596209187,2887.8462394302796,,0.11112406036944233,0.11112406036944233,0.05576598100343803,0.055358079366004315,0.000407901637433716,0.0036706869428421605,1.0,0.0,3.1415109346159102,0.976620856414868,0.9766210840873129,0.976621087114883,0.976620856414868,0.9766210840873129,0.1008273250245706,0.07203754487540619,0.886127344412573,0.6331065345915845
6,0.5,0.5,0.3183098861837907,1.5707963267948966,0.6666666666666666,24,2023,3,numpy_PCG64_SeedSequence,144,6.0,3.0,6,17161,0.11378423841712111,0.11378421189144378,0.11378421153870749,0.2560145364385225,0.2560144767557485,0.25601447596209187,2887.8462394302796,,0.1135131985315541,0.1135131985315541,0.05675659926577705,0.05675659926577705,0.0,0.0,1.0,0.0,3.1406179493674715,0.9976179487656858,0.9976181813330286,0.9976181844256907,0.9976179487656858,0.9976181813330286,0.10229646096212248,0.07331507369285249,0.8990389388301249,0.6443341776748297
6,0.5,0.5,0.3183098861837907,1.5707963267948966,0.6666666666666666,24,314159,0,numpy_PCG64_SeedSequence,144,6.0,3.0,6,17161,0.11378423841712111,0.11378421189144378,0.11378421153870749,0.2560145364385225,0.2560144767557485,0.25601447596209187,2887.8462394302796,,0.11211467863178136,0.11211467863178136,0.05634869762834334,0.05576598100343803,0.0005827166249053085,0.005197505197505198,1.0,0.0,3.141304372815871,0.9853269678774021,0.9853271975794389,0.9853272006339985,0.9853269678774021,0.9853271975794389,0.10142293189240255,0.07257163867022082,0.8913618731673247,0.6378004518005453
6,0.5,0.5,0.3183098861837907,1.5707963267948966,0.6666666666666666,24,314159,1,numpy_PCG64_SeedSequence,144,6.0,3.0,6,17161,0.11378423841712111,0.11378421189144378,0.11378421153870749,0.2560145364385225,0.2560144767557485,0.25601447596209187,2887.8462394302796,,0.10803566225744421,0.10803566225744421,0.0541926461161937,0.05384301614125051,0.0003496299749431851,0.003236245954692557,1.0,0.0,3.1409333945140556,0.9494782736199083,0.9494784949648024,0.9494784979082294,0.9494782736199083,0.9494784949648024,0.09919588456656458,0.07120423078591319,0.8717893264172746,0.6257829008345245
6,0.5,0.5,0.3183098861837907,1.5707963267948966,0.6666666666666666,24,314159,2,numpy_PCG64_SeedSequence,144,6.0,3.0,6,17161,0.11378423841712111,0.11378421189144378,0.11378421153870749,0.2560145364385225,0.2560144767557485,0.25601447596209187,2887.8462394302796,,0.1106578870695181,0.1106578870695181,0.055474622690985374,0.05518326437853272,0.00029135831245265427,0.0026329647182727752,1.0,0.0,3.14154715017981,0.9725238627854401,0.972524089502783,0.9725240925176524,0.9725238627854401,0.972524089502783,0.10127780011641888,0.0726857091679082,0.8900863733441275,0.6388029676083079
6,0.5,0.5,0.3183098861837907,1.5707963267948966,0.6666666666666666,24,314159,3,numpy_PCG64_SeedSequence,144,6.0,3.0,6,17161,0.11378423841712111,0.11378421189144378,0.11378421153870749,0.2560145364385225,0.2560144767557485,0.25601447596209187,2887.8462394302796,,0.10995862711963172,0.10995862711963172,0.05524153604102325,0.05471709107860847,0.0005244449624147776,0.0047694753577106515,1.0,0.0,3.141423247737999,0.9663783723412983,0.9663785976259882,0.9663786006218062,0.9663783723412983,0.9663785976259882,0.10160321369027561,0.07273204707772574,0.8929462911884937,0.6392102112693119
6,0.5,0.5,0.3183098861837907,1.5707963267948966,0.6666666666666666,24,271828,0,numpy_PCG64_SeedSequence,144,6.0,3.0,6,17161,0.11378423841712111,0.11378421189144378,0.11378421153870749,0.2560145364385225,0.2560144767557485,0.25601447596209187,2887.8462394302796,,0.10931763883223589,0.10931763883223589,0.05465881941611794,0.05465881941611794,0.0,0.0,1.0,0.0,3.1411043016171876,0.960745006100835,0.9607452300722595,0.960745233050614,0.960745006100835,0.9607452300722595,0.10156296331009428,0.07309903088788235,0.8925925481680079,0.6424354717734186
6,0.5,0.5,0.3183098861837907,1.5707963267948966,0.6666666666666666,24,271828,1,numpy_PCG64_SeedSequence,144,6.0,3.0,6,17161,0.11378423841712111,0.11378421189144378,0.11378421153870749,0.2560145364385225,0.2560144767557485,0.25601447596209187,2887.8462394302796,,0.11007517044461279,0.11007517044461279,0.05524153604102325,0.054833634403589536,0.000407901637433716,0.0037056643726839597,1.0,0.0,3.141066433507351,0.9674026207486554,0.9674028462721207,0.967402849271114,0.9674026207486554,0.9674028462721207,0.10075021208747852,0.07234112528618364,0.8854496324714042,0.6357745702967106
6,0.5,0.5,0.3183098861837907,1.5707963267948966,0.6666666666666666,24,271828,2,numpy_PCG64_SeedSequence,144,6.0,3.0,6,17161,0.11378423841712111,0.11378421189144378,0.11378421153870749,0.2560145364385225,0.2560144767557485,0.25601447596209187,2887.8462394302796,,0.10949245381970747,0.10949245381970747,0.05448400442864635,0.05500844939106113,-0.0005244449624147776,0.004789781798829164,1.0,0.0,3.140928547288325,0.9622813787118704,0.9622816030414583,0.9622816060245755,0.9622813787118704,0.9622816030414583,0.10138626060259355,0.07261787828392867,0.8910395852097031,0.6382068315799516
6,0.5,0.5,0.3183098861837907,1.5707963267948966,0.6666666666666666,24,271828,3,numpy_PCG64_SeedSequence,144,6.0,3.0,6,17161,0.11378423841712111,0.11378421189144378,0.11378421153870749,0.2560145364385225,0.2560144767557485,0.25601447596209187,2887.8462394302796,,0.10920109550725482,0.10920109550725482,0.05460054775362741,0.05460054775362741,0.0,0.0,1.0,0.0,3.1414352591856,0.959720757693478,0.959720981426127,0.9597209844013063,0.959720757693478,0.959720981426127,0.10171583272894086,0.07257828831779733,0.8939360507565315,0.6378588926502538
6,0.75,0.75,0.477464829275686,1.5707963267948966,0.6666666666666666,24,42,0,numpy_PCG64_SeedSequence,144,6.0,3.0,6,17161,0.14651891041667695,0.1465281539992087,0.14649792567269876,0.32966754843752316,0.3296883464982196,0.3296203327635722,4344.978157289723,,0.13548161529048425,0.13548161529048425,0.06771167181399686,0.06776994347648739,-5.8271662490530857e-05,0.00043010752688172043,1.0,0.0,3.141590399042826,0.9246698252477831,0.9246114933735935,0.92480227735902,0.9246698252477831,0.9246114933735935,0.12369043515698416,0.07755414936781063,0.84419434191278,0.5293115349224119
6,0.75,0.75,0.477464829275686,1.5707963267948966,0.6666666666666666,24,42,1,numpy_PCG64_SeedSequence,144,6.0,3.0,6,17161,0.14651891041667695,0.1465281539992087,0.14649792567269876,0.32966754843752316,0.3296883464982196,0.3296203327635722,4344.978157289723,,0.1372880368276907,0.1372880368276907,0.06858574675135481,0.06870229007633588,-0.00011654332498106171,0.0008488964346349745,1.0,0.0,3.141403828837718,0.9369987562510868,0.9369396466185747,0.9371329743904735,0.9369987562510868,0.9369396466185747,0.12546380754514155,0.07895653247451857,0.8562977105708883,0.5388828803734514
6,0.75,0.75,0.477464829275686,1.5707963267948966,0.6666666666666666,24,42,2,numpy_PCG64_SeedSequence,144,6.0,3.0,6,17161,0.14651891041667695,0.1465281539992087,0.14649792567269876,0.32966754843752316,0.3296883464982196,0.3296203327635722,4344.978157289723,,0.13250976050346716,0.13250976050346716,0.0659052502767904,0.06660451022667677,-0.0006992599498863702,0.005277044854881266,1.0,0.0,3.1414308316354775,0.9043867452100897,0.9043296928737855,0.9045162919201768,0.9043867452100897,0.9043296928737855,0.12374315943187342,0.07813881247603642,0.844554188124708,0.5333018943003454
6,0.75,0.75,0.477464829275686,1.5707963267948966,0.6666666666666666,24,42,3,numpy_PCG64_SeedSequence,144,6.0,3.0,6,17161,0.14651891041667695,0.1465281539992087,0.14649792567269876,0.32966754843752316,0.3296883464982196,0.3296203327635722,4344.978157289723,,0.1374628518151623,0.1374628518151623,0.06881883340131693,0.06864401841384535,0.00017481498747159256,0.001271725307333616,1.0,0.0,3.1413282483650655,0.9381918786062452,0.9381326937067987,0.938326267651582,0.9381918786062452,0.9381326937067987,0.12424940866581216,0.07807127248453954,0.8480093682956432,0.5328409299694968
6,0.75,0.75,0.477464829275686,1.5707963267948966,0.6666666666666666,24,7,0,numpy_PCG64_SeedSequence,144,6.0,3.0,6,17161,0.14651891041667695,0.1465281539992087,0.14649792567269876,0.32966754843752316,0.3296883464982196,0.3296203327635722,4344.978157289723,,0.13250976050346716,0.13250976050346716,0.06642969523920518,0.066080065264262,0.0003496299749431851,0.002638522427440633,1.0,0.0,3.141327917064174,0.9043867452100897,0.9043296928737855,0.9045162919201768,0.9043867452100897,0.9043296928737855,0.12500076520332784,0.07884618025039658,0.8531374199265143,0.5381297200898528
6,0.75,0.75,0.477464829275686,1.5707963267948966,0.6666666666666666,24,7,1,numpy_PCG64_SeedSequence,144,6.0,3.0,6,17161,0.14651891041667695,0.1465281539992087,0.14649792567269876,0.32966754843752316,0.3296883464982196,0.3296203327635722,4344.978157289723,,0.13280111881591983,0.13280111881591983,0.0664879669016957,0.06631315191422411,0.00017481498747159256,0.0013163668275559457,1.0,0.0,3.1412917759762777,0.9063752824686871,0.9063181046874923,0.9065051140220243,0.9063752824686871,0.9063181046874923,0.12650381255162507,0.07907458971370528,0.8633958046225428,0.5396886278285136
6,0.75,0.75,0.477464829275686,1.5707963267948966,0.6666666666666666,24,7,2,numpy_PCG64_SeedSequence,144,6.0,3.0,6,17161,0.14651891041667695,0.1465281539992087,0.14649792567269876,0.32966754843752316,0.3296883464982196,0.3296203327635722,4344.978157289723,,0.137870753452596,0.137870753452596,0.06922673503875065,0.06864401841384535,0.0005827166249053085,0.00422654268808115,1.0,0.0,3.141585766929221,0.9409758307682815,0.9409164702459879,0.9411106185941682,0.9409758307682815,0.9409164702459879,0.12388025514740843,0.0779403765760999,0.8454898742770629,0.5319475578575462
6,0.75,0.75,0.477464829275686,1.5707963267948966,0.6666666666666666,24,7,3,numpy_PCG64_SeedSequence,144,6.0,3.0,6,17161,0.14651891041667695,0.1465281539992087,0.14649792567269876,0.32966754843752316,0.3296883464982196,0.3296203327635722,4344.978157289723,,0.13519025697803158,0.13519025697803158,0.0674203135015442,0.06776994347648739,-0.0003496299749431851,0.002586206896551724,1.0,0.0,3.1412534263682463,0.9226812879891856,0.9226230815598867,0.9228134552571725,0.9226812879891856,0.9226230815598867,0.12326106509731195,0.07734629424786457,0.8412638665328366,0.5278929117606987
6,0.75,0.75,0.477464829275686,1.5707963267948966,0.6666666666666666,24,123,0,numpy_PCG64_SeedSequence,144,6.0,3.0,6,17161,0.14651891041667695,0.1465281539992087,0.14649792567269876,0.32966754843752316,0.3296883464982196,0.3296203327635722,4344.978157289723,,0.13326729211584407,0.13326729211584407,0.0664879669016957,0.06677932521414837,-0.00029135831245265427,0.0021862702229995625,1.0,0.0,3.1415036145389266,0.9095569420824429,0.9094995635894229,0.90968722938498,0.9095569420824429,0.9094995635894229,0.12487304619328017,0.07837825267013819,0.8522657303290114,0.5349360874118068
6,0.75,0.75,0.477464829275686,1.5707963267948966,0.6666666666666666,24,123,1,numpy_PCG64_SeedSequence,144,6.0,3.0,6,17161,0.14651891041667695,0.1465281539992087,0.14649792567269876,0.32966754843752316,0.3296883464982196,0.3296203327635722,4344.978157289723,,0.13950236000233088,0.13950236000233088,0.06975118000116544,0.06975118000116544,0.0,0.0,1.0,0.0,3.1414882975054153,0.952111639416427,0.9520515764027453,0.9522480223645134,0.952111639416427,0.9520515764027453,0.12306678432866108,0.0776249485991499,0.8399378891003102,0.5297947437528483
6,0.75,0.75,0.477464829275686,1.5707963267948966,0.6666666666666666,24,123,2,numpy_PCG64_SeedSequence,144,6.0,3.0,6,17161,0.14651891041667695,0.1465281539992087,0.14649792567269876,0.32966754843752316,0.3296883464982196,0.3296203327635722,4344.978157289723,,0.13501544199055998,0.13501544199055998,0.06747858516403472,0.06753685682652526,-5.8271662490530857e-05,0.00043159257660768235,1.0,0.0,3.1413937155204974,0.9214881656340271,0.9214300344716627,0.921620161996064,0.9214881656340271,0.9214300344716627,0.12358647565143481,0.07790872729702751,0.8434848123015257,0.5317315497055447
6,0.75,0.75,0.477464829275686,1.5707963267948966,0.6666666666666666,24,123,3,numpy_PCG64_SeedSequence,144,6.0,3.0,6,17161,0.14651891041667695,0.1465281539992087,0.14649792567269876,0.32966754843752316,0.3296883464982196,0.3296203327635722,4344.978157289723,,0.13618087524037062,0.13618087524037062,0.06811957345143058,0.06806130178894004,5.8271662490530857e-05,0.0004278990158322636,1.0,0.0,3.141438491820538,0.9294423146684168,0.9293836817264894,0.9295754504034536,0.9294423146684168,0.9293836817264894,0.12482129746731761,0.07817237014347152,0.8519125422946792,0.5335309273128054
6,0.75,0.75,0.477464829275686,1.5707963267948966,0.6666666666666666,24,2023,0,numpy_PCG64_SeedSequence,144,6.0,3.0,6,17161,0.14651891041667695,0.1465281539992087,0.14649792567269876,0.32966754843752316,0.3296883464982196,0.3296203327635722,4344.978157289723,,0.1369384068527475,0.1369384068527475,0.06870229007633588,0.06823611677641163,0.00046617329992424685,0.003404255319148936,1.0,0.0,3.141589173604802,0.9346125115407697,0.9345535524421266,0.9347463878682566,0.9346125115407697,0.9345535524421266,0.1255614393664004,0.07867998067135154,0.8569640533725186,0.5369953983932718
6,0.75,0.75,0.477464829275686,1.5707963267948966,0.6666666666666666,24,2023,1,numpy_PCG64_SeedSequence,144,6.0,3.0,6,17161,0.14651891041667695,0.1465281539992087,0.14649792567269876,0.32966754843752316,0.3296883464982196,0.3296203327635722,4344.978157289723,,0.13320902045335353,0.13320902045335353,0.0664879669016957,0.06672105355165783,-0.00023308664996212343,0.0017497812773403325,1.0,0.0,3.1415843842432185,0.9091592346307233,0.9091018812266815,0.9092894649646105,0.9091592346307233,0.9091018812266815,0.1247272663952661,0.07836895091263521,0.8512707748137165,0.5348726023812634
6,0.75,0.75,0.477464829275686,1.5707963267948966,0.6666666666666666,24,2023,2,numpy_PCG64_SeedSequence,144,6.0,3.0,6,17161,0.14651891041667695,0.1465281539992087,0.14649792567269876,0.32966754843752316,0.3296883464982196,0.3296203327635722,4344.978157289723,,0.13402482372822097,0.13402482372822097,0.06701241186411049,0.06701241186411049,0.0,0.0,1.0,0.0,3.141168714915992,0.9147271389547961,0.9146694343050602,0.9148581668497832,0.9147271389547961,0.9146694343050602,0.1252380641732666,0.07900093336763513,0.8547569990597738,0.539185919025529
6,0.75,0.75,0.477464829275686,1.5707963267948966,0.6666666666666666,24,2023,3,numpy_PCG64_SeedSequence,144,6.0,3.0,6,17161,0.14651891041667695,0.1465281539992087,0.14649792567269876,0.32966754843752316,0.3296883464982196,0.3296203327635722,4344.978157289723,,0.13798729677757707,0.13798729677757707,0.06876056173882641,0.06922673503875065,-0.00046617329992424685,0.0033783783783783786,1.0,0.0,3.141124692299835,0.9417712456717204,0.9417118349714706,0.9419061474349072,0.9417712456717204,0.9417118349714706,0.12500553074683912,0.07883950899929124,0.8531699450353738,0.5380841884169352
6,0.75,0.75,0.477464829275686,1.5707963267948966,0.6666666666666666,24,314159,0,numpy_PCG64_SeedSequence,144,6.0,3.0,6,17161,0.14651891041667695,0.1465281539992087,0.14649792567269876,0.32966754843752316,0.3296883464982196,0.3296203327635722,4344.978157289723,,0.1355981586154653,0.1355981586154653,0.06776994347648739,0.06782821513897791,-5.8271662490530857e-05,0.0004297378599054577,1.0,0.0,3.1415797915427857,0.9254652401512218,0.925406858099076,0.9255978061997587,0.9254652401512218,0.925406858099076,0.1263986026523023,0.07936957191119054,0.8626777410017885,0.541701898311118
6,0.75,0.75,0.477464829275686,1.5707963267948966,0.6666666666666666,24,314159,1,numpy_PCG64_SeedSequence,144,6.0,3.0,6,17161,0.14651891041667695,0.1465281539992087,0.14649792567269876,0.32966754843752316,0.3296883464982196,0.3296203327635722,4344.978157289723,,0.13548161529048425,0.13548161529048425,0.06759512848901579,0.06788648680146844,-0.00029135831245265427,0.002150537634408602,1.0,0.0,3.1415482177861627,0.9246698252477831,0.9246114933735935,0.92480227735902,0.9246698252477831,0.9246114933735935,0.12522924811188718,0.07864089127949944,0.8546968289332395,0.5367286110431548
6,0.75,0.75,0.477464829275686,1.5707963267948966,0.6666666666666666,24,314159,2,numpy_PCG64_SeedSequence,144,6.0,3.0,6,17161,0.14651891041667695,0.1465281539992087,0.14649792567269876,0.32966754843752316,0.3296883464982196,0.3296203327635722,4344.978157289723,,0.136880135190257,0.136880135190257,0.06870229007633588,0.0681778451139211,0.0005244449624147776,0.0038314176245210726,1.0,0.0,3.1410987385990143,0.9342148040890504,0.9341558700793854,0.9343486234478873,0.9342148040890504,0.9341558700793854,0.12510583808976142,0.07822343230742548,0.8538545484264107,0.5338794295218975
6,0.75,0.75,0.477464829275686,1.5707963267948966,0.6666666666666666,24,314159,3,numpy_PCG64_SeedSequence,144,6.0,3.0,6,17161,0.14651891041667695,0.1465281539992087,0.14649792567269876,0.32966754843752316,0.3296883464982196,0.3296203327635722,4344.978157289723,,0.13472408367810734,0.13472408367810734,0.06707068352660102,0.06765340015150632,-0.0005827166249053085,0.004325259515570935,1.0,0.0,3.140930463605559,0.9194996283754298,0.9194416226579561,0.9196313398942169,0.9194996283754298,0.9194416226579561,0.12465004156844711,0.07859761963685444,0.8507437109241518,0.5364332795905665
6,0.75,0.75,0.477464829275686,1.5707963267948966,0.6666666666666666,24,271828,0,numpy_PCG64_SeedSequence,144,6.0,3.0,6,17161,0.14651891041667695,0.1465281539992087,0.14649792567269876,0.32966754843752316,0.3296883464982196,0.3296203327635722,4344.978157289723,,0.1369384068527475,0.1369384068527475,0.06811957345143058,0.06881883340131693,-0.0006992599498863702,0.005106382978723404,1.0,0.0,3.1415549011196267,0.9346125115407697,0.9345535524421266,0.9347463878682566,0.9346125115407697,0.9345535524421266,0.12423949789393139,0.07806155168008158,0.847941726706905,0.5327745849193575
6,0.75,0.75,0.477464829275686,1.5707963267948966,0.6666666666666666,24,271828,1,numpy_PCG64_SeedSequence,144,6.0,3.0,6,17161,0.14651891041667695,0.1465281539992087,0.14649792567269876,0.32966754843752316,0.3296883464982196,0.3296203327635722,4344.978157289723,,0.13705495017772856,0.13705495017772856,0.06846920342637375,0.06858574675135481,-0.00011654332498106171,0.0008503401360544217,1.0,0.0,3.1414772164513356,0.9354079264442088,0.9353489171676093,0.9355419167089956,0.9354079264442088,0.9353489171676093,0.1263426615961295,0.07954329574744957,0.8622959400723815,0.5428875734964234
6,0.75,0.75,0.477464829275686,1.5707963267948966,0.6666666666666666,24,271828,2,numpy_PCG64_SeedSequence,144,6.0,3.0,6,17161,0.14651891041667695,0.1465281539992087,0.14649792567269876,0.32966754843752316,0.3296883464982196,0.3296203327635722,4344.978157289723,,0.13594778859040849,0.13594778859040849,0.06806130178894004,0.06788648680146844,0.00017481498747159256,0.0012858979854264896,1.0,0.0,3.1414581036322713,0.9278514848615388,0.927792952275524,0.9279843927219756,0.9278514848615388,0.927792952275524,0.12415572358114894,0.0780150283874307,0.8473699621985272,0.5324570607682525
6,0.75,0.75,0.477464829275686,1.5707963267948966,0.6666666666666666,24,271828,3,numpy_PCG64_SeedSequence,144,6.0,3.0,6,17161,0.14651891041667695,0.1465281539992087,0.14649792567269876,0.32966754843752316,0.3296883464982196,0.3296203327635722,4344.978157289723,,0.13705495017772856,0.13705495017772856,0.06858574675135481,0.06846920342637375,0.00011654332498106171,0.0008503401360544217,1.0,0.0,3.14125738637669,0.9354079264442088,0.9353489171676093,0.9355419167089956,0.9354079264442088,0.9353489171676093,0.1260325795480062,0.07918863152756686,0.8601796122397388,0.5404669697745277
8,0.1,0.1,0.06366197723675814,1.5707963267948966,0.5,24,42,0,numpy_PCG64_SeedSequence,192,8.0,4.0,8,30625,0.04968421624893513,0.04968421624893512,0.049684216248935126,0.19873686499574053,0.19873686499574048,0.1987368649957405,577.5271544749826,,0.04995918367346939,0.04995918367346939,0.024914285714285715,0.025044897959183673,-0.00013061224489795917,0.00261437908496732,1.0,0.0,3.1414583987604696,1.0055343013394147,1.0055343013394151,1.005534301339415,1.0055343013394147,1.0055343013394151,0.04935079666132849,0.04378407068381508,0.9932892251749309,0.8812470838715
8,0.1,0.1,0.06366197723675814,1.5707963267948966,0.5,24,42,1,numpy_PCG64_SeedSequence,192,8.0,4.0,8,30625,0.04968421624893513,0.04968421624893512,0.049684216248935126,0.19873686499574053,0.19873686499574048,0.1987368649957405,577.5271544749826,,0.04858775510204082,0.04858775510204082,0.024522448979591837,0.02406530612244898,0.00045714285714285713,0.009408602150537635,1.0,0.0,3.141404529131588,0.9779313989497054,0.9779313989497056,0.9779313989497055,0.9779313989497054,0.9779313989497056,0.048431663301377305,0.04302860286112572,0.9747897211202426,0.8660416951238098
8,0.1,0.1,0.06366197723675814,1.5707963267948966,0.5,24,42,2,numpy_PCG64_SeedSequence,192,8.0,4.0,8,30625,0.04968421624893513,0.04968421624893512,0.049684216248935126,0.19873686499574053,0.19873686499574048,0.1987368649957405,577.5271544749826,,0.0492734693877551,0.0492734693877551,0.024653061224489795,0.024620408163265307,3.265306122448979e-05,0.0006626905235255136,1.0,0.0,3.1414674830664993,0.99173285014456,0.9917328501445603,0.9917328501445601,0.99173285014456,0.9917328501445603,0.047903883759298695,0.04248805500064845,0.9641670408824332,0.8551620254563055
8,0.1,0.1,0.06366197723675814,1.5707963267948966,0.5,24,42,3,numpy_PCG64_SeedSequence,192,8.0,4.0,8,30625,0.04968421624893513,0.04968421624893512,0.049684216248935126,0.19873686499574053,0.19873686499574048,0.1987368649957405,577.5271544749826,,0.04995918367346939,0.04995918367346939,0.024979591836734694,0.024979591836734694,0.0,0.0,1.0,0.0,3.1414854674894883,1.0055343013394147,1.0055343013394151,1.005534301339415,1.0055343013394147,1.0055343013394151,0.04812111558250784,0.042707515158359445,0.9685392910578358,0.8595791255794396
8,0.1,0.1,0.06366197723675814,1.5707963267948966,0.5,24,7,0,numpy_PCG64_SeedSequence,192,8.0,4.0,8,30625,0.04968421624893513,0.04968421624893512,0.049684216248935126,0.19873686499574053,0.19873686499574048,0.1987368649957405,577.5271544749826,,0.0486530612244898,0.0486530612244898,0.0243265306122449,0.0243265306122449,0.0,0.0,1.0,0.0,3.1410842496534004,0.9792458228730249,0.9792458228730252,0.9792458228730251,0.9792458228730249,0.9792458228730252,0.0491508059821913,0.04348265349244682,0.989263989511855,0.8751804249982261
8,0.1,0.1,0.06366197723675814,1.5707963267948966,0.5,24,7,1,numpy_PCG64_SeedSequence,192,8.0,4.0,8,30625,0.04968421624893513,0.04968421624893512,0.049684216248935126,0.19873686499574053,0.19873686499574048,0.1987368649957405,577.5271544749826,,0.050579591836734696,0.050579591836734696,0.025273469387755102,0.025306122448979593,-3.265306122448979e-05,0.0006455777921239509,1.0,0.0,3.1414930147834728,1.01802132861095,1.0180213286109503,1.01802132861095,1.01802132861095,1.0180213286109503,0.04679608029688306,0.041447960680642146,0.9418701517282367,0.8342279260877037
8,0.1,0.1,0.06366197723675814,1.5707963267948966,0.5,24,7,2,numpy_PCG64_SeedSequence,192,8.0,4.0,8,30625,0.04968421624893513,0.04968421624893512,0.049684216248935126,0.19873686499574053,0.19873686499574048,0.1987368649957405,577.5271544749826,,0.05061224489795919,0.05061224489795919,0.02550204081632653,0.025110204081632653,0.0003918367346938776,0.007741935483870968,1.0,0.0,3.1402867991146293,1.0186785405726098,1.01867854057261,1.01867854057261,1.0186785405726098,1.01867854057261,0.04762592108534882,0.042310636917210466,0.9585724538096054,0.8515911110526434
8,0.1,0.1,0.06366197723675814,1.5707963267948966,0.5,24,7,3,numpy_PCG64_SeedSequence,192,8.0,4.0,8,30625,0.04968421624893513,0.04968421624893512,0.049684216248935126,0.19873686499574053,0.19873686499574048,0.1987368649957405,577.5271544749826,,0.04953469387755102,0.04953469387755102,0.024783673469387753,0.024751020408163266,3.265306122448979e-05,0.0006591957811470006,1.0,0.0,3.1413618306849616,0.9969905458378381,0.9969905458378384,0.9969905458378382,0.9969905458378381,0.9969905458378384,0.04799538001843782,0.04260890375869645,0.9660085967335047,0.8575943624673695
8,0.1,0.1,0.06366197723675814,1.5707963267948966,0.5,24,123,0,numpy_PCG64_SeedSequence,192,8.0,4.0,8,30625,0.04968421624893513,0.04968421624893512,0.049684216248935126,0.19873686499574053,0.19873686499574048,0.1987368649957405,577.5271544749826,,0.050906122448979595,0.050906122448979595,0.0256,0.025306122448979593,0.0002938775510204082,0.005772931366260423,1.0,0.0,3.141389889389002,1.0245934482275476,1.0245934482275478,1.0245934482275476,1.0245934482275476,1.0245934482275478,0.046986586871888225,0.04168404425436557,0.9457044997242011,0.8389796076386526
8,0.1,0.1,0.06366197723675814,1.5707963267948966,0.5,24,123,1,numpy_PCG64_SeedSequence,192,8.0,4.0,8,30625,0.04968421624893513,0.04968421624893512,0.049684216248935126,0.19873686499574053,0.19873686499574048,0.1987368649957405,577.5271544749826,,0.04953469387755102,0.04953469387755102,0.024848979591836736,0.024685714285714287,0.00016326530612244898,0.0032959789057350032,1.0,0.0,3.141290548428531,0.9969905458378381,0.9969905458378384,0.9969905458378382,0.9969905458378381,0.9969905458378384,0.04663012871365471,0.04135284412824404,0.9385300249081442,0.8323135041730751
8,0.1,0.1,0.06366197723675814,1.5707963267948966,0.5,24,123,2,numpy_PCG64_SeedSequence,192,8.0,4.0,8,30625,0.04968421624893513,0.04968421624893512,0.049684216248935126,0.19873686499574053,0.19873686499574048,0.1987368649957405,577.5271544749826,,0.050906122448979595,0.050906122448979595,0.02524081632653061,0.02566530612244898,-0.00042448979591836735,0.008338678640153944,1.0,0.0,3.1413422100222657,1.0245934482275476,1.0245934482275478,1.0245934482275476,1.0245934482275476,1.0245934482275478,0.04780784844447954,0.04245097096349249,0.9622341269296805,0.8544156307266361
8,0.1,0.1,0.06366197723675814,1.5707963267948966,0.5,24,123,3,numpy_PCG64_SeedSequence,192,8.0,4.0,8,30625,0.04968421624893513,0.04968421624893512,0.049684216248935126,0.19873686499574053,0.19873686499574048,0.1987368649957405,577.5271544749826,,0.04953469387755102,0.04953469387755102,0.024718367346938774,0.024816326530612245,-9.79591836734694e-05,0.001977587343441002,1.0,0.0,3.141453228969556,0.9969905458378381,0.9969905458378384,0.9969905458378382,0.9969905458378381,0.9969905458378384,0.04552326724654721,0.040434339625221576,0.9162520954030929,0.8138266571949435
8,0.1,0.1,0.06366197723675814,1.5707963267948966,0.5,24,2023,0,numpy_PCG64_SeedSequence,192,8.0,4.0,8,30625,0.04968421624893513,0.04968421624893512,0.049684216248935126,0.19873686499574053,0.19873686499574048,0.1987368649957405,577.5271544749826,,0.05028571428571429,0.05028571428571429,0.025306122448979593,0.024979591836734694,0.00032653061224489796,0.006493506493506494,1.0,0.0,3.1412957100403145,1.0121064209560122,1.0121064209560127,1.0121064209560124,1.0121064209560122,1.0121064209560127,0.049045490720222906,0.043512100613814525,0.9871442969833318,0.8757731106354547
8,0.1,0.1,0.06366197723675814,1.5707963267948966,0.5,24,2023,1,numpy_PCG64_SeedSequence,192,8.0,4.0,8,30625,0.04968421624893513,0.04968421624893512,0.049684216248935126,0.19873686499574053,0.19873686499574048,0.1987368649957405,577.5271544749826,,0.050546938775510204,0.050546938775510204,0.025110204081632653,0.02543673469387755,-0.00032653061224489796,0.006459948320413436,1.0,0.0,3.1415462146411586,1.0173641166492902,1.0173641166492906,1.0173641166492904,1.0173641166492902,1.0173641166492906,0.047450450610450765,0.04212170340152755,0.9550407391495837,0.8477884242046453
8,0.1,0.1,0.06366197723675814,1.5707963267948966,0.5,24,2023,2,numpy_PCG64_SeedSequence,192,8.0,4.0,8,30625,0.04968421624893513,0.04968421624893512,0.049684216248935126,0.19873686499574053,0.19873686499574048,0.1987368649957405,577.5271544749826,,0.05097142857142857,0.05097142857142857,0.02550204081632653,0.02546938775510204,3.265306122448979e-05,0.0006406149903907751,1.0,0.0,3.141525981229456,1.025907872150867,1.0259078721508672,1.025907872150867,1.025907872150867,1.0259078721508672,0.04862708506029765,0.043060131507313144,0.9787229975946307,0.86667627585322
8,0.1,0.1,0.06366197723675814,1.5707963267948966,0.5,24,2023,3,numpy_PCG64_SeedSequence,192,8.0,4.0,8,30625,0.04968421624893513,0.04968421624893512,0.049684216248935126,0.19873686499574053,0.19873686499574048,0.1987368649957405,577.5271544749826,,0.05175510204081633,0.05175510204081633,0.025861224489795918,0.02589387755102041,-3.265306122448979e-05,0.0006309148264984228,1.0,0.0,3.141417818805408,1.041680959230701,1.0416809592307013,1.041680959230701,1.041680959230701,1.0416809592307013,0.04973853606333627,0.043985511374039894,1.001093301223249,0.8853015040764103
8,0.1,0.1,0.06366197723675814,1.5707963267948966,0.5,24,314159,0,numpy_PCG64_SeedSequence,192,8.0,4.0,8,30625,0.04968421624893513,0.04968421624893512,0.049684216248935126,0.19873686499574053,0.19873686499574048,0.1987368649957405,577.5271544749826,,0.04986122448979592,0.04986122448979592,0.024881632653061224,0.024979591836734694,-9.79591836734694e-05,0.0019646365422396855,1.0,0.0,3.1415097400327947,1.0035626654544356,1.0035626654544358,1.0035626654544358,1.0035626654544356,1.0035626654544358,0.04633106258097932,0.04114226915255897,0.9325106860666705,0.8280752371421529
8,0.1,0.1,0.06366197723675814,1.5707963267948966,0.5,24,314159,1,numpy_PCG64_SeedSequence,192,8.0,4.0,8,30625,0.04968421624893513,0.04968421624893512,0.049684216248935126,0.19873686499574053,0.19873686499574048,0.1987368649957405,577.5271544749826,,0.04969795918367347,0.04969795918367347,0.024914285714285715,0.024783673469387753,0.00013061224489795917,0.002628120893561104,1.0,0.0,3.1407646398480598,1.0002766056461367,1.0002766056461372,1.000276605646137,1.0002766056461367,1.0002766056461372,0.0480967087399495,0.04260316820134751,0.9680480516985179,0.8574789222374141
8,0.1,0.1,0.06366197723675814,1.5707963267948966,0.5,24,314159,2,numpy_PCG64_SeedSequence,192,8.0,4.0,8,30625,0.04968421624893513,0.04968421624893512,0.049684216248935126,0.19873686499574053,0.19873686499574048,0.1987368649957405,577.5271544749826,,0.0496,0.0496,0.024979591836734694,0.024620408163265307,0.00035918367346938774,0.007241606319947334,1.0,0.0,3.1415625122316033,0.9983049697611575,0.9983049697611578,0.9983049697611577,0.9983049697611575,0.9983049697611578,0.046263803264169984,0.041077491167575905,0.9311569499732532,0.826771443103046
8,0.1,0.1,0.06366197723675814,1.5707963267948966,0.5,24,314159,3,numpy_PCG64_SeedSequence,192,8.0,4.0,8,30625,0.04968421624893513,0.04968421624893512,0.049684216248935126,0.19873686499574053,0.19873686499574048,0.1987368649957405,577.5271544749826,,0.05116734693877551,0.05116734693877551,0.02540408163265306,0.025763265306122447,-0.00035918367346938774,0.007019783024888321,1.0,0.0,3.141486806347691,1.0298511439208256,1.0298511439208258,1.0298511439208256,1.0298511439208256,1.0298511439208258,0.04944386719036036,0.04374729694671655,0.9951624665392619,0.8805069345871823
8,0.1,0.1,0.06366197723675814,1.5707963267948966,0.5,24,271828,0,numpy_PCG64_SeedSequence,192,8.0,4.0,8,30625,0.04968421624893513,0.04968421624893512,0.049684216248935126,0.19873686499574053,0.19873686499574048,0.1987368649957405,577.5271544749826,,0.049893877551020406,0.049893877551020406,0.024718367346938774,0.02517551020408163,-0.00045714285714285713,0.009162303664921465,1.0,0.0,3.141349169951608,1.0042198774160953,1.0042198774160955,1.0042198774160953,1.0042198774160953,1.0042198774160955,0.04764894847024829,0.04228941973073741,0.9590359286641567,0.8511640702723934
8,0.1,0.1,0.06366197723675814,1.5707963267948966,0.5,24,271828,1,numpy_PCG64_SeedSequence,192,8.0,4.0,8,30625,0.04968421624893513,0.04968421624893512,0.049684216248935126,0.19873686499574053,0.19873686499574048,0.1987368649957405,577.5271544749826,,0.05097142857142857,0.05097142857142857,0.02550204081632653,0.02546938775510204,3.265306122448979e-05,0.0006406149903907751,1.0,0.0,3.1408314446789394,1.025907872150867,1.0259078721508672,1.025907872150867,1.025907872150867,1.0259078721508672,0.04715751819498945,0.04188566785702905,0.9491448543479875,0.8430377093434935
8,0.1,0.1,0.06366197723675814,1.5707963267948966,0.5,24,271828,2,numpy_PCG64_SeedSequence,192,8.0,4.0,8,30625,0.04968421624893513,0.04968421624893512,0.049684216248935126,0.19873686499574053,0.19873686499574048,0.1987368649957405,577.5271544749826,,0.050383673469387755,0.050383673469387755,0.02517551020408163,0.025208163265306123,-3.265306122448979e-05,0.0006480881399870382,1.0,0.0,3.141547314038684,1.0140780568409915,1.0140780568409917,1.0140780568409917,1.0140780568409915,1.0140780568409917,0.04837768135432168,0.0428966597422364,0.9737032201923593,0.8633860606215318
8,0.1,0.1,0.06366197723675814,1.5707963267948966,0.5,24,271828,3,numpy_PCG64_SeedSequence,192,8.0,4.0,8,30625,0.04968421624893513,0.04968421624893512,0.049684216248935126,0.19873686499574053,0.19873686499574048,0.1987368649957405,577.5271544749826,,0.05015510204081633,0.05015510204081633,0.025044897959183673,0.025110204081632653,-6.530612244897959e-05,0.0013020833333333333,1.0,0.0,3.1414889999659708,1.0094775731093732,1.0094775731093737,1.0094775731093735,1.0094775731093732,1.0094775731093737,0.0451765121216499,0.040050704268325674,0.9092729146677071,0.8061051837399985
8,0.25,0.25,0.15915494309189535,1.5707963267948966,0.5,24,42,0,numpy_PCG64_SeedSequence,192,8.0,4.0,8,30625,0.05281757919088059,0.052817579190845614,0.0528175791908456,0.21127031676352237,0.21127031676338245,0.2112703167633824,1443.8178861922916,,0.05381224489795918,0.05381224489795918,0.026775510204081632,0.027036734693877552,-0.00026122448979591835,0.0048543689320388345,1.0,0.0,3.141371737818851,1.018832095721084,1.0188320957217585,1.018832095721759,1.018832095721084,1.0188320957217585,0.05083454739912368,0.04434756002282841,0.9624550798780399,0.8396363616469078
8,0.25,0.25,0.15915494309189535,1.5707963267948966,0.5,24,42,1,numpy_PCG64_SeedSequence,192,8.0,4.0,8,30625,0.05281757919088059,0.052817579190845614,0.0528175791908456,0.21127031676352237,0.21127031676338245,0.2112703167633824,1443.8178861922916,,0.05293061224489796,0.05293061224489796,0.026448979591836733,0.026481632653061225,-3.265306122448979e-05,0.0006169031462060457,1.0,0.0,3.140990545632121,1.0021400650266243,1.002140065027288,1.0021400650272883,1.0021400650266243,1.002140065027288,0.050433840246244,0.04414183139598507,0.9548684551402505,0.8357412829629749
8,0.25,0.25,0.15915494309189535,1.5707963267948966,0.5,24,42,2,numpy_PCG64_SeedSequence,192,8.0,4.0,8,30625,0.05281757919088059,0.052817579190845614,0.0528175791908456,0.21127031676352237,0.21127031676338245,0.2112703167633824,1443.8178861922916,,0.05348571428571428,0.05348571428571428,0.026775510204081632,0.026710204081632653,6.530612244897959e-05,0.001221001221001221,1.0,0.0,3.14131763731773,1.0126498621305433,1.0126498621312139,1.012649862131214,1.0126498621305433,1.0126498621312139,0.04950562539390632,0.043175938796343474,0.9372944794572087,0.817453951085251
8,0.25,0.25,0.15915494309189535,1.5707963267948966,0.5,24,42,3,numpy_PCG64_SeedSequence,192,8.0,4.0,8,30625,0.05281757919088059,0.052817579190845614,0.0528175791908456,0.21127031676352237,0.21127031676338245,0.2112703167633824,1443.8178861922916,,0.05195102040816327,0.05195102040816327,0.025991836734693876,0.025959183673469388,3.265306122448979e-05,0.0006285355122564425,1.0,0.0,3.141356029045927,0.9835933642550028,0.9835933642556541,0.9835933642556544,0.9835933642550028,0.9835933642556541,0.051094049730524005,0.04463087723823629,0.9673682609699353,0.845000432089894
8,0.25,0.25,0.15915494309189535,1.5707963267948966,0.5,24,7,0,numpy_PCG64_SeedSequence,192,8.0,4.0,8,30625,0.05281757919088059,0.052817579190845614,0.0528175791908456,0.21127031676352237,0.21127031676338245,0.2112703167633824,1443.8178861922916,,0.05302857142857143,0.05302857142857143,0.026481632653061225,0.026546938775510204,-6.530612244897959e-05,0.0012315270935960591,1.0,0.0,3.141341611223673,1.0039947351037866,1.0039947351044516,1.0039947351044518,1.0039947351037866,1.0039947351044516,0.050473190359189735,0.04405925762899107,0.9556134743847625,0.8341779063702011
8,0.25,0.25,0.15915494309189535,1.5707963267948966,0.5,24,7,1,numpy_PCG64_SeedSequence,192,8.0,4.0,8,30625,0.05281757919088059,0.052817579190845614,0.0528175791908456,0.21127031676352237,0.21127031676338245,0.2112703167633824,1443.8178861922916,,0.050057142857142856,0.050057142857142856,0.024881632653061224,0.02517551020408163,-0.0002938775510204082,0.005870841487279843,1.0,0.0,3.1398421895783257,0.9477364094298675,0.9477364094304951,0.9477364094304953,0.9477364094298675,0.9477364094304951,0.050849730456820674,0.044336150561548694,0.9627425420815257,0.8394203452854142
8,0.25,0.25,0.15915494309189535,1.5707963267948966,0.5,24,7,2,numpy_PCG64_SeedSequence,192,8.0,4.0,8,30625,0.05281757919088059,0.052817579190845614,0.0528175791908456,0.21127031676352237,0.21127031676338245,0.2112703167633824,1443.8178861922916,,0.05178775510204082,0.05178775510204082,0.025959183673469388,0.02582857142857143,0.00013061224489795917,0.0025220680958385876,1.0,0.0,3.14146669124935,0.9805022474597325,0.9805022474603818,0.9805022474603821,0.9805022474597325,0.9805022474603818,0.05116514902453705,0.04465098321351251,0.9687143903288009,0.8453811003367964
8,0.25,0.25,0.15915494309189535,1.5707963267948966,0.5,24,7,3,numpy_PCG64_SeedSequence,192,8.0,4.0,8,30625,0.05281757919088059,0.052817579190845614,0.0528175791908456,0.21127031676352237,0.21127031676338245,0.2112703167633824,1443.8178861922916,,0.0537795918367347,0.0537795918367347,0.026938775510204082,0.02684081632653061,9.79591836734694e-05,0.0018214936247723133,1.0,0.0,3.140631912495228,1.01821387236203,1.018213872362704,1.0182138723627046,1.01821387236203,1.018213872362704,0.05285554479126677,0.04606225190221207,1.000718806143102,0.8721007779577507
8,0.25,0.25,0.15915494309189535,1.5707963267948966,0.5,24,123,0,numpy_PCG64_SeedSequence,192,8.0,4.0,8,30625,0.05281757919088059,0.052817579190845614,0.0528175791908456,0.21127031676352237,0.21127031676338245,0.2112703167633824,1443.8178861922916,,0.05217959183673469,0.05217959183673469,0.026024489795918367,0.026155102040816326,-0.00013061224489795917,0.0025031289111389237,1.0,0.0,3.1411949400625137,0.987920927768381,0.9879209277690353,0.9879209277690356,0.987920927768381,0.9879209277690353,0.04999469607724997,0.043732042946729305,0.9465540989027755,0.827982721220211
8,0.25,0.25,0.15915494309189535,1.5707963267948966,0.5,24,123,1,numpy_PCG64_SeedSequence,192,8.0,4.0,8,30625,0.05281757919088059,0.052817579190845614,0.0528175791908456,0.21127031676352237,0.21127031676338245,0.2112703167633824,1443.8178861922916,,0.05436734693877551,0.05436734693877551,0.02726530612244898,0.02710204081632653,0.00016326530612244898,0.003003003003003003,1.0,0.0,3.1409355481577133,1.0293418928250029,1.0293418928256846,1.0293418928256848,1.0293418928250029,1.0293418928256846,0.050322921184708415,0.043817887811738274,0.9527684145243275,0.8296080298073147
8,0.25,0.25,0.15915494309189535,1.5707963267948966,0.5,24,123,2,numpy_PCG64_SeedSequence,192,8.0,4.0,8,30625,0.05281757919088059,0.052817579190845614,0.0528175791908456,0.21127031676352237,0.21127031676338245,0.2112703167633824,1443.8178861922916,,0.05116734693877551,0.05116734693877551,0.02563265306122449,0.025534693877551022,9.79591836734694e-05,0.0019144862795149968,1.0,0.0,3.141088918873089,0.9687560036377054,0.9687560036383469,0.9687560036383472,0.9687560036377054,0.9687560036383469,0.05147661990341832,0.04484970165213049,0.9746114966266042,0.8491434544935406
8,0.25,0.25,0.15915494309189535,1.5707963267948966,0.5,24,123,3,numpy_PCG64_SeedSequence,192,8.0,4.0,8,30625,0.05281757919088059,0.052817579190845614,0.0528175791908456,0.21127031676352237,0.21127031676338245,0.2112703167633824,1443.8178861922916,,0.053224489795918366,0.053224489795918366,0.026579591836734695,0.026644897959183674,-6.530612244897959e-05,0.001226993865030675,1.0,0.0,3.1414948152981603,1.0077040752581108,1.0077040752587783,1.0077040752587785,1.0077040752581108,1.0077040752587783,0.05009442820521932,0.04374807709453748,0.9484423362945144,0.8282862971896856
8,0.25,0.25,0.15915494309189535,1.5707963267948966,0.5,24,2023,0,numpy_PCG64_SeedSequence,192,8.0,4.0,8,30625,0.05281757919088059,0.052817579190845614,0.0528175791908456,0.21127031676352237,0.21127031676338245,0.2112703167633824,1443.8178861922916,,0.05211428571428572,0.05211428571428572,0.026024489795918367,0.026089795918367346,-6.530612244897959e-05,0.0012531328320802004,1.0,0.0,3.1410835264866486,0.9866844810502731,0.9866844810509264,0.9866844810509268,0.9866844810502731,0.9866844810509264,0.05049164202500325,0.044034839812575124,0.9559628214411059,0.8337156016453348
8,0.25,0.25,0.15915494309189535,1.5707963267948966,0.5,24,2023,1,numpy_PCG64_SeedSequence,192,8.0,4.0,8,30625,0.05281757919088059,0.052817579190845614,0.0528175791908456,0.21127031676352237,0.21127031676338245,0.2112703167633824,1443.8178861922916,,0.05198367346938775,0.05198367346938775,0.025991836734693876,0.025991836734693876,0.0,0.0,1.0,0.0,3.1402784367935266,0.9842115876140567,0.9842115876147085,0.9842115876147087,0.9842115876140567,0.9842115876147085,0.0490784244411574,0.04284971811903336,0.929206245212223,0.8112775855208398
8,0.25,0.25,0.15915494309189535,1.5707963267948966,0.5,24,2023,2,numpy_PCG64_SeedSequence,192,8.0,4.0,8,30625,0.05281757919088059,0.052817579190845614,0.0528175791908456,0.21127031676352237,0.21127031676338245,0.2112703167633824,1443.8178861922916,,0.052571428571428575,0.052571428571428575,0.026383673469387754,0.026187755102040817,0.0001959183673469388,0.0037267080745341614,1.0,0.0,3.1412860481896354,0.9953396080770298,0.995339608077689,0.9953396080776893,0.9953396080770298,0.995339608077689,0.05065048512348639,0.04419576356955394,0.9589702121795016,0.8367623856790604
8,0.25,0.25,0.15915494309189535,1.5707963267948966,0.5,24,2023,3,numpy_PCG64_SeedSequence,192,8.0,4.0,8,30625,0.05281757919088059,0.052817579190845614,0.0528175791908456,0.21127031676352237,0.21127031676338245,0.2112703167633824,1443.8178861922916,,0.05276734693877551,0.05276734693877551,0.026318367346938775,0.026448979591836733,-0.00013061224489795917,0.0024752475247524753,1.0,0.0,3.141524805521033,0.999048948231354,0.9990489482320157,0.999048948232016,0.999048948231354,0.9990489482320157,0.051867982825243075,0.04517226908333855,0.9820212061933828,0.855250652819354
8,0.25,0.25,0.15915494309189535,1.5707963267948966,0.5,24,314159,0,numpy_PCG64_SeedSequence,192,8.0,4.0,8,30625,0.05281757919088059,0.052817579190845614,0.0528175791908456,0.21127031676352237,0.21127031676338245,0.2112703167633824,1443.8178861922916,,0.052408163265306125,0.052408163265306125,0.026253061224489796,0.026155102040816326,9.79591836734694e-05,0.001869158878504673,1.0,0.0,3.1405570734786354,0.9922484912817595,0.9922484912824167,0.9922484912824169,0.9922484912817595,0.9922484912824167,0.04982428524645703,0.04346922778339396,0.9433276952431705,0.8230068179819058
8,0.25,0.25,0.15915494309189535,1.5707963267948966,0.5,24,314159,1,numpy_PCG64_SeedSequence,192,8.0,4.0,8,30625,0.05281757919088059,0.052817579190845614,0.0528175791908456,0.21127031676352237,0.21127031676338245,0.2112703167633824,1443.8178861922916,,0.05361632653061225,0.05361632653061225,0.02684081632653061,0.026775510204081632,6.530612244897959e-05,0.001218026796589525,1.0,0.0,3.141124232688529,1.0151227555667597,1.0151227555674318,1.015122755567432,1.0151227555667597,1.0151227555674318,0.04976444906785348,0.043462758119283344,0.9421948114662124,0.8228843272466293
8,0.25,0.25,0.15915494309189535,1.5707963267948966,0.5,24,314159,2,numpy_PCG64_SeedSequence,192,8.0,4.0,8,30625,0.05281757919088059,0.052817579190845614,0.0528175791908456,0.21127031676352237,0.21127031676338245,0.2112703167633824,1443.8178861922916,,0.05077551020408163,0.05077551020408163,0.02540408163265306,0.025371428571428573,3.265306122448979e-05,0.0006430868167202572,1.0,0.0,3.1404533877870153,0.9613373233290566,0.9613373233296932,0.9613373233296936,0.9613373233290566,0.9613373233296932,0.05073356390389478,0.04427323656777666,0.9605431502368886,0.8382291889557258
8,0.25,0.25,0.15915494309189535,1.5707963267948966,0.5,24,314159,3,numpy_PCG64_SeedSequence,192,8.0,4.0,8,30625,0.05281757919088059,0.052817579190845614,0.0528175791908456,0.21127031676352237,0.21127031676338245,0.2112703167633824,1443.8178861922916,,0.053583673469387756,0.053583673469387756,0.02684081632653061,0.02674285714285714,9.79591836734694e-05,0.0018281535648994515,1.0,0.0,3.141323594671568,1.0145045322077055,1.0145045322083774,1.0145045322083777,1.0145045322077055,1.0145045322083774,0.05114090581477307,0.044526321470015784,0.9682553914474555,0.8430208682813626
8,0.25,0.25,0.15915494309189535,1.5707963267948966,0.5,24,271828,0,numpy_PCG64_SeedSequence,192,8.0,4.0,8,30625,0.05281757919088059,0.052817579190845614,0.0528175791908456,0.21127031676352237,0.21127031676338245,0.2112703167633824,1443.8178861922916,,0.05328979591836735,0.05328979591836735,0.026579591836734695,0.026710204081632653,-0.00013061224489795917,0.0024509803921568627,1.0,0.0,3.141418133880685,1.008940521976219,1.0089405219768872,1.0089405219768874,1.008940521976219,1.0089405219768872,0.051560752319742845,0.04493274030957134,0.9762043832680096,0.8507156328991572
8,0.25,0.25,0.15915494309189535,1.5707963267948966,0.5,24,271828,1,numpy_PCG64_SeedSequence,192,8.0,4.0,8,30625,0.05281757919088059,0.052817579190845614,0.0528175791908456,0.21127031676352237,0.21127031676338245,0.2112703167633824,1443.8178861922916,,0.05430204081632653,0.05430204081632653,0.02713469387755102,0.02716734693877551,-3.265306122448979e-05,0.0006013229104028864,1.0,0.0,3.1406347423000587,1.0281054461068948,1.0281054461075756,1.0281054461075758,1.0281054461068948,1.0281054461075756,0.04976933014159048,0.043486760157439526,0.9422872252763826,0.8233387600041292
8,0.25,0.25,0.15915494309189535,1.5707963267948966,0.5,24,271828,2,numpy_PCG64_SeedSequence,192,8.0,4.0,8,30625,0.05281757919088059,0.052817579190845614,0.0528175791908456,0.21127031676352237,0.21127031676338245,0.2112703167633824,1443.8178861922916,,0.05332244897959184,0.05332244897959184,0.026710204081632653,0.026612244897959183,9.79591836734694e-05,0.001837109614206981,1.0,0.0,3.1403589024681424,1.009558745335273,1.0095587453359416,1.009558745335942,1.009558745335273,1.0095587453359416,0.0508426799743433,0.04431379538929813,0.9626090546596222,0.8389970927889343
8,0.25,0.25,0.15915494309189535,1.5707963267948966,0.5,24,271828,3,numpy_PCG64_SeedSequence,192,8.0,4.0,8,30625,0.05281757919088059,0.052817579190845614,0.0528175791908456,0.21127031676352237,0.21127031676338245,0.2112703167633824,1443.8178861922916,,0.0531265306122449,0.0531265306122449,0.026448979591836733,0.026677551020408162,-0.00022857142857142857,0.0043023970497848806,1.0,0.0,3.14119720558855,1.0058494051809488,1.005849405181615,1.0058494051816151,1.0058494051809488,1.005849405181615,0.050990183933612425,0.04452946328911311,0.9654017604505494,0.8430803526262616
8,0.5,0.5,0.3183098861837907,1.5707963267948966,0.5,24,42,0,numpy_PCG64_SeedSequence,192,8.0,4.0,8,30625,0.06400363415276204,0.06400361918893713,0.06400361918893711,0.25601453661104817,0.2560144767557485,0.25601447675574845,2887.8462397432722,,0.06484897959183673,0.06484897959183673,0.032391836734693875,0.03245714285714286,-6.530612244897959e-05,0.0010070493454179255,1.0,0.0,3.141491644490182,1.013207772500184,1.0132080093846587,1.013208009384659,1.013207772500184,1.0132080093846587,0.06032976237199208,0.04977203149306267,0.942599012862281,0.7776438346339555
8,0.5,0.5,0.3183098861837907,1.5707963267948966,0.5,24,42,1,numpy_PCG64_SeedSequence,192,8.0,4.0,8,30625,0.06400363415276204,0.06400361918893713,0.06400361918893711,0.25601453661104817,0.2560144767557485,0.25601447675574845,2887.8462397432722,,0.06422857142857143,0.06422857142857143,0.031902040816326534,0.0323265306122449,-0.00042448979591836735,0.0066090493136756485,1.0,0.0,3.141483333665074,1.0035144453715317,1.00351467998974,1.0035146799897403,1.0035144453715317,1.00351467998974,0.059523558897034326,0.04938458475256782,0.9300027988249104,0.771590323054127
8,0.5,0.5,0.3183098861837907,1.5707963267948966,0.5,24,42,2,numpy_PCG64_SeedSequence,192,8.0,4.0,8,30625,0.06400363415276204,0.06400361918893713,0.06400361918893711,0.25601453661104817,0.2560144767557485,0.25601447675574845,2887.8462397432722,,0.06285714285714286,0.06285714285714286,0.0313469387755102,0.03151020408163265,-0.00016326530612244898,0.0025974025974025974,1.0,0.0,3.1415567367498025,0.9820870906660899,0.9820873202746567,0.982087320274657,0.9820870906660899,0.9820873202746567,0.05971045120808352,0.04941829348316981,0.9329228253753267,0.7721169920636013
8,0.5,0.5,0.3183098861837907,1.5707963267948966,0.5,24,42,3,numpy_PCG64_SeedSequence,192,8.0,4.0,8,30625,0.06400363415276204,0.06400361918893713,0.06400361918893711,0.25601453661104817,0.2560144767557485,0.25601447675574845,2887.8462397432722,,0.06213877551020408,0.06213877551020408,0.031020408163265307,0.031118367346938774,-9.79591836734694e-05,0.0015764582238570678,1.0,0.0,3.141295850473142,0.9708632382013345,0.9708634651858035,0.9708634651858036,0.9708632382013345,0.9708634651858035,0.0597470173298831,0.04944028386871174,0.9334941385872032,0.772460572327957
8,0.5,0.5,0.3183098861837907,1.5707963267948966,0.5,24,7,0,numpy_PCG64_SeedSequence,192,8.0,4.0,8,30625,0.06400363415276204,0.06400361918893713,0.06400361918893711,0.25601453661104817,0.2560144767557485,0.25601447675574845,2887.8462397432722,,0.06373877551020408,0.06373877551020408,0.03180408163265306,0.03193469387755102,-0.00013061224489795917,0.0020491803278688526,1.0,0.0,3.140476561008777,0.9958618186910169,0.9958620515200675,0.9958620515200677,0.9958618186910169,0.9958620515200675,0.06019444931315144,0.0497105178321818,0.940484866366823,0.7766827382572395
8,0.5,0.5,0.3183098861837907,1.5707963267948966,0.5,24,7,1,numpy_PCG64_SeedSequence,192,8.0,4.0,8,30625,0.06400363415276204,0.06400361918893713,0.06400361918893711,0.25601453661104817,0.2560144767557485,0.25601447675574845,2887.8462397432722,,0.0626938775510204,0.0626938775510204,0.031379591836734694,0.03131428571428571,6.530612244897959e-05,0.0010416666666666667,1.0,0.0,3.140992194481755,0.979536215105918,0.979536444118099,0.9795364441180993,0.979536215105918,0.979536444118099,0.06058824539727124,0.04997433034917534,0.9466375808076921,0.780804574782395
8,0.5,0.5,0.3183098861837907,1.5707963267948966,0.5,24,7,2,numpy_PCG64_SeedSequence,192,8.0,4.0,8,30625,0.06400363415276204,0.06400361918893713,0.06400361918893711,0.25601453661104817,0.2560144767557485,0.25601447675574845,2887.8462397432722,,0.0643265306122449,0.0643265306122449,0.032065306122448976,0.03226122448979592,-0.0001959183673469388,0.003045685279187817,1.0,0.0,3.1412722336185324,1.0050449707076348,1.0050452056836747,1.005045205683675,1.0050449707076348,1.0050452056836747,0.06115127728519127,0.05047740406260929,0.9554344545379587,0.7886646552308462
8,0.5,0.5,0.3183098861837907,1.5707963267948966,0.5,24,7,3,numpy_PCG64_SeedSequence,192,8.0,4.0,8,30625,0.06400363415276204,0.06400361918893713,0.06400361918893711,0.25601453661104817,0.2560144767557485,0.25601447675574845,2887.8462397432722,,0.06452244897959183,0.06452244897959183,0.03219591836734694,0.0323265306122449,-0.00013061224489795917,0.0020242914979757085,1.0,0.0,3.141166727451876,1.0081060213798407,1.0081062570715436,1.0081062570715438,1.0081060213798407,1.0081062570715436,0.059460227075839624,0.04921849912142101,0.9290132953063518,0.768995382417625
8,0.5,0.5,0.3183098861837907,1.5707963267948966,0.5,24,123,0,numpy_PCG64_SeedSequence,192,8.0,4.0,8,30625,0.06400363415276204,0.06400361918893713,0.06400361918893711,0.25601453661104817,0.2560144767557485,0.25601447675574845,2887.8462397432722,,0.06288979591836735,0.06288979591836735,0.031412244897959185,0.03147755102040816,-6.530612244897959e-05,0.0010384215991692627,1.0,0.0,3.1412204466895037,0.9825972657781242,0.9825974955059682,0.9825974955059684,0.9825972657781242,0.9825974955059682,0.05984846058485623,0.04953118144025166,0.9350790994463164,0.7738807662394929
8,0.5,0.5,0.3183098861837907,1.5707963267948966,0.5,24,123,1,numpy_PCG64_SeedSequence,192,8.0,4.0,8,30625,0.06400363415276204,0.06400361918893713,0.06400361918893711,0.25601453661104817,0.2560144767557485,0.25601447675574845,2887.8462397432722,,0.061224489795918366,0.061224489795918366,0.030595918367346937,0.03062857142857143,-3.265306122448979e-05,0.0005333333333333334,1.0,0.0,3.1415547288374754,0.9565783350643732,0.9565785587090812,0.9565785587090814,0.9565783350643732,0.9565785587090812,0.06046436473863218,0.04991164993838783,0.9447020554226275,0.7798252489735212
8,0.5,0.5,0.3183098861837907,1.5707963267948966,0.5,24,123,2,numpy_PCG64_SeedSequence,192,8.0,4.0,8,30625,0.06400363415276204,0.06400361918893713,0.06400361918893711,0.25601453661104817,0.2560144767557485,0.25601447675574845,2887.8462397432722,,0.0649795918367347,0.0649795918367347,0.03245714285714286,0.032522448979591834,-6.530612244897959e-05,0.0010050251256281408,1.0,0.0,3.140689457341559,1.0152484729483215,1.0152487103099048,1.015248710309905,1.0152484729483215,1.0152487103099048,0.06062570132690902,0.050063128751059116,0.9472227964776082,0.7821919710304241
8,0.5,0.5,0.3183098861837907,1.5707963267948966,0.5,24,123,3,numpy_PCG64_SeedSequence,192,8.0,4.0,8,30625,0.06400363415276204,0.06400361918893713,0.06400361918893711,0.25601453661104817,0.2560144767557485,0.25601447675574845,2887.8462397432722,,0.0627265306122449,0.0627265306122449,0.0313469387755102,0.031379591836734694,-3.265306122448979e-05,0.0005205622071837585,1.0,0.0,3.1414965491382993,0.9800463902179525,0.9800466193494106,0.9800466193494108,0.9800463902179525,0.9800466193494106,0.05827183319370905,0.04825552494732742,0.9104456952339223,0.7539497652922725
8,0.5,0.5,0.3183098861837907,1.5707963267948966,0.5,24,2023,0,numpy_PCG64_SeedSequence,192,8.0,4.0,8,30625,0.06400363415276204,0.06400361918893713,0.06400361918893711,0.25601453661104817,0.2560144767557485,0.25601447675574845,2887.8462397432722,,0.061551020408163265,0.061551020408163265,0.03088979591836735,0.03066122448979592,0.00022857142857142857,0.003713527851458886,1.0,0.0,3.1412077157179383,0.9616800861847165,0.9616803110221962,0.9616803110221964,0.9616800861847165,0.9616803110221962,0.060215252969784215,0.04987395518723121,0.9408099050448319,0.7792363019292542
8,0.5,0.5,0.3183098861837907,1.5707963267948966,0.5,24,2023,1,numpy_PCG64_SeedSequence,192,8.0,4.0,8,30625,0.06400363415276204,0.06400361918893713,0.06400361918893711,0.25601453661104817,0.2560144767557485,0.25601447675574845,2887.8462397432722,,0.06347755102040817,0.06347755102040817,0.03180408163265306,0.0316734693877551,0.00013061224489795917,0.00205761316872428,1.0,0.0,3.140524205657368,0.9917804177947421,0.9917806496695755,0.9917806496695757,0.9917804177947421,0.9917806496695755,0.06140471399639852,0.050668513938320725,0.9593941783030555,0.7916505774873122
8,0.5,0.5,0.3183098861837907,1.5707963267948966,0.5,24,2023,2,numpy_PCG64_SeedSequence,192,8.0,4.0,8,30625,0.06400363415276204,0.06400361918893713,0.06400361918893711,0.25601453661104817,0.2560144767557485,0.25601447675574845,2887.8462397432722,,0.06396734693877551,0.06396734693877551,0.031902040816326534,0.032065306122448976,-0.00016326530612244898,0.002552322613578356,1.0,0.0,3.141313167739207,0.999433044475257,0.999433278139248,0.9994332781392482,0.999433044475257,0.999433278139248,0.061153326414849475,0.0504644445092675,0.9554664703708927,0.788462173707518
8,0.5,0.5,0.3183098861837907,1.5707963267948966,0.5,24,2023,3,numpy_PCG64_SeedSequence,192,8.0,4.0,8,30625,0.06400363415276204,0.06400361918893713,0.06400361918893711,0.25601453661104817,0.2560144767557485,0.25601447675574845,2887.8462397432722,,0.061877551020408164,0.061877551020408164,0.0307265306122449,0.031151020408163265,-0.00042448979591836735,0.006860158311345646,1.0,0.0,3.1412078438524644,0.9667818373050598,0.9667820633353114,0.9667820633353116,0.9667818373050598,0.9667820633353114,0.05895096514683005,0.04888551512690048,0.9210565294796788,0.7637928029246266
8,0.5,0.5,0.3183098861837907,1.5707963267948966,0.5,24,314159,0,numpy_PCG64_SeedSequence,192,8.0,4.0,8,30625,0.06400363415276204,0.06400361918893713,0.06400361918893711,0.25601453661104817,0.2560144767557485,0.25601447675574845,2887.8462397432722,,0.06217142857142857,0.06217142857142857,0.030922448979591836,0.031248979591836736,-0.00032653061224489796,0.005252100840336135,1.0,0.0,3.141314548028302,0.9713734133133688,0.9713736404171149,0.9713736404171152,0.9713734133133688,0.9713736404171149,0.05979611104748512,0.049572097116209884,0.9342611843690856,0.7745200373761999
8,0.5,0.5,0.3183098861837907,1.5707963267948966,0.5,24,314159,1,numpy_PCG64_SeedSequence,192,8.0,4.0,8,30625,0.06400363415276204,0.06400361918893713,0.06400361918893711,0.25601453661104817,0.2560144767557485,0.25601447675574845,2887.8462397432722,,0.06452244897959183,0.06452244897959183,0.03216326530612245,0.03235918367346939,-0.0001959183673469388,0.003036437246963563,1.0,0.0,3.1415677216441407,1.0081060213798407,1.0081062570715436,1.0081062570715438,1.0081060213798407,1.0081062570715436,0.059984584211695724,0.049586902830758645,0.9372059103476255,0.774751363530484
8,0.5,0.5,0.3183098861837907,1.5707963267948966,0.5,24,314159,2,numpy_PCG64_SeedSequence,192,8.0,4.0,8,30625,0.06400363415276204,0.06400361918893713,0.06400361918893711,0.25601453661104817,0.2560144767557485,0.25601447675574845,2887.8462397432722,,0.06341224489795919,0.06341224489795919,0.03164081632653061,0.03177142857142857,-0.00013061224489795917,0.0020597322348094747,1.0,0.0,3.1414832443023633,0.9907600675706735,0.9907602992069524,0.9907602992069525,0.9907600675706735,0.9907602992069524,0.05971569924799421,0.04933911265962582,0.9330048213429021,0.7708798619444739
8,0.5,0.5,0.3183098861837907,1.5707963267948966,0.5,24,314159,3,numpy_PCG64_SeedSequence,192,8.0,4.0,8,30625,0.06400363415276204,0.06400361918893713,0.06400361918893711,0.25601453661104817,0.2560144767557485,0.25601447675574845,2887.8462397432722,,0.06226938775510204,0.06226938775510204,0.031118367346938774,0.031151020408163265,-3.265306122448979e-05,0.0005243838489774515,1.0,0.0,3.141350791080604,0.9729039386494718,0.9729041661110495,0.9729041661110497,0.9729039386494718,0.9729041661110495,0.06019245773275938,0.04977596478482215,0.9404537496901152,0.7777052888281047
8,0.5,0.5,0.3183098861837907,1.5707963267948966,0.5,24,271828,0,numpy_PCG64_SeedSequence,192,8.0,4.0,8,30625,0.06400363415276204,0.06400361918893713,0.06400361918893711,0.25601453661104817,0.2560144767557485,0.25601447675574845,2887.8462397432722,,0.06220408163265306,0.06220408163265306,0.031085714285714286,0.031118367346938774,-3.265306122448979e-05,0.0005249343832020997,1.0,0.0,3.141571169505008,0.9718835884254031,0.9718838156484265,0.9718838156484267,0.9718835884254031,0.9718838156484265,0.06034426136548384,0.04979943741336125,0.9428255467721706,0.7780720278242541
8,0.5,0.5,0.3183098861837907,1.5707963267948966,0.5,24,271828,1,numpy_PCG64_SeedSequence,192,8.0,4.0,8,30625,0.06400363415276204,0.06400361918893713,0.06400361918893711,0.25601453661104817,0.2560144767557485,0.25601447675574845,2887.8462397432722,,0.06194285714285714,0.06194285714285714,0.031020408163265307,0.030922448979591836,9.79591836734694e-05,0.0015814443858724301,1.0,0.0,3.1414148287934425,0.9678021875291284,0.9678024137979343,0.9678024137979345,0.9678021875291284,0.9678024137979343,0.060584894205792314,0.05014791027584948,0.9465852214139907,0.7835166071376178
8,0.5,0.5,0.3183098861837907,1.5707963267948966,0.5,24,271828,2,numpy_PCG64_SeedSequence,192,8.0,4.0,8,30625,0.06400363415276204,0.06400361918893713,0.06400361918893711,0.25601453661104817,0.2560144767557485,0.25601447675574845,2887.8462397432722,,0.06351020408163266,0.06351020408163266,0.031738775510204084,0.03177142857142857,-3.265306122448979e-05,0.0005141388174807198,1.0,0.0,3.1403197833198333,0.9922905929067766,0.9922908249008869,0.9922908249008872,0.9922905929067766,0.9922908249008869,0.05998165494001616,0.04954571805711627,0.9371601430764643,0.7741078879812039
8,0.5,0.5,0.3183098861837907,1.5707963267948966,0.5,24,271828,3,numpy_PCG64_SeedSequence,192,8.0,4.0,8,30625,0.06400363415276204,0.06400361918893713,0.06400361918893711,0.25601453661104817,0.2560144767557485,0.25601447675574845,2887.8462397432722,,0.061583673469387756,0.061583673469387756,0.030693877551020408,0.03088979591836735,-0.0001959183673469388,0.003181336161187699,1.0,0.0,3.141353503491631,0.9621902612967509,0.9621904862535078,0.962190486253508,0.9621902612967509,0.9621904862535078,0.059668791541580085,0.04935944995026571,0.9322719300464145,0.7711976140676011
8,0.75,0.75,0.477464829275686,1.5707963267948966,0.5,24,42,0,numpy_PCG64_SeedSequence,192,8.0,4.0,8,30625,0.08242217500581656,0.0824220866245549,0.08242208613135431,0.3296887000232662,0.3296883464982196,0.32968834452541723,4345.034731096155,,0.0790530612244898,0.0790530612244898,0.039738775510204084,0.03931428571428571,0.00042448979591836735,0.0053696819496076,1.0,0.0,3.1414747263501703,0.9591236972199654,0.9591247256889828,0.9591247314282318,0.9591236972199654,0.9591247256889828,0.07698399532132921,0.05874427137557621,0.9340204297677953,0.7127241106101678
8,0.75,0.75,0.477464829275686,1.5707963267948966,0.5,24,42,1,numpy_PCG64_SeedSequence,192,8.0,4.0,8,30625,0.08242217500581656,0.0824220866245549,0.08242208613135431,0.3296887000232662,0.3296883464982196,0.32968834452541723,4345.034731096155,,0.07791020408163266,0.07791020408163266,0.038857142857142854,0.039053061224489795,-0.0001959183673469388,0.002514668901927913,1.0,0.0,3.141305966399787,0.9452578032081113,0.9452588168087208,0.9452588224649985,0.9452578032081113,0.9452588168087208,0.07547961486319946,0.057666302929320665,0.915768297280105,0.6996454889142532
8,0.75,0.75,0.477464829275686,1.5707963267948966,0.5,24,42,2,numpy_PCG64_SeedSequence,192,8.0,4.0,8,30625,0.08242217500581656,0.0824220866245549,0.08242208613135431,0.3296887000232662,0.3296883464982196,0.32968834452541723,4345.034731096155,,0.07849795918367347,0.07849795918367347,0.03915102040816327,0.0393469387755102,-0.0001959183673469388,0.0024958402662229617,1.0,0.0,3.1413218595965096,0.9523888344142077,0.952389855661427,0.9523898613603756,0.9523888344142077,0.952389855661427,0.0761237195232005,0.057924705080048024,0.9235829983597064,0.7027805936443713
8,0.75,0.75,0.477464829275686,1.5707963267948966,0.5,24,42,3,numpy_PCG64_SeedSequence,192,8.0,4.0,8,30625,0.08242217500581656,0.0824220866245549,0.08242208613135431,0.3296887000232662,0.3296883464982196,0.32968834452541723,4345.034731096155,,0.07712653061224489,0.07712653061224489,0.03862857142857143,0.03849795918367347,0.00013061224489795917,0.001693480101608806,1.0,0.0,3.141552118793045,0.9357497615999827,0.9357507650051125,0.9357507706044955,0.9357497615999827,0.9357507650051125,0.07589046549409856,0.05799998958777963,0.9207530071700115,0.7036939947736948
8,0.75,0.75,0.477464829275686,1.5707963267948966,0.5,24,7,0,numpy_PCG64_SeedSequence,192,8.0,4.0,8,30625,0.08242217500581656,0.0824220866245549,0.08242208613135431,0.3296887000232662,0.3296883464982196,0.32968834452541723,4345.034731096155,,0.07787755102040816,0.07787755102040816,0.03882448979591837,0.039053061224489795,-0.00022857142857142857,0.0029350104821802936,1.0,0.0,3.1413703969361153,0.9448616348077726,0.9448626479835704,0.9448626536374776,0.9448616348077726,0.9448626479835704,0.07436254512166907,0.05687319299987054,0.9022152729701841,0.6900229579704367
8,0.75,0.75,0.477464829275686,1.5707963267948966,0.5,24,7,1,numpy_PCG64_SeedSequence,192,8.0,4.0,8,30625,0.08242217500581656,0.0824220866245549,0.08242208613135431,0.3296887000232662,0.3296883464982196,0.32968834452541723,4345.034731096155,,0.0780734693877551,0.0780734693877551,0.03898775510204082,0.039085714285714286,-9.79591836734694e-05,0.0012547051442910915,1.0,0.0,3.1415206995076255,0.9472386452098047,0.9472396609344724,0.9472396666026032,0.9472386452098047,0.9472396609344724,0.07518961740225003,0.0575906414028327,0.9122498574800273,0.6987275135455782
8,0.75,0.75,0.477464829275686,1.5707963267948966,0.5,24,7,2,numpy_PCG64_SeedSequence,192,8.0,4.0,8,30625,0.08242217500581656,0.0824220866245549,0.08242208613135431,0.3296887000232662,0.3296883464982196,0.32968834452541723,4345.034731096155,,0.0783673469387755,0.0783673469387755,0.03915102040816327,0.039216326530612244,-6.530612244897959e-05,0.0008333333333333334,1.0,0.0,3.141511737490467,0.9508041608128529,0.9508051803608255,0.9508051860502917,0.9508041608128529,0.9508051803608255,0.0762319823084926,0.058132048999430815,0.9248965136277086,0.705296226353265
8,0.75,0.75,0.477464829275686,1.5707963267948966,0.5,24,7,3,numpy_PCG64_SeedSequence,192,8.0,4.0,8,30625,0.08242217500581656,0.0824220866245549,0.08242208613135431,0.3296887000232662,0.3296883464982196,0.32968834452541723,4345.034731096155,,0.07722448979591837,0.07722448979591837,0.03843265306122449,0.03879183673469388,-0.00035918367346938774,0.004651162790697674,1.0,0.0,3.14128828494163,0.9369382668009988,0.9369392714805636,0.9369392770870584,0.9369382668009988,0.9369392714805636,0.07488011304705473,0.05708699625236044,0.9084947472178503,0.6926169595540496
8,0.75,0.75,0.477464829275686,1.5707963267948966,0.5,24,123,0,numpy_PCG64_SeedSequence,192,8.0,4.0,8,30625,0.08242217500581656,0.0824220866245549,0.08242208613135431,0.3296887000232662,0.3296883464982196,0.32968834452541723,4345.034731096155,,0.07846530612244898,0.07846530612244898,0.039379591836734694,0.039085714285714286,0.0002938775510204082,0.003745318352059925,1.0,0.0,3.1412172689532682,0.951992666013869,0.9519936868362766,0.9519936925328547,0.951992666013869,0.9519936868362766,0.07598531348643732,0.05804202597801128,0.9219037653528922,0.7042040078888386
8,0.75,0.75,0.477464829275686,1.5707963267948966,0.5,24,123,1,numpy_PCG64_SeedSequence,192,8.0,4.0,8,30625,0.08242217500581656,0.0824220866245549,0.08242208613135431,0.3296887000232662,0.3296883464982196,0.32968834452541723,4345.034731096155,,0.07751836734693877,0.07751836734693877,0.03875918367346939,0.03875918367346939,0.0,0.0,1.0,0.0,3.1413928045383255,0.940503782404047,0.9405047909069166,0.940504796534747,0.940503782404047,0.9405047909069166,0.07496718021997605,0.05740979278616049,0.9095511033855341,0.6965333392634818
8,0.75,0.75,0.477464829275686,1.5707963267948966,0.5,24,123,2,numpy_PCG64_SeedSequence,192,8.0,4.0,8,30625,0.08242217500581656,0.0824220866245549,0.08242208613135431,0.3296887000232662,0.3296883464982196,0.32968834452541723,4345.034731096155,,0.08071836734693877,0.08071836734693877,0.0403265306122449,0.040391836734693876,-6.530612244897959e-05,0.0008090614886731392,1.0,0.0,3.1413721790508555,0.9793282856372384,0.9793293357716503,0.9793293416318005,0.9793282856372384,0.9793293357716503,0.07636495950100414,0.05831416474744781,0.9265098803278977,0.7075057743056715
8,0.75,0.75,0.477464829275686,1.5707963267948966,0.5,24,123,3,numpy_PCG64_SeedSequence,192,8.0,4.0,8,30625,0.08242217500581656,0.0824220866245549,0.08242208613135431,0.3296887000232662,0.3296883464982196,0.32968834452541723,4345.034731096155,,0.0787265306122449,0.0787265306122449,0.039379591836734694,0.0393469387755102,3.265306122448979e-05,0.00041476565740356696,1.0,0.0,3.14152226104188,0.9551620132165785,0.9551630374374793,0.9551630431530224,0.9551620132165785,0.9551630374374793,0.07397256150965703,0.05666393155037605,0.89748373546848,0.6874840605259114
8,0.75,0.75,0.477464829275686,1.5707963267948966,0.5,24,2023,0,numpy_PCG64_SeedSequence,192,8.0,4.0,8,30625,0.08242217500581656,0.0824220866245549,0.08242208613135431,0.3296887000232662,0.3296883464982196,0.32968834452541723,4345.034731096155,,0.0793795918367347,0.0793795918367347,0.03980408163265306,0.039575510204081635,0.00022857142857142857,0.002879473467708762,1.0,0.0,3.1414729508100994,0.9630853812233523,0.9630864139404862,0.9630864197034414,0.9630853812233523,0.9630864139404862,0.07545013663135097,0.05756835707288762,0.9154106479964456,0.6984571454080775
8,0.75,0.75,0.477464829275686,1.5707963267948966,0.5,24,2023,1,numpy_PCG64_SeedSequence,192,8.0,4.0,8,30625,0.08242217500581656,0.0824220866245549,0.08242208613135431,0.3296887000232662,0.3296883464982196,0.32968834452541723,4345.034731096155,,0.07882448979591837,0.07882448979591837,0.03964081632653061,0.03918367346938775,0.00045714285714285713,0.00579950289975145,1.0,0.0,3.141539385413327,0.9563505184175946,0.9563515439129304,0.9563515496355852,0.9563505184175946,0.9563515439129304,0.07500793252271706,0.05726013506229031,0.9100455371072619,0.6947175933933974
8,0.75,0.75,0.477464829275686,1.5707963267948966,0.5,24,2023,2,numpy_PCG64_SeedSequence,192,8.0,4.0,8,30625,0.08242217500581656,0.0824220866245549,0.08242208613135431,0.3296887000232662,0.3296883464982196,0.32968834452541723,4345.034731096155,,0.0793795918367347,0.0793795918367347,0.03970612244897959,0.0396734693877551,3.265306122448979e-05,0.00041135335252982314,1.0,0.0,3.1413829391922556,0.9630853812233523,0.9630864139404862,0.9630864197034414,0.9630853812233523,0.9630864139404862,0.07607005198218673,0.05807834954498025,0.9229318684785793,0.7046447092773473
8,0.75,0.75,0.477464829275686,1.5707963267948966,0.5,24,2023,3,numpy_PCG64_SeedSequence,192,8.0,4.0,8,30625,0.08242217500581656,0.0824220866245549,0.08242208613135431,0.3296887000232662,0.3296883464982196,0.32968834452541723,4345.034731096155,,0.07882448979591837,0.07882448979591837,0.0396734693877551,0.03915102040816327,0.0005224489795918367,0.006628003314001657,1.0,0.0,3.1415731695595,0.9563505184175946,0.9563515439129304,0.9563515496355852,0.9563505184175946,0.9563515439129304,0.07581624516745146,0.05788884756136037,0.9198525173850495,0.7023455466599267
8,0.75,0.75,0.477464829275686,1.5707963267948966,0.5,24,314159,0,numpy_PCG64_SeedSequence,192,8.0,4.0,8,30625,0.08242217500581656,0.0824220866245549,0.08242208613135431,0.3296887000232662,0.3296883464982196,0.32968834452541723,4345.034731096155,,0.0793795918367347,0.0793795918367347,0.039575510204081635,0.03980408163265306,-0.00022857142857142857,0.002879473467708762,1.0,0.0,3.1412333162304993,0.9630853812233523,0.9630864139404862,0.9630864197034414,0.9630853812233523,0.9630864139404862,0.07408575450263669,0.05658059423931039,0.8988570672565779,0.6864729574937507
8,0.75,0.75,0.477464829275686,1.5707963267948966,0.5,24,314159,1,numpy_PCG64_SeedSequence,192,8.0,4.0,8,30625,0.08242217500581656,0.0824220866245549,0.08242208613135431,0.3296887000232662,0.3296883464982196,0.32968834452541723,4345.034731096155,,0.0797061224489796,0.0797061224489796,0.03983673469387755,0.03986938775510204,-3.265306122448979e-05,0.00040966816878328555,1.0,0.0,3.141121737782089,0.9670470652267392,0.9670481021919897,0.967048107978651,0.9670470652267392,0.9670481021919897,0.0750672772265198,0.05737585783140369,0.9107655460587188,0.6961216180882713
8,0.75,0.75,0.477464829275686,1.5707963267948966,0.5,24,314159,2,numpy_PCG64_SeedSequence,192,8.0,4.0,8,30625,0.08242217500581656,0.0824220866245549,0.08242208613135431,0.3296887000232662,0.3296883464982196,0.32968834452541723,4345.034731096155,,0.0790204081632653,0.0790204081632653,0.039575510204081635,0.039444897959183677,0.00013061224489795917,0.001652892561983471,1.0,0.0,3.1413245751729484,0.9587275288196266,0.9587285568638324,0.9587285626007109,0.9587275288196266,0.9587285568638324,0.07506391026516626,0.05740939620320252,0.9107246958706074,0.6965285276583774
8,0.75,0.75,0.477464829275686,1.5707963267948966,0.5,24,314159,3,numpy_PCG64_SeedSequence,192,8.0,4.0,8,30625,0.08242217500581656,0.0824220866245549,0.08242208613135431,0.3296887000232662,0.3296883464982196,0.32968834452541723,4345.034731096155,,0.08035918367346939,0.08035918367346939,0.040359183673469384,0.04,0.00035918367346938774,0.004469727752945957,1.0,0.0,3.141440298321178,0.974970433233513,0.9749714786949966,0.9749714845290701,0.974970433233513,0.9749714786949966,0.0746047823886544,0.057010179570877874,0.9051542547062064,0.6916849690857424
8,0.75,0.75,0.477464829275686,1.5707963267948966,0.5,24,271828,0,numpy_PCG64_SeedSequence,192,8.0,4.0,8,30625,0.08242217500581656,0.0824220866245549,0.08242208613135431,0.3296887000232662,0.3296883464982196,0.32968834452541723,4345.034731096155,,0.0793469387755102,0.0793469387755102,0.03964081632653061,0.03970612244897959,-6.530612244897959e-05,0.0008230452674897119,1.0,0.0,3.1408087068500112,0.9626892128230136,0.9626902451153359,0.9626902508759204,0.9626892128230136,0.9626902451153359,0.0744968897420825,0.056957836581029694,0.9038452302044351,0.6910499095299313
8,0.75,0.75,0.477464829275686,1.5707963267948966,0.5,24,271828,1,numpy_PCG64_SeedSequence,192,8.0,4.0,8,30625,0.08242217500581656,0.0824220866245549,0.08242208613135431,0.3296887000232662,0.3296883464982196,0.32968834452541723,4345.034731096155,,0.08058775510204082,0.08058775510204082,0.04029387755102041,0.04029387755102041,0.0,0.0,1.0,0.0,3.141586284985459,0.9777436120358838,0.977744660471049,0.9777446663217167,0.9777436120358838,0.977744660471049,0.07495721466426856,0.05714034684308097,0.9094301947137262,0.6932642439859001
8,0.75,0.75,0.477464829275686,1.5707963267948966,0.5,24,271828,2,numpy_PCG64_SeedSequence,192,8.0,4.0,8,30625,0.08242217500581656,0.0824220866245549,0.08242208613135431,0.3296887000232662,0.3296883464982196,0.32968834452541723,4345.034731096155,,0.07781224489795918,0.07781224489795918,0.038857142857142854,0.03895510204081633,-9.79591836734694e-05,0.001258917331095258,1.0,0.0,3.14140357657721,0.9440692980070952,0.9440703103332697,0.9440703159824355,0.9440692980070952,0.9440703103332697,0.07510705736473221,0.057509469038869776,0.9112481848414202,0.6977426770746018
8,0.75,0.75,0.477464829275686,1.5707963267948966,0.5,24,271828,3,numpy_PCG64_SeedSequence,192,8.0,4.0,8,30625,0.08242217500581656,0.0824220866245549,0.08242208613135431,0.3296887000232662,0.3296883464982196,0.32968834452541723,4345.034731096155,,0.0783673469387755,0.0783673469387755,0.03915102040816327,0.039216326530612244,-6.530612244897959e-05,0.0008333333333333334,1.0,0.0,3.141435811082602,0.9508041608128529,0.9508051803608255,0.9508051860502917,0.9508041608128529,0.9508051803608255,0.0751095292011229,0.057344079092271044,0.9112781747851523,0.6957360575382081
12,0.1,0.1,0.06366197723675814,1.5707963267948966,0.3333333333333333,24,42,0,numpy_PCG64_SeedSequence,288,12.0,6.0,12,69169,0.022081873888415607,0.022081873888415607,0.02208187388841561,0.19873686499574048,0.19873686499574048,0.1987368649957405,577.5271544749827,,0.021816131503997454,0.021816131503997454,0.010843007705764143,0.010973123798233312,-0.00013011609246916972,0.005964214711729622,1.0,0.0,3.141511022862181,0.987965587261253,0.987965587261253,0.9879655872612528,0.987965587261253,0.987965587261253,0.021454322779348788,0.020323763443666834,0.9715807131116695,0.9203821897709915
12,0.1,0.1,0.06366197723675814,1.5707963267948966,0.3333333333333333,24,42,1,numpy_PCG64_SeedSequence,288,12.0,6.0,12,69169,0.022081873888415607,0.022081873888415607,0.02208187388841561,0.19873686499574048,0.19873686499574048,0.1987368649957405,577.5271544749827,,0.022408882591912562,0.022408882591912562,0.011247813326779337,0.011161069265133224,8.674406164611315e-05,0.003870967741935484,1.0,0.0,3.1408966475239866,1.0148089199833945,1.0148089199833945,1.0148089199833943,1.0148089199833945,1.0148089199833945,0.021386785696918185,0.020290504888579405,0.9685222280042967,0.9188760424550756
12,0.1,0.1,0.06366197723675814,1.5707963267948966,0.3333333333333333,24,42,2,numpy_PCG64_SeedSequence,288,12.0,6.0,12,69169,0.022081873888415607,0.022081873888415607,0.02208187388841561,0.19873686499574048,0.19873686499574048,0.1987368649957405,577.5271544749827,,0.02196070494007431,0.02196070494007431,0.010929751767410257,0.011030953172664055,-0.00010120140525379867,0.004608294930875576,1.0,0.0,3.140250936767569,0.9945127415837266,0.9945127415837266,0.9945127415837265,0.9945127415837266,0.9945127415837266,0.02259024616804292,0.02137480552244138,1.023022153019994,0.9679796936823752
12,0.1,0.1,0.06366197723675814,1.5707963267948966,0.3333333333333333,24,42,3,numpy_PCG64_SeedSequence,288,12.0,6.0,12,69169,0.022081873888415607,0.022081873888415607,0.02208187388841561,0.19873686499574048,0.19873686499574048,0.1987368649957405,577.5271544749827,,0.022004076970897367,0.022004076970897367,0.011045410516271741,0.010958666454625628,8.674406164611315e-05,0.003942181340341655,1.0,0.0,3.141281914019161,0.9964768878804686,0.9964768878804686,0.9964768878804685,0.9964768878804686,0.9964768878804686,0.021409154902206327,0.02031021761355353,0.969535240097436,0.9197687531495455
12,0.1,0.1,0.06366197723675814,1.5707963267948966,0.3333333333333333,24,7,0,numpy_PCG64_SeedSequence,288,12.0,6.0,12,69169,0.022081873888415607,0.022081873888415607,0.02208187388841561,0.19873686499574048,0.19873686499574048,0.1987368649957405,577.5271544749827,,0.022943804305396925,0.022943804305396925,0.011450216137286934,0.011493588168109992,-4.3372030823056575e-05,0.001890359168241966,1.0,0.0,3.1415763113317907,1.0390333909765463,1.0390333909765463,1.0390333909765463,1.0390333909765463,1.0390333909765463,0.022586971391160823,0.021406089823251345,1.022873851435688,0.9693964348959178
12,0.1,0.1,0.06366197723675814,1.5707963267948966,0.3333333333333333,24,7,1,numpy_PCG64_SeedSequence,288,12.0,6.0,12,69169,0.022081873888415607,0.022081873888415607,0.02208187388841561,0.19873686499574048,0.19873686499574048,0.1987368649957405,577.5271544749827,,0.022090821032543482,0.022090821032543482,0.011002038485448683,0.011088782547094797,-8.674406164611315e-05,0.003926701570680628,1.0,0.0,3.141054412313726,1.0004051804739529,1.0004051804739529,1.0004051804739527,1.0004051804739529,1.0004051804739529,0.021301450716183095,0.020190775685539335,0.964657747065482,0.9143597045960686
12,0.1,0.1,0.06366197723675814,1.5707963267948966,0.3333333333333333,24,7,2,numpy_PCG64_SeedSequence,288,12.0,6.0,12,69169,0.022081873888415607,0.022081873888415607,0.02208187388841561,0.19873686499574048,0.19873686499574048,0.1987368649957405,577.5271544749827,,0.021845046191212827,0.021845046191212827,0.010987581141840999,0.010857465049371828,0.00013011609246916972,0.005956320317670417,1.0,0.0,3.141358166321455,0.9892750181257478,0.9892750181257478,0.9892750181257477,0.9892750181257478,0.9892750181257478,0.022000379628943793,0.020840787774590672,0.9963094500093778,0.9437961596875154
12,0.1,0.1,0.06366197723675814,1.5707963267948966,0.3333333333333333,24,7,3,numpy_PCG64_SeedSequence,288,12.0,6.0,12,69169,0.022081873888415607,0.022081873888415607,0.02208187388841561,0.19873686499574048,0.19873686499574048,0.1987368649957405,577.5271544749827,,0.02219202243779728,0.02219202243779728,0.011146611921525539,0.011045410516271741,0.00010120140525379867,0.004560260586319218,1.0,0.0,3.1407246056187623,1.0049881884996843,1.0049881884996843,1.004988188499684,1.0049881884996843,1.0049881884996843,0.021820382916333588,0.020697556247010432,0.9881581167701895,0.9373097750489643
12,0.1,0.1,0.06366197723675814,1.5707963267948966,0.3333333333333333,24,123,0,numpy_PCG64_SeedSequence,288,12.0,6.0,12,69169,0.022081873888415607,0.022081873888415607,0.02208187388841561,0.19873686499574048,0.19873686499574048,0.1987368649957405,577.5271544749827,,0.022090821032543482,0.022090821032543482,0.011045410516271741,0.011045410516271741,0.0,0.0,1.0,0.0,3.1409815979741906,1.0004051804739529,1.0004051804739529,1.0004051804739527,1.0004051804739529,1.0004051804739529,0.021764286070508697,0.020635984908526875,0.9856177143519727,0.9345214546919742
12,0.1,0.1,0.06366197723675814,1.5707963267948966,0.3333333333333333,24,123,1,numpy_PCG64_SeedSequence,288,12.0,6.0,12,69169,0.022081873888415607,0.022081873888415607,0.02208187388841561,0.19873686499574048,0.19873686499574048,0.1987368649957405,577.5271544749827,,0.021946247596466625,0.021946247596466625,0.010900837080194885,0.011045410516271741,-0.00014457343607685524,0.006587615283267457,1.0,0.0,3.1415002419248568,0.9938580261514792,0.9938580261514792,0.9938580261514791,0.9938580261514792,0.9938580261514792,0.02279601885713272,0.021620929080229834,1.0323407774324698,0.9791256480081797
12,0.1,0.1,0.06366197723675814,1.5707963267948966,0.3333333333333333,24,123,2,numpy_PCG64_SeedSequence,288,12.0,6.0,12,69169,0.022081873888415607,0.022081873888415607,0.02208187388841561,0.19873686499574048,0.19873686499574048,0.1987368649957405,577.5271544749827,,0.02180167416038977,0.02180167416038977,0.010871922392979514,0.010929751767410257,-5.782937443074209e-05,0.002652519893899204,1.0,0.0,3.1410785718070584,0.9873108718290058,0.9873108718290058,0.9873108718290057,0.9873108718290058,0.9873108718290058,0.021359630623439343,0.020266265605760586,0.9672924830281201,0.9177783420089403
12,0.1,0.1,0.06366197723675814,1.5707963267948966,0.3333333333333333,24,123,3,numpy_PCG64_SeedSequence,288,12.0,6.0,12,69169,0.022081873888415607,0.022081873888415607,0.02208187388841561,0.19873686499574048,0.19873686499574048,0.1987368649957405,577.5271544749827,,0.02242333993552025,0.02242333993552025,0.011189983952348595,0.011233355983171652,-4.3372030823056575e-05,0.0019342359767891683,1.0,0.0,3.1412794521906187,1.0154636354156419,1.0154636354156419,1.0154636354156417,1.0154636354156419,1.0154636354156419,0.02085651326596464,0.01980036130268125,0.9445083044743859,0.8966793942731798
12,0.1,0.1,0.06366197723675814,1.5707963267948966,0.3333333333333333,24,2023,0,numpy_PCG64_SeedSequence,288,12.0,6.0,12,69169,0.022081873888415607,0.022081873888415607,0.02208187388841561,0.19873686499574048,0.19873686499574048,0.1987368649957405,577.5271544749827,,0.022987176336219984,0.022987176336219984,0.011464673480894621,0.011522502855325363,-5.782937443074209e-05,0.0025157232704402514,1.0,0.0,3.1413829341679604,1.0409975372732887,1.0409975372732887,1.0409975372732885,1.0409975372732887,1.0409975372732887,0.021981506147819362,0.020867031944737387,0.9954547453217321,0.9449846534847054
12,0.1,0.1,0.06366197723675814,1.5707963267948966,0.3333333333333333,24,2023,1,numpy_PCG64_SeedSequence,288,12.0,6.0,12,69169,0.022081873888415607,0.022081873888415607,0.02208187388841561,0.19873686499574048,0.19873686499574048,0.1987368649957405,577.5271544749827,,0.02128120979051309,0.02128120979051309,0.010727348956902659,0.010553860833610432,0.0001734881232922263,0.008152173913043478,1.0,0.0,3.1413892555530665,0.9637411162681011,0.9637411162681011,0.963741116268101,0.9637411162681011,0.9637411162681011,0.021595132937946137,0.02048244141206932,0.9779574436060511,0.9275680821098536
12,0.1,0.1,0.06366197723675814,1.5707963267948966,0.3333333333333333,24,2023,2,numpy_PCG64_SeedSequence,288,12.0,6.0,12,69169,0.022081873888415607,0.022081873888415607,0.02208187388841561,0.19873686499574048,0.19873686499574048,0.1987368649957405,577.5271544749827,,0.021888418222035882,0.021888418222035882,0.010944209111017941,0.010944209111017941,0.0,0.0,1.0,0.0,3.141277004388707,0.9912391644224898,0.9912391644224898,0.9912391644224897,0.9912391644224898,0.9912391644224898,0.021623368823627052,0.020501894456874597,0.979236134256292,0.9284490329251502
12,0.1,0.1,0.06366197723675814,1.5707963267948966,0.3333333333333333,24,2023,3,numpy_PCG64_SeedSequence,288,12.0,6.0,12,69169,0.022081873888415607,0.022081873888415607,0.02208187388841561,0.19873686499574048,0.19873686499574048,0.1987368649957405,577.5271544749827,,0.022336595873874134,0.022336595873874134,0.011117697234310168,0.011218898639563966,-0.00010120140525379867,0.004530744336569579,1.0,0.0,3.141372007786873,1.0115353428221576,1.0115353428221576,1.0115353428221576,1.0115353428221576,1.0115353428221576,0.02147873135857712,0.020375043740867117,0.9726860803169924,0.9227044699116812
12,0.1,0.1,0.06366197723675814,1.5707963267948966,0.3333333333333333,24,314159,0,numpy_PCG64_SeedSequence,288,12.0,6.0,12,69169,0.022081873888415607,0.022081873888415607,0.02208187388841561,0.19873686499574048,0.19873686499574048,0.1987368649957405,577.5271544749827,,0.021469155257413004,0.021469155257413004,0.010785178331333401,0.010683976926079601,0.00010120140525379867,0.0047138047138047135,1.0,0.0,3.1413551998646105,0.9722524168873168,0.9722524168873168,0.9722524168873166,0.9722524168873168,0.9722524168873168,0.02154093729829341,0.02044875866047221,0.9755031392328539,0.9260427246258232
12,0.1,0.1,0.06366197723675814,1.5707963267948966,0.3333333333333333,24,314159,1,numpy_PCG64_SeedSequence,288,12.0,6.0,12,69169,0.022081873888415607,0.022081873888415607,0.02208187388841561,0.19873686499574048,0.19873686499574048,0.1987368649957405,577.5271544749827,,0.021772759473174398,0.021772759473174398,0.01075626364411803,0.01101649582905637,-0.00026023218493833943,0.01195219123505976,1.0,0.0,3.141475898805831,0.986001440964511,0.986001440964511,0.9860014409645108,0.986001440964511,0.986001440964511,0.021324396666950886,0.020230877447756358,0.9656968776611797,0.9161757534703474
12,0.1,0.1,0.06366197723675814,1.5707963267948966,0.3333333333333333,24,314159,2,numpy_PCG64_SeedSequence,288,12.0,6.0,12,69169,0.022081873888415607,0.022081873888415607,0.02208187388841561,0.19873686499574048,0.19873686499574048,0.1987368649957405,577.5271544749827,,0.02279923086932007,0.02279923086932007,0.01143575879367925,0.011363472075640821,7.228671803842762e-05,0.0031705770450221942,1.0,0.0,3.1412734740648154,1.032486236654073,1.032486236654073,1.0324862366540728,1.032486236654073,1.032486236654073,0.021158882092437582,0.020085253909007734,0.9582013826977684,0.9095810441859592
12,0.1,0.1,0.06366197723675814,1.5707963267948966,0.3333333333333333,24,314159,3,numpy_PCG64_SeedSequence,288,12.0,6.0,12,69169,0.022081873888415607,0.022081873888415607,0.02208187388841561,0.19873686499574048,0.19873686499574048,0.1987368649957405,577.5271544749827,,0.02318957914672758,0.02318957914672758,0.011609246916971476,0.011580332229756105,2.8914687215371046e-05,0.0012468827930174563,1.0,0.0,3.1412391330720095,1.0501635533247515,1.0501635533247515,1.0501635533247513,1.0501635533247515,1.0501635533247515,0.02193183144673393,0.02079796235869189,0.9932051762255381,0.9418567674006474
12,0.1,0.1,0.06366197723675814,1.5707963267948966,0.3333333333333333,24,271828,0,numpy_PCG64_SeedSequence,288,12.0,6.0,12,69169,0.022081873888415607,0.022081873888415607,0.02208187388841561,0.19873686499574048,0.19873686499574048,0.1987368649957405,577.5271544749827,,0.02227876649944339,0.02227876649944339,0.011103239890702483,0.01117552660874091,-7.228671803842762e-05,0.003244646333549643,1.0,0.0,3.1413907173792883,1.0089164810931683,1.0089164810931683,1.0089164810931681,1.0089164810931683,1.0089164810931683,0.021507273640531555,0.020384490419952356,0.9739786464324709,0.9231322723315744
12,0.1,0.1,0.06366197723675814,1.5707963267948966,0.3333333333333333,24,271828,1,numpy_PCG64_SeedSequence,288,12.0,6.0,12,69169,0.022081873888415607,0.022081873888415607,0.02208187388841561,0.19873686499574048,0.19873686499574048,0.1987368649957405,577.5271544749827,,0.022495626653558674,0.022495626653558674,0.011262270670387023,0.011233355983171652,2.8914687215371046e-05,0.0012853470437017994,1.0,0.0,3.140639684050761,1.0187372125768785,1.0187372125768785,1.0187372125768783,1.0187372125768785,1.0187372125768785,0.020177627648492708,0.019151154719195516,0.9137642824361075,0.8672794173162279
12,0.1,0.1,0.06366197723675814,1.5707963267948966,0.3333333333333333,24,271828,2,numpy_PCG64_SeedSequence,288,12.0,6.0,12,69169,0.022081873888415607,0.022081873888415607,0.02208187388841561,0.19873686499574048,0.19873686499574048,0.1987368649957405,577.5271544749827,,0.022336595873874134,0.022336595873874134,0.011161069265133224,0.01117552660874091,-1.4457343607685523e-05,0.0006472491909385113,1.0,0.0,3.141497958558089,1.0115353428221576,1.0115353428221576,1.0115353428221576,1.0115353428221576,1.0115353428221576,0.02278253383578648,0.0215830881681129,1.0317300945975625,0.9774119840180603
12,0.1,0.1,0.06366197723675814,1.5707963267948966,0.3333333333333333,24,271828,3,numpy_PCG64_SeedSequence,288,12.0,6.0,12,69169,0.022081873888415607,0.022081873888415607,0.02208187388841561,0.19873686499574048,0.19873686499574048,0.1987368649957405,577.5271544749827,,0.021686015411528287,0.021686015411528287,0.010799635674941086,0.010886379736587199,-8.674406164611315e-05,0.004,1.0,0.0,3.1413421259351932,0.982073148371027,0.982073148371027,0.9820731483710268,0.982073148371027,0.982073148371027,0.021917078436288713,0.020769445091725295,0.9925370712214172,0.9405653341142018
12,0.25,0.25,0.15915494309189535,1.5707963267948966,0.3333333333333333,24,42,0,numpy_PCG64_SeedSequence,288,12.0,6.0,12,69169,0.023474479640391375,0.023474479640375828,0.023474479640375818,0.2112703167635224,0.21127031676338245,0.21127031676338237,1443.8178861922916,,0.0226691147768509,0.0226691147768509,0.011305642701210079,0.011363472075640821,-5.782937443074209e-05,0.002551020408163265,1.0,0.0,3.141299582666113,0.9656918970781051,0.9656918970787446,0.965691897078745,0.9656918970781051,0.9656918970787446,0.02315119773815524,0.02180727736598278,0.9862283676917004,0.9289780945116277
12,0.25,0.25,0.15915494309189535,1.5707963267948966,0.3333333333333333,24,42,1,numpy_PCG64_SeedSequence,288,12.0,6.0,12,69169,0.023474479640391375,0.023474479640375828,0.023474479640375818,0.2112703167635224,0.21127031676338245,0.21127031676338237,1443.8178861922916,,0.02331969523919675,0.02331969523919675,0.011681533635009903,0.011638161604186847,4.3372030823056575e-05,0.0018598884066955983,1.0,0.0,3.141345412814492,0.9934062691243518,0.9934062691250097,0.9934062691250102,0.9934062691243518,0.9934062691250097,0.023169407063339083,0.021822218099571397,0.9870040749901281,0.929614561594924
12,0.25,0.25,0.15915494309189535,1.5707963267948966,0.3333333333333333,24,42,2,numpy_PCG64_SeedSequence,288,12.0,6.0,12,69169,0.023474479640391375,0.023474479640375828,0.023474479640375818,0.2112703167635224,0.21127031676338245,0.21127031676338237,1443.8178861922916,,0.02326186586476601,0.02326186586476601,0.011638161604186847,0.011623704260579161,1.4457343607685523e-05,0.0006215040397762585,1.0,0.0,3.14104121110414,0.9909427693869076,0.9909427693875639,0.9909427693875643,0.9909427693869076,0.9909427693875639,0.0233998378772638,0.022014969048451776,0.9968203016948183,0.9378256466469957
12,0.25,0.25,0.15915494309189535,1.5707963267948966,0.3333333333333333,24,42,3,numpy_PCG64_SeedSequence,288,12.0,6.0,12,69169,0.023474479640391375,0.023474479640375828,0.023474479640375818,0.2112703167635224,0.21127031676338245,0.21127031676338237,1443.8178861922916,,0.023623299454958144,0.023623299454958144,0.0118839364455175,0.011739363009440645,0.00014457343607685524,0.006119951040391677,1.0,0.0,3.1415518007347742,1.0063396427459335,1.0063396427465998,1.0063396427466003,1.0063396427459335,1.0063396427465998,0.023105604110332256,0.021744177376075546,0.9842861040708901,0.926290069436147
12,0.25,0.25,0.15915494309189535,1.5707963267948966,0.3333333333333333,24,7,0,numpy_PCG64_SeedSequence,288,12.0,6.0,12,69169,0.023474479640391375,0.023474479640375828,0.023474479640375818,0.2112703167635224,0.21127031676338245,0.21127031676338237,1443.8178861922916,,0.023652214142173517,0.023652214142173517,0.01175382035304833,0.011898393789125185,-0.00014457343607685524,0.006112469437652812,1.0,0.0,3.1408917254803495,1.0075713926146557,1.007571392615323,1.0075713926153234,1.0075713926146557,1.007571392615323,0.02302703861224549,0.021669088422128807,0.9809392568014161,0.9230913210465326
12,0.25,0.25,0.15915494309189535,1.5707963267948966,0.3333333333333333,24,7,1,numpy_PCG64_SeedSequence,288,12.0,6.0,12,69169,0.023474479640391375,0.023474479640375828,0.023474479640375818,0.2112703167635224,0.21127031676338245,0.21127031676338237,1443.8178861922916,,0.023001633679827667,0.023001633679827667,0.011551417542540734,0.011450216137286934,0.00010120140525379867,0.0043997485857950975,1.0,0.0,3.1406075103900455,0.9798570205684088,0.9798570205690578,0.9798570205690582,0.9798570205684088,0.9798570205690578,0.022307193237890086,0.021031018343702506,0.9502742373682781,0.8959098845162674
12,0.25,0.25,0.15915494309189535,1.5707963267948966,0.3333333333333333,24,7,2,numpy_PCG64_SeedSequence,288,12.0,6.0,12,69169,0.023474479640391375,0.023474479640375828,0.023474479640375818,0.2112703167635224,0.21127031676338245,0.21127031676338237,1443.8178861922916,,0.023290780551981378,0.023290780551981378,0.011623704260579161,0.011667076291402219,-4.3372030823056575e-05,0.00186219739292365,1.0,0.0,3.140879007279615,0.9921745192556296,0.9921745192562867,0.9921745192562872,0.9921745192556296,0.9921745192562867,0.022868584028573048,0.02151926235529013,0.9741891781585739,0.916708812503899
12,0.25,0.25,0.15915494309189535,1.5707963267948966,0.3333333333333333,24,7,3,numpy_PCG64_SeedSequence,288,12.0,6.0,12,69169,0.023474479640391375,0.023474479640375828,0.023474479640375818,0.2112703167635224,0.21127031676338245,0.21127031676338237,1443.8178861922916,,0.024201593199265566,0.024201593199265566,0.01211525394324047,0.012086339256025098,2.8914687215371046e-05,0.0011947431302270011,1.0,0.0,3.140939890302634,1.030974640120375,1.0309746401210578,1.0309746401210582,1.030974640120375,1.0309746401210578,0.02268744365735515,0.021359331739686307,0.9664726973678254,0.9098958557076751
12,0.25,0.25,0.15915494309189535,1.5707963267948966,0.3333333333333333,24,123,0,numpy_PCG64_SeedSequence,288,12.0,6.0,12,69169,0.023474479640391375,0.023474479640375828,0.023474479640375818,0.2112703167635224,0.21127031676338245,0.21127031676338237,1443.8178861922916,,0.023666671485781204,0.023666671485781204,0.011811649727479072,0.01185502175830213,-4.3372030823056575e-05,0.0018326206475259622,1.0,0.0,3.141192225578797,1.0081872675490167,1.0081872675496844,1.0081872675496848,1.0081872675490167,1.0081872675496844,0.023233684251936,0.021871898219233517,0.9897422480862558,0.9317309075341387
12,0.25,0.25,0.15915494309189535,1.5707963267948966,0.3333333333333333,24,123,1,numpy_PCG64_SeedSequence,288,12.0,6.0,12,69169,0.023474479640391375,0.023474479640375828,0.023474479640375818,0.2112703167635224,0.21127031676338245,0.21127031676338237,1443.8178861922916,,0.023146207115904524,0.023146207115904524,0.011565874886148419,0.011580332229756105,-1.4457343607685523e-05,0.0006246096189881324,1.0,0.0,3.1410266972385963,0.9860157699120193,0.9860157699126724,0.9860157699126728,0.9860157699120193,0.9860157699126724,0.023441586146752045,0.02206583940022465,0.9985987551526923,0.93999269582347
12,0.25,0.25,0.15915494309189535,1.5707963267948966,0.3333333333333333,24,123,2,numpy_PCG64_SeedSequence,288,12.0,6.0,12,69169,0.023474479640391375,0.023474479640375828,0.023474479640375818,0.2112703167635224,0.21127031676338245,0.21127031676338237,1443.8178861922916,,0.02350764070609666,0.02350764070609666,0.011768277696656016,0.011739363009440645,2.8914687215371046e-05,0.0012300123001230013,1.0,0.0,3.140816841432959,1.001412643271045,1.0014126432717083,1.0014126432717088,1.001412643271045,1.0014126432717083,0.022930345488581506,0.021584726868814796,0.9768201825920945,0.9194975649928796
12,0.25,0.25,0.15915494309189535,1.5707963267948966,0.3333333333333333,24,123,3,numpy_PCG64_SeedSequence,288,12.0,6.0,12,69169,0.023474479640391375,0.023474479640375828,0.023474479640375818,0.2112703167635224,0.21127031676338245,0.21127031676338237,1443.8178861922916,,0.023363067270019806,0.023363067270019806,0.01169599097861759,0.011667076291402219,2.8914687215371046e-05,0.0012376237623762376,1.0,0.0,3.140350715625409,0.9952538939274348,0.9952538939280939,0.9952538939280944,0.9952538939274348,0.9952538939280939,0.02303327092136235,0.021692247132279203,0.9812047497628079,0.9240778694388789
12,0.25,0.25,0.15915494309189535,1.5707963267948966,0.3333333333333333,24,2023,0,numpy_PCG64_SeedSequence,288,12.0,6.0,12,69169,0.023474479640391375,0.023474479640375828,0.023474479640375818,0.2112703167635224,0.21127031676338245,0.21127031676338237,1443.8178861922916,,0.023955818357934915,0.023955818357934915,0.011985137850771299,0.011970680507163614,1.4457343607685523e-05,0.0006035003017501509,1.0,0.0,3.140975391862802,1.0205047662362374,1.0205047662369133,1.0205047662369138,1.0205047662362374,1.0205047662369133,0.02294600732733313,0.02160428014146249,0.9774873683611317,0.920330523718578
12,0.25,0.25,0.15915494309189535,1.5707963267948966,0.3333333333333333,24,2023,1,numpy_PCG64_SeedSequence,288,12.0,6.0,12,69169,0.023474479640391375,0.023474479640375828,0.023474479640375818,0.2112703167635224,0.21127031676338245,0.21127031676338237,1443.8178861922916,,0.024129306481227138,0.024129306481227138,0.012086339256025098,0.012042967225202041,4.3372030823056575e-05,0.0017974835230677051,1.0,0.0,3.1415395577002765,1.0278952654485698,1.0278952654492504,1.027895265449251,1.0278952654485698,1.0278952654492504,0.022664521157532272,0.02136222459160562,0.9654962114063033,0.9100190896180165
12,0.25,0.25,0.15915494309189535,1.5707963267948966,0.3333333333333333,24,2023,2,numpy_PCG64_SeedSequence,288,12.0,6.0,12,69169,0.023474479640391375,0.023474479640375828,0.023474479640375818,0.2112703167635224,0.21127031676338245,0.21127031676338237,1443.8178861922916,,0.022987176336219984,0.022987176336219984,0.011565874886148419,0.011421301450071563,0.00014457343607685524,0.006289308176100629,1.0,0.0,3.1415302069555193,0.979241145634048,0.9792411456346964,0.9792411456346969,0.979241145634048,0.9792411456346964,0.02325183466819341,0.02190018445520295,0.9905154458966208,0.9329358857233363
12,0.25,0.25,0.15915494309189535,1.5707963267948966,0.3333333333333333,24,2023,3,numpy_PCG64_SeedSequence,288,12.0,6.0,12,69169,0.023474479640391375,0.023474479640375828,0.023474479640375818,0.2112703167635224,0.21127031676338245,0.21127031676338237,1443.8178861922916,,0.02399919038875797,0.02399919038875797,0.012042967225202041,0.011956223163555928,8.674406164611315e-05,0.0036144578313253013,1.0,0.0,3.141355943240293,1.0223523910393204,1.0223523910399976,1.022352391039998,1.0223523910393204,1.0223523910399976,0.023064496337002187,0.021702194293290473,0.9825349353992175,0.9245016130601925
12,0.25,0.25,0.15915494309189535,1.5707963267948966,0.3333333333333333,24,314159,0,numpy_PCG64_SeedSequence,288,12.0,6.0,12,69169,0.023474479640391375,0.023474479640375828,0.023474479640375818,0.2112703167635224,0.21127031676338245,0.21127031676338237,1443.8178861922916,,0.024042562419581026,0.024042562419581026,0.012057424568809727,0.011985137850771299,7.228671803842762e-05,0.003006614552014432,1.0,0.0,3.14085087623098,1.0242000158424036,1.024200015843082,1.0242000158430824,1.0242000158424036,1.024200015843082,0.02316246700067174,0.02178825745802106,0.9867084321143899,0.9281678568299799
12,0.25,0.25,0.15915494309189535,1.5707963267948966,0.3333333333333333,24,314159,1,numpy_PCG64_SeedSequence,288,12.0,6.0,12,69169,0.023474479640391375,0.023474479640375828,0.023474479640375818,0.2112703167635224,0.21127031676338245,0.21127031676338237,1443.8178861922916,,0.02371004351660426,0.02371004351660426,0.01185502175830213,0.01185502175830213,0.0,0.0,1.0,0.0,3.141463765931568,1.0100348923520996,1.0100348923527687,1.010034892352769,1.0100348923520996,1.0100348923527687,0.022200191690995394,0.020920923761337192,0.9457160299645844,0.8912199154923799
12,0.25,0.25,0.15915494309189535,1.5707963267948966,0.3333333333333333,24,314159,2,numpy_PCG64_SeedSequence,288,12.0,6.0,12,69169,0.023474479640391375,0.023474479640375828,0.023474479640375818,0.2112703167635224,0.21127031676338245,0.21127031676338237,1443.8178861922916,,0.023377524613627493,0.023377524613627493,0.011681533635009903,0.01169599097861759,-1.4457343607685523e-05,0.0006184291898577613,1.0,0.0,3.14157827132956,0.9958697688617959,0.9958697688624555,0.9958697688624559,0.9958697688617959,0.9958697688624555,0.022246195548399093,0.02096000368503613,0.9476757691412748,0.892884698878321
12,0.25,0.25,0.15915494309189535,1.5707963267948966,0.3333333333333333,24,314159,3,numpy_PCG64_SeedSequence,288,12.0,6.0,12,69169,0.023474479640391375,0.023474479640375828,0.023474479640375818,0.2112703167635224,0.21127031676338245,0.21127031676338237,1443.8178861922916,,0.023536555393312033,0.023536555393312033,0.011797192383871388,0.011739363009440645,5.782937443074209e-05,0.002457002457002457,1.0,0.0,3.1415234002316637,1.0026443931397673,1.0026443931404314,1.0026443931404319,1.0026443931397673,1.0026443931404314,0.023453324820981645,0.02205935618241767,0.9990988162577487,0.9397165142890421
12,0.25,0.25,0.15915494309189535,1.5707963267948966,0.3333333333333333,24,271828,0,numpy_PCG64_SeedSequence,288,12.0,6.0,12,69169,0.023474479640391375,0.023474479640375828,0.023474479640375818,0.2112703167635224,0.21127031676338245,0.21127031676338237,1443.8178861922916,,0.023926903670719542,0.023926903670719542,0.011941765819948243,0.011985137850771299,-4.3372030823056575e-05,0.0018126888217522659,1.0,0.0,3.141260596440391,1.0192730163675152,1.0192730163681902,1.0192730163681907,1.0192730163675152,1.0192730163681902,0.02289311543372134,0.021546873787208917,0.975234202607426,0.9178850444094309
12,0.25,0.25,0.15915494309189535,1.5707963267948966,0.3333333333333333,24,271828,1,numpy_PCG64_SeedSequence,288,12.0,6.0,12,69169,0.023474479640391375,0.023474479640375828,0.023474479640375818,0.2112703167635224,0.21127031676338245,0.21127031676338237,1443.8178861922916,,0.02347872601888129,0.02347872601888129,0.011797192383871388,0.011681533635009903,0.00011565874886148419,0.0049261083743842365,1.0,0.0,3.1405950244323555,1.000180893402323,1.0001808934029854,1.0001808934029859,1.000180893402323,1.0001808934029854,0.023345615352640223,0.021945456698735287,0.9945104517874201,0.9348644585490545
12,0.25,0.25,0.15915494309189535,1.5707963267948966,0.3333333333333333,24,271828,2,numpy_PCG64_SeedSequence,288,12.0,6.0,12,69169,0.023474479640391375,0.023474479640375828,0.023474479640375818,0.2112703167635224,0.21127031676338245,0.21127031676338237,1443.8178861922916,,0.023232951177550636,0.023232951177550636,0.011609246916971476,0.011623704260579161,-1.4457343607685523e-05,0.0006222775357809583,1.0,0.0,3.1415505589465664,0.9897110195181855,0.989711019518841,0.9897110195188413,0.9897110195181855,0.989711019518841,0.02251318660525853,0.021194469964075972,0.9590494422087722,0.9028728341908673
12,0.25,0.25,0.15915494309189535,1.5707963267948966,0.3333333333333333,24,271828,3,numpy_PCG64_SeedSequence,288,12.0,6.0,12,69169,0.023474479640391375,0.023474479640375828,0.023474479640375818,0.2112703167635224,0.21127031676338245,0.21127031676338237,1443.8178861922916,,0.023290780551981378,0.023290780551981378,0.011609246916971476,0.011681533635009903,-7.228671803842762e-05,0.0031036623215394167,1.0,0.0,3.141496984346549,0.9921745192556296,0.9921745192562867,0.9921745192562872,0.9921745192556296,0.9921745192562867,0.022682061960792727,0.02138114278065587,0.9662434400362522,0.9108249941296418
12,0.5,0.5,0.3183098861837907,1.5707963267948966,0.3333333333333333,24,42,0,numpy_PCG64_SeedSequence,288,12.0,6.0,12,69169,0.028446059623449798,0.028446052972860944,0.028446052972860937,0.25601453661104817,0.2560144767557485,0.25601447675574845,2887.846239743272,,0.028654455030432707,0.028654455030432707,0.014298312828000983,0.014356142202431725,-5.782937443074209e-05,0.0020181634712411706,1.0,0.0,3.141428534954092,1.0073259850306688,1.0073262205400022,1.0073262205400024,1.0073259850306688,1.0073262205400022,0.027778441956449833,0.02548236137724961,0.9765303990838293,0.8958133996261108
12,0.5,0.5,0.3183098861837907,1.5707963267948966,0.3333333333333333,24,42,1,numpy_PCG64_SeedSequence,288,12.0,6.0,12,69169,0.028446059623449798,0.028446052972860944,0.028446052972860937,0.25601453661104817,0.2560144767557485,0.25601447675574845,2887.846239743272,,0.028307478783848254,0.028307478783848254,0.0140814526738857,0.014226026109962556,-0.00014457343607685524,0.005107252298263534,1.0,0.0,3.141485314325289,0.9951282939909434,0.9951285266484986,0.9951285266484988,0.9951282939909434,0.9951285266484986,0.0279503280583264,0.02566179728277238,0.9825729267362311,0.9021213349921342
12,0.5,0.5,0.3183098861837907,1.5707963267948966,0.3333333333333333,24,42,2,numpy_PCG64_SeedSequence,288,12.0,6.0,12,69169,0.028446059623449798,0.028446052972860944,0.028446052972860937,0.25601453661104817,0.2560144767557485,0.25601447675574845,2887.846239743272,,0.02848096690714048,0.02848096690714048,0.01424048345357024,0.01424048345357024,0.0,0.0,1.0,0.0,3.1410631934110205,1.001227139510806,1.0012273735942503,1.0012273735942505,1.001227139510806,1.0012273735942503,0.027977713398488518,0.025686665030085012,0.9835356379350624,0.9029955420929354
12,0.5,0.5,0.3183098861837907,1.5707963267948966,0.3333333333333333,24,42,3,numpy_PCG64_SeedSequence,288,12.0,6.0,12,69169,0.028446059623449798,0.028446052972860944,0.028446052972860937,0.25601453661104817,0.2560144767557485,0.25601447675574845,2887.846239743272,,0.02771472769593315,0.02771472769593315,0.013864592519770418,0.013850135176162732,1.4457343607685523e-05,0.0005216484089723526,1.0,0.0,3.1413181337420997,0.9742905717980789,0.9742907995838467,0.974290799583847,0.9742905717980789,0.9742907995838467,0.02721568700513785,0.02499772915011846,0.9567471686905389,0.8787765153072845
12,0.5,0.5,0.3183098861837907,1.5707963267948966,0.3333333333333333,24,7,0,numpy_PCG64_SeedSequence,288,12.0,6.0,12,69169,0.028446059623449798,0.028446052972860944,0.028446052972860937,0.25601453661104817,0.2560144767557485,0.25601447675574845,2887.846239743272,,0.027309922074917954,0.027309922074917954,0.013691104396478191,0.013618817678439763,7.228671803842762e-05,0.0026469031233456856,1.0,0.0,3.1409837752144543,0.9600599322517325,0.9600601567104259,0.9600601567104261,0.9600599322517325,0.9600601567104259,0.0275116559763727,0.025260308275664105,0.9671517370262835,0.8880072885328734
12,0.5,0.5,0.3183098861837907,1.5707963267948966,0.3333333333333333,24,7,1,numpy_PCG64_SeedSequence,288,12.0,6.0,12,69169,0.028446059623449798,0.028446052972860944,0.028446052972860937,0.25601453661104817,0.2560144767557485,0.25601447675574845,2887.846239743272,,0.027700270352325463,0.027700270352325463,0.013893507206985789,0.013806763145339676,8.674406164611315e-05,0.003131524008350731,1.0,0.0,3.140944904834433,0.9737823346714236,0.9737825623383674,0.9737825623383676,0.9737823346714236,0.9737825623383674,0.027362673788230353,0.02514601314078872,0.9619143793706196,0.8839893283518027
12,0.5,0.5,0.3183098861837907,1.5707963267948966,0.3333333333333333,24,7,2,numpy_PCG64_SeedSequence,288,12.0,6.0,12,69169,0.028446059623449798,0.028446052972860944,0.028446052972860937,0.25601453661104817,0.2560144767557485,0.25601447675574845,2887.846239743272,,0.029319492836386244,0.029319492836386244,0.014630831730977751,0.014688661105408491,-5.782937443074209e-05,0.0019723865877712033,1.0,0.0,3.1407744348172484,1.0307048928568097,1.0307051338320508,1.030705133832051,1.0307048928568097,1.0307051338320508,0.02773606300049915,0.025496078622476694,0.9750405985099829,0.8962956191464474
12,0.5,0.5,0.3183098861837907,1.5707963267948966,0.3333333333333333,24,7,3,numpy_PCG64_SeedSequence,288,12.0,6.0,12,69169,0.028446059623449798,0.028446052972860944,0.028446052972860937,0.25601453661104817,0.2560144767557485,0.25601447675574845,2887.846239743272,,0.028509881594355854,0.028509881594355854,0.014312770171608669,0.014197111422747185,0.00011565874886148419,0.004056795131845842,1.0,0.0,3.141294001053996,1.0022436137641166,1.0022438480852092,1.0022438480852094,1.0022436137641166,1.0022438480852092,0.026678446083826964,0.02455206326132083,0.9378608649837152,0.8631094635364219
12,0.5,0.5,0.3183098861837907,1.5707963267948966,0.3333333333333333,24,123,0,numpy_PCG64_SeedSequence,288,12.0,6.0,12,69169,0.028446059623449798,0.028446052972860944,0.028446052972860937,0.25601453661104817,0.2560144767557485,0.25601447675574845,2887.846239743272,,0.02842313753270974,0.02842313753270974,0.014153739391924127,0.014269398140785611,-0.00011565874886148419,0.004069175991861648,1.0,0.0,3.141517675713796,0.9991941910041853,0.9991944246123331,0.9991944246123333,0.9991941910041853,0.9991944246123331,0.027345752057983144,0.025111612332855124,0.9613195085705436,0.8827799936183116
12,0.5,0.5,0.3183098861837907,1.5707963267948966,0.3333333333333333,24,123,1,numpy_PCG64_SeedSequence,288,12.0,6.0,12,69169,0.028446059623449798,0.028446052972860944,0.028446052972860937,0.25601453661104817,0.2560144767557485,0.25601447675574845,2887.846239743272,,0.028509881594355854,0.028509881594355854,0.014356142202431725,0.014153739391924127,0.00020240281050759733,0.007099391480730223,1.0,0.0,3.141468538573731,1.0022436137641166,1.0022438480852092,1.0022438480852094,1.0022436137641166,1.0022438480852092,0.028040140420086287,0.025760687072445904,0.9857302132971384,0.9055977317578924
12,0.5,0.5,0.3183098861837907,1.5707963267948966,0.3333333333333333,24,123,2,numpy_PCG64_SeedSequence,288,12.0,6.0,12,69169,0.028446059623449798,0.028446052972860944,0.028446052972860937,0.25601453661104817,0.2560144767557485,0.25601447675574845,2887.846239743272,,0.02845205221992511,0.02845205221992511,0.014254940797177927,0.014197111422747185,5.782937443074209e-05,0.0020325203252032522,1.0,0.0,3.141450237996494,1.0002106652574958,1.0002108991032919,1.000210899103292,1.0002106652574958,1.0002108991032919,0.02736424796850141,0.025134077283171605,0.9619697185034166,0.8835697321836474
12,0.5,0.5,0.3183098861837907,1.5707963267948966,0.3333333333333333,24,123,3,numpy_PCG64_SeedSequence,288,12.0,6.0,12,69169,0.028446059623449798,0.028446052972860944,0.028446052972860937,0.25601453661104817,0.2560144767557485,0.25601447675574845,2887.846239743272,,0.02920383408752476,0.02920383408752476,0.014558545012939322,0.014645289074585436,-8.674406164611315e-05,0.0029702970297029703,1.0,0.0,3.1414528216122144,1.0266389958435678,1.0266392358682161,1.0266392358682164,1.0266389958435678,1.0266392358682161,0.028016842940831874,0.025748283602896774,0.9849112077982114,0.9051616970411929
12,0.5,0.5,0.3183098861837907,1.5707963267948966,0.3333333333333333,24,2023,0,numpy_PCG64_SeedSequence,288,12.0,6.0,12,69169,0.028446059623449798,0.028446052972860944,0.028446052972860937,0.25601453661104817,0.2560144767557485,0.25601447675574845,2887.846239743272,,0.027671355665110094,0.027671355665110094,0.013835677832555047,0.013835677832555047,0.0,0.0,1.0,0.0,3.1409201393674375,0.9727658604181133,0.9727660878474088,0.972766087847409,0.9727658604181133,0.9727660878474088,0.02743928949802187,0.025202611918623507,0.9646077474787409,0.8859790161533472
12,0.5,0.5,0.3183098861837907,1.5707963267948966,0.3333333333333333,24,2023,1,numpy_PCG64_SeedSequence,288,12.0,6.0,12,69169,0.028446059623449798,0.028446052972860944,0.028446052972860937,0.25601453661104817,0.2560144767557485,0.25601447675574845,2887.846239743272,,0.02848096690714048,0.02848096690714048,0.014298312828000983,0.014182654079139498,0.00011565874886148419,0.0040609137055837565,1.0,0.0,3.1415307907397962,1.001227139510806,1.0012273735942503,1.0012273735942505,1.001227139510806,1.0012273735942503,0.027469396651366683,0.02521688759646004,0.9656661419890299,0.8864808669553742
12,0.5,0.5,0.3183098861837907,1.5707963267948966,0.3333333333333333,24,2023,2,numpy_PCG64_SeedSequence,288,12.0,6.0,12,69169,0.028446059623449798,0.028446052972860944,0.028446052972860937,0.25601453661104817,0.2560144767557485,0.25601447675574845,2887.846239743272,,0.02875565643568651,0.02875565643568651,0.014312770171608669,0.014442886264077838,-0.00013011609246916972,0.004524886877828055,1.0,0.0,3.1414236963776183,1.0108836449172556,1.0108838812583574,1.0108838812583576,1.0108836449172556,1.0108838812583574,0.027187667861749504,0.024975803772100975,0.9557621766122248,0.8780057450034984
12,0.5,0.5,0.3183098861837907,1.5707963267948966,0.3333333333333333,24,2023,3,numpy_PCG64_SeedSequence,288,12.0,6.0,12,69169,0.028446059623449798,0.028446052972860944,0.028446052972860937,0.25601453661104817,0.2560144767557485,0.25601447675574845,2887.846239743272,,0.02845205221992511,0.02845205221992511,0.01421156876635487,0.01424048345357024,-2.8914687215371046e-05,0.0010162601626016261,1.0,0.0,3.141499792792926,1.0002106652574958,1.0002108991032919,1.000210899103292,1.0002106652574958,1.0002108991032919,0.027438389922477564,0.025203423883485926,0.9645761235717318,0.8860075601722085
12,0.5,0.5,0.3183098861837907,1.5707963267948966,0.3333333333333333,24,314159,0,numpy_PCG64_SeedSequence,288,12.0,6.0,12,69169,0.028446059623449798,0.028446052972860944,0.028446052972860937,0.25601453661104817,0.2560144767557485,0.25601447675574845,2887.846239743272,,0.029015888620624847,0.029015888620624847,0.014486258294900895,0.014529630325723951,-4.3372030823056575e-05,0.0014947683109118087,1.0,0.0,3.1415247178727244,1.0200319131970497,1.020032151676985,1.0200321516769852,1.0200319131970497,1.020032151676985,0.02771172529706368,0.025477635247737253,0.9741850247061719,0.8956472560696774
12,0.5,0.5,0.3183098861837907,1.5707963267948966,0.3333333333333333,24,314159,1,numpy_PCG64_SeedSequence,288,12.0,6.0,12,69169,0.028446059623449798,0.028446052972860944,0.028446052972860937,0.25601453661104817,0.2560144767557485,0.25601447675574845,2887.846239743272,,0.02780147175757926,0.02780147175757926,0.013850135176162732,0.013951336581416531,-0.00010120140525379867,0.003640145605824233,1.0,0.0,3.1415108759871777,0.9773399945580102,0.9773402230567225,0.9773402230567227,0.9773399945580102,0.9773402230567225,0.027215352598033156,0.024987267001721693,0.9567354128583033,0.8784087262871089
12,0.5,0.5,0.3183098861837907,1.5707963267948966,0.3333333333333333,24,314159,2,numpy_PCG64_SeedSequence,288,12.0,6.0,12,69169,0.028446059623449798,0.028446052972860944,0.028446052972860937,0.25601453661104817,0.2560144767557485,0.25601447675574845,2887.846239743272,,0.028061703942517603,0.028061703942517603,0.01405253798667033,0.014009165955847273,4.3372030823056575e-05,0.0015455950540958269,1.0,0.0,3.1415769760194707,0.9864882628378046,0.9864884934753503,0.9864884934753505,0.9864882628378046,0.9864884934753503,0.027392872605786784,0.025138076833620532,0.9629759962678694,0.8837103333952694
12,0.5,0.5,0.3183098861837907,1.5707963267948966,0.3333333333333333,24,314159,3,numpy_PCG64_SeedSequence,288,12.0,6.0,12,69169,0.028446059623449798,0.028446052972860944,0.028446052972860937,0.25601453661104817,0.2560144767557485,0.25601447675574845,2887.846239743272,,0.027787014413971578,0.027787014413971578,0.013907964550593474,0.013879049863378103,2.8914687215371046e-05,0.001040582726326743,1.0,0.0,3.1414479685626833,0.9768317574313551,0.9768319858112433,0.9768319858112435,0.9768317574313551,0.9768319858112433,0.027407444826711463,0.02516477624827026,0.9634882718208837,0.8846489313945408
12,0.5,0.5,0.3183098861837907,1.5707963267948966,0.3333333333333333,24,271828,0,numpy_PCG64_SeedSequence,288,12.0,6.0,12,69169,0.028446059623449798,0.028446052972860944,0.028446052972860937,0.25601453661104817,0.2560144767557485,0.25601447675574845,2887.846239743272,,0.027295464731310268,0.027295464731310268,0.013604360334832078,0.013691104396478191,-8.674406164611315e-05,0.0031779661016949155,1.0,0.0,3.1415647749095217,0.9595516951250772,0.9595519194649466,0.9595519194649468,0.9595516951250772,0.9595519194649466,0.027859386570871243,0.02559439183854082,0.9793759466040447,0.8997517468971985
12,0.5,0.5,0.3183098861837907,1.5707963267948966,0.3333333333333333,24,271828,1,numpy_PCG64_SeedSequence,288,12.0,6.0,12,69169,0.028446059623449798,0.028446052972860944,0.028446052972860937,0.25601453661104817,0.2560144767557485,0.25601447675574845,2887.846239743272,,0.028278564096632885,0.028278564096632885,0.014153739391924127,0.014124824704708756,2.8914687215371046e-05,0.0010224948875255625,1.0,0.0,3.1413304333142027,0.994111819737633,0.9941120521575401,0.9941120521575403,0.994111819737633,0.9941120521575401,0.027135717378843464,0.024958975960608254,0.953935896150406,0.8774141758471556
12,0.5,0.5,0.3183098861837907,1.5707963267948966,0.3333333333333333,24,271828,2,numpy_PCG64_SeedSequence,288,12.0,6.0,12,69169,0.028446059623449798,0.028446052972860944,0.028446052972860937,0.25601453661104817,0.2560144767557485,0.25601447675574845,2887.846239743272,,0.028336393471063627,0.028336393471063627,0.014139282048316442,0.014197111422747185,-5.782937443074209e-05,0.0020408163265306124,1.0,0.0,3.1415675494575255,0.9961447682442539,0.9961450011394573,0.9961450011394575,0.9961447682442539,0.9961450011394573,0.027301696758754195,0.02508946948502874,0.9597707773996144,0.8820015783256666
12,0.5,0.5,0.3183098861837907,1.5707963267948966,0.3333333333333333,24,271828,3,numpy_PCG64_SeedSequence,288,12.0,6.0,12,69169,0.028446059623449798,0.028446052972860944,0.028446052972860937,0.25601453661104817,0.2560144767557485,0.25601447675574845,2887.846239743272,,0.02891468721537105,0.02891468721537105,0.014486258294900895,0.014428428920470153,5.782937443074209e-05,0.002,1.0,0.0,3.1414717316924237,1.0164742533104631,1.0164744909586299,1.01647449095863,1.0164742533104631,1.0164744909586299,0.027170911967207157,0.024969262865393346,0.955173135642609,0.8777758043089272
12,0.75,0.75,0.477464829275686,1.5707963267948966,0.3333333333333333,24,42,0,numpy_PCG64_SeedSequence,288,12.0,6.0,12,69169,0.036632077829526676,0.03663203849980218,0.03663203849980218,0.3296887004657401,0.3296883464982196,0.3296883464982196,4345.034731741177,,0.03714091572814411,0.03714091572814411,0.0185776865358759,0.018563229192268212,1.4457343607685523e-05,0.00038925652004671076,1.0,0.0,3.1412265416772778,1.0138905005876377,1.013891589143877,1.013891589143877,1.0138905005876377,1.013891589143877,0.03533968908240015,0.031285282806217916,0.9647197531862411,0.8540406294125346
12,0.75,0.75,0.477464829275686,1.5707963267948966,0.3333333333333333,24,42,1,numpy_PCG64_SeedSequence,288,12.0,6.0,12,69169,0.036632077829526676,0.03663203849980218,0.03663203849980218,0.3296887004657401,0.3296883464982196,0.3296883464982196,4345.034731741177,,0.03624456042446761,0.03624456042446761,0.018143966227645334,0.018100594196822275,4.3372030823056575e-05,0.0011966493817311527,1.0,0.0,3.1414451864060644,0.9894213643336739,0.9894224266188009,0.9894224266188009,0.9894213643336739,0.9894224266188009,0.03503287957711975,0.031001000882695813,0.956344320410951,0.8462801653502705
12,0.75,0.75,0.477464829275686,1.5707963267948966,0.3333333333333333,24,42,2,numpy_PCG64_SeedSequence,288,12.0,6.0,12,69169,0.036632077829526676,0.03663203849980218,0.03663203849980218,0.3296887004657401,0.3296883464982196,0.3296883464982196,4345.034731741177,,0.035001228874206654,0.035001228874206654,0.017565672483337912,0.01743555639086874,0.00013011609246916972,0.0037174721189591076,1.0,0.0,3.141477476234702,0.955480304368498,0.9554813302130503,0.9554813302130503,0.955480304368498,0.9554813302130503,0.03482358914044791,0.03083857288333355,0.9506310098625893,0.8418461280532832
12,0.75,0.75,0.477464829275686,1.5707963267948966,0.3333333333333333,24,42,3,numpy_PCG64_SeedSequence,288,12.0,6.0,12,69169,0.036632077829526676,0.03663203849980218,0.03663203849980218,0.3296887004657401,0.3296883464982196,0.3296883464982196,4345.034731741177,,0.03542049183882953,0.03542049183882953,0.017710245919414766,0.017710245919414766,0.0,0.0,1.0,0.0,3.141488064463051,0.9669255455195456,0.9669265836521986,0.9669265836521986,0.9669255455195456,0.9669265836521986,0.03488840487013469,0.030881530606364626,0.9524003806852985,0.843018808544709
12,0.75,0.75,0.477464829275686,1.5707963267948966,0.3333333333333333,24,7,0,numpy_PCG64_SeedSequence,288,12.0,6.0,12,69169,0.036632077829526676,0.03663203849980218,0.03663203849980218,0.3296887004657401,0.3296883464982196,0.3296883464982196,4345.034731741177,,0.0360566149575677,0.0360566149575677,0.01805722216599922,0.017999392791568477,5.782937443074209e-05,0.0016038492381716118,1.0,0.0,3.141197666800044,0.9842907389901008,0.9842917957667688,0.9842917957667688,0.9842907389901008,0.9842917957667688,0.03436619796440598,0.030423753547451863,0.9381449265404672,0.8305221912072185
12,0.75,0.75,0.477464829275686,1.5707963267948966,0.3333333333333333,24,7,1,numpy_PCG64_SeedSequence,288,12.0,6.0,12,69169,0.036632077829526676,0.03663203849980218,0.03663203849980218,0.3296887004657401,0.3296883464982196,0.3296883464982196,4345.034731741177,,0.0360566149575677,0.0360566149575677,0.01805722216599922,0.017999392791568477,5.782937443074209e-05,0.0016038492381716118,1.0,0.0,3.1413465395137385,0.9842907389901008,0.9842917957667688,0.9842917957667688,0.9842907389901008,0.9842917957667688,0.03457682431631918,0.030596745550003246,0.9438947055427226,0.8352446097212987
12,0.75,0.75,0.477464829275686,1.5707963267948966,0.3333333333333333,24,7,2,numpy_PCG64_SeedSequence,288,12.0,6.0,12,69169,0.036632077829526676,0.03663203849980218,0.03663203849980218,0.3296887004657401,0.3296883464982196,0.3296883464982196,4345.034731741177,,0.036577079327444376,0.036577079327444376,0.01821625294568376,0.018360826381760616,-0.00014457343607685524,0.003952569169960474,1.0,0.0,3.1415399208105272,0.9984986245569185,0.9984996965877807,0.9984996965877807,0.9984986245569185,0.9984996965877807,0.035765065056464596,0.031606994452429225,0.9763318701959287,0.86282286796609
12,0.75,0.75,0.477464829275686,1.5707963267948966,0.3333333333333333,24,7,3,numpy_PCG64_SeedSequence,288,12.0,6.0,12,69169,0.036632077829526676,0.03663203849980218,0.03663203849980218,0.3296887004657401,0.3296883464982196,0.3296883464982196,4345.034731741177,,0.03520363168471425,0.03520363168471425,0.01766687388859171,0.01753675779612254,0.00013011609246916972,0.003696098562628337,1.0,0.0,3.1412872187551253,0.9610055932000382,0.961006624976777,0.961006624976777,0.9610055932000382,0.961006624976777,0.03498004056626883,0.030950385886971857,0.9549018957934663,0.8448984529625785
12,0.75,0.75,0.477464829275686,1.5707963267948966,0.3333333333333333,24,123,0,numpy_PCG64_SeedSequence,288,12.0,6.0,12,69169,0.036632077829526676,0.03663203849980218,0.03663203849980218,0.3296887004657401,0.3296883464982196,0.3296883464982196,4345.034731741177,,0.03573855339819861,0.03573855339819861,0.017782532637453195,0.01795602076074542,-0.0001734881232922263,0.0048543689320388345,1.0,0.0,3.1414118015718495,0.9756081422548231,0.9756091897094836,0.9756091897094836,0.9756081422548231,0.9756091897094836,0.035151954478781,0.03108547257457722,0.9595948840894675,0.8485861140402277
12,0.75,0.75,0.477464829275686,1.5707963267948966,0.3333333333333333,24,123,1,numpy_PCG64_SeedSequence,288,12.0,6.0,12,69169,0.036632077829526676,0.03663203849980218,0.03663203849980218,0.3296887004657401,0.3296883464982196,0.3296883464982196,4345.034731741177,,0.037068629010105686,0.037068629010105686,0.0185776865358759,0.018490942474229784,8.674406164611315e-05,0.00234009360374415,1.0,0.0,3.1415798253440492,1.0119171831478022,1.0119182695854032,1.0119182695854032,1.0119171831478022,1.0119182695854032,0.035268251568641794,0.031210931050740638,0.9627696177314411,0.8520109395919547
12,0.75,0.75,0.477464829275686,1.5707963267948966,0.3333333333333333,24,123,2,numpy_PCG64_SeedSequence,288,12.0,6.0,12,69169,0.036632077829526676,0.03663203849980218,0.03663203849980218,0.3296887004657401,0.3296883464982196,0.3296883464982196,4345.034731741177,,0.03630238979889835,0.03630238979889835,0.018201795602076076,0.018100594196822275,0.00010120140525379867,0.0027877339705296694,1.0,0.0,3.1413703429468987,0.9910000182855424,0.9910010822655799,0.9910010822655799,0.9910000182855424,0.9910010822655799,0.035270144594908244,0.031184924715755513,0.962821294468842,0.8513010062077184
12,0.75,0.75,0.477464829275686,1.5707963267948966,0.3333333333333333,24,123,3,numpy_PCG64_SeedSequence,288,12.0,6.0,12,69169,0.036632077829526676,0.03663203849980218,0.03663203849980218,0.3296887004657401,0.3296883464982196,0.3296883464982196,4345.034731741177,,0.03569518136737556,0.03569518136737556,0.017869276699099306,0.01782590466827625,4.3372030823056575e-05,0.001215066828675577,1.0,0.0,3.1415523887440626,0.9744241517909217,0.9744251979743994,0.9744251979743994,0.9744241517909217,0.9744251979743994,0.03484533560542577,0.030882142802296304,0.951224655275745,0.8430355205623709
12,0.75,0.75,0.477464829275686,1.5707963267948966,0.3333333333333333,24,2023,0,numpy_PCG64_SeedSequence,288,12.0,6.0,12,69169,0.036632077829526676,0.03663203849980218,0.03663203849980218,0.3296887004657401,0.3296883464982196,0.3296883464982196,4345.034731741177,,0.03569518136737556,0.03569518136737556,0.01789819138631468,0.01779698998106088,0.00010120140525379867,0.0028351559335763467,1.0,0.0,3.1415283487716126,0.9744241517909217,0.9744251979743994,0.9744251979743994,0.9744241517909217,0.9744251979743994,0.03569754362082956,0.03160942964115314,0.9744886377167541,0.8628893449138417
12,0.75,0.75,0.477464829275686,1.5707963267948966,0.3333333333333333,24,2023,1,numpy_PCG64_SeedSequence,288,12.0,6.0,12,69169,0.036632077829526676,0.03663203849980218,0.03663203849980218,0.3296887004657401,0.3296883464982196,0.3296883464982196,4345.034731741177,,0.03586866949066778,0.03586866949066778,0.017941563417137735,0.01792710607353005,1.4457343607685523e-05,0.00040306328093510683,1.0,0.0,3.1413319257858756,0.9791601136465276,0.9791611649147367,0.9791611649147367,0.9791601136465276,0.9791611649147367,0.03519894847507273,0.031199799119061275,0.960877748700927,0.8517070547910115
12,0.75,0.75,0.477464829275686,1.5707963267948966,0.3333333333333333,24,2023,2,numpy_PCG64_SeedSequence,288,12.0,6.0,12,69169,0.036632077829526676,0.03663203849980218,0.03663203849980218,0.3296887004657401,0.3296883464982196,0.3296883464982196,4345.034731741177,,0.03524700371553731,0.03524700371553731,0.017623501857768654,0.017623501857768654,0.0,0.0,1.0,0.0,3.1414367050060483,0.9621895836639397,0.9621906167118615,0.9621906167118615,0.9621895836639397,0.9621906167118615,0.03444933361825439,0.030490023866118026,0.9404144034245057,0.832331270096343
12,0.75,0.75,0.477464829275686,1.5707963267948966,0.3333333333333333,24,2023,3,numpy_PCG64_SeedSequence,288,12.0,6.0,12,69169,0.036632077829526676,0.03663203849980218,0.03663203849980218,0.3296887004657401,0.3296883464982196,0.3296883464982196,4345.034731741177,,0.034827740750914424,0.034827740750914424,0.017363269672830313,0.017464471078084114,-0.00010120140525379867,0.0029057700290577005,1.0,0.0,3.141381578009556,0.9507443425128919,0.9507453632727129,0.9507453632727129,0.9507443425128919,0.9507453632727129,0.034904482371503016,0.030923748949141076,0.9528392720155459,0.8441713050799292
12,0.75,0.75,0.477464829275686,1.5707963267948966,0.3333333333333333,24,314159,0,numpy_PCG64_SeedSequence,288,12.0,6.0,12,69169,0.036632077829526676,0.03663203849980218,0.03663203849980218,0.3296887004657401,0.3296883464982196,0.3296883464982196,4345.034731741177,,0.03618673105003686,0.03618673105003686,0.018071679509606906,0.01811505154042996,-4.3372030823056575e-05,0.0011985617259288853,1.0,0.0,3.1410392769888986,0.987842710381805,0.9878437709720217,0.9878437709720217,0.987842710381805,0.9878437709720217,0.03568957768809427,0.031550382007591034,0.9742711798708639,0.8612774343409036
12,0.75,0.75,0.477464829275686,1.5707963267948966,0.3333333333333333,24,314159,1,numpy_PCG64_SeedSequence,288,12.0,6.0,12,69169,0.036632077829526676,0.03663203849980218,0.03663203849980218,0.3296887004657401,0.3296883464982196,0.3296883464982196,4345.034731741177,,0.03552169324408333,0.03552169324408333,0.017782532637453195,0.01773916060663014,4.3372030823056575e-05,0.001221001221001221,1.0,0.0,3.141579778967098,0.9696881899353157,0.969689231034062,0.969689231034062,0.9696881899353157,0.969689231034062,0.03542226610731081,0.03137893973796887,0.9669739803500658,0.8565973211783361
12,0.75,0.75,0.477464829275686,1.5707963267948966,0.3333333333333333,24,314159,2,numpy_PCG64_SeedSequence,288,12.0,6.0,12,69169,0.036632077829526676,0.03663203849980218,0.03663203849980218,0.3296887004657401,0.3296883464982196,0.3296883464982196,4345.034731741177,,0.03446630716072229,0.03446630716072229,0.01724761092396883,0.01721869623675346,2.8914687215371046e-05,0.0008389261744966443,1.0,0.0,3.1408483095782045,0.940877755313713,0.9408787654803437,0.9408787654803437,0.940877755313713,0.9408787654803437,0.035665959596345775,0.03158015514439832,0.9736264418939901,0.862090195684823
12,0.75,0.75,0.477464829275686,1.5707963267948966,0.3333333333333333,24,314159,3,numpy_PCG64_SeedSequence,288,12.0,6.0,12,69169,0.036632077829526676,0.03663203849980218,0.03663203849980218,0.3296887004657401,0.3296883464982196,0.3296883464982196,4345.034731741177,,0.03591204152149084,0.03591204152149084,0.01795602076074542,0.01795602076074542,0.0,0.0,1.0,0.0,3.141158166293571,0.9803441041104292,0.980345156649821,0.980345156649821,0.9803441041104292,0.980345156649821,0.03526317194257871,0.031230917663393688,0.9626309516670501,0.8525565437137319
12,0.75,0.75,0.477464829275686,1.5707963267948966,0.3333333333333333,24,271828,0,numpy_PCG64_SeedSequence,288,12.0,6.0,12,69169,0.036632077829526676,0.03663203849980218,0.03663203849980218,0.3296887004657401,0.3296883464982196,0.3296883464982196,4345.034731741177,,0.035637351992944814,0.035637351992944814,0.017883734042706993,0.017753617950237822,0.00013011609246916972,0.0036511156186612576,1.0,0.0,3.141340202362005,0.9728454978390529,0.9728465423276202,0.9728465423276202,0.9728454978390529,0.9728465423276202,0.035022959680465926,0.030982401911025907,0.9560735223224562,0.8457724417164526
12,0.75,0.75,0.477464829275686,1.5707963267948966,0.3333333333333333,24,271828,1,numpy_PCG64_SeedSequence,288,12.0,6.0,12,69169,0.036632077829526676,0.03663203849980218,0.03663203849980218,0.3296887004657401,0.3296883464982196,0.3296883464982196,4345.034731741177,,0.03566626668016019,0.03566626668016019,0.01782590466827625,0.017840362011883937,-1.4457343607685523e-05,0.00040535062829347385,1.0,0.0,3.1413734680940806,0.9736348248149873,0.9736358701510098,0.9736358701510098,0.9736348248149873,0.9736358701510098,0.0354022432887282,0.03130401562940248,0.9664273878614883,0.8545520069890875
12,0.75,0.75,0.477464829275686,1.5707963267948966,0.3333333333333333,24,271828,2,numpy_PCG64_SeedSequence,288,12.0,6.0,12,69169,0.036632077829526676,0.03663203849980218,0.03663203849980218,0.3296887004657401,0.3296883464982196,0.3296883464982196,4345.034731741177,,0.036490335265798264,0.036490335265798264,0.018230710289291446,0.018259624976506815,-2.8914687215371046e-05,0.000792393026941363,1.0,0.0,3.1415786652566706,0.9961306436291156,0.9961317131176121,0.9961317131176121,0.9961306436291156,0.9961317131176121,0.03500763578261557,0.03094510224897294,0.9556552032218673,0.8447542176826824
12,0.75,0.75,0.477464829275686,1.5707963267948966,0.3333333333333333,24,271828,3,numpy_PCG64_SeedSequence,288,12.0,6.0,12,69169,0.036632077829526676,0.03663203849980218,0.03663203849980218,0.3296887004657401,0.3296883464982196,0.3296883464982196,4345.034731741177,,0.03588312683427547,0.03588312683427547,0.017941563417137735,0.017941563417137735,0.0,0.0,1.0,0.0,3.1415758634782924,0.9795547771344948,0.9795558288264314,0.9795558288264314,0.9795547771344948,0.9795558288264314,0.035673883261930946,0.03154694844624992,0.9738427459109787,0.8611837033394274
16,0.1,0.1,0.06366197723675814,1.5707963267948966,0.25,24,42,0,numpy_PCG64_SeedSequence,384,16.0,8.0,16,123201,0.01242105406223378,0.01242105406223378,0.012421054062233781,0.19873686499574048,0.19873686499574048,0.1987368649957405,577.5271544749827,,0.01241061355021469,0.01241061355021469,0.006185014732023279,0.006225598818191411,-4.058408616813175e-05,0.0032701111837802484,1.0,0.0,3.141006382433334,0.9991594504003622,0.9991594504003622,0.9991594504003621,0.9991594504003622,0.9991594504003622,0.012952203354694498,0.012547700986284728,1.0427620143829563,1.010196149490728
16,0.1,0.1,0.06366197723675814,1.5707963267948966,0.25,24,42,1,numpy_PCG64_SeedSequence,384,16.0,8.0,16,123201,0.01242105406223378,0.01242105406223378,0.012421054062233781,0.19873686499574048,0.19873686499574048,0.1987368649957405,577.5271544749827,,0.012378146281280185,0.012378146281280185,0.006193131549256906,0.006185014732023279,8.11681723362635e-06,0.0006557377049180328,1.0,0.0,3.1414951820853876,0.9965455604058551,0.9965455604058551,0.996545560405855,0.9965455604058551,0.9965455604058551,0.012314738723231551,0.011944342086789203,0.9914407152187285,0.9616206504652435
16,0.1,0.1,0.06366197723675814,1.5707963267948966,0.25,24,42,2,numpy_PCG64_SeedSequence,384,16.0,8.0,16,123201,0.01242105406223378,0.01242105406223378,0.012421054062233781,0.19873686499574048,0.19873686499574048,0.1987368649957405,577.5271544749827,,0.012215809936607657,0.012215809936607657,0.006120080194154268,0.006095729742453389,2.435045170087905e-05,0.0019933554817275745,1.0,0.0,3.1414444069021523,0.9834761104333192,0.9834761104333192,0.9834761104333191,0.9834761104333192,0.9834761104333192,0.011972633277395351,0.011622284184256315,0.9638983308025483,0.9356922629935148
16,0.1,0.1,0.06366197723675814,1.5707963267948966,0.25,24,42,3,numpy_PCG64_SeedSequence,384,16.0,8.0,16,123201,0.01242105406223378,0.01242105406223378,0.012421054062233781,0.19873686499574048,0.19873686499574048,0.1987368649957405,577.5271544749827,,0.012394379915747437,0.012394379915747437,0.006176897914789653,0.006217482000957784,-4.058408616813175e-05,0.0032743942370661427,1.0,0.0,3.1410948770281406,0.9978525054031085,0.9978525054031085,0.9978525054031084,0.9978525054031085,0.9978525054031085,0.012026922065382355,0.011674737787840984,0.9682690378065592,0.9399152221177453
16,0.1,0.1,0.06366197723675814,1.5707963267948966,0.25,24,7,0,numpy_PCG64_SeedSequence,384,16.0,8.0,16,123201,0.01242105406223378,0.01242105406223378,0.012421054062233781,0.19873686499574048,0.19873686499574048,0.1987368649957405,577.5271544749827,,0.012215809936607657,0.012215809936607657,0.006128197011387894,0.006087612925219763,4.058408616813175e-05,0.0033222591362126247,1.0,0.0,3.1413682869439903,0.9834761104333192,0.9834761104333192,0.9834761104333191,0.9834761104333192,0.9834761104333192,0.012078406931160983,0.011726013365203835,0.9724140053367439,0.9440433401587699
16,0.1,0.1,0.06366197723675814,1.5707963267948966,0.25,24,7,1,numpy_PCG64_SeedSequence,384,16.0,8.0,16,123201,0.01242105406223378,0.01242105406223378,0.012421054062233781,0.19873686499574048,0.19873686499574048,0.1987368649957405,577.5271544749827,,0.012459314453616447,0.012459314453616447,0.006241832452658663,0.006217482000957784,2.435045170087905e-05,0.001954397394136808,1.0,0.0,3.1414410993920905,1.003080285392123,1.003080285392123,1.0030802853921228,1.003080285392123,1.003080285392123,0.01234634938718408,0.01198852529566,0.9939856412607655,0.9651777728036074
16,0.1,0.1,0.06366197723675814,1.5707963267948966,0.25,24,7,2,numpy_PCG64_SeedSequence,384,16.0,8.0,16,123201,0.01242105406223378,0.01242105406223378,0.012421054062233781,0.19873686499574048,0.19873686499574048,0.1987368649957405,577.5271544749827,,0.012605417163821723,0.012605417163821723,0.006290533356060422,0.006314883807761301,-2.435045170087905e-05,0.0019317450096587251,1.0,0.0,3.141132418894108,1.014842790367405,1.014842790367405,1.014842790367405,1.014842790367405,1.014842790367405,0.012096365098913653,0.01174352700299338,0.9738597898621709,0.9454533362590845
16,0.1,0.1,0.06366197723675814,1.5707963267948966,0.25,24,7,3,numpy_PCG64_SeedSequence,384,16.0,8.0,16,123201,0.01242105406223378,0.01242105406223378,0.012421054062233781,0.19873686499574048,0.19873686499574048,0.1987368649957405,577.5271544749827,,0.012621650798288975,0.012621650798288975,0.006258066087125916,0.006363584711163058,-0.00010551862403714256,0.008360128617363344,1.0,0.0,3.1409028796115606,1.0161497353646587,1.0161497353646587,1.0161497353646587,1.0161497353646587,1.0161497353646587,0.012444201092207513,0.012079301989782115,1.0018635318595153,0.9724860651326876
16,0.1,0.1,0.06366197723675814,1.5707963267948966,0.25,24,123,0,numpy_PCG64_SeedSequence,384,16.0,8.0,16,123201,0.01242105406223378,0.01242105406223378,0.012421054062233781,0.19873686499574048,0.19873686499574048,0.1987368649957405,577.5271544749827,,0.012321328560644799,0.012321328560644799,0.006136313828621521,0.006185014732023279,-4.87009034017581e-05,0.003952569169960474,1.0,0.0,3.1412782126981313,0.9919712529154675,0.9919712529154675,0.9919712529154673,0.9919712529154675,0.9919712529154675,0.012395960816215214,0.012025102052133496,0.9979797812735667,0.9681225113330618
16,0.1,0.1,0.06366197723675814,1.5707963267948966,0.25,24,123,1,numpy_PCG64_SeedSequence,384,16.0,8.0,16,123201,0.01242105406223378,0.01242105406223378,0.012421054062233781,0.19873686499574048,0.19873686499574048,0.1987368649957405,577.5271544749827,,0.012654118067223481,0.012654118067223481,0.006314883807761301,0.00633923425946218,-2.435045170087905e-05,0.001924310455420141,1.0,0.0,3.1414341686818035,1.0187636253591659,1.0187636253591659,1.0187636253591659,1.0187636253591659,1.0187636253591659,0.012459998118216837,0.01209478787036387,1.0031353261798825,0.9737328096121953
16,0.1,0.1,0.06366197723675814,1.5707963267948966,0.25,24,123,2,numpy_PCG64_SeedSequence,384,16.0,8.0,16,123201,0.01242105406223378,0.01242105406223378,0.012421054062233781,0.19873686499574048,0.19873686499574048,0.1987368649957405,577.5271544749827,,0.012378146281280185,0.012378146281280185,0.006185014732023279,0.006193131549256906,-8.11681723362635e-06,0.0006557377049180328,1.0,0.0,3.1414858357605127,0.9965455604058551,0.9965455604058551,0.996545560405855,0.9965455604058551,0.9965455604058551,0.012650085759354807,0.012277756667037799,1.0184389904410285,0.9884633466308084
16,0.1,0.1,0.06366197723675814,1.5707963267948966,0.25,24,123,3,numpy_PCG64_SeedSequence,384,16.0,8.0,16,123201,0.01242105406223378,0.01242105406223378,0.012421054062233781,0.19873686499574048,0.19873686499574048,0.1987368649957405,577.5271544749827,,0.012816454411896007,0.012816454411896007,0.0063960519800975646,0.006420402431798443,-2.435045170087905e-05,0.0018999366687777073,1.0,0.0,3.1413241316549025,1.0318330753317018,1.0318330753317018,1.0318330753317015,1.0318330753317018,1.0318330753317018,0.012448313318233796,0.012080752481531908,1.0021946008658715,0.9726028419973987
16,0.1,0.1,0.06366197723675814,1.5707963267948966,0.25,24,2023,0,numpy_PCG64_SeedSequence,384,16.0,8.0,16,123201,0.01242105406223378,0.01242105406223378,0.012421054062233781,0.19873686499574048,0.19873686499574048,0.1987368649957405,577.5271544749827,,0.012394379915747437,0.012394379915747437,0.006225598818191411,0.0061687810975560265,5.681772063538445e-05,0.0045841519318926,1.0,0.0,3.1415130216440526,0.9978525054031085,0.9978525054031085,0.9978525054031084,0.9978525054031085,0.9978525054031085,0.012383856671369995,0.01202187107129361,0.997005295148269,0.9678623900242181
16,0.1,0.1,0.06366197723675814,1.5707963267948966,0.25,24,2023,1,numpy_PCG64_SeedSequence,384,16.0,8.0,16,123201,0.01242105406223378,0.01242105406223378,0.012421054062233781,0.19873686499574048,0.19873686499574048,0.1987368649957405,577.5271544749827,,0.012508015357018206,0.012508015357018206,0.006217482000957784,0.006290533356060422,-7.305135510263716e-05,0.005840363400389357,1.0,0.0,3.1403097175568777,1.0070011203838836,1.0070011203838836,1.0070011203838836,1.0070011203838836,1.0070011203838836,0.012430788753934042,0.012064819235361039,1.000783725088989,0.9713200808008821
16,0.1,0.1,0.06366197723675814,1.5707963267948966,0.25,24,2023,2,numpy_PCG64_SeedSequence,384,16.0,8.0,16,123201,0.01242105406223378,0.01242105406223378,0.012421054062233781,0.19873686499574048,0.19873686499574048,0.1987368649957405,577.5271544749827,,0.012467431270850074,0.012467431270850074,0.006217482000957784,0.00624994926989229,-3.24672689345054e-05,0.0026041666666666665,1.0,0.0,3.1406556982250433,1.0037337578907497,1.0037337578907497,1.0037337578907497,1.0037337578907497,1.0037337578907497,0.011822982969792555,0.011482529956508869,0.9518502142052774,0.9244408645979173
16,0.1,0.1,0.06366197723675814,1.5707963267948966,0.25,24,2023,3,numpy_PCG64_SeedSequence,384,16.0,8.0,16,123201,0.01242105406223378,0.01242105406223378,0.012421054062233781,0.19873686499574048,0.19873686499574048,0.1987368649957405,577.5271544749827,,0.012321328560644799,0.012321328560644799,0.006111963376920642,0.006209365183724158,-9.74018068035162e-05,0.007905138339920948,1.0,0.0,3.1398967753554867,0.9919712529154675,0.9919712529154675,0.9919712529154673,0.9919712529154675,0.9919712529154675,0.011988733314298975,0.011634291180322248,0.9651945200649859,0.9366589278196861
16,0.1,0.1,0.06366197723675814,1.5707963267948966,0.25,24,314159,0,numpy_PCG64_SeedSequence,384,16.0,8.0,16,123201,0.01242105406223378,0.01242105406223378,0.012421054062233781,0.19873686499574048,0.19873686499574048,0.1987368649957405,577.5271544749827,,0.012646001249989854,0.012646001249989854,0.006314883807761301,0.006331117442228553,-1.62336344672527e-05,0.0012836970474967907,1.0,0.0,3.140943358727823,1.0181101528605392,1.0181101528605392,1.018110152860539,1.0181101528605392,1.0181101528605392,0.012231895680068671,0.011868407586786086,0.9847711489526284,0.9555072804064177
16,0.1,0.1,0.06366197723675814,1.5707963267948966,0.25,24,314159,1,numpy_PCG64_SeedSequence,384,16.0,8.0,16,123201,0.01242105406223378,0.01242105406223378,0.012421054062233781,0.19873686499574048,0.19873686499574048,0.1987368649957405,577.5271544749827,,0.012491781722550954,0.012491781722550954,0.006258066087125916,0.006233715635425037,2.435045170087905e-05,0.001949317738791423,1.0,0.0,3.1409798504808437,1.0056941753866302,1.0056941753866302,1.00569417538663,1.0056941753866302,1.0056941753866302,0.013050998911269221,0.012665462071571725,1.0507158930215745,1.0196769137396373
16,0.1,0.1,0.06366197723675814,1.5707963267948966,0.25,24,314159,2,numpy_PCG64_SeedSequence,384,16.0,8.0,16,123201,0.01242105406223378,0.01242105406223378,0.012421054062233781,0.19873686499574048,0.19873686499574048,0.1987368649957405,577.5271544749827,,0.012475548088083701,0.012475548088083701,0.006233715635425037,0.006241832452658663,-8.11681723362635e-06,0.0006506180871828237,1.0,0.0,3.1406242339015846,1.0043872303893766,1.0043872303893766,1.0043872303893764,1.0043872303893766,1.0043872303893766,0.011996079302866497,0.011646075156823607,0.9657859343306927,0.9376076376829808
16,0.1,0.1,0.06366197723675814,1.5707963267948966,0.25,24,314159,3,numpy_PCG64_SeedSequence,384,16.0,8.0,16,123201,0.01242105406223378,0.01242105406223378,0.012421054062233781,0.19873686499574048,0.19873686499574048,0.1987368649957405,577.5271544749827,,0.012564833077653591,0.012564833077653591,0.006233715635425037,0.006331117442228553,-9.74018068035162e-05,0.007751937984496124,1.0,0.0,3.1414085547557686,1.0115754278742712,1.0115754278742712,1.0115754278742712,1.0115754278742712,1.0115754278742712,0.012444695297994569,0.012075909436509678,1.001903319608975,0.9722129358752641
16,0.1,0.1,0.06366197723675814,1.5707963267948966,0.25,24,271828,0,numpy_PCG64_SeedSequence,384,16.0,8.0,16,123201,0.01242105406223378,0.01242105406223378,0.012421054062233781,0.19873686499574048,0.19873686499574048,0.1987368649957405,577.5271544749827,,0.012240160388308536,0.012240160388308536,0.006111963376920642,0.006128197011387894,-1.62336344672527e-05,0.001326259946949602,1.0,0.0,3.1413169928845845,0.9854365279291996,0.9854365279291996,0.9854365279291994,0.9854365279291996,0.9854365279291996,0.01172419036968173,0.011377545482974125,0.9438965735870305,0.9159887257529582
16,0.1,0.1,0.06366197723675814,1.5707963267948966,0.25,24,271828,1,numpy_PCG64_SeedSequence,384,16.0,8.0,16,123201,0.01242105406223378,0.01242105406223378,0.012421054062233781,0.19873686499574048,0.19873686499574048,0.1987368649957405,577.5271544749827,,0.01258918352935447,0.01258918352935447,0.006298650173294048,0.006290533356060422,8.11681723362635e-06,0.0006447453255963894,1.0,0.0,3.1415717044425637,1.0135358453701517,1.0135358453701517,1.0135358453701515,1.0135358453701517,1.0135358453701517,0.01238608096133634,0.012028047083224932,0.997184369319849,0.9683596112665039
16,0.1,0.1,0.06366197723675814,1.5707963267948966,0.25,24,271828,2,numpy_PCG64_SeedSequence,384,16.0,8.0,16,123201,0.01242105406223378,0.01242105406223378,0.012421054062233781,0.19873686499574048,0.19873686499574048,0.1987368649957405,577.5271544749827,,0.012572949894887216,0.012572949894887216,0.0062824165388267956,0.006290533356060422,-8.11681723362635e-06,0.0006455777921239509,1.0,0.0,3.141564788951046,1.012228900372898,1.012228900372898,1.012228900372898,1.012228900372898,1.012228900372898,0.012148463298808367,0.011789959333755956,0.9780541359807599,0.9491915319492354
16,0.1,0.1,0.06366197723675814,1.5707963267948966,0.25,24,271828,3,numpy_PCG64_SeedSequence,384,16.0,8.0,16,123201,0.01242105406223378,0.01242105406223378,0.012421054062233781,0.19873686499574048,0.19873686499574048,0.1987368649957405,577.5271544749827,,0.01258918352935447,0.01258918352935447,0.0062661829043595425,0.006323000624994927,-5.681772063538445e-05,0.004513217279174726,1.0,0.0,3.1414667946171555,1.0135358453701517,1.0135358453701517,1.0135358453701515,1.0135358453701517,1.0135358453701517,0.012776428993973535,0.01239838084679418,1.0286106903616394,0.9981746142214664
16,0.25,0.25,0.15915494309189535,1.5707963267948966,0.25,24,42,0,numpy_PCG64_SeedSequence,384,16.0,8.0,16,123201,0.013204394797720148,0.013204394797711403,0.0132043947977114,0.21127031676352237,0.21127031676338245,0.2112703167633824,1443.8178861922916,,0.012865155315297765,0.012865155315297765,0.006460986517966575,0.006404168797331191,5.681772063538445e-05,0.004416403785488959,1.0,0.0,3.1413010273450994,0.9743085928875017,0.974308592888147,0.9743085928881472,0.9743085928875017,0.974308592888147,0.013178312767891711,0.012725548831398715,0.9980247462887932,0.9637358641833316
16,0.25,0.25,0.15915494309189535,1.5707963267948966,0.25,24,42,1,numpy_PCG64_SeedSequence,384,16.0,8.0,16,123201,0.013204394797720148,0.013204394797711403,0.0132043947977114,0.21127031676352237,0.21127031676338245,0.2112703167633824,1443.8178861922916,,0.013758005210996665,0.013758005210996665,0.006899294648582398,0.006858710562414266,4.058408616813175e-05,0.0029498525073746312,1.0,0.0,3.141228163130879,1.0419262239396312,1.0419262239403213,1.0419262239403215,1.0419262239396312,1.0419262239403213,0.013433999258827272,0.012992820816163615,1.0173884880469317,0.9839770027481257
16,0.25,0.25,0.15915494309189535,1.5707963267948966,0.25,24,42,2,numpy_PCG64_SeedSequence,384,16.0,8.0,16,123201,0.013204394797720148,0.013204394797711403,0.0132043947977114,0.21127031676352237,0.21127031676338245,0.2112703167633824,1443.8178861922916,,0.013108659832306555,0.013108659832306555,0.006574621959237344,0.006534037873069212,4.058408616813175e-05,0.0030959752321981426,1.0,0.0,3.141515222412543,0.9927497649926279,0.9927497649932854,0.9927497649932856,0.9927497649926279,0.9927497649932854,0.012680701646066344,0.012260177554819056,0.960339480932195,0.9284921984410737
16,0.25,0.25,0.15915494309189535,1.5707963267948966,0.25,24,42,3,numpy_PCG64_SeedSequence,384,16.0,8.0,16,123201,0.013204394797720148,0.013204394797711403,0.0132043947977114,0.21127031676352237,0.21127031676338245,0.2112703167633824,1443.8178861922916,,0.013287229811446335,0.013287229811446335,0.0066070892281718495,0.006680140583274486,-7.305135510263716e-05,0.005497861942577886,1.0,0.0,3.14149208952603,1.0062732912030539,1.0062732912037202,1.0062732912037204,1.0062732912030539,1.0062732912037202,0.0127955221517938,0.01236704695209286,0.9690351089777365,0.9365856702670037
16,0.25,0.25,0.15915494309189535,1.5707963267948966,0.25,24,7,0,numpy_PCG64_SeedSequence,384,16.0,8.0,16,123201,0.013204394797720148,0.013204394797711403,0.0132043947977114,0.21127031676352237,0.21127031676338245,0.2112703167633824,1443.8178861922916,,0.013222295273577324,0.013222295273577324,0.006663906948807234,0.006558388324770091,0.00010551862403714256,0.00798035604665439,1.0,0.0,3.1409245918710886,1.0013556453083534,1.0013556453090167,1.0013556453090169,1.0013556453083534,1.0013556453090167,0.013139742562803062,0.01270173780057231,0.9951037335745029,0.9619325985894767
16,0.25,0.25,0.15915494309189535,1.5707963267948966,0.25,24,7,1,numpy_PCG64_SeedSequence,384,16.0,8.0,16,123201,0.013204394797720148,0.013204394797711403,0.0132043947977114,0.21127031676352237,0.21127031676338245,0.2112703167633824,1443.8178861922916,,0.012824571229129634,0.012824571229129634,0.006412285614564817,0.006412285614564817,0.0,0.0,1.0,0.0,3.141258991910656,0.971235064203314,0.9712350642039572,0.9712350642039574,0.971235064203314,0.9712350642039572,0.012949208724932515,0.012514065813423033,0.9806741560899336,0.9477197558182442
16,0.25,0.25,0.15915494309189535,1.5707963267948966,0.25,24,7,2,numpy_PCG64_SeedSequence,384,16.0,8.0,16,123201,0.013204394797720148,0.013204394797711403,0.0132043947977114,0.21127031676352237,0.21127031676338245,0.2112703167633824,1443.8178861922916,,0.013230412090810951,0.013230412090810951,0.006688257400508113,0.006542154690302839,0.00014610271020527432,0.011042944785276074,1.0,0.0,3.140701407248662,1.001970351045191,1.0019703510458546,1.0019703510458549,1.001970351045191,1.0019703510458546,0.013451048250386803,0.0129923946224287,1.0186796484386578,0.9839447260901308
16,0.25,0.25,0.15915494309189535,1.5707963267948966,0.25,24,7,3,numpy_PCG64_SeedSequence,384,16.0,8.0,16,123201,0.013204394797720148,0.013204394797711403,0.0132043947977114,0.21127031676352237,0.21127031676338245,0.2112703167633824,1443.8178861922916,,0.013092426197839303,0.013092426197839303,0.00658273877647097,0.006509687421368333,7.305135510263716e-05,0.005579665220086794,1.0,0.0,3.141553884218379,0.9915203535189528,0.9915203535196094,0.9915203535196098,0.9915203535189528,0.9915203535196094,0.013076380204088555,0.012635717337536658,0.9903051525198493,0.9569327130175116
16,0.25,0.25,0.15915494309189535,1.5707963267948966,0.25,24,123,0,numpy_PCG64_SeedSequence,384,16.0,8.0,16,123201,0.013204394797720148,0.013204394797711403,0.0132043947977114,0.21127031676352237,0.21127031676338245,0.2112703167633824,1443.8178861922916,,0.013262879359745457,0.013262879359745457,0.0066070892281718495,0.006655790131573607,-4.87009034017581e-05,0.0036719706242350062,1.0,0.0,3.1406552769453904,1.0044291739925413,1.0044291739932065,1.0044291739932067,1.0044291739925413,1.0044291739932065,0.013304350127002443,0.012852604688835312,1.0075698531294712,0.973358104307395
16,0.25,0.25,0.15915494309189535,1.5707963267948966,0.25,24,123,1,numpy_PCG64_SeedSequence,384,16.0,8.0,16,123201,0.013204394797720148,0.013204394797711403,0.0132043947977114,0.21127031676352237,0.21127031676338245,0.2112703167633824,1443.8178861922916,,0.013238528908044578,0.013238528908044578,0.006615206045405476,0.006623322862639102,-8.11681723362635e-06,0.0006131207847946045,1.0,0.0,3.1415291203251052,1.0025850567820287,1.0025850567826926,1.0025850567826928,1.0025850567820287,1.0025850567826926,0.012936946769825567,0.01250113142439169,0.9797455292732721,0.9467402039925463
16,0.25,0.25,0.15915494309189535,1.5707963267948966,0.25,24,123,2,numpy_PCG64_SeedSequence,384,16.0,8.0,16,123201,0.013204394797720148,0.013204394797711403,0.0132043947977114,0.21127031676352237,0.21127031676338245,0.2112703167633824,1443.8178861922916,,0.013352164349315347,0.013352164349315347,0.00667202376604086,0.006680140583274486,-8.11681723362635e-06,0.0006079027355623101,1.0,0.0,3.1414076213856656,1.0111909370977543,1.0111909370984238,1.0111909370984242,1.0111909370977543,1.0111909370984238,0.013199467517663557,0.012748345671568729,0.9996268454456207,0.9654623227237829
16,0.25,0.25,0.15915494309189535,1.5707963267948966,0.25,24,123,3,numpy_PCG64_SeedSequence,384,16.0,8.0,16,123201,0.013204394797720148,0.013204394797711403,0.0132043947977114,0.21127031676352237,0.21127031676338245,0.2112703167633824,1443.8178861922916,,0.013473916607819741,0.013473916607819741,0.0067126078522089915,0.00676130875561075,-4.87009034017581e-05,0.0036144578313253013,1.0,0.0,3.1412769578043953,1.0204115231503172,1.020411523150993,1.0204115231509934,1.0204115231503172,1.020411523150993,0.013090483526392901,0.012649657160123288,0.9913732304227291,0.9579884087006668
16,0.25,0.25,0.15915494309189535,1.5707963267948966,0.25,24,2023,0,numpy_PCG64_SeedSequence,384,16.0,8.0,16,123201,0.013204394797720148,0.013204394797711403,0.0132043947977114,0.21127031676352237,0.21127031676338245,0.2112703167633824,1443.8178861922916,,0.013214178456343699,0.013214178456343699,0.006590855593704596,0.006623322862639102,-3.24672689345054e-05,0.002457002457002457,1.0,0.0,3.1411975708425297,1.000740939571516,1.0007409395721787,1.000740939572179,1.000740939571516,1.0007409395721787,0.012887145021983756,0.012456667309365909,0.975973925303175,0.9433728315603422
16,0.25,0.25,0.15915494309189535,1.5707963267948966,0.25,24,2023,1,numpy_PCG64_SeedSequence,384,16.0,8.0,16,123201,0.013204394797720148,0.013204394797711403,0.0132043947977114,0.21127031676352237,0.21127031676338245,0.2112703167633824,1443.8178861922916,,0.013449566156118862,0.013449566156118862,0.006745075121143497,0.006704491034975365,4.058408616813175e-05,0.0030175015087507543,1.0,0.0,3.1413117454606674,1.0185674059398047,1.0185674059404792,1.0185674059404795,1.0185674059398047,1.0185674059404792,0.013301373237501525,0.012851681296269875,1.0073444062576895,0.9732881736078376
16,0.25,0.25,0.15915494309189535,1.5707963267948966,0.25,24,2023,2,numpy_PCG64_SeedSequence,384,16.0,8.0,16,123201,0.013204394797720148,0.013204394797711403,0.0132043947977114,0.21127031676352237,0.21127031676338245,0.2112703167633824,1443.8178861922916,,0.013352164349315347,0.013352164349315347,0.006696374217741739,0.006655790131573607,4.058408616813175e-05,0.00303951367781155,1.0,0.0,3.140901629987236,1.0111909370977543,1.0111909370984238,1.0111909370984242,1.0111909370977543,1.0111909370984238,0.013347075595806428,0.012896678766837285,1.0108055537775131,0.9766959383147198
16,0.25,0.25,0.15915494309189535,1.5707963267948966,0.25,24,2023,3,numpy_PCG64_SeedSequence,384,16.0,8.0,16,123201,0.013204394797720148,0.013204394797711403,0.0132043947977114,0.21127031676352237,0.21127031676338245,0.2112703167633824,1443.8178861922916,,0.01340898206995073,0.01340898206995073,0.006688257400508113,0.0067207246694426185,-3.24672689345054e-05,0.002421307506053269,1.0,0.0,3.141157826047237,1.015493877255617,1.0154938772562894,1.0154938772562898,1.015493877255617,1.0154938772562894,0.0131346360660829,0.012687909259847177,0.994717006518974,0.9608853305444831
16,0.25,0.25,0.15915494309189535,1.5707963267948966,0.25,24,314159,0,numpy_PCG64_SeedSequence,384,16.0,8.0,16,123201,0.013204394797720148,0.013204394797711403,0.0132043947977114,0.21127031676352237,0.21127031676338245,0.2112703167633824,1443.8178861922916,,0.013149243918474688,0.013149243918474688,0.0065989724109382225,0.006550271507536465,4.87009034017581e-05,0.003703703703703704,1.0,0.0,3.1411005870700754,0.9958232936768157,0.9958232936774751,0.9958232936774755,0.9958232936768157,0.9958232936774751,0.01315209852710198,0.012714660239690223,0.9960394799292733,0.962911245420011
16,0.25,0.25,0.15915494309189535,1.5707963267948966,0.25,24,314159,1,numpy_PCG64_SeedSequence,384,16.0,8.0,16,123201,0.013204394797720148,0.013204394797711403,0.0132043947977114,0.21127031676352237,0.21127031676338245,0.2112703167633824,1443.8178861922916,,0.01318982800464282,0.01318982800464282,0.00658273877647097,0.0066070892281718495,-2.435045170087905e-05,0.0018461538461538461,1.0,0.0,3.141154495901033,0.9988968223610034,0.9988968223616649,0.9988968223616651,0.9988968223610034,0.9988968223616649,0.013389485998026926,0.012936773723553681,1.014017393689163,0.9797324240704561
16,0.25,0.25,0.15915494309189535,1.5707963267948966,0.25,24,314159,2,numpy_PCG64_SeedSequence,384,16.0,8.0,16,123201,0.013204394797720148,0.013204394797711403,0.0132043947977114,0.21127031676352237,0.21127031676338245,0.2112703167633824,1443.8178861922916,,0.013287229811446335,0.013287229811446335,0.006623322862639102,0.006663906948807234,-4.058408616813175e-05,0.0030543677458766036,1.0,0.0,3.140909011997681,1.0062732912030539,1.0062732912037202,1.0062732912037204,1.0062732912030539,1.0062732912037202,0.01291875259407854,0.012484433557160944,0.9783676413786926,0.9454756350754135
16,0.25,0.25,0.15915494309189535,1.5707963267948966,0.25,24,314159,3,numpy_PCG64_SeedSequence,384,16.0,8.0,16,123201,0.013204394797720148,0.013204394797711403,0.0132043947977114,0.21127031676352237,0.21127031676338245,0.2112703167633824,1443.8178861922916,,0.012719052605092492,0.012719052605092492,0.006412285614564817,0.006306766990527674,0.00010551862403714256,0.008296107211231652,1.0,0.0,3.141075306453543,0.963243889624426,0.9632438896250639,0.9632438896250642,0.963243889624426,0.9632438896250639,0.012469438043505398,0.012061760467313443,0.9443399894146117,0.9134656038454719
16,0.25,0.25,0.15915494309189535,1.5707963267948966,0.25,24,271828,0,numpy_PCG64_SeedSequence,384,16.0,8.0,16,123201,0.013204394797720148,0.013204394797711403,0.0132043947977114,0.21127031676352237,0.21127031676338245,0.2112703167633824,1443.8178861922916,,0.013392748435483479,0.013392748435483479,0.006696374217741739,0.006696374217741739,0.0,0.0,1.0,0.0,3.1408541794100633,1.014264465781942,1.0142644657826136,1.0142644657826139,1.014264465781942,1.0142644657826136,0.013151396928039408,0.012711509934697763,0.9959863461754498,0.9626726653835369
16,0.25,0.25,0.15915494309189535,1.5707963267948966,0.25,24,271828,1,numpy_PCG64_SeedSequence,384,16.0,8.0,16,123201,0.013204394797720148,0.013204394797711403,0.0132043947977114,0.21127031676352237,0.21127031676338245,0.2112703167633824,1443.8178861922916,,0.01310054301507293,0.01310054301507293,0.006574621959237344,0.006525921055835586,4.87009034017581e-05,0.0037174721189591076,1.0,0.0,3.141520489470175,0.9921350592557904,0.9921350592564475,0.9921350592564477,0.9921350592557904,0.9921350592564475,0.012962937411339952,0.012534543221618608,0.9817138619316438,0.9492705582979694
16,0.25,0.25,0.15915494309189535,1.5707963267948966,0.25,24,271828,2,numpy_PCG64_SeedSequence,384,16.0,8.0,16,123201,0.013204394797720148,0.013204394797711403,0.0132043947977114,0.21127031676352237,0.21127031676338245,0.2112703167633824,1443.8178861922916,,0.012848921680830513,0.012848921680830513,0.006355467893929432,0.0064934537869010805,-0.00013798589297164796,0.010739102969046115,1.0,0.0,3.1410822010711987,0.9730791814138267,0.973079181414471,0.9730791814144714,0.9730791814138267,0.973079181414471,0.012303107777405805,0.011905482656462223,0.9317434055766072,0.9016303161821402
16,0.25,0.25,0.15915494309189535,1.5707963267948966,0.25,24,271828,3,numpy_PCG64_SeedSequence,384,16.0,8.0,16,123201,0.013204394797720148,0.013204394797711403,0.0132043947977114,0.21127031676352237,0.21127031676338245,0.2112703167633824,1443.8178861922916,,0.013311580263147214,0.013311580263147214,0.006655790131573607,0.006655790131573607,0.0,0.0,1.0,0.0,3.141527386870153,1.0081174084135665,1.0081174084142341,1.0081174084142344,1.0081174084135665,1.0081174084142341,0.013001527619569199,0.01256170980907442,0.9846363895310085,0.951327948119463
16,0.5,0.5,0.3183098861837907,1.5707963267948966,0.25,24,42,0,numpy_PCG64_SeedSequence,384,16.0,8.0,16,123201,0.016000908538190514,0.016000904797234282,0.01600090479723428,0.2560145366110482,0.2560144767557485,0.25601447675574845,2887.8462397432722,,0.015527471367927209,0.015527471367927209,0.007727210006412286,0.007800261361514922,-7.305135510263716e-05,0.004704652378463147,1.0,0.0,3.141512653447438,0.9704118569809134,0.9704120838598511,0.9704120838598513,0.9704118569809134,0.9704120838598511,0.01583243270150014,0.015075435416977702,0.9894708580898227,0.9421612142208101
16,0.5,0.5,0.3183098861837907,1.5707963267948966,0.25,24,42,1,numpy_PCG64_SeedSequence,384,16.0,8.0,16,123201,0.016000908538190514,0.016000904797234282,0.01600090479723428,0.2560145366110482,0.2560144767557485,0.25601447675574845,2887.8462397432722,,0.015787209519403253,0.015787209519403253,0.007881429533851186,0.007905779985552065,-2.435045170087905e-05,0.0015424164524421595,1.0,0.0,3.140816151919447,0.9866445696957014,0.9866448003697912,0.9866448003697914,0.9866445696957014,0.9866448003697912,0.01577045055486292,0.015034013774687008,0.9855971938857383,0.9395725085737632
16,0.5,0.5,0.3183098861837907,1.5707963267948966,0.25,24,42,2,numpy_PCG64_SeedSequence,384,16.0,8.0,16,123201,0.016000908538190514,0.016000904797234282,0.01600090479723428,0.2560145366110482,0.2560144767557485,0.25601447675574845,2887.8462397432722,,0.01581155997110413,0.01581155997110413,0.007889546351084813,0.007922013620019317,-3.24672689345054e-05,0.002053388090349076,1.0,0.0,3.1413742438438286,0.9881663865127126,0.988166617542598,0.9881666175425983,0.9881663865127126,0.988166617542598,0.015715254705297624,0.014984693375916078,0.982147649165602,0.9364901586776174
16,0.5,0.5,0.3183098861837907,1.5707963267948966,0.25,24,42,3,numpy_PCG64_SeedSequence,384,16.0,8.0,16,123201,0.016000908538190514,0.016000904797234282,0.01600090479723428,0.2560145366110482,0.2560144767557485,0.25601447675574845,2887.8462397432722,,0.016063181305346546,0.016063181305346546,0.008059999512990966,0.008003181792355582,5.681772063538445e-05,0.0035371399696816574,1.0,0.0,3.14145586142627,1.0038918269551633,1.0038920616616023,1.0038920616616025,1.0038918269551633,1.0038920616616023,0.015699732819633144,0.0149520894484939,0.9811775863952642,0.9344525289177598
16,0.5,0.5,0.3183098861837907,1.5707963267948966,0.25,24,7,0,numpy_PCG64_SeedSequence,384,16.0,8.0,16,123201,0.016000908538190514,0.016000904797234282,0.01600090479723428,0.2560145366110482,0.2560144767557485,0.25601447675574845,2887.8462397432722,,0.016241751284486326,0.016241751284486326,0.008133050868093603,0.008108700416392724,2.435045170087905e-05,0.0014992503748125937,1.0,0.0,3.141585580384445,1.0150518169465799,1.0150520542621861,1.0150520542621864,1.0150518169465799,1.0150520542621861,0.015728061639363453,0.015001347261087313,0.9829480370957787,0.937530967399915
16,0.5,0.5,0.3183098861837907,1.5707963267948966,0.25,24,7,1,numpy_PCG64_SeedSequence,384,16.0,8.0,16,123201,0.016000908538190514,0.016000904797234282,0.01600090479723428,0.2560145366110482,0.2560144767557485,0.25601447675574845,2887.8462397432722,,0.016217400832785448,0.016217400832785448,0.008124934050859976,0.008092466781925472,3.24672689345054e-05,0.002002002002002002,1.0,0.0,3.1413756779465705,1.0135300001295686,1.0135302370893793,1.0135302370893795,1.0135300001295686,1.0135302370893793,0.015778529406826284,0.015038587390955916,0.9861020934634142,0.9398583433598313
16,0.5,0.5,0.3183098861837907,1.5707963267948966,0.25,24,7,2,numpy_PCG64_SeedSequence,384,16.0,8.0,16,123201,0.016000908538190514,0.016000904797234282,0.01600090479723428,0.2560145366110482,0.2560144767557485,0.25601447675574845,2887.8462397432722,,0.015908961777907647,0.015908961777907647,0.007946364071720197,0.00796259770618745,-1.62336344672527e-05,0.0010204081632653062,1.0,0.0,3.141339804773518,0.994253653780758,0.9942538862338256,0.9942538862338258,0.994253653780758,0.9942538862338256,0.01593477378704465,0.015194787663788713,0.9958668127507876,0.9496203060921338
16,0.5,0.5,0.3183098861837907,1.5707963267948966,0.25,24,7,3,numpy_PCG64_SeedSequence,384,16.0,8.0,16,123201,0.016000908538190514,0.016000904797234282,0.01600090479723428,0.2560145366110482,0.2560144767557485,0.25601447675574845,2887.8462397432722,,0.016160583112150063,0.016160583112150063,0.008092466781925472,0.008068116330224593,2.435045170087905e-05,0.0015067805123053742,1.0,0.0,3.141328776662375,1.0099790942232088,1.00997933035283,1.0099793303528302,1.0099790942232088,1.00997933035283,0.015889432127444692,0.015141909058617575,0.9930331199331742,0.9463155809232517
16,0.5,0.5,0.3183098861837907,1.5707963267948966,0.25,24,123,0,numpy_PCG64_SeedSequence,384,16.0,8.0,16,123201,0.016000908538190514,0.016000904797234282,0.01600090479723428,0.2560145366110482,0.2560144767557485,0.25601447675574845,2887.8462397432722,,0.01611999902598193,0.01611999902598193,0.008011298609589207,0.008108700416392724,-9.74018068035162e-05,0.006042296072507553,1.0,0.0,3.1403346276773445,1.0074427328615232,1.0074429683981518,1.007442968398152,1.0074427328615232,1.0074429683981518,0.015747629859716828,0.015010367946993466,0.984170981424638,0.9380947282566579
16,0.5,0.5,0.3183098861837907,1.5707963267948966,0.25,24,123,1,numpy_PCG64_SeedSequence,384,16.0,8.0,16,123201,0.016000908538190514,0.016000904797234282,0.01600090479723428,0.2560145366110482,0.2560144767557485,0.25601447675574845,2887.8462397432722,,0.016022597219178415,0.016022597219178415,0.008043765878523713,0.007978831340654703,6.49345378690108e-05,0.004052684903748734,1.0,0.0,3.141089856504955,1.0013554655934778,1.0013556997069242,1.0013556997069244,1.0013554655934778,1.0013556997069242,0.015831066520681218,0.015093743039005163,0.9893854766369096,0.9433053756278805
16,0.5,0.5,0.3183098861837907,1.5707963267948966,0.25,24,123,2,numpy_PCG64_SeedSequence,384,16.0,8.0,16,123201,0.016000908538190514,0.016000904797234282,0.01600090479723428,0.2560145366110482,0.2560144767557485,0.25601447675574845,2887.8462397432722,,0.016152466294916436,0.016152466294916436,0.008068116330224593,0.008084349964691845,-1.62336344672527e-05,0.0010050251256281408,1.0,0.0,3.1411253171086053,1.0094718219508716,1.009472057961894,1.0094720579618943,1.0094718219508716,1.009472057961894,0.01564704019162832,0.014915375165500271,0.9778844841392854,0.9321580165214167
16,0.5,0.5,0.3183098861837907,1.5707963267948966,0.25,24,123,3,numpy_PCG64_SeedSequence,384,16.0,8.0,16,123201,0.016000908538190514,0.016000904797234282,0.01600090479723428,0.2560145366110482,0.2560144767557485,0.25601447675574845,2887.8462397432722,,0.01612811584321556,0.01612811584321556,0.008068116330224593,0.008059999512990966,8.11681723362635e-06,0.0005032712632108706,1.0,0.0,3.1409311101634816,1.0079500051338603,1.0079502407890875,1.0079502407890877,1.0079500051338603,1.0079502407890875,0.01575345487341468,0.015020582306394257,0.9845350241090862,0.9387330894707359
16,0.5,0.5,0.3183098861837907,1.5707963267948966,0.25,24,2023,0,numpy_PCG64_SeedSequence,384,16.0,8.0,16,123201,0.016000908538190514,0.016000904797234282,0.01600090479723428,0.2560145366110482,0.2560144767557485,0.25601447675574845,2887.8462397432722,,0.015998246767477537,0.015998246767477537,0.008011298609589207,0.007986948157888328,2.435045170087905e-05,0.0015220700152207,1.0,0.0,3.1409109384627527,0.9998336487764664,0.9998338825341174,0.9998338825341176,0.9998336487764664,0.9998338825341174,0.01604177605793956,0.01528215417250598,1.0025540749546504,0.9550804028428116
16,0.5,0.5,0.3183098861837907,1.5707963267948966,0.25,24,2023,1,numpy_PCG64_SeedSequence,384,16.0,8.0,16,123201,0.016000908538190514,0.016000904797234282,0.01600090479723428,0.2560145366110482,0.2560144767557485,0.25601447675574845,2887.8462397432722,,0.01603071403641204,0.01603071403641204,0.008043765878523713,0.007986948157888328,5.681772063538445e-05,0.0035443037974683543,1.0,0.0,3.140901532600287,1.001862737865815,1.0018629720978598,1.00186297209786,1.001862737865815,1.0018629720978598,0.015524517615914417,0.01479598379764326,0.9702272579623175,0.9246964797235497
16,0.5,0.5,0.3183098861837907,1.5707963267948966,0.25,24,2023,2,numpy_PCG64_SeedSequence,384,16.0,8.0,16,123201,0.016000908538190514,0.016000904797234282,0.01600090479723428,0.2560145366110482,0.2560144767557485,0.25601447675574845,2887.8462397432722,,0.016322919456822592,0.016322919456822592,0.008173634954261735,0.008149284502560855,2.435045170087905e-05,0.0014917951268025858,1.0,0.0,3.1413309012394195,1.0201245396699514,1.0201247781715426,1.0201247781715428,1.0201245396699514,1.0201247781715426,0.015697251808259243,0.014959914145682726,0.9810225319889485,0.9349415447239654
16,0.5,0.5,0.3183098861837907,1.5707963267948966,0.25,24,2023,3,numpy_PCG64_SeedSequence,384,16.0,8.0,16,123201,0.016000908538190514,0.016000904797234282,0.01600090479723428,0.2560145366110482,0.2560144767557485,0.25601447675574845,2887.8462397432722,,0.01619305038108457,0.01619305038108457,0.008108700416392724,0.008084349964691845,2.435045170087905e-05,0.0015037593984962407,1.0,0.0,3.141379281091638,1.0120081833125574,1.0120084199165724,1.0120084199165726,1.0120081833125574,1.0120084199165724,0.01593728099213592,0.015177232423843397,0.9960235041714831,0.9485231658951621
16,0.5,0.5,0.3183098861837907,1.5707963267948966,0.25,24,314159,0,numpy_PCG64_SeedSequence,384,16.0,8.0,16,123201,0.016000908538190514,0.016000904797234282,0.01600090479723428,0.2560145366110482,0.2560144767557485,0.25601447675574845,2887.8462397432722,,0.01611999902598193,0.01611999902598193,0.008059999512990966,0.008059999512990966,0.0,0.0,1.0,0.0,3.1409384248925396,1.0074427328615232,1.0074429683981518,1.007442968398152,1.0074427328615232,1.0074429683981518,0.01563695527023133,0.014905672327580007,0.9772542123410987,0.9315516235845965
16,0.5,0.5,0.3183098861837907,1.5707963267948966,0.25,24,314159,1,numpy_PCG64_SeedSequence,384,16.0,8.0,16,123201,0.016000908538190514,0.016000904797234282,0.01600090479723428,0.2560145366110482,0.2560144767557485,0.25601447675574845,2887.8462397432722,,0.01616869992938369,0.01616869992938369,0.008068116330224593,0.008100583599159097,-3.24672689345054e-05,0.002008032128514056,1.0,0.0,3.1408199723741066,1.010486366495546,1.0104866027437656,1.0104866027437658,1.010486366495546,1.0104866027437656,0.01614389160525197,0.015373791140775816,1.0089359342764936,0.9608073881606215
16,0.5,0.5,0.3183098861837907,1.5707963267948966,0.25,24,314159,2,numpy_PCG64_SeedSequence,384,16.0,8.0,16,123201,0.016000908538190514,0.016000904797234282,0.01600090479723428,0.2560145366110482,0.2560144767557485,0.25601447675574845,2887.8462397432722,,0.015706041347066987,0.015706041347066987,0.007889546351084813,0.007816494995982175,7.305135510263716e-05,0.004651162790697674,1.0,0.0,3.141032576546405,0.9815718469723299,0.9815720764604348,0.981572076460435,0.9815718469723299,0.9815720764604348,0.015719090467655756,0.014981823283881123,0.9823873707007247,0.9363107881107459
16,0.5,0.5,0.3183098861837907,1.5707963267948966,0.25,24,314159,3,numpy_PCG64_SeedSequence,384,16.0,8.0,16,123201,0.016000908538190514,0.016000904797234282,0.01600090479723428,0.2560145366110482,0.2560144767557485,0.25601447675574845,2887.8462397432722,,0.01603883085364567,0.01603883085364567,0.007995064975121955,0.008043765878523713,-4.87009034017581e-05,0.003036437246963563,1.0,0.0,3.141399979946615,1.002370010138152,1.0023702444887956,1.0023702444887959,1.002370010138152,1.0023702444887956,0.015710639876505086,0.014989665917633213,0.9818592387430611,0.9368009248885028
16,0.5,0.5,0.3183098861837907,1.5707963267948966,0.25,24,271828,0,numpy_PCG64_SeedSequence,384,16.0,8.0,16,123201,0.016000908538190514,0.016000904797234282,0.01600090479723428,0.2560145366110482,0.2560144767557485,0.25601447675574845,2887.8462397432722,,0.015527471367927209,0.015527471367927209,0.007743443640879539,0.00778402772704767,-4.058408616813175e-05,0.0026136957658128594,1.0,0.0,3.141329555781567,0.9704118569809134,0.9704120838598511,0.9704120838598513,0.9704118569809134,0.9704120838598511,0.015831903428543386,0.01510369461466629,0.9894377804082968,0.9439273137907901
16,0.5,0.5,0.3183098861837907,1.5707963267948966,0.25,24,271828,1,numpy_PCG64_SeedSequence,384,16.0,8.0,16,123201,0.016000908538190514,0.016000904797234282,0.01600090479723428,0.2560145366110482,0.2560144767557485,0.25601447675574845,2887.8462397432722,,0.016055064488112922,0.016055064488112922,0.008027532244056461,0.008027532244056461,0.0,0.0,1.0,0.0,3.1415037855496597,1.0033845546828264,1.0033847892706669,1.003384789270667,1.0033845546828264,1.0033847892706669,0.015618653893405733,0.014868956722052672,0.9761104412369819,0.9292570285345902
16,0.5,0.5,0.3183098861837907,1.5707963267948966,0.25,24,271828,2,numpy_PCG64_SeedSequence,384,16.0,8.0,16,123201,0.016000908538190514,0.016000904797234282,0.01600090479723428,0.2560145366110482,0.2560144767557485,0.25601447675574845,2887.8462397432722,,0.016055064488112922,0.016055064488112922,0.008019415426822834,0.008035649061290086,-1.62336344672527e-05,0.0010111223458038423,1.0,0.0,3.141293602849974,1.0033845546828264,1.0033847892706669,1.003384789270667,1.0033845546828264,1.0033847892706669,0.015684004792735184,0.014954861603131475,0.9801946405293829,0.9346257787448529
16,0.5,0.5,0.3183098861837907,1.5707963267948966,0.25,24,271828,3,numpy_PCG64_SeedSequence,384,16.0,8.0,16,123201,0.016000908538190514,0.016000904797234282,0.01600090479723428,0.2560145366110482,0.2560144767557485,0.25601447675574845,2887.8462397432722,,0.0159251954123749,0.0159251954123749,0.007946364071720197,0.007978831340654703,-3.24672689345054e-05,0.0020387359836901123,1.0,0.0,3.1413330134402635,0.9952681983254323,0.9952684310156968,0.9952684310156971,0.9952681983254323,0.9952684310156968,0.015673142721584158,0.014937552603993768,0.9795157996294989,0.9335440277245034
16,0.75,0.75,0.477464829275686,1.5707963267948966,0.25,24,42,0,numpy_PCG64_SeedSequence,384,16.0,8.0,16,123201,0.020605543779108757,0.020605521656138725,0.020605521656138735,0.3296887004657401,0.3296883464982196,0.32968834649821976,4345.034731741177,,0.020194641277262358,0.020194641277262358,0.010113554273098433,0.010081087004163927,3.24672689345054e-05,0.001607717041800643,1.0,0.0,3.1415621404246163,0.9800586431374357,0.9800596953703447,0.9800596953703441,0.9800586431374357,0.9800596953703447,0.019783102636154824,0.018481303627105653,0.960086414036412,0.896909289326458
16,0.75,0.75,0.477464829275686,1.5707963267948966,0.25,24,42,1,numpy_PCG64_SeedSequence,384,16.0,8.0,16,123201,0.020605543779108757,0.020605521656138725,0.020605521656138735,0.3296887004657401,0.3296883464982196,0.32968834649821976,4345.034731741177,,0.019764449963880163,0.019764449963880163,0.009878166573323268,0.009886283390556895,-8.11681723362635e-06,0.0004106776180698152,1.0,0.0,3.141563706843043,0.9591811881188329,0.9591822179368125,0.959182217936812,0.9591811881188329,0.9591822179368125,0.020186963854424384,0.01884324831513013,0.9796860529781914,0.9144746926909371
16,0.75,0.75,0.477464829275686,1.5707963267948966,0.25,24,42,2,numpy_PCG64_SeedSequence,384,16.0,8.0,16,123201,0.020605543779108757,0.020605521656138725,0.020605521656138735,0.3296887004657401,0.3296883464982196,0.32968834649821976,4345.034731741177,,0.020332627170234006,0.020332627170234006,0.010170371993733817,0.010162255176500191,8.11681723362635e-06,0.0003992015968063872,1.0,0.0,3.1415100267560874,0.986755185313214,0.9867562447358172,0.9867562447358168,0.986755185313214,0.9867562447358172,0.01989659160515459,0.018574085126033837,0.9655941050838489,0.9014120338268119
16,0.75,0.75,0.477464829275686,1.5707963267948966,0.25,24,42,3,numpy_PCG64_SeedSequence,384,16.0,8.0,16,123201,0.020605543779108757,0.020605521656138725,0.020605521656138735,0.3296887004657401,0.3296883464982196,0.32968834649821976,4345.034731741177,,0.02055178123554192,0.02055178123554192,0.010292124252238213,0.010259656983303706,3.24672689345054e-05,0.001579778830963665,1.0,0.0,3.1414327740907297,0.9973908699453327,0.9973919407868621,0.9973919407868617,0.9973908699453327,0.9973919407868621,0.02034935754698246,0.018979438581906864,0.987567121019828,0.9210840919980697
16,0.75,0.75,0.477464829275686,1.5707963267948966,0.25,24,7,0,numpy_PCG64_SeedSequence,384,16.0,8.0,16,123201,0.020605543779108757,0.020605521656138725,0.020605521656138735,0.3296887004657401,0.3296883464982196,0.32968834649821976,4345.034731741177,,0.020300159901299502,0.020300159901299502,0.010170371993733817,0.010129787907565685,4.058408616813175e-05,0.001999200319872051,1.0,0.0,3.141364493113213,0.985179528330678,0.9851805860615884,0.985180586061588,0.985179528330678,0.9851805860615884,0.020158146682687,0.018826549090021003,0.9782875375084564,0.9136642687929734
16,0.75,0.75,0.477464829275686,1.5707963267948966,0.25,24,7,1,numpy_PCG64_SeedSequence,384,16.0,8.0,16,123201,0.020605543779108757,0.020605521656138725,0.020605521656138735,0.3296887004657401,0.3296883464982196,0.32968834649821976,4345.034731741177,,0.020056655384290713,0.020056655384290713,0.010032386100762168,0.010024269283528543,8.11681723362635e-06,0.0004046944556859571,1.0,0.0,3.1415599447426654,0.9733621009616575,0.9733631460048722,0.9733631460048717,0.9733621009616575,0.9733631460048722,0.02010868717879811,0.018745765357541435,0.97588723667587,0.9097437834446822
16,0.75,0.75,0.477464829275686,1.5707963267948966,0.25,24,7,2,numpy_PCG64_SeedSequence,384,16.0,8.0,16,123201,0.020605543779108757,0.020605521656138725,0.020605521656138735,0.3296887004657401,0.3296883464982196,0.32968834649821976,4345.034731741177,,0.020511197149373786,0.020511197149373786,0.010243423348836454,0.010267773800537333,-2.435045170087905e-05,0.001187178472497032,1.0,0.0,3.141374129584082,0.9954212987171625,0.995422367444076,0.9954223674440754,0.9954212987171625,0.995422367444076,0.020096730351008237,0.0187517020265218,0.9753069643026655,0.9100318937243237
16,0.75,0.75,0.477464829275686,1.5707963267948966,0.25,24,7,3,numpy_PCG64_SeedSequence,384,16.0,8.0,16,123201,0.020605543779108757,0.020605521656138725,0.020605521656138735,0.3296887004657401,0.3296883464982196,0.32968834649821976,4345.034731741177,,0.019918669491319065,0.019918669491319065,0.009975568380126785,0.009943101111192279,3.24672689345054e-05,0.0016299918500407497,1.0,0.0,3.141565665508292,0.9666655587858792,0.9666665966393996,0.966666596639399,0.9666655587858792,0.9666665966393996,0.020459417481854456,0.01909115112264002,0.9929083988842627,0.9265055718643966
16,0.75,0.75,0.477464829275686,1.5707963267948966,0.25,24,123,0,numpy_PCG64_SeedSequence,384,16.0,8.0,16,123201,0.020605543779108757,0.020605521656138725,0.020605521656138735,0.3296887004657401,0.3296883464982196,0.32968834649821976,4345.034731741177,,0.020559898052775544,0.020559898052775544,0.010284007435004586,0.01027589061777096,8.11681723362635e-06,0.00039478878799842083,1.0,0.0,3.14131143097975,0.9977847841909665,0.9977858554554192,0.9977858554554188,0.9977847841909665,0.9977858554554192,0.02048962014929587,0.019107920160652558,0.9943741533319583,0.9273193838264735
16,0.75,0.75,0.477464829275686,1.5707963267948966,0.25,24,123,1,numpy_PCG64_SeedSequence,384,16.0,8.0,16,123201,0.020605543779108757,0.020605521656138725,0.020605521656138735,0.3296887004657401,0.3296883464982196,0.32968834649821976,4345.034731741177,,0.020454379428738404,0.020454379428738404,0.010243423348836454,0.010210956079901948,3.24672689345054e-05,0.0015873015873015873,1.0,0.0,3.141340924156952,0.9926638989977244,0.9926649647641755,0.9926649647641751,0.9926638989977244,0.9926649647641755,0.02028284185949239,0.018920820767482215,0.98433907286914,0.9182393325948222
16,0.75,0.75,0.477464829275686,1.5707963267948966,0.25,24,123,2,numpy_PCG64_SeedSequence,384,16.0,8.0,16,123201,0.020605543779108757,0.020605521656138725,0.020605521656138735,0.3296887004657401,0.3296883464982196,0.32968834649821976,4345.034731741177,,0.020543664418308294,0.020543664418308294,0.010292124252238213,0.010251540166070081,4.058408616813175e-05,0.0019755037534571317,1.0,0.0,3.1412704163683056,0.9969969556996986,0.9969980261183049,0.9969980261183045,0.9969969556996986,0.9969980261183049,0.01987170251059752,0.018541806956697087,0.9643862216703423,0.8998455539666941
16,0.75,0.75,0.477464829275686,1.5707963267948966,0.25,24,123,3,numpy_PCG64_SeedSequence,384,16.0,8.0,16,123201,0.020605543779108757,0.020605521656138725,0.020605521656138735,0.3296887004657401,0.3296883464982196,0.32968834649821976,4345.034731741177,,0.020024188115356206,0.020024188115356206,0.010024269283528543,0.009999918831827664,2.435045170087905e-05,0.0012160518848804217,1.0,0.0,3.1414523071889016,0.9717864439791214,0.9717874873306432,0.9717874873306427,0.9717864439791214,0.9717874873306432,0.020244766393064467,0.018888678286721368,0.9824912465348248,0.9166794377866379
16,0.75,0.75,0.477464829275686,1.5707963267948966,0.25,24,2023,0,numpy_PCG64_SeedSequence,384,16.0,8.0,16,123201,0.020605543779108757,0.020605521656138725,0.020605521656138735,0.3296887004657401,0.3296883464982196,0.32968834649821976,4345.034731741177,,0.020178407642795108,0.020178407642795108,0.010072970186930302,0.010105437455864806,-3.24672689345054e-05,0.0016090104585679806,1.0,0.0,3.1413127288614575,0.9792708146461678,0.9792718660332304,0.9792718660332298,0.9792708146461678,0.9792718660332304,0.01976703688604176,0.018453532856737058,0.959306733078448,0.8955615563733121
16,0.75,0.75,0.477464829275686,1.5707963267948966,0.25,24,2023,1,numpy_PCG64_SeedSequence,384,16.0,8.0,16,123201,0.020605543779108757,0.020605521656138725,0.020605521656138735,0.3296887004657401,0.3296883464982196,0.32968834649821976,4345.034731741177,,0.020787168935317082,0.020787168935317082,0.010405759693508982,0.010381409241808102,2.435045170087905e-05,0.0011714174150722373,1.0,0.0,3.141411231330337,1.008814383068719,1.0088154661750213,1.0088154661750206,1.008814383068719,1.0088154661750213,0.01997180662511671,0.018638300262429033,0.9692443373110798,0.9045284347858733
16,0.75,0.75,0.477464829275686,1.5707963267948966,0.25,24,2023,2,numpy_PCG64_SeedSequence,384,16.0,8.0,16,123201,0.020605543779108757,0.020605521656138725,0.020605521656138735,0.3296887004657401,0.3296883464982196,0.32968834649821976,4345.034731741177,,0.020494963514906536,0.020494963514906536,0.010235306531602827,0.010259656983303706,-2.435045170087905e-05,0.001188118811881188,1.0,0.0,3.1414207156571896,0.9946334702258945,0.9946345381069617,0.9946345381069611,0.9946334702258945,0.9946345381069617,0.020302627241549645,0.018944031387223118,0.9852992699049161,0.9193657585697792
16,0.75,0.75,0.477464829275686,1.5707963267948966,0.25,24,2023,3,numpy_PCG64_SeedSequence,384,16.0,8.0,16,123201,0.020605543779108757,0.020605521656138725,0.020605521656138735,0.3296887004657401,0.3296883464982196,0.32968834649821976,4345.034731741177,,0.02048684669767291,0.02048684669767291,0.010259656983303706,0.010227189714369202,3.24672689345054e-05,0.001584786053882726,1.0,0.0,3.140808837125828,0.9942395559802605,0.9942406234384044,0.9942406234384039,0.9942395559802605,0.9942406234384044,0.020328030674178276,0.018971587062705773,0.986532114468542,0.9207030528328208
16,0.75,0.75,0.477464829275686,1.5707963267948966,0.25,24,314159,0,numpy_PCG64_SeedSequence,384,16.0,8.0,16,123201,0.020605543779108757,0.020605521656138725,0.020605521656138735,0.3296887004657401,0.3296883464982196,0.32968834649821976,4345.034731741177,,0.020446262611504777,0.020446262611504777,0.010227189714369202,0.010219072897135575,8.11681723362635e-06,0.0003969829297340214,1.0,0.0,3.141557125693748,0.9922699847520904,0.9922710500956183,0.9922710500956178,0.9922699847520904,0.9922710500956183,0.020066511012908312,0.018733585595282147,0.9738404008174271,0.9091526919214564
16,0.75,0.75,0.477464829275686,1.5707963267948966,0.25,24,314159,1,numpy_PCG64_SeedSequence,384,16.0,8.0,16,123201,0.020605543779108757,0.020605521656138725,0.020605521656138735,0.3296887004657401,0.3296883464982196,0.32968834649821976,4345.034731741177,,0.01991055267408544,0.01991055267408544,0.009926867476725026,0.009983685197360412,-5.681772063538445e-05,0.0028536485935589076,1.0,0.0,3.1415052647246515,0.9662716445402453,0.9662726819708424,0.9662726819708418,0.9662716445402453,0.9662726819708424,0.019962027776932633,0.01863283951637643,0.9687697636580422,0.9042634213452603
16,0.75,0.75,0.477464829275686,1.5707963267948966,0.25,24,314159,2,numpy_PCG64_SeedSequence,384,16.0,8.0,16,123201,0.020605543779108757,0.020605521656138725,0.020605521656138735,0.3296887004657401,0.3296883464982196,0.32968834649821976,4345.034731741177,,0.020665416676812688,0.020665416676812688,0.010332708338406344,0.010332708338406344,0.0,0.0,1.0,0.0,3.140998455309873,1.0029056693842089,1.002906746146663,1.0029067461466625,1.0029056693842089,1.002906746146663,0.020071087487514783,0.018721781008880584,0.9740625000085734,0.9085798079185828
16,0.75,0.75,0.477464829275686,1.5707963267948966,0.25,24,314159,3,numpy_PCG64_SeedSequence,384,16.0,8.0,16,123201,0.020605543779108757,0.020605521656138725,0.020605521656138735,0.3296887004657401,0.3296883464982196,0.32968834649821976,4345.034731741177,,0.02017029082556148,0.02017029082556148,0.010097320638631179,0.010072970186930302,2.435045170087905e-05,0.0012072434607645875,1.0,0.0,3.1414111244791427,0.9788769004005338,0.978877951364673,0.9788779513646726,0.9788769004005338,0.978877951364673,0.020035983447962622,0.01869729792955884,0.9723588788894961,0.9073916286798206
16,0.75,0.75,0.477464829275686,1.5707963267948966,0.25,24,271828,0,numpy_PCG64_SeedSequence,384,16.0,8.0,16,123201,0.020605543779108757,0.020605521656138725,0.020605521656138735,0.3296887004657401,0.3296883464982196,0.32968834649821976,4345.034731741177,,0.020324510353000383,0.020324510353000383,0.010170371993733817,0.010154138359266564,1.62336344672527e-05,0.0007987220447284345,1.0,0.0,3.1413954548530874,0.9863612710675802,0.9863623300672602,0.9863623300672597,0.9863612710675802,0.9863623300672602,0.020291426481877976,0.01894723768688059,0.9847556899930371,0.919521362308843
16,0.75,0.75,0.477464829275686,1.5707963267948966,0.25,24,271828,1,numpy_PCG64_SeedSequence,384,16.0,8.0,16,123201,0.020605543779108757,0.020605521656138725,0.020605521656138735,0.3296887004657401,0.3296883464982196,0.32968834649821976,4345.034731741177,,0.02017029082556148,0.02017029082556148,0.010064853369696675,0.010105437455864806,-4.058408616813175e-05,0.002012072434607646,1.0,0.0,3.1415726065025975,0.9788769004005338,0.978877951364673,0.9788779513646726,0.9788769004005338,0.978877951364673,0.020386187902467184,0.019025968415795843,0.9893545213369244,0.9233422141028673
16,0.75,0.75,0.477464829275686,1.5707963267948966,0.25,24,271828,2,numpy_PCG64_SeedSequence,384,16.0,8.0,16,123201,0.020605543779108757,0.020605521656138725,0.020605521656138735,0.3296887004657401,0.3296883464982196,0.32968834649821976,4345.034731741177,,0.02043814579427115,0.02043814579427115,0.010219072897135575,0.010219072897135575,0.0,0.0,1.0,0.0,3.1414145171161385,0.9918760705064563,0.9918771354270611,0.9918771354270606,0.9918760705064563,0.9918771354270611,0.02016969185397188,0.01881811515885432,0.9788478319325514,0.9132549648087108
16,0.75,0.75,0.477464829275686,1.5707963267948966,0.25,24,271828,3,numpy_PCG64_SeedSequence,384,16.0,8.0,16,123201,0.020605543779108757,0.020605521656138725,0.020605521656138735,0.3296887004657401,0.3296883464982196,0.32968834649821976,4345.034731741177,,0.02056801487000917,0.02056801487000917,0.010316474703939092,0.010251540166070081,6.49345378690108e-05,0.0031570639305445935,1.0,0.0,3.141514679598539,0.9981786984366006,0.9981797701239765,0.998179770123976,0.9981786984366006,0.9981797701239765,0.020031207832853195,0.018698383225754844,0.9721271152844866,0.9074442987868383
24,0.1,0.1,0.06366197723675814,1.5707963267948966,0.16666666666666666,24,42,0,numpy_PCG64_SeedSequence,576,24.0,12.0,24,277729,0.005520468472103903,0.005520468472103902,0.005520468472103903,0.1987368649957405,0.19873686499574048,0.1987368649957405,577.5271544749826,,0.005642190768698984,0.005642190768698984,0.002844499494111166,0.0027976912745878175,4.68082195233483e-05,0.008296107211231652,1.0,0.0,3.1413317260223907,1.0220492694071472,1.0220492694071475,1.0220492694071472,1.0220492694071472,1.0220492694071475,0.005497248036306035,0.005425440075273876,0.9957937562880388,0.9827861716247044
24,0.1,0.1,0.06366197723675814,1.5707963267948966,0.16666666666666666,24,42,1,numpy_PCG64_SeedSequence,576,24.0,12.0,24,277729,0.005520468472103903,0.005520468472103902,0.005520468472103903,0.1987368649957405,0.19873686499574048,0.1987368649957405,577.5271544749826,,0.005537772432839206,0.005537772432839206,0.00277248684869063,0.0027652855841485764,7.2012645420535845e-06,0.0013003901170351106,1.0,0.0,3.141336523055044,1.0031345094755535,1.0031345094755535,1.0031345094755535,1.0031345094755535,1.0031345094755535,0.005437112438649755,0.005363234013278407,0.9849005507638776,0.9715179138111132
24,0.1,0.1,0.06366197723675814,1.5707963267948966,0.16666666666666666,24,42,2,numpy_PCG64_SeedSequence,576,24.0,12.0,24,277729,0.005520468472103903,0.005520468472103902,0.005520468472103903,0.1987368649957405,0.19873686499574048,0.1987368649957405,577.5271544749826,,0.00563498950415693,0.00563498950415693,0.0028372982295691122,0.0027976912745878175,3.960695498129471e-05,0.007028753993610224,1.0,0.0,3.1410670144327995,1.0207448032049682,1.0207448032049684,1.0207448032049682,1.0207448032049682,1.0207448032049684,0.005689020642986857,0.0056127281281840346,1.0305322223529914,1.0167122874709529
24,0.1,0.1,0.06366197723675814,1.5707963267948966,0.16666666666666666,24,42,3,numpy_PCG64_SeedSequence,576,24.0,12.0,24,277729,0.005520468472103903,0.005520468472103902,0.005520468472103903,0.1987368649957405,0.19873686499574048,0.1987368649957405,577.5271544749826,,0.005652992665512064,0.005652992665512064,0.002819295068213978,0.0028336975972980856,-1.4402529084107169e-05,0.0025477707006369425,1.0,0.0,3.139682888306272,1.0240059687104155,1.0240059687104155,1.0240059687104155,1.0240059687104155,1.0240059687104155,0.005540630595259882,0.0054651701551166705,1.0036522485832249,0.9899830390723783
24,0.1,0.1,0.06366197723675814,1.5707963267948966,0.16666666666666666,24,7,0,numpy_PCG64_SeedSequence,576,24.0,12.0,24,277729,0.005520468472103903,0.005520468472103902,0.005520468472103903,0.1987368649957405,0.19873686499574048,0.1987368649957405,577.5271544749826,,0.005490964213315858,0.005490964213315858,0.002754483687335496,0.002736480525980362,1.8003161355133963e-05,0.003278688524590164,1.0,0.0,3.1414666832000306,0.9946554791613907,0.994655479161391,0.9946554791613907,0.9946554791613907,0.994655479161391,0.005492174541504555,0.0054219132072604445,0.9948747229076077,0.9821473004797548
24,0.1,0.1,0.06366197723675814,1.5707963267948966,0.16666666666666666,24,7,1,numpy_PCG64_SeedSequence,576,24.0,12.0,24,277729,0.005520468472103903,0.005520468472103902,0.005520468472103903,0.1987368649957405,0.19873686499574048,0.1987368649957405,577.5271544749826,,0.005512568006942019,0.005512568006942019,0.0027472824227934424,0.0027652855841485764,-1.8003161355133963e-05,0.0032658393207054214,1.0,0.0,3.141452894831874,0.9985688777679274,0.9985688777679276,0.9985688777679274,0.9985688777679274,0.9985688777679276,0.005486219315688063,0.005415670061637283,0.9937959692028118,0.9810163918159867
24,0.1,0.1,0.06366197723675814,1.5707963267948966,0.16666666666666666,24,7,2,numpy_PCG64_SeedSequence,576,24.0,12.0,24,277729,0.005520468472103903,0.005520468472103902,0.005520468472103903,0.1987368649957405,0.19873686499574048,0.1987368649957405,577.5271544749826,,0.005602583813717689,0.005602583813717689,0.002804892539129871,0.0027976912745878175,7.2012645420535845e-06,0.0012853470437017994,1.0,0.0,3.141344807502814,1.0148747052951634,1.0148747052951637,1.0148747052951634,1.0148747052951634,1.0148747052951637,0.005518162722376816,0.00544582170076196,0.9995823271632222,0.9864781817486779
24,0.1,0.1,0.06366197723675814,1.5707963267948966,0.16666666666666666,24,7,3,numpy_PCG64_SeedSequence,576,24.0,12.0,24,277729,0.005520468472103903,0.005520468472103902,0.005520468472103903,0.1987368649957405,0.19873686499574048,0.1987368649957405,577.5271544749826,,0.005559376226465368,0.005559376226465368,0.002776087480961657,0.0027832887455037105,-7.2012645420535845e-06,0.0012953367875647669,1.0,0.0,3.1410047934444414,1.0070479080820902,1.0070479080820904,1.0070479080820902,1.0070479080820902,1.0070479080820904,0.00578873264094773,0.005713557270512773,1.048594457191346,1.0349768863611104
24,0.1,0.1,0.06366197723675814,1.5707963267948966,0.16666666666666666,24,123,0,numpy_PCG64_SeedSequence,576,24.0,12.0,24,277729,0.005520468472103903,0.005520468472103902,0.005520468472103903,0.1987368649957405,0.19873686499574048,0.1987368649957405,577.5271544749826,,0.005526970536026126,0.005526970536026126,0.002768886216419603,0.0027580843196065227,1.0801896813080377e-05,0.001954397394136808,1.0,0.0,3.1414501199030394,1.0011778101722852,1.0011778101722852,1.0011778101722852,1.0011778101722852,1.0011778101722852,0.005507918357313974,0.005432147075011223,0.9977266214174854,0.9840011046999025
24,0.1,0.1,0.06366197723675814,1.5707963267948966,0.16666666666666666,24,123,1,numpy_PCG64_SeedSequence,576,24.0,12.0,24,277729,0.005520468472103903,0.005520468472103902,0.005520468472103903,0.1987368649957405,0.19873686499574048,0.1987368649957405,577.5271544749826,,0.005562976858736394,0.005562976858736394,0.00276168495187755,0.0028012919068588446,-3.960695498129471e-05,0.007119741100323625,1.0,0.0,3.1415522909545706,1.0077001411831796,1.0077001411831799,1.0077001411831796,1.0077001411831796,1.0077001411831799,0.005332030604231048,0.005261165963264364,0.9658656020181854,0.9530288941690639
24,0.1,0.1,0.06366197723675814,1.5707963267948966,0.16666666666666666,24,123,2,numpy_PCG64_SeedSequence,576,24.0,12.0,24,277729,0.005520468472103903,0.005520468472103902,0.005520468472103903,0.1987368649957405,0.19873686499574048,0.1987368649957405,577.5271544749826,,0.005476561684231751,0.005476561684231751,0.00276168495187755,0.0027148767323542013,4.68082195233483e-05,0.008547008547008548,1.0,0.0,3.1411610469216527,0.992046546757033,0.9920465467570332,0.992046546757033,0.992046546757033,0.9920465467570332,0.005438990217916717,0.005367772504765622,0.985240699299541,0.972340034526076
24,0.1,0.1,0.06366197723675814,1.5707963267948966,0.16666666666666666,24,123,3,numpy_PCG64_SeedSequence,576,24.0,12.0,24,277729,0.005520468472103903,0.005520468472103902,0.005520468472103903,0.1987368649957405,0.19873686499574048,0.1987368649957405,577.5271544749826,,0.005501766110128939,0.005501766110128939,0.002754483687335496,0.0027472824227934424,7.2012645420535845e-06,0.0013089005235602095,1.0,0.0,3.141088185576599,0.9966121784646592,0.9966121784646593,0.9966121784646592,0.9966121784646592,0.9966121784646593,0.005321510228554013,0.0052519503401169555,0.9639598985927974,0.9513595388971378
24,0.1,0.1,0.06366197723675814,1.5707963267948966,0.16666666666666666,24,2023,0,numpy_PCG64_SeedSequence,576,24.0,12.0,24,277729,0.005520468472103903,0.005520468472103902,0.005520468472103903,0.1987368649957405,0.19873686499574048,0.1987368649957405,577.5271544749826,,0.005386545877456081,0.005386545877456081,0.0026968735709990673,0.002689672306457014,7.2012645420535845e-06,0.001336898395721925,1.0,0.0,3.1414845182570583,0.9757407192297971,0.9757407192297973,0.9757407192297971,0.9757407192297971,0.9757407192297973,0.005289595746001181,0.005222040175019673,0.9581787800674217,0.9459414905469978
24,0.1,0.1,0.06366197723675814,1.5707963267948966,0.16666666666666666,24,2023,1,numpy_PCG64_SeedSequence,576,24.0,12.0,24,277729,0.005520468472103903,0.005520468472103902,0.005520468472103903,0.1987368649957405,0.19873686499574048,0.1987368649957405,577.5271544749826,,0.0055341718005681795,0.0055341718005681795,0.00276168495187755,0.00277248684869063,-1.0801896813080377e-05,0.001951854261548471,1.0,0.0,3.140907538216428,1.002482276374464,1.002482276374464,1.002482276374464,1.002482276374464,1.002482276374464,0.0054095721914778115,0.005340694008419695,0.9799117989376313,0.9674349261131285
24,0.1,0.1,0.06366197723675814,1.5707963267948966,0.16666666666666666,24,2023,2,numpy_PCG64_SeedSequence,576,24.0,12.0,24,277729,0.005520468472103903,0.005520468472103902,0.005520468472103903,0.1987368649957405,0.19873686499574048,0.1987368649957405,577.5271544749826,,0.005606184445988716,0.005606184445988716,0.0027976912745878175,0.002808493171400898,-1.0801896813080377e-05,0.0019267822736030828,1.0,0.0,3.140817422305137,1.0155269383962529,1.015526938396253,1.0155269383962529,1.0155269383962529,1.015526938396253,0.005446162323302018,0.005374284989088484,0.9865398834940604,0.9735197322919034
24,0.1,0.1,0.06366197723675814,1.5707963267948966,0.16666666666666666,24,2023,3,numpy_PCG64_SeedSequence,576,24.0,12.0,24,277729,0.005520468472103903,0.005520468472103902,0.005520468472103903,0.1987368649957405,0.19873686499574048,0.1987368649957405,577.5271544749826,,0.0056457914009700105,0.0056457914009700105,0.0028228957004850052,0.0028228957004850052,0.0,0.0,1.0,0.0,3.1411066569421093,1.0227015025082367,1.0227015025082369,1.0227015025082367,1.0227015025082367,1.0227015025082369,0.005546455409631268,0.0054743583028581955,1.004707379031088,0.9916474173380916
24,0.1,0.1,0.06366197723675814,1.5707963267948966,0.16666666666666666,24,314159,0,numpy_PCG64_SeedSequence,576,24.0,12.0,24,277729,0.005520468472103903,0.005520468472103902,0.005520468472103903,0.1987368649957405,0.19873686499574048,0.1987368649957405,577.5271544749826,,0.005508967374670992,0.005508967374670992,0.0027508830550644695,0.0027580843196065227,-7.2012645420535845e-06,0.00130718954248366,1.0,0.0,3.1410640674149146,0.9979166446668379,0.9979166446668382,0.9979166446668379,0.9979166446668379,0.9979166446668382,0.005330604150436121,0.005261176706423467,0.9656072084050101,0.9530308402283806
24,0.1,0.1,0.06366197723675814,1.5707963267948966,0.16666666666666666,24,314159,1,numpy_PCG64_SeedSequence,576,24.0,12.0,24,277729,0.005520468472103903,0.005520468472103902,0.005520468472103903,0.1987368649957405,0.19873686499574048,0.1987368649957405,577.5271544749826,,0.005530571168297153,0.005530571168297153,0.002790490010045764,0.002740081158251389,5.0408851794375095e-05,0.009114583333333334,1.0,0.0,3.1409202718313014,1.0018300432733747,1.0018300432733747,1.0018300432733747,1.0018300432733747,1.0018300432733747,0.0054826578902112625,0.005410374932935254,0.9931508381790957,0.9800572107738729
24,0.1,0.1,0.06366197723675814,1.5707963267948966,0.16666666666666666,24,314159,2,numpy_PCG64_SeedSequence,576,24.0,12.0,24,277729,0.005520468472103903,0.005520468472103902,0.005520468472103903,0.1987368649957405,0.19873686499574048,0.1987368649957405,577.5271544749826,,0.005591781916904608,0.005591781916904608,0.0027976912745878175,0.002794090642316791,3.6006322710267922e-06,0.000643915003219575,1.0,0.0,3.1415693865935066,1.012918005991895,1.0129180059918952,1.012918005991895,1.012918005991895,1.0129180059918952,0.0055206023155788065,0.005448537617314105,1.0000242449486996,0.9869701538640644
24,0.1,0.1,0.06366197723675814,1.5707963267948966,0.16666666666666666,24,314159,3,numpy_PCG64_SeedSequence,576,24.0,12.0,24,277729,0.005520468472103903,0.005520468472103902,0.005520468472103903,0.1987368649957405,0.19873686499574048,0.1987368649957405,577.5271544749826,,0.005498165477857912,0.005498165477857912,0.00277248684869063,0.0027256786291672817,4.68082195233483e-05,0.008513425016371971,1.0,0.0,3.141024071849674,0.9959599453635698,0.9959599453635699,0.9959599453635698,0.9959599453635698,0.9959599453635699,0.005594581216891603,0.00552126009802435,1.0134250825201172,1.0001433983228865
24,0.1,0.1,0.06366197723675814,1.5707963267948966,0.16666666666666666,24,271828,0,numpy_PCG64_SeedSequence,576,24.0,12.0,24,277729,0.005520468472103903,0.005520468472103902,0.005520468472103903,0.1987368649957405,0.19873686499574048,0.1987368649957405,577.5271544749826,,0.005321734496577599,0.005321734496577599,0.00267166914510188,0.0026500653514757192,2.1603793626160753e-05,0.0040595399188092015,1.0,0.0,3.141372296678304,0.9640005234101873,0.9640005234101875,0.9640005234101873,0.9640005234101873,0.9640005234101875,0.005608399424470435,0.00553457967047706,1.0159281685622998,1.0025561595803805
24,0.1,0.1,0.06366197723675814,1.5707963267948966,0.16666666666666666,24,271828,1,numpy_PCG64_SeedSequence,576,24.0,12.0,24,277729,0.005520468472103903,0.005520468472103902,0.005520468472103903,0.1987368649957405,0.19873686499574048,0.1987368649957405,577.5271544749826,,0.005721404678661573,0.005721404678661573,0.002830096965027059,0.0028913077136345144,-6.121074860745546e-05,0.010698552548772814,1.0,0.0,3.141401809710581,1.0363983976311149,1.036398397631115,1.0363983976311149,1.0363983976311149,1.036398397631115,0.005918551459304938,0.005843576650632518,1.0721103633165614,1.0585291230556517
24,0.1,0.1,0.06366197723675814,1.5707963267948966,0.16666666666666666,24,271828,2,numpy_PCG64_SeedSequence,576,24.0,12.0,24,277729,0.005520468472103903,0.005520468472103902,0.005520468472103903,0.1987368649957405,0.19873686499574048,0.1987368649957405,577.5271544749826,,0.005494564845586885,0.005494564845586885,0.0027472824227934424,0.0027472824227934424,0.0,0.0,1.0,0.0,3.1415224493834777,0.9953077122624802,0.9953077122624804,0.9953077122624802,0.9953077122624802,0.9953077122624804,0.00564761888035394,0.005574123838140696,1.0230325395195272,1.0097193501435477
24,0.1,0.1,0.06366197723675814,1.5707963267948966,0.16666666666666666,24,271828,3,numpy_PCG64_SeedSequence,576,24.0,12.0,24,277729,0.005520468472103903,0.005520468472103902,0.005520468472103903,0.1987368649957405,0.19873686499574048,0.1987368649957405,577.5271544749826,,0.005357740819287867,0.005357740819287867,0.0026644678805598262,0.0026932729387280406,-2.8805058168214338e-05,0.005376344086021506,1.0,0.0,3.1413884770889555,0.9705228544210818,0.9705228544210819,0.9705228544210818,0.9705228544210818,0.9705228544210819,0.00540458424523627,0.005335196705994568,0.9790082621695568,0.9664391225046294
24,0.25,0.25,0.15915494309189535,1.5707963267948966,0.16666666666666666,24,42,0,numpy_PCG64_SeedSequence,576,24.0,12.0,24,277729,0.005868619910097844,0.005868619910093957,0.0058686199100939545,0.2112703167635224,0.21127031676338245,0.21127031676338237,1443.8178861922916,,0.005815021117708269,0.005815021117708269,0.0029021096104475948,0.002912911507260675,-1.0801896813080377e-05,0.0018575851393188853,1.0,0.0,3.1414392525031425,0.9908668829791908,0.990866882979847,0.9908668829798475,0.9908668829791908,0.990866882979847,0.0059664094981837735,0.005875779886502915,1.0166631319771908,1.0012200443229848
24,0.25,0.25,0.15915494309189535,1.5707963267948966,0.16666666666666666,24,42,1,numpy_PCG64_SeedSequence,576,24.0,12.0,24,277729,0.005868619910097844,0.005868619910093957,0.0058686199100939545,0.2112703167635224,0.21127031676338245,0.21127031676338237,1443.8178861922916,,0.005869030601773672,0.005869030601773672,0.0029309146686158087,0.0029381159331578624,-7.2012645420535845e-06,0.001226993865030675,1.0,0.0,3.1413394072288208,1.0000699809635176,1.00006998096418,1.0000699809641804,1.0000699809635176,1.00006998096418,0.005677655209819966,0.005593750745993848,0.9674600326476598,0.953162895482285
24,0.25,0.25,0.15915494309189535,1.5707963267948966,0.16666666666666666,24,42,2,numpy_PCG64_SeedSequence,576,24.0,12.0,24,277729,0.005868619910097844,0.005868619910093957,0.0058686199100939545,0.2112703167635224,0.21127031676338245,0.21127031676338237,1443.8178861922916,,0.005890634395399832,0.005890634395399832,0.0029417165654288895,0.002948917829970943,-7.2012645420535845e-06,0.0012224938875305623,1.0,0.0,3.141060115682012,1.0037512201572485,1.0037512201579133,1.0037512201579137,1.0037512201572485,1.0037512201579133,0.005807313098099965,0.005720261111742252,0.9895534532927596,0.9747199851705648
24,0.25,0.25,0.15915494309189535,1.5707963267948966,0.16666666666666666,24,42,3,numpy_PCG64_SeedSequence,576,24.0,12.0,24,277729,0.005868619910097844,0.005868619910093957,0.0058686199100939545,0.2112703167635224,0.21127031676338245,0.21127031676338237,1443.8178861922916,,0.00582582301452135,0.00582582301452135,0.0029165121395317017,0.002909310874989648,7.2012645420535845e-06,0.0012360939431396785,1.0,0.0,3.1413365442586554,0.9927075025760562,0.9927075025767137,0.9927075025767141,0.9927075025760562,0.9927075025767137,0.005873993515184869,0.00578698395533933,1.000915650556578,0.9860894118192853
24,0.25,0.25,0.15915494309189535,1.5707963267948966,0.16666666666666666,24,7,0,numpy_PCG64_SeedSequence,576,24.0,12.0,24,277729,0.005868619910097844,0.005868619910093957,0.0058686199100939545,0.2112703167635224,0.21127031676338245,0.21127031676338237,1443.8178861922916,,0.005923040085839074,0.005923040085839074,0.002959719726784023,0.00296332035905505,-3.6006322710267922e-06,0.0006079027355623101,1.0,0.0,3.1413361927423753,1.0092730789478446,1.009273078948513,1.0092730789485134,1.0092730789478446,1.009273078948513,0.005830534861139596,0.005745219172349221,0.9935103909365954,0.9789727841231814
24,0.25,0.25,0.15915494309189535,1.5707963267948966,0.16666666666666666,24,7,1,numpy_PCG64_SeedSequence,576,24.0,12.0,24,277729,0.005868619910097844,0.005868619910093957,0.0058686199100939545,0.2112703167635224,0.21127031676338245,0.21127031676338237,1443.8178861922916,,0.005995052731259609,0.005995052731259609,0.0029957260494942912,0.002999326681765318,-3.6006322710267922e-06,0.0006006006006006006,1.0,0.0,3.1410812202558205,1.0215438762602804,1.0215438762609568,1.0215438762609574,1.0215438762602804,1.0215438762609568,0.005813120520987731,0.005724933229870433,0.9905430254539713,0.9755161038832697
24,0.25,0.25,0.15915494309189535,1.5707963267948966,0.16666666666666666,24,7,2,numpy_PCG64_SeedSequence,576,24.0,12.0,24,277729,0.005868619910097844,0.005868619910093957,0.0058686199100939545,0.2112703167635224,0.21127031676338245,0.21127031676338237,1443.8178861922916,,0.005883433130857779,0.005883433130857779,0.00295251846224197,0.0029309146686158087,2.1603793626160753e-05,0.0036719706242350062,1.0,0.0,3.1413592107648123,1.002524140426005,1.002524140426669,1.0025241404266694,1.002524140426005,1.002524140426669,0.005885529903052597,0.0057953484253754385,1.0028814258230725,0.9875146992231801
24,0.25,0.25,0.15915494309189535,1.5707963267948966,0.16666666666666666,24,7,3,numpy_PCG64_SeedSequence,576,24.0,12.0,24,277729,0.005868619910097844,0.005868619910093957,0.0058686199100939545,0.2112703167635224,0.21127031676338245,0.21127031676338237,1443.8178861922916,,0.005941043247194207,0.005941043247194207,0.00295251846224197,0.0029885247849522375,-3.6006322710267926e-05,0.006060606060606061,1.0,0.0,3.1412438339410125,1.0123407782759535,1.0123407782766238,1.0123407782766243,1.0123407782759535,1.0123407782766238,0.005761452223614083,0.00567367019712456,0.9817388605625383,0.9667809951982334
24,0.25,0.25,0.15915494309189535,1.5707963267948966,0.16666666666666666,24,123,0,numpy_PCG64_SeedSequence,576,24.0,12.0,24,277729,0.005868619910097844,0.005868619910093957,0.0058686199100939545,0.2112703167635224,0.21127031676338245,0.21127031676338237,1443.8178861922916,,0.005764612265913895,0.005764612265913895,0.0028841064490924607,0.002880505816821434,3.6006322710267922e-06,0.0006246096189881324,1.0,0.0,3.1410825732891765,0.9822773248604858,0.9822773248611364,0.9822773248611368,0.9822773248604858,0.9822773248611364,0.005893218747326817,0.005802802962038963,1.0041915880745058,0.9887849359701022
24,0.25,0.25,0.15915494309189535,1.5707963267948966,0.16666666666666666,24,123,1,numpy_PCG64_SeedSequence,576,24.0,12.0,24,277729,0.005868619910097844,0.005868619910093957,0.0058686199100939545,0.2112703167635224,0.21127031676338245,0.21127031676338237,1443.8178861922916,,0.005858228704960591,0.005858228704960591,0.0029309146686158087,0.002927314036344782,3.6006322710267922e-06,0.0006146281499692685,1.0,0.0,3.141120600424837,0.9982293613666523,0.9982293613673133,0.9982293613673138,0.9982293613666523,0.9982293613673133,0.005838349466510993,0.00575120534238327,0.9948419826039907,0.9799928144072605
24,0.25,0.25,0.15915494309189535,1.5707963267948966,0.16666666666666666,24,123,2,numpy_PCG64_SeedSequence,576,24.0,12.0,24,277729,0.005868619910097844,0.005868619910093957,0.0058686199100939545,0.2112703167635224,0.21127031676338245,0.21127031676338237,1443.8178861922916,,0.005883433130857779,0.005883433130857779,0.002945317197699916,0.0029381159331578624,7.2012645420535845e-06,0.0012239902080783353,1.0,0.0,3.141486274387446,1.002524140426005,1.002524140426669,1.0025241404266694,1.002524140426005,1.002524140426669,0.005924219146191923,0.005837630922410162,1.009473988253765,0.9947195442604213
24,0.25,0.25,0.15915494309189535,1.5707963267948966,0.16666666666666666,24,123,3,numpy_PCG64_SeedSequence,576,24.0,12.0,24,277729,0.005868619910097844,0.005868619910093957,0.0058686199100939545,0.2112703167635224,0.21127031676338245,0.21127031676338237,1443.8178861922916,,0.005919439453568046,0.005919439453568046,0.00296332035905505,0.0029561190945129965,7.2012645420535845e-06,0.0012165450121654502,1.0,0.0,3.1410997262831373,1.0086595390822226,1.0086595390828907,1.0086595390828912,1.0086595390822226,1.0086595390828907,0.005694989591321883,0.005607072786489608,0.9704137733511752,0.9554329420519798
24,0.25,0.25,0.15915494309189535,1.5707963267948966,0.16666666666666666,24,2023,0,numpy_PCG64_SeedSequence,576,24.0,12.0,24,277729,0.005868619910097844,0.005868619910093957,0.0058686199100939545,0.2112703167635224,0.21127031676338245,0.21127031676338237,1443.8178861922916,,0.005941043247194207,0.005941043247194207,0.0029705216235971035,0.0029705216235971035,0.0,0.0,1.0,0.0,3.141205211077454,1.0123407782759535,1.0123407782766238,1.0123407782766243,1.0123407782759535,1.0123407782766238,0.006004500545815109,0.0059126498186202435,1.0231537632013725,1.0075026001337453
24,0.25,0.25,0.15915494309189535,1.5707963267948966,0.16666666666666666,24,2023,1,numpy_PCG64_SeedSequence,576,24.0,12.0,24,277729,0.005868619910097844,0.005868619910093957,0.0058686199100939545,0.2112703167635224,0.21127031676338245,0.21127031676338237,1443.8178861922916,,0.005815021117708269,0.005815021117708269,0.0029057102427186214,0.002909310874989648,-3.6006322710267922e-06,0.0006191950464396285,1.0,0.0,3.1415060082327773,0.9908668829791908,0.990866882979847,0.9908668829798475,0.9908668829791908,0.990866882979847,0.005751749206826501,0.005667315382075677,0.9800854877191401,0.9656981486097281
24,0.25,0.25,0.15915494309189535,1.5707963267948966,0.16666666666666666,24,2023,2,numpy_PCG64_SeedSequence,576,24.0,12.0,24,277729,0.005868619910097844,0.005868619910093957,0.0058686199100939545,0.2112703167635224,0.21127031676338245,0.21127031676338237,1443.8178861922916,,0.005746609104558761,0.005746609104558761,0.002858902023195273,0.0028877070813634873,-2.8805058168214338e-05,0.005012531328320802,1.0,0.0,3.141310132771257,0.9792096255323769,0.9792096255330254,0.9792096255330258,0.9792096255323769,0.9792096255330254,0.005917687080549605,0.005831131533252167,1.0083609385517256,0.993612062559858
24,0.25,0.25,0.15915494309189535,1.5707963267948966,0.16666666666666666,24,2023,3,numpy_PCG64_SeedSequence,576,24.0,12.0,24,277729,0.005868619910097844,0.005868619910093957,0.0058686199100939545,0.2112703167635224,0.21127031676338245,0.21127031676338237,1443.8178861922916,,0.005901436292212912,0.005901436292212912,0.002948917829970943,0.00295251846224197,-3.6006322710267922e-06,0.0006101281269066504,1.0,0.0,3.1411663653049446,1.0055918397541137,1.0055918397547796,1.00559183975478,1.0055918397541137,1.0055918397547796,0.005825732922347293,0.005736755804530442,0.992692151066598,0.9775306447533755
24,0.25,0.25,0.15915494309189535,1.5707963267948966,0.16666666666666666,24,314159,0,numpy_PCG64_SeedSequence,576,24.0,12.0,24,277729,0.005868619910097844,0.005868619910093957,0.0058686199100939545,0.2112703167635224,0.21127031676338245,0.21127031676338237,1443.8178861922916,,0.005894235027670859,0.005894235027670859,0.00296332035905505,0.0029309146686158087,3.240569043924113e-05,0.005497861942577886,1.0,0.0,3.1415737873114193,1.0043647600228702,1.0043647600235355,1.004364760023536,1.0043647600228702,1.0043647600235355,0.005701533225665364,0.005617407151279662,0.9715287943345962,0.9571938952144554
24,0.25,0.25,0.15915494309189535,1.5707963267948966,0.16666666666666666,24,314159,1,numpy_PCG64_SeedSequence,576,24.0,12.0,24,277729,0.005868619910097844,0.005868619910093957,0.0058686199100939545,0.2112703167635224,0.21127031676338245,0.21127031676338237,1443.8178861922916,,0.00583662491133443,0.00583662491133443,0.0029309146686158087,0.0029057102427186214,2.5204425897187547e-05,0.00431832202344232,1.0,0.0,3.1412148034341305,0.9945481221729215,0.9945481221735802,0.9945481221735807,0.9945481221729215,0.9945481221735802,0.005818071437930244,0.00573038609210074,0.9913866508749999,0.9764452596837543
24,0.25,0.25,0.15915494309189535,1.5707963267948966,0.16666666666666666,24,314159,2,numpy_PCG64_SeedSequence,576,24.0,12.0,24,277729,0.005868619910097844,0.005868619910093957,0.0058686199100939545,0.2112703167635224,0.21127031676338245,0.21127031676338237,1443.8178861922916,,0.005714203414119519,0.005714203414119519,0.002876905184550407,0.0028372982295691122,3.960695498129471e-05,0.006931316950220542,1.0,0.0,3.1415201727912216,0.9736877667417807,0.9736877667424255,0.973687766742426,0.9736877667417807,0.9736877667424255,0.0059005310485085545,0.005812489188734156,1.005437588206352,0.9904354478184715
24,0.25,0.25,0.15915494309189535,1.5707963267948966,0.16666666666666666,24,314159,3,numpy_PCG64_SeedSequence,576,24.0,12.0,24,277729,0.005868619910097844,0.005868619910093957,0.0058686199100939545,0.2112703167635224,0.21127031676338245,0.21127031676338237,1443.8178861922916,,0.005984250834446529,0.005984250834446529,0.0029957260494942912,0.0029885247849522375,7.2012645420535845e-06,0.0012033694344163659,1.0,0.0,3.1412873483939285,1.019703256663415,1.0197032566640905,1.019703256664091,1.019703256663415,1.0197032566640905,0.0059904806387961265,0.005901430908376771,1.020764801702118,1.005590922360208
24,0.25,0.25,0.15915494309189535,1.5707963267948966,0.16666666666666666,24,271828,0,numpy_PCG64_SeedSequence,576,24.0,12.0,24,277729,0.005868619910097844,0.005868619910093957,0.0058686199100939545,0.2112703167635224,0.21127031676338245,0.21127031676338237,1443.8178861922916,,0.005959046408549341,0.005959046408549341,0.0030065279463073716,0.00295251846224197,5.400948406540188e-05,0.00906344410876133,1.0,0.0,3.141396116261698,1.0154084776040624,1.015408477604735,1.0154084776047354,1.0154084776040624,1.015408477604735,0.005695925906466795,0.005614712279285691,0.9705733194044647,0.9567346949194535
24,0.25,0.25,0.15915494309189535,1.5707963267948966,0.16666666666666666,24,271828,1,numpy_PCG64_SeedSequence,576,24.0,12.0,24,277729,0.005868619910097844,0.005868619910093957,0.0058686199100939545,0.2112703167635224,0.21127031676338245,0.21127031676338237,1443.8178861922916,,0.00593744261492318,0.00593744261492318,0.002977722888139157,0.002959719726784023,1.8003161355133963e-05,0.0030321406913280777,1.0,0.0,3.1412366947421186,1.0117272384103317,1.0117272384110017,1.011727238411002,1.0117272384103317,1.0117272384110017,0.005821177569956275,0.005735937927851901,0.9919159289801787,0.977391280355771
24,0.25,0.25,0.15915494309189535,1.5707963267948966,0.16666666666666666,24,271828,2,numpy_PCG64_SeedSequence,576,24.0,12.0,24,277729,0.005868619910097844,0.005868619910093957,0.0058686199100939545,0.2112703167635224,0.21127031676338245,0.21127031676338237,1443.8178861922916,,0.005890634395399832,0.005890634395399832,0.002934515300886836,0.0029561190945129965,-2.1603793626160753e-05,0.003667481662591687,1.0,0.0,3.1411514999869214,1.0037512201572485,1.0037512201579133,1.0037512201579137,1.0037512201572485,1.0037512201579133,0.005874384907353863,0.005786212489726215,1.0009823429263325,0.9859579557657441
24,0.25,0.25,0.15915494309189535,1.5707963267948966,0.16666666666666666,24,271828,3,numpy_PCG64_SeedSequence,576,24.0,12.0,24,277729,0.005868619910097844,0.005868619910093957,0.0058686199100939545,0.2112703167635224,0.21127031676338245,0.21127031676338237,1443.8178861922916,,0.006099471067119386,0.006099471067119386,0.0030605374303727733,0.0030389336367466126,2.1603793626160753e-05,0.0035419126328217238,1.0,0.0,3.1414660668948184,1.0393365323633121,1.0393365323640005,1.039336532364001,1.0393365323633121,1.0393365323640005,0.005784379498327221,0.005698466622112242,0.9856456180394858,0.9710062517947657
24,0.5,0.5,0.3183098861837907,1.5707963267948966,0.16666666666666666,24,42,0,numpy_PCG64_SeedSequence,576,24.0,12.0,24,277729,0.0071115149058624495,0.007111513243215236,0.007111513243215234,0.25601453661104817,0.2560144767557485,0.25601447675574845,2887.846239743272,,0.007154456322530236,0.007154456322530236,0.0035754278451296047,0.0035790284774006313,-3.6006322710267922e-06,0.0005032712632108706,1.0,0.0,3.141073877088879,1.0060382938426224,1.0060385290508977,1.0060385290508982,1.0060382938426224,1.0060385290508977,0.006872296962904622,0.006727469920900366,0.966361886865958,0.9459967404911868
24,0.5,0.5,0.3183098861837907,1.5707963267948966,0.16666666666666666,24,42,1,numpy_PCG64_SeedSequence,576,24.0,12.0,24,277729,0.0071115149058624495,0.007111513243215236,0.007111513243215234,0.25601453661104817,0.2560144767557485,0.25601447675574845,2887.846239743272,,0.00716165758707229,0.00716165758707229,0.003604232903297819,0.0035574246837744706,4.68082195233483e-05,0.006535947712418301,1.0,0.0,3.141277663255568,1.007050914168584,1.0070511496136065,1.0070511496136068,1.007050914168584,1.0070511496136065,0.007091498857831758,0.00694000026457779,0.9971854030687342,0.9758821230701114
24,0.5,0.5,0.3183098861837907,1.5707963267948966,0.16666666666666666,24,42,2,numpy_PCG64_SeedSequence,576,24.0,12.0,24,277729,0.0071115149058624495,0.007111513243215236,0.007111513243215234,0.25601453661104817,0.2560144767557485,0.25601447675574845,2887.846239743272,,0.007330887303810549,0.007330887303810549,0.0036798461809893815,0.0036510411228211676,2.8805058168214338e-05,0.003929273084479371,1.0,0.0,3.1413927333817275,1.030847491828676,1.0308477328372563,1.0308477328372565,1.030847491828676,1.0308477328372563,0.00707135649232506,0.006920976714288795,0.9943530437510179,0.9732070882089298
24,0.5,0.5,0.3183098861837907,1.5707963267948966,0.16666666666666666,24,42,3,numpy_PCG64_SeedSequence,576,24.0,12.0,24,277729,0.0071115149058624495,0.007111513243215236,0.007111513243215234,0.25601453661104817,0.2560144767557485,0.25601447675574845,2887.846239743272,,0.006996028502605057,0.006996028502605057,0.0034998145674380423,0.003496213935167015,3.6006322710267922e-06,0.000514668039114771,1.0,0.0,3.1413351090291974,0.9837606466714722,0.9837608766713107,0.983760876671311,0.9837606466714722,0.9837608766713107,0.007051693677125087,0.006900752097249854,0.9915881173660976,0.9703631629262491
24,0.5,0.5,0.3183098861837907,1.5707963267948966,0.16666666666666666,24,7,0,numpy_PCG64_SeedSequence,576,24.0,12.0,24,277729,0.0071115149058624495,0.007111513243215236,0.007111513243215234,0.25601453661104817,0.2560144767557485,0.25601447675574845,2887.846239743272,,0.006913213960371441,0.006913213960371441,0.00344580508337264,0.003467408876998801,-2.1603793626160753e-05,0.003125,1.0,0.0,3.1414080643480484,0.9721155129229164,0.972115740200163,0.9721157402001632,0.9721155129229164,0.972115740200163,0.007233815507580109,0.007077869527938582,1.017197545577362,0.9952688873792374
24,0.5,0.5,0.3183098861837907,1.5707963267948966,0.16666666666666666,24,7,1,numpy_PCG64_SeedSequence,576,24.0,12.0,24,277729,0.0071115149058624495,0.007111513243215236,0.007111513243215234,0.25601453661104817,0.2560144767557485,0.25601447675574845,2887.846239743272,,0.007050037986670459,0.007050037986670459,0.0035286196256062567,0.003521418361064203,7.2012645420535845e-06,0.0010214504596527069,1.0,0.0,3.1409306661121126,0.9913552991161825,0.9913555308916245,0.9913555308916249,0.9913552991161825,0.9913555308916245,0.0070515100213391834,0.0069001608550901105,0.9915622922376496,0.9702800242184535
24,0.5,0.5,0.3183098861837907,1.5707963267948966,0.16666666666666666,24,7,2,numpy_PCG64_SeedSequence,576,24.0,12.0,24,277729,0.0071115149058624495,0.007111513243215236,0.007111513243215234,0.25601453661104817,0.2560144767557485,0.25601447675574845,2887.846239743272,,0.00717245948388537,0.00717245948388537,0.003568226580587551,0.003604232903297819,-3.6006322710267926e-05,0.0050200803212851405,1.0,0.0,3.1415226775397893,1.0085698446575257,1.0085700804576692,1.0085700804576694,1.0085698446575257,1.0085700804576692,0.006991128176665911,0.006842805978656096,0.9830715774641355,0.9622149526840138
24,0.5,0.5,0.3183098861837907,1.5707963267948966,0.16666666666666666,24,7,3,numpy_PCG64_SeedSequence,576,24.0,12.0,24,277729,0.0071115149058624495,0.007111513243215236,0.007111513243215234,0.25601453661104817,0.2560144767557485,0.25601447675574845,2887.846239743272,,0.007114849367548941,0.007114849367548941,0.0035502234192324174,0.0035646259483165244,-1.4402529084107169e-05,0.0020242914979757085,1.0,0.0,3.1413992638228563,1.0004688820498349,1.000469115956001,1.0004691159560013,1.0004688820498349,1.000469115956001,0.00715041830877032,0.006999437094221663,1.0054704804001464,0.9842399526508208
24,0.5,0.5,0.3183098861837907,1.5707963267948966,0.16666666666666666,24,123,0,numpy_PCG64_SeedSequence,576,24.0,12.0,24,277729,0.0071115149058624495,0.007111513243215236,0.007111513243215234,0.25601453661104817,0.2560144767557485,0.25601447675574845,2887.846239743272,,0.007039236089857379,0.007039236089857379,0.0035286196256062567,0.0035106164642511226,1.8003161355133963e-05,0.0025575447570332483,1.0,0.0,3.1406791810901193,0.9898363686272406,0.9898366000475619,0.9898366000475621,0.9898363686272406,0.9898366000475619,0.007016936508024277,0.00686854250561443,0.986700667988447,0.9658339462879107
24,0.5,0.5,0.3183098861837907,1.5707963267948966,0.16666666666666666,24,123,1,numpy_PCG64_SeedSequence,576,24.0,12.0,24,277729,0.0071115149058624495,0.007111513243215236,0.007111513243215234,0.25601453661104817,0.2560144767557485,0.25601447675574845,2887.846239743272,,0.0071400537934461295,0.0071400537934461295,0.003586229741942685,0.003553824051503444,3.240569043924113e-05,0.0045385779122541605,1.0,0.0,3.141582441706363,1.0040130531906997,1.0040132879254808,1.0040132879254813,1.0040130531906997,1.0040132879254808,0.007047113763601185,0.0068989599215750035,0.9909441035962429,0.97011115253204
24,0.5,0.5,0.3183098861837907,1.5707963267948966,0.16666666666666666,24,123,2,numpy_PCG64_SeedSequence,576,24.0,12.0,24,277729,0.0071115149058624495,0.007111513243215236,0.007111513243215234,0.25601453661104817,0.2560144767557485,0.25601447675574845,2887.846239743272,,0.0071868620129694775,0.0071868620129694775,0.003586229741942685,0.0036006322710267925,-1.4402529084107169e-05,0.002004008016032064,1.0,0.0,3.1400301716045944,1.0105950853094485,1.010595321583086,1.0105953215830865,1.0105950853094485,1.010595321583086,0.007052150393166882,0.006900580090673408,0.9916523394127136,0.9703389758748653
24,0.5,0.5,0.3183098861837907,1.5707963267948966,0.16666666666666666,24,123,3,numpy_PCG64_SeedSequence,576,24.0,12.0,24,277729,0.0071115149058624495,0.007111513243215236,0.007111513243215234,0.25601453661104817,0.2560144767557485,0.25601447675574845,2887.846239743272,,0.007093245573922781,0.007093245573922781,0.0035430221546903637,0.0035502234192324174,-7.2012645420535845e-06,0.0010152284263959391,1.0,0.0,3.1411365763869634,0.9974310210719507,0.9974312542678756,0.9974312542678758,0.9974310210719507,0.9974312542678756,0.007270293977851246,0.007118316430928475,1.022327039187938,1.000956410153963
24,0.5,0.5,0.3183098861837907,1.5707963267948966,0.16666666666666666,24,2023,0,numpy_PCG64_SeedSequence,576,24.0,12.0,24,277729,0.0071115149058624495,0.007111513243215236,0.007111513243215234,0.25601453661104817,0.2560144767557485,0.25601447675574845,2887.846239743272,,0.007042836722128406,0.007042836722128406,0.003503415199709069,0.003539421522419337,-3.6006322710267926e-05,0.005112474437627812,1.0,0.0,3.1415436525631715,0.9903426787902212,0.9903429103289161,0.9903429103289164,0.9903426787902212,0.9903429103289161,0.0071377248089656824,0.006987748287780479,1.0036855583444853,0.9825963075771743
24,0.5,0.5,0.3183098861837907,1.5707963267948966,0.16666666666666666,24,2023,1,numpy_PCG64_SeedSequence,576,24.0,12.0,24,277729,0.0071115149058624495,0.007111513243215236,0.007111513243215234,0.25601453661104817,0.2560144767557485,0.25601447675574845,2887.846239743272,,0.007118449999819969,0.007118449999819969,0.0035466227869613903,0.003571827212858578,-2.5204425897187547e-05,0.0035407182599898838,1.0,0.0,3.141022767635248,1.0009751922128156,1.0009754262373554,1.0009754262373556,1.0009751922128156,1.0009754262373554,0.006912199966806055,0.006765789947577747,0.9719729281742647,0.9513851882670314
24,0.5,0.5,0.3183098861837907,1.5707963267948966,0.16666666666666666,24,2023,2,numpy_PCG64_SeedSequence,576,24.0,12.0,24,277729,0.0071115149058624495,0.007111513243215236,0.007111513243215234,0.25601453661104817,0.2560144767557485,0.25601447675574845,2887.846239743272,,0.007082443677109701,0.007082443677109701,0.003539421522419337,0.0035430221546903637,-3.6006322710267922e-06,0.0005083884087442806,1.0,0.0,3.1411812762259568,0.9959120905830088,0.9959123234238129,0.9959123234238131,0.9959120905830088,0.9959123234238129,0.006994676492576757,0.006845730608343707,0.9835705310566986,0.9626262053814103
24,0.5,0.5,0.3183098861837907,1.5707963267948966,0.16666666666666666,24,2023,3,numpy_PCG64_SeedSequence,576,24.0,12.0,24,277729,0.0071115149058624495,0.007111513243215236,0.007111513243215234,0.25601453661104817,0.2560144767557485,0.25601447675574845,2887.846239743272,,0.007197663909782557,0.007197663909782557,0.0035934310064847388,0.003604232903297819,-1.0801896813080377e-05,0.0015007503751875938,1.0,0.0,3.141503359933707,1.0121140157983906,1.012114252427149,1.0121142524271491,1.0121140157983906,1.012114252427149,0.006995368057643138,0.006850982904514182,0.9836677768721872,0.9633647675921349
24,0.5,0.5,0.3183098861837907,1.5707963267948966,0.16666666666666666,24,314159,0,numpy_PCG64_SeedSequence,576,24.0,12.0,24,277729,0.0071115149058624495,0.007111513243215236,0.007111513243215234,0.25601453661104817,0.2560144767557485,0.25601447675574845,2887.846239743272,,0.006913213960371441,0.006913213960371441,0.003453006347914694,0.0034602076124567475,-7.2012645420535845e-06,0.0010416666666666667,1.0,0.0,3.141405448575754,0.9721155129229164,0.972115740200163,0.9721157402001632,0.9721155129229164,0.972115740200163,0.006993995353312793,0.006845197368662552,0.9834747512864274,0.962551222809031
24,0.5,0.5,0.3183098861837907,1.5707963267948966,0.16666666666666666,24,314159,1,numpy_PCG64_SeedSequence,576,24.0,12.0,24,277729,0.0071115149058624495,0.007111513243215236,0.007111513243215234,0.25601453661104817,0.2560144767557485,0.25601447675574845,2887.846239743272,,0.007158056954801263,0.007158056954801263,0.0036006322710267925,0.0035574246837744706,4.320758725232151e-05,0.006036217303822937,1.0,0.0,3.141559479931219,1.006544604005603,1.006544839332252,1.0065448393322523,1.006544604005603,1.006544839332252,0.007094701177868226,0.006947624485679835,0.9976357037541519,0.976954218285121
24,0.5,0.5,0.3183098861837907,1.5707963267948966,0.16666666666666666,24,314159,2,numpy_PCG64_SeedSequence,576,24.0,12.0,24,277729,0.0071115149058624495,0.007111513243215236,0.007111513243215234,0.25601453661104817,0.2560144767557485,0.25601447675574845,2887.846239743272,,0.007089644941651754,0.007089644941651754,0.0035430221546903637,0.0035466227869613903,-3.6006322710267922e-06,0.0005078720162519045,1.0,0.0,3.141474450942935,0.9969247109089701,0.9969249439865213,0.9969249439865216,0.9969247109089701,0.9969249439865213,0.007077238550490193,0.006928561585660299,0.995180161213752,0.9742736501822795
24,0.5,0.5,0.3183098861837907,1.5707963267948966,0.16666666666666666,24,314159,3,numpy_PCG64_SeedSequence,576,24.0,12.0,24,277729,0.0071115149058624495,0.007111513243215236,0.007111513243215234,0.25601453661104817,0.2560144767557485,0.25601447675574845,2887.846239743272,,0.006873607005390146,0.006873607005390146,0.00344580508337264,0.0034278019220175065,1.8003161355133963e-05,0.0026191723415400735,1.0,0.0,3.140740182375144,0.9665461011301288,0.9665463271052662,0.9665463271052664,0.9665461011301288,0.9665463271052662,0.007115064524467763,0.006965252743161068,1.000499136773571,0.9794330512362691
24,0.5,0.5,0.3183098861837907,1.5707963267948966,0.16666666666666666,24,271828,0,numpy_PCG64_SeedSequence,576,24.0,12.0,24,277729,0.0071115149058624495,0.007111513243215236,0.007111513243215234,0.25601453661104817,0.2560144767557485,0.25601447675574845,2887.846239743272,,0.007165258219343317,0.007165258219343317,0.003604232903297819,0.0035610253160454977,4.320758725232151e-05,0.006030150753768844,1.0,0.0,3.1413851640610813,1.0075572243315645,1.0075574598949606,1.0075574598949608,1.0075572243315645,1.0075574598949606,0.007119303441421462,0.006968066523914707,1.0010952006235116,0.9798287166874263
24,0.5,0.5,0.3183098861837907,1.5707963267948966,0.16666666666666666,24,271828,1,numpy_PCG64_SeedSequence,576,24.0,12.0,24,277729,0.0071115149058624495,0.007111513243215236,0.007111513243215234,0.25601453661104817,0.2560144767557485,0.25601447675574845,2887.846239743272,,0.007107648103006888,0.007107648103006888,0.003553824051503444,0.003553824051503444,0.0,0.0,1.0,0.0,3.141479095069626,0.9994562617238735,0.9994564953932926,0.9994564953932928,0.9994562617238735,0.9994564953932926,0.006921753517314112,0.006773040841878022,0.9733163199317904,0.9524047873814617
24,0.5,0.5,0.3183098861837907,1.5707963267948966,0.16666666666666666,24,271828,2,numpy_PCG64_SeedSequence,576,24.0,12.0,24,277729,0.0071115149058624495,0.007111513243215236,0.007111513243215234,0.25601453661104817,0.2560144767557485,0.25601447675574845,2887.846239743272,,0.007147255057988183,0.007147255057988183,0.003571827212858578,0.0035754278451296047,-3.6006322710267922e-06,0.0005037783375314861,1.0,0.0,3.14139853000279,1.0050256735166612,1.0050259084881894,1.0050259084881896,1.0050256735166612,1.0050259084881894,0.007058391018077682,0.0069113377609408165,0.9925298774609931,0.9718516873589599
24,0.5,0.5,0.3183098861837907,1.5707963267948966,0.16666666666666666,24,271828,3,numpy_PCG64_SeedSequence,576,24.0,12.0,24,277729,0.0071115149058624495,0.007111513243215236,0.007111513243215234,0.25601453661104817,0.2560144767557485,0.25601447675574845,2887.846239743272,,0.007125651264362022,0.007125651264362022,0.0035574246837744706,0.003568226580587551,-1.0801896813080377e-05,0.0015159171298635675,1.0,0.0,3.1414831126788894,1.001987812538777,1.001988046800064,1.0019880468000641,1.001987812538777,1.001988046800064,0.0070489462421042415,0.006900483795615838,0.9912017812538607,0.970325435151286
24,0.75,0.75,0.477464829275686,1.5707963267948966,0.16666666666666666,24,42,0,numpy_PCG64_SeedSequence,576,24.0,12.0,24,277729,0.009158019457381669,0.009158009624950544,0.009158009624950544,0.3296887004657401,0.3296883464982196,0.3296883464982196,4345.034731741177,,0.009127602807052918,0.009127602807052918,0.004554799822848892,0.004572802984204026,-1.8003161355133963e-05,0.0019723865877712033,1.0,0.0,3.1412360220666224,0.9966786868634315,0.9966797569403307,0.9966797569403307,0.9966786868634315,0.9966797569403307,0.00905875278263459,0.008784377456441167,0.989160683135799,0.9592005670353393
24,0.75,0.75,0.477464829275686,1.5707963267948966,0.16666666666666666,24,42,1,numpy_PCG64_SeedSequence,576,24.0,12.0,24,277729,0.009158019457381669,0.009158009624950544,0.009158009624950544,0.3296887004657401,0.3296883464982196,0.3296883464982196,4345.034731741177,,0.009239222407454749,0.009239222407454749,0.0046088093069142945,0.004630413100540455,-2.1603793626160753e-05,0.002338269680436477,1.0,0.0,3.1413361437857716,1.00886686804401,1.0088679512066623,1.0088679512066623,1.00886686804401,1.0088679512066623,0.009050079756459849,0.008778239666502168,0.9882136414511745,0.9585303577212444
24,0.75,0.75,0.477464829275686,1.5707963267948966,0.16666666666666666,24,42,2,numpy_PCG64_SeedSequence,576,24.0,12.0,24,277729,0.009158019457381669,0.009158009624950544,0.009158009624950544,0.3296887004657401,0.3296883464982196,0.3296883464982196,4345.034731741177,,0.009152807232950106,0.009152807232950106,0.00458000424874608,0.004572802984204026,7.2012645420535845e-06,0.0007867820613690008,1.0,0.0,3.1415012349206552,0.9994308568074333,0.9994319298391798,0.9994319298391798,0.9994308568074333,0.9994319298391798,0.00893273215686408,0.008662107486358114,0.9753999976123658,0.9458494302909748
24,0.75,0.75,0.477464829275686,1.5707963267948966,0.16666666666666666,24,42,3,numpy_PCG64_SeedSequence,576,24.0,12.0,24,277729,0.009158019457381669,0.009158009624950544,0.009158009624950544,0.3296887004657401,0.3296883464982196,0.3296883464982196,4345.034731741177,,0.009113200277968811,0.009113200277968811,0.004562001087390946,0.004551199190577866,1.0801896813080377e-05,0.001185302252074279,1.0,0.0,3.1415646370129235,0.9951060183240021,0.9951070867124171,0.9951070867124171,0.9951060183240021,0.9951070867124171,0.009035118641875658,0.008761413026041536,0.9865799787740188,0.9566929909697391
24,0.75,0.75,0.477464829275686,1.5707963267948966,0.16666666666666666,24,7,0,numpy_PCG64_SeedSequence,576,24.0,12.0,24,277729,0.009158019457381669,0.009158009624950544,0.009158009624950544,0.3296887004657401,0.3296883464982196,0.3296883464982196,4345.034731741177,,0.009120401542510865,0.009120401542510865,0.004554799822848892,0.004565601719661972,-1.0801896813080377e-05,0.0011843663639952626,1.0,0.0,3.1415810350781928,0.9958923525937169,0.9958934218263739,0.9958934218263739,0.9958923525937169,0.9958934218263739,0.008994142740910422,0.008717982581902664,0.9821056597189082,0.9519506507354797
24,0.75,0.75,0.477464829275686,1.5707963267948966,0.16666666666666666,24,7,1,numpy_PCG64_SeedSequence,576,24.0,12.0,24,277729,0.009158019457381669,0.009158009624950544,0.009158009624950544,0.3296887004657401,0.3296883464982196,0.3296883464982196,4345.034731741177,,0.009124002174781891,0.009124002174781891,0.004565601719661972,0.004558400455119919,7.2012645420535845e-06,0.0007892659826361484,1.0,0.0,3.141560883169111,0.9962855197285743,0.9962865893833524,0.9962865893833524,0.9962855197285743,0.9962865893833524,0.008992652458336073,0.008722167648498374,0.9819429299298654,0.9524076345424246
24,0.75,0.75,0.477464829275686,1.5707963267948966,0.16666666666666666,24,7,2,numpy_PCG64_SeedSequence,576,24.0,12.0,24,277729,0.009158019457381669,0.009158009624950544,0.009158009624950544,0.3296887004657401,0.3296883464982196,0.3296883464982196,4345.034731741177,,0.00917081039430524,0.00917081039430524,0.004587205513288134,0.004583604881017106,3.6006322710267922e-06,0.00039261876717707107,1.0,0.0,3.141457195246792,1.00139669248172,1.001397767624072,1.001397767624072,1.00139669248172,1.001397767624072,0.009033542886873715,0.008760119782904665,0.9864079159159658,0.9565517766883228
24,0.75,0.75,0.477464829275686,1.5707963267948966,0.16666666666666666,24,7,3,numpy_PCG64_SeedSequence,576,24.0,12.0,24,277729,0.009158019457381669,0.009158009624950544,0.009158009624950544,0.3296887004657401,0.3296883464982196,0.3296883464982196,4345.034731741177,,0.009138404703866,0.009138404703866,0.004558400455119919,0.00458000424874608,-2.1603793626160753e-05,0.002364066193853428,1.0,0.0,3.141436698677886,0.9978581882680038,0.9978592596112662,0.9978592596112662,0.9978581882680038,0.9978592596112662,0.009224378632230065,0.008945501206764473,1.0072460181109255,0.9767943001643332
24,0.75,0.75,0.477464829275686,1.5707963267948966,0.16666666666666666,24,123,0,numpy_PCG64_SeedSequence,576,24.0,12.0,24,277729,0.009158019457381669,0.009158009624950544,0.009158009624950544,0.3296887004657401,0.3296883464982196,0.3296883464982196,4345.034731741177,,0.008882759812623096,0.008882759812623096,0.004428777693362955,0.004453982119260142,-2.5204425897187547e-05,0.002837454398054317,1.0,0.0,3.141537942297087,0.9699433216931305,0.9699443630657972,0.9699443630657972,0.9699433216931305,0.9699443630657972,0.00900766219825256,0.008738574340869663,0.9835819021974325,0.9541991455178751
24,0.75,0.75,0.477464829275686,1.5707963267948966,0.16666666666666666,24,123,1,numpy_PCG64_SeedSequence,576,24.0,12.0,24,277729,0.009158019457381669,0.009158009624950544,0.009158009624950544,0.3296887004657401,0.3296883464982196,0.3296883464982196,4345.034731741177,,0.00908079458752957,0.00908079458752957,0.004540397293764785,0.004540397293764785,0.0,0.0,1.0,0.0,3.1414534943682986,0.9915675141102858,0.9915685786996111,0.9915685786996111,0.9915675141102858,0.9915685786996111,0.009372921215508334,0.009087105421540556,1.0234659643525268,0.9922566187841025
24,0.75,0.75,0.477464829275686,1.5707963267948966,0.16666666666666666,24,123,2,numpy_PCG64_SeedSequence,576,24.0,12.0,24,277729,0.009158019457381669,0.009158009624950544,0.009158009624950544,0.3296887004657401,0.3296883464982196,0.3296883464982196,4345.034731741177,,0.009041187632548275,0.009041187632548275,0.004540397293764785,0.00450079033878349,3.960695498129471e-05,0.004380724810832338,1.0,0.0,3.141580234248525,0.9872426756268547,0.9872437355728483,0.9872437355728483,0.9872426756268547,0.9872437355728483,0.009056604121007185,0.00878239391888178,0.9889260623602694,0.9589839768032898
24,0.75,0.75,0.477464829275686,1.5707963267948966,0.16666666666666666,24,123,3,numpy_PCG64_SeedSequence,576,24.0,12.0,24,277729,0.009158019457381669,0.009158009624950544,0.009158009624950544,0.3296887004657401,0.3296883464982196,0.3296883464982196,4345.034731741177,,0.009145605968408053,0.009145605968408053,0.004569202351933,0.004576403616475053,-7.2012645420535845e-06,0.0007874015748031496,1.0,0.0,3.1415485742047777,0.9986445225377185,0.998645594725223,0.998645594725223,0.9986445225377185,0.998645594725223,0.009078975486333938,0.008804375302273359,0.9913688793285955,0.9613842101172584
24,0.75,0.75,0.477464829275686,1.5707963267948966,0.16666666666666666,24,2023,0,numpy_PCG64_SeedSequence,576,24.0,12.0,24,277729,0.009158019457381669,0.009158009624950544,0.009158009624950544,0.3296887004657401,0.3296883464982196,0.3296883464982196,4345.034731741177,,0.009228420510641669,0.009228420510641669,0.004594406777830187,0.004634013732811482,-3.960695498129471e-05,0.004291845493562232,1.0,0.0,3.14130941076438,1.007687366639438,1.007688448535727,1.007688448535727,1.007687366639438,1.007688448535727,0.009149170422064305,0.008872258195609575,0.9990337391879823,0.9687966090155267
24,0.75,0.75,0.477464829275686,1.5707963267948966,0.16666666666666666,24,2023,1,numpy_PCG64_SeedSequence,576,24.0,12.0,24,277729,0.009158019457381669,0.009158009624950544,0.009158009624950544,0.3296887004657401,0.3296883464982196,0.3296883464982196,4345.034731741177,,0.009113200277968811,0.009113200277968811,0.004554799822848892,0.004558400455119919,-3.6006322710267922e-06,0.0003951007506914263,1.0,0.0,3.1414533249395515,0.9951060183240021,0.9951070867124171,0.9951070867124171,0.9951060183240021,0.9951070867124171,0.009069210527059607,0.008793769640850454,0.9903026051936941,0.9602261364232397
24,0.75,0.75,0.477464829275686,1.5707963267948966,0.16666666666666666,24,2023,2,numpy_PCG64_SeedSequence,576,24.0,12.0,24,277729,0.009158019457381669,0.009158009624950544,0.009158009624950544,0.3296887004657401,0.3296883464982196,0.3296883464982196,4345.034731741177,,0.00900158067756698,0.00900158067756698,0.004493589074241437,0.004507991603325544,-1.4402529084107169e-05,0.0016,1.0,0.0,3.1414912593284385,0.9829178371434236,0.9829188924460855,0.9829188924460855,0.9829178371434236,0.9829188924460855,0.00916213382398908,0.008883715564008871,1.0004492637984181,0.9700476839288981
24,0.75,0.75,0.477464829275686,1.5707963267948966,0.16666666666666666,24,2023,3,numpy_PCG64_SeedSequence,576,24.0,12.0,24,277729,0.009158019457381669,0.009158009624950544,0.009158009624950544,0.3296887004657401,0.3296883464982196,0.3296883464982196,4345.034731741177,,0.009145605968408053,0.009145605968408053,0.004576403616475053,0.004569202351933,7.2012645420535845e-06,0.0007874015748031496,1.0,0.0,3.1413970911648392,0.9986445225377185,0.998645594725223,0.998645594725223,0.9986445225377185,0.998645594725223,0.009088418090371603,0.00881380012619735,0.9923999542331214,0.9624133435415594
24,0.75,0.75,0.477464829275686,1.5707963267948966,0.16666666666666666,24,314159,0,numpy_PCG64_SeedSequence,576,24.0,12.0,24,277729,0.009158019457381669,0.009158009624950544,0.009158009624950544,0.3296887004657401,0.3296883464982196,0.3296883464982196,4345.034731741177,,0.009181612291118321,0.009181612291118321,0.0045908061455591604,0.0045908061455591604,0.0,0.0,1.0,0.0,3.141552014689175,1.0025761938862923,1.0025772702950073,1.0025772702950073,1.0025761938862923,1.0025772702950073,0.009180848352062789,0.008903756264161046,1.002492776389847,0.9722360064417991
24,0.75,0.75,0.477464829275686,1.5707963267948966,0.16666666666666666,24,314159,1,numpy_PCG64_SeedSequence,576,24.0,12.0,24,277729,0.009158019457381669,0.009158009624950544,0.009158009624950544,0.3296887004657401,0.3296883464982196,0.3296883464982196,4345.034731741177,,0.00906999269071649,0.00906999269071649,0.004522394132409651,0.004547598558306839,-2.5204425897187547e-05,0.00277888050813815,1.0,0.0,3.1415293636522943,0.9903880127057137,0.9903890760286759,0.9903890760286759,0.9903880127057137,0.9903890760286759,0.009051928468057748,0.008775881983771253,0.9884155095086189,0.958272913113064
24,0.75,0.75,0.477464829275686,1.5707963267948966,0.16666666666666666,24,314159,2,numpy_PCG64_SeedSequence,576,24.0,12.0,24,277729,0.009158019457381669,0.009158009624950544,0.009158009624950544,0.3296887004657401,0.3296883464982196,0.3296883464982196,4345.034731741177,,0.008969174987127739,0.008969174987127739,0.004493589074241437,0.004475585912886303,1.8003161355133963e-05,0.002007226013649137,1.0,0.0,3.1412886594551037,0.9793793329297072,0.9793803844332796,0.9793803844332796,0.9793793329297072,0.9793803844332796,0.00900660523776698,0.008735019070745585,0.9834664885438037,0.9538109316534449
24,0.75,0.75,0.477464829275686,1.5707963267948966,0.16666666666666666,24,314159,3,numpy_PCG64_SeedSequence,576,24.0,12.0,24,277729,0.009158019457381669,0.009158009624950544,0.009158009624950544,0.3296887004657401,0.3296883464982196,0.3296883464982196,4345.034731741177,,0.009073593322987517,0.009073593322987517,0.0045439979260358115,0.004529595396951705,1.4402529084107169e-05,0.0015873015873015873,1.0,0.0,3.1415512645636245,0.9907811798405711,0.9907822435856543,0.9907822435856543,0.9907811798405711,0.9907822435856543,0.009038432175536884,0.008760530519654624,0.9869417964876245,0.956596626642166
24,0.75,0.75,0.477464829275686,1.5707963267948966,0.16666666666666666,24,271828,0,numpy_PCG64_SeedSequence,576,24.0,12.0,24,277729,0.009158019457381669,0.009158009624950544,0.009158009624950544,0.3296887004657401,0.3296883464982196,0.3296883464982196,4345.034731741177,,0.00927162809789399,0.00927162809789399,0.004662818790979696,0.0046088093069142945,5.400948406540188e-05,0.005825242718446602,1.0,0.0,3.14135883272426,1.0124053722577264,1.0124064592194681,1.0124064592194681,1.0124053722577264,1.0124064592194681,0.00909642502574542,0.008821267588689334,0.9932742628553162,0.9632287450076444
24,0.75,0.75,0.477464829275686,1.5707963267948966,0.16666666666666666,24,271828,1,numpy_PCG64_SeedSequence,576,24.0,12.0,24,277729,0.009158019457381669,0.009158009624950544,0.009158009624950544,0.3296887004657401,0.3296883464982196,0.3296883464982196,4345.034731741177,,0.009055590161632383,0.009055590161632383,0.004511592235596571,0.0045439979260358115,-3.240569043924113e-05,0.0035785288270377734,1.0,0.0,3.1415565115557973,0.9888153441662844,0.9888164058007621,0.9888164058007621,0.9888153441662844,0.9888164058007621,0.009149405753497106,0.008870766644432454,0.9990594359484987,0.9686337407027805
24,0.75,0.75,0.477464829275686,1.5707963267948966,0.16666666666666666,24,271828,2,numpy_PCG64_SeedSequence,576,24.0,12.0,24,277729,0.009158019457381669,0.009158009624950544,0.009158009624950544,0.3296887004657401,0.3296883464982196,0.3296883464982196,4345.034731741177,,0.009196014820202427,0.009196014820202427,0.004594406777830187,0.00460160804237224,-7.2012645420535845e-06,0.0007830853563038371,1.0,0.0,3.14159183806558,1.0041488624257215,1.004149940522921,1.004149940522921,1.0041488624257215,1.004149940522921,0.009115522584029617,0.00883953375767773,0.9953596000150668,0.9652232995151337
24,0.75,0.75,0.477464829275686,1.5707963267948966,0.16666666666666666,24,271828,3,numpy_PCG64_SeedSequence,576,24.0,12.0,24,277729,0.009158019457381669,0.009158009624950544,0.009158009624950544,0.3296887004657401,0.3296883464982196,0.3296883464982196,4345.034731741177,,0.009116800910239838,0.009116800910239838,0.004547598558306839,0.004569202351933,-2.1603793626160753e-05,0.002369668246445498,1.0,0.0,3.141246820335509,0.9954991854588595,0.9955002542693955,0.9955002542693955,0.9954991854588595,0.9955002542693955,0.009067520867290324,0.008795964493642063,0.9901181046281354,0.9604658009928361
32,0.1,0.1,0.06366197723675814,1.5707963267948966,0.125,24,42,0,numpy_PCG64_SeedSequence,768,32.0,16.0,32,494209,0.003105263515558446,0.003105263515558445,0.0031052635155584454,0.19873686499574053,0.19873686499574048,0.1987368649957405,577.5271544749826,,0.0031869108008959774,0.0031869108008959774,0.0015985139890208394,0.0015883968118751378,1.0117177145701514e-05,0.0031746031746031746,1.0,0.0,3.1411117196909677,1.0262931905548274,1.0262931905548278,1.0262931905548276,1.0262931905548274,1.0262931905548278,0.0031314411644961,0.003108922850959984,1.0084300893648783,1.0011784299088318
32,0.1,0.1,0.06366197723675814,1.5707963267948966,0.125,24,42,1,numpy_PCG64_SeedSequence,768,32.0,16.0,32,494209,0.003105263515558446,0.003105263515558445,0.0031052635155584454,0.19873686499574053,0.19873686499574048,0.1987368649957405,577.5271544749826,,0.003126207738021768,0.003126207738021768,0.0015539984095797527,0.0015722093284420153,-1.8210918862262726e-05,0.005825242718446602,1.0,0.0,3.1413648633292945,1.0067447488299734,1.006744748829974,1.0067447488299737,1.0067447488299734,1.006744748829974,0.0030559101818231744,0.0030322725379232705,0.9841065553734831,0.9764944336384126
32,0.1,0.1,0.06366197723675814,1.5707963267948966,0.125,24,42,2,numpy_PCG64_SeedSequence,768,32.0,16.0,32,494209,0.003105263515558446,0.003105263515558445,0.0031052635155584454,0.19873686499574053,0.19873686499574048,0.1987368649957405,577.5271544749826,,0.003065504675147559,0.003065504675147559,0.0015337640552883496,0.0015317406198592093,2.023435429140303e-06,0.0006600660066006601,1.0,0.0,3.1415600250090754,0.9871963071051197,0.98719630710512,0.9871963071051199,0.9871963071051197,0.98719630710512,0.0031938244115618203,0.0031695177150156332,1.028519607292474,1.0206920279503662
32,0.1,0.1,0.06366197723675814,1.5707963267948966,0.125,24,42,3,numpy_PCG64_SeedSequence,768,32.0,16.0,32,494209,0.003105263515558446,0.003105263515558445,0.0031052635155584454,0.19873686499574053,0.19873686499574048,0.1987368649957405,577.5271544749826,,0.0030978796420138037,0.0030978796420138037,0.0015479281032923318,0.001549951538721472,-2.023435429140303e-06,0.0006531678641410843,1.0,0.0,3.1412687650787623,0.9976221426917083,0.9976221426917086,0.9976221426917085,0.9976221426917083,0.9976221426917086,0.002956586121125838,0.0029349667215642795,0.952120844595738,0.9451586658778167
32,0.1,0.1,0.06366197723675814,1.5707963267948966,0.125,24,7,0,numpy_PCG64_SeedSequence,768,32.0,16.0,32,494209,0.003105263515558446,0.003105263515558445,0.0031052635155584454,0.19873686499574053,0.19873686499574048,0.1987368649957405,577.5271544749826,,0.0029683797745488245,0.0029683797745488245,0.0014872250404181226,0.0014811547341307017,6.070306287420909e-06,0.002044989775051125,1.0,0.0,3.140256730220869,0.9559188003453535,0.9559188003453538,0.9559188003453537,0.9559188003453535,0.9559188003453538,0.0032102640543256746,0.0031868293860952053,1.033813728928685,1.026266972232175
32,0.1,0.1,0.06366197723675814,1.5707963267948966,0.125,24,7,1,numpy_PCG64_SeedSequence,768,32.0,16.0,32,494209,0.003105263515558446,0.003105263515558445,0.0031052635155584454,0.19873686499574053,0.19873686499574048,0.1987368649957405,577.5271544749826,,0.003146442092313171,0.003146442092313171,0.0015722093284420153,0.0015742327638711556,-2.023435429140303e-06,0.0006430868167202572,1.0,0.0,3.1405593074637435,1.0132608960715914,1.0132608960715919,1.0132608960715916,1.0132608960715914,1.0132608960715919,0.0030263221031787187,0.003004341681242897,0.9745781921617269,0.9674997520146372
32,0.1,0.1,0.06366197723675814,1.5707963267948966,0.125,24,7,2,numpy_PCG64_SeedSequence,768,32.0,16.0,32,494209,0.003105263515558446,0.003105263515558445,0.0031052635155584454,0.19873686499574053,0.19873686499574048,0.1987368649957405,577.5271544749826,,0.0030978796420138037,0.0030978796420138037,0.0015479281032923318,0.001549951538721472,-2.023435429140303e-06,0.0006531678641410843,1.0,0.0,3.140599206134544,0.9976221426917083,0.9976221426917086,0.9976221426917085,0.9976221426917083,0.9976221426917086,0.0032163666733717434,0.0031920559134687894,1.0357789789036043,1.027950091023027
32,0.1,0.1,0.06366197723675814,1.5707963267948966,0.125,24,7,3,numpy_PCG64_SeedSequence,768,32.0,16.0,32,494209,0.003105263515558446,0.003105263515558445,0.0031052635155584454,0.19873686499574053,0.19873686499574048,0.1987368649957405,577.5271544749826,,0.0031970279780416788,0.0031970279780416788,0.0016045842953082603,0.0015924436827334184,1.2140612574841818e-05,0.0037974683544303796,1.0,0.0,3.141310547689963,1.0295512641756364,1.0295512641756366,1.0295512641756366,1.0295512641756364,1.0295512641756366,0.0031727878478317426,0.0031493031947773535,1.021745121447818,1.0141822679454588
32,0.1,0.1,0.06366197723675814,1.5707963267948966,0.125,24,123,0,numpy_PCG64_SeedSequence,768,32.0,16.0,32,494209,0.003105263515558446,0.003105263515558445,0.0031052635155584454,0.19873686499574053,0.19873686499574048,0.1987368649957405,577.5271544749826,,0.003126207738021768,0.003126207738021768,0.0015661390221545946,0.0015600687158671737,6.070306287420909e-06,0.001941747572815534,1.0,0.0,3.1413412954569644,1.0067447488299734,1.006744748829974,1.0067447488299737,1.0067447488299734,1.006744748829974,0.0030906923297286137,0.0030673349995188706,0.995307584764763,0.9877857335296859
32,0.1,0.1,0.06366197723675814,1.5707963267948966,0.125,24,123,1,numpy_PCG64_SeedSequence,768,32.0,16.0,32,494209,0.003105263515558446,0.003105263515558445,0.0031052635155584454,0.19873686499574053,0.19873686499574048,0.1987368649957405,577.5271544749826,,0.003146442092313171,0.003146442092313171,0.0015782796347294363,0.001568162457583735,1.0117177145701514e-05,0.003215434083601286,1.0,0.0,3.141346737594145,1.0132608960715914,1.0132608960715919,1.0132608960715916,1.0132608960715914,1.0132608960715919,0.0031622878882330025,0.0031383390313556854,1.0183637789156523,1.0106514360638057
32,0.1,0.1,0.06366197723675814,1.5707963267948966,0.125,24,123,2,numpy_PCG64_SeedSequence,768,32.0,16.0,32,494209,0.003105263515558446,0.003105263515558445,0.0031052635155584454,0.19873686499574053,0.19873686499574048,0.1987368649957405,577.5271544749826,,0.0031403717860257504,0.0031403717860257504,0.0015742327638711556,0.0015661390221545946,8.093741716561212e-06,0.002577319587628866,1.0,0.0,3.1413827839423196,1.0113060518991062,1.0113060518991064,1.0113060518991064,1.0113060518991062,1.0113060518991064,0.0031604529817724817,0.0031362181881536898,1.0177728769032057,1.0099684527384392
32,0.1,0.1,0.06366197723675814,1.5707963267948966,0.125,24,123,3,numpy_PCG64_SeedSequence,768,32.0,16.0,32,494209,0.003105263515558446,0.003105263515558445,0.0031052635155584454,0.19873686499574053,0.19873686499574048,0.1987368649957405,577.5271544749826,,0.003079668723151541,0.003079668723151541,0.0015418577970049108,0.0015378109261466302,4.046870858280606e-06,0.001314060446780552,1.0,0.0,3.1412714792107224,0.9917576101742522,0.9917576101742525,0.9917576101742523,0.9917576101742522,0.9917576101742525,0.0031067473029188545,0.003084233964529675,1.0004778297728918,0.9932277724826233
32,0.1,0.1,0.06366197723675814,1.5707963267948966,0.125,24,2023,0,numpy_PCG64_SeedSequence,768,32.0,16.0,32,494209,0.003105263515558446,0.003105263515558445,0.0031052635155584454,0.19873686499574053,0.19873686499574048,0.1987368649957405,577.5271544749826,,0.003152512398600592,0.003152512398600592,0.0015701858930128752,0.0015823265055877169,-1.2140612574841818e-05,0.0038510911424903724,1.0,0.0,3.141568756712748,1.015215740244077,1.0152157402440771,1.015215740244077,1.015215740244077,1.0152157402440771,0.003130621023112359,0.003107587739084422,1.0081659760683315,1.0007484786763927
32,0.1,0.1,0.06366197723675814,1.5707963267948966,0.125,24,2023,1,numpy_PCG64_SeedSequence,768,32.0,16.0,32,494209,0.003105263515558446,0.003105263515558445,0.0031052635155584454,0.19873686499574053,0.19873686499574048,0.1987368649957405,577.5271544749826,,0.0031201374317343473,0.0031201374317343473,0.0015641155867254543,0.001556021845008893,8.093741716561212e-06,0.0025940337224383916,1.0,0.0,3.141153497592364,1.0047899046574882,1.0047899046574884,1.0047899046574884,1.0047899046574882,1.0047899046574884,0.0029818633490040682,0.0029600844195413066,0.9602609678901324,0.9532474151421476
32,0.1,0.1,0.06366197723675814,1.5707963267948966,0.125,24,2023,2,numpy_PCG64_SeedSequence,768,32.0,16.0,32,494209,0.003105263515558446,0.003105263515558445,0.0031052635155584454,0.19873686499574053,0.19873686499574048,0.1987368649957405,577.5271544749826,,0.0031221608671634874,0.0031221608671634874,0.0015661390221545946,0.001556021845008893,1.0117177145701514e-05,0.0032404406999351912,1.0,0.0,3.1415726122058842,1.00544151938165,1.0054415193816502,1.00544151938165,1.00544151938165,1.0054415193816502,0.0031854445809824956,0.003161246686428104,1.0258210180947012,1.0180284766781187
32,0.1,0.1,0.06366197723675814,1.5707963267948966,0.125,24,2023,3,numpy_PCG64_SeedSequence,768,32.0,16.0,32,494209,0.003105263515558446,0.003105263515558445,0.0031052635155584454,0.19873686499574053,0.19873686499574048,0.1987368649957405,577.5271544749826,,0.003150488963171452,0.003150488963171452,0.0015742327638711556,0.001576256199300296,-2.023435429140303e-06,0.0006422607578676942,1.0,0.0,3.1413714385907094,1.0145641255199151,1.0145641255199154,1.0145641255199151,1.0145641255199151,1.0145641255199154,0.0031852418900357215,0.003161564200368793,1.0257557447464785,1.0181307269184279
32,0.1,0.1,0.06366197723675814,1.5707963267948966,0.125,24,314159,0,numpy_PCG64_SeedSequence,768,32.0,16.0,32,494209,0.003105263515558446,0.003105263515558445,0.0031052635155584454,0.19873686499574053,0.19873686499574048,0.1987368649957405,577.5271544749826,,0.0029825438225528065,0.0029825438225528065,0.0014872250404181226,0.0014953187821346839,-8.093741716561212e-06,0.0027137042062415195,1.0,0.0,3.1412017657164584,0.9604801034144861,0.9604801034144863,0.9604801034144862,0.9604801034144861,0.9604801034144863,0.0029294077624478906,0.002907587750608939,0.9433684928092392,0.9363417101450222
32,0.1,0.1,0.06366197723675814,1.5707963267948966,0.125,24,314159,1,numpy_PCG64_SeedSequence,768,32.0,16.0,32,494209,0.003105263515558446,0.003105263515558445,0.0031052635155584454,0.19873686499574053,0.19873686499574048,0.1987368649957405,577.5271544749826,,0.0031282311734509086,0.0031282311734509086,0.0015600687158671737,0.001568162457583735,-8.093741716561212e-06,0.00258732212160414,1.0,0.0,3.141420836075761,1.0073963635541354,1.0073963635541356,1.0073963635541354,1.0073963635541354,1.0073963635541356,0.003065427383493364,0.003042544731247527,0.9871714165752797,0.9798024277177521
32,0.1,0.1,0.06366197723675814,1.5707963267948966,0.125,24,314159,2,numpy_PCG64_SeedSequence,768,32.0,16.0,32,494209,0.003105263515558446,0.003105263515558445,0.0031052635155584454,0.19873686499574053,0.19873686499574048,0.1987368649957405,577.5271544749826,,0.003118113996305207,0.003118113996305207,0.0015600687158671737,0.0015580452804380333,2.023435429140303e-06,0.0006489292667099286,1.0,0.0,3.1413843516479703,1.0041382899333262,1.0041382899333267,1.0041382899333264,1.0041382899333262,1.0041382899333267,0.003048354671805586,0.003026628693405086,0.9816734253090835,0.9746769245961342
32,0.1,0.1,0.06366197723675814,1.5707963267948966,0.125,24,314159,3,numpy_PCG64_SeedSequence,768,32.0,16.0,32,494209,0.003105263515558446,0.003105263515558445,0.0031052635155584454,0.19873686499574053,0.19873686499574048,0.1987368649957405,577.5271544749826,,0.0031282311734509086,0.0031282311734509086,0.001562092151296314,0.0015661390221545946,-4.046870858280606e-06,0.00129366106080207,1.0,0.0,3.140986302768014,1.0073963635541354,1.0073963635541356,1.0073963635541354,1.0073963635541354,1.0073963635541356,0.003060676049788634,0.003037079348541624,0.9856413262364327,0.978042389421962
32,0.1,0.1,0.06366197723675814,1.5707963267948966,0.125,24,271828,0,numpy_PCG64_SeedSequence,768,32.0,16.0,32,494209,0.003105263515558446,0.003105263515558445,0.0031052635155584454,0.19873686499574053,0.19873686499574048,0.1987368649957405,577.5271544749826,,0.0031423952214548905,0.0031423952214548905,0.0015803030701585766,0.001562092151296314,1.8210918862262726e-05,0.005795235028976175,1.0,0.0,3.141009941960233,1.011957666623268,1.0119576666232681,1.0119576666232681,1.011957666623268,1.0119576666232681,0.002929018385418542,0.002907791746960686,0.9432431002210103,0.9364074038778487
32,0.1,0.1,0.06366197723675814,1.5707963267948966,0.125,24,271828,1,numpy_PCG64_SeedSequence,768,32.0,16.0,32,494209,0.003105263515558446,0.003105263515558445,0.0031052635155584454,0.19873686499574053,0.19873686499574048,0.1987368649957405,577.5271544749826,,0.003146442092313171,0.003146442092313171,0.0015803030701585766,0.0015661390221545946,1.416404800398212e-05,0.0045016077170418,1.0,0.0,3.141147175663498,1.0132608960715914,1.0132608960715919,1.0132608960715916,1.0132608960715914,1.0132608960715919,0.0030149419208145302,0.002993214720873081,0.9709133880936761,0.9639164940031782
32,0.1,0.1,0.06366197723675814,1.5707963267948966,0.125,24,271828,2,numpy_PCG64_SeedSequence,768,32.0,16.0,32,494209,0.003105263515558446,0.003105263515558445,0.0031052635155584454,0.19873686499574053,0.19873686499574048,0.1987368649957405,577.5271544749826,,0.0030533640625727172,0.0030533640625727172,0.0015196000072843676,0.0015337640552883496,-1.416404800398212e-05,0.004638833664678595,1.0,0.0,3.141582824278484,0.9832866187601489,0.9832866187601492,0.983286618760149,0.9832866187601489,0.9832866187601492,0.0030625586454672477,0.0030405370608794944,0.9862475857919201,0.9791558898770911
32,0.1,0.1,0.06366197723675814,1.5707963267948966,0.125,24,271828,3,numpy_PCG64_SeedSequence,768,32.0,16.0,32,494209,0.003105263515558446,0.003105263515558445,0.0031052635155584454,0.19873686499574053,0.19873686499574048,0.1987368649957405,577.5271544749826,,0.003103949948301225,0.003103949948301225,0.0015519749741506124,0.0015519749741506124,0.0,0.0,1.0,0.0,3.140999272020401,0.9995769868641938,0.999576986864194,0.9995769868641939,0.9995769868641938,0.999576986864194,0.0032340288608148026,0.0032102145764709915,1.0414668013233652,1.0337977953840969
32,0.25,0.25,0.15915494309189535,1.5707963267948966,0.125,24,42,0,numpy_PCG64_SeedSequence,768,32.0,16.0,32,494209,0.003301098699430037,0.003301098699427851,0.00330109869942785,0.21127031676352237,0.21127031676338245,0.2112703167633824,1443.8178861922916,,0.003259754476345028,0.003259754476345028,0.001636959262174505,0.001622795214170523,1.416404800398212e-05,0.004345127250155183,1.0,0.0,3.14124715472605,0.9874756174081838,0.9874756174088377,0.9874756174088379,0.9874756174081838,0.9874756174088377,0.0032380779713604277,0.0032107466967491688,0.9809091657633592,0.9726297178886326
32,0.25,0.25,0.15915494309189535,1.5707963267948966,0.125,24,42,1,numpy_PCG64_SeedSequence,768,32.0,16.0,32,494209,0.003301098699430037,0.003301098699427851,0.00330109869942785,0.21127031676352237,0.21127031676338245,0.2112703167633824,1443.8178861922916,,0.003391277779239148,0.003391277779239148,0.0016936154541904336,0.0016976623250487142,-4.046870858280606e-06,0.0011933174224343676,1.0,0.0,3.141144478978398,1.0273178986816363,1.0273178986823166,1.0273178986823168,1.0273178986816363,1.0273178986823166,0.00330332177887008,0.003275890273427358,1.000673436223045,0.9923636254780775
32,0.25,0.25,0.15915494309189535,1.5707963267948966,0.125,24,42,2,numpy_PCG64_SeedSequence,768,32.0,16.0,32,494209,0.003301098699430037,0.003301098699427851,0.00330109869942785,0.21127031676352237,0.21127031676338245,0.2112703167633824,1443.8178861922916,,0.003158582704888013,0.003158582704888013,0.0015722093284420153,0.0015863733764459975,-1.416404800398212e-05,0.004484304932735426,1.0,0.0,3.1410696380989105,0.9568277087362972,0.9568277087369309,0.9568277087369311,0.9568277087362972,0.9568277087369309,0.0032211876817567703,0.0031938945326254143,0.9757925996920165,0.9675247011477929
32,0.25,0.25,0.15915494309189535,1.5707963267948966,0.125,24,42,3,numpy_PCG64_SeedSequence,768,32.0,16.0,32,494209,0.003301098699430037,0.003301098699427851,0.00330109869942785,0.21127031676352237,0.21127031676338245,0.2112703167633824,1443.8178861922916,,0.003277965395207291,0.003277965395207291,0.001643029568461926,0.0016349358267453648,8.093741716561212e-06,0.0024691358024691358,1.0,0.0,3.1409902085465826,0.9929922409691233,0.9929922409697809,0.9929922409697811,0.9929922409691233,0.9929922409697809,0.00331983930116113,0.003291394135857496,1.0056770800989163,0.9970602019339146
32,0.25,0.25,0.15915494309189535,1.5707963267948966,0.125,24,7,0,numpy_PCG64_SeedSequence,768,32.0,16.0,32,494209,0.003301098699430037,0.003301098699427851,0.00330109869942785,0.21127031676352237,0.21127031676338245,0.2112703167633824,1443.8178861922916,,0.0032152388969039413,0.0032152388969039413,0.0016147014724539619,0.0016005374244499797,1.416404800398212e-05,0.004405286343612335,1.0,0.0,3.14129070547529,0.9739905375925536,0.9739905375931986,0.9739905375931989,0.9739905375925536,0.9739905375931986,0.0033895541257327466,0.0033608478188580414,1.0267957532799556,1.0180997676435184
32,0.25,0.25,0.15915494309189535,1.5707963267948966,0.125,24,7,1,numpy_PCG64_SeedSequence,768,32.0,16.0,32,494209,0.003301098699430037,0.003301098699427851,0.00330109869942785,0.21127031676352237,0.21127031676338245,0.2112703167633824,1443.8178861922916,,0.003225356074049643,0.003225356074049643,0.0016106546015956812,0.0016147014724539619,-4.046870858280606e-06,0.0012547051442910915,1.0,0.0,3.1411765491272186,0.9770553284597423,0.9770553284603894,0.9770553284603897,0.9770553284597423,0.9770553284603894,0.0032221191912819047,0.0031948745283212274,0.97607478135635,0.9678215707009457
32,0.25,0.25,0.15915494309189535,1.5707963267948966,0.125,24,7,2,numpy_PCG64_SeedSequence,768,32.0,16.0,32,494209,0.003301098699430037,0.003301098699427851,0.00330109869942785,0.21127031676352237,0.21127031676338245,0.2112703167633824,1443.8178861922916,,0.003366996554089464,0.003366996554089464,0.001683498277044732,0.001683498277044732,0.0,0.0,1.0,0.0,3.1413726908239403,1.0199624006003833,1.0199624006010588,1.0199624006010592,1.0199624006003833,1.0199624006010588,0.003300115071787022,0.0032728259315064198,0.9997020302230936,0.9914353460778077
32,0.25,0.25,0.15915494309189535,1.5707963267948966,0.125,24,7,3,numpy_PCG64_SeedSequence,768,32.0,16.0,32,494209,0.003301098699430037,0.003301098699427851,0.00330109869942785,0.21127031676352237,0.21127031676338245,0.2112703167633824,1443.8178861922916,,0.0033872309083808672,0.0033872309083808672,0.0016936154541904336,0.0016936154541904336,0.0,0.0,1.0,0.0,3.1415059162651096,1.0260919823347607,1.0260919823354402,1.0260919823354406,1.0260919823347607,1.0260919823354402,0.003287197455539357,0.0032596396751031673,0.9957889038903683,0.987440840731594
32,0.25,0.25,0.15915494309189535,1.5707963267948966,0.125,24,123,0,numpy_PCG64_SeedSequence,768,32.0,16.0,32,494209,0.003301098699430037,0.003301098699427851,0.00330109869942785,0.21127031676352237,0.21127031676338245,0.2112703167633824,1443.8178861922916,,0.003330574716364939,0.003330574716364939,0.0016673107936116096,0.0016632639227533292,4.046870858280606e-06,0.001215066828675577,1.0,0.0,3.1409118619430245,1.0089291534785043,1.0089291534791724,1.008929153479173,1.0089291534785043,1.0089291534791724,0.0033285108940509117,0.003300240932897778,1.0083039609284048,0.9997401572596399
32,0.25,0.25,0.15915494309189535,1.5707963267948966,0.125,24,123,1,numpy_PCG64_SeedSequence,768,32.0,16.0,32,494209,0.003301098699430037,0.003301098699427851,0.00330109869942785,0.21127031676352237,0.21127031676338245,0.2112703167633824,1443.8178861922916,,0.003284035701494712,0.003284035701494712,0.001643029568461926,0.0016410061330327857,2.023435429140303e-06,0.0006161429451632779,1.0,0.0,3.141406852666358,0.9948311154894366,0.9948311154900954,0.9948311154900956,0.9948311154894366,0.9948311154900954,0.0033197998722359354,0.0032916540014444463,1.0056651359164532,0.9971389228721875
32,0.25,0.25,0.15915494309189535,1.5707963267948966,0.125,24,123,2,numpy_PCG64_SeedSequence,768,32.0,16.0,32,494209,0.003301098699430037,0.003301098699427851,0.00330109869942785,0.21127031676352237,0.21127031676338245,0.2112703167633824,1443.8178861922916,,0.0033629496832311835,0.0033629496832311835,0.0016673107936116096,0.001695638889619574,-2.832809600796424e-05,0.00842358604091456,1.0,0.0,3.1414233115663874,1.018736484253508,1.0187364842541826,1.0187364842541828,1.018736484253508,1.0187364842541826,0.0033759034842673983,0.0033468900644168845,1.02266057202418,1.013871552824141
32,0.25,0.25,0.15915494309189535,1.5707963267948966,0.125,24,123,3,numpy_PCG64_SeedSequence,768,32.0,16.0,32,494209,0.003301098699430037,0.003301098699427851,0.00330109869942785,0.21127031676352237,0.21127031676338245,0.2112703167633824,1443.8178861922916,,0.0034216293106762523,0.0034216293106762523,0.0017118263730526964,0.0017098029376235561,2.023435429140303e-06,0.0005913660555884093,1.0,0.0,3.141256262309812,1.0365122712832022,1.0365122712838886,1.0365122712838888,1.0365122712832022,1.0365122712838886,0.0033568008128416907,0.0033285420894756655,1.0168738103532837,1.0083134109411411
32,0.25,0.25,0.15915494309189535,1.5707963267948966,0.125,24,2023,0,numpy_PCG64_SeedSequence,768,32.0,16.0,32,494209,0.003301098699430037,0.003301098699427851,0.00330109869942785,0.21127031676352237,0.21127031676338245,0.2112703167633824,1443.8178861922916,,0.003344738764368921,0.003344738764368921,0.0016713576644698902,0.0016733810998990305,-2.023435429140303e-06,0.0006049606775559589,1.0,0.0,3.141583242357015,1.0132198606925684,1.0132198606932394,1.0132198606932397,1.0132198606925684,1.0132198606932394,0.0033843061289023386,0.0033557859318233,1.0252059805078437,1.0165663730086911
32,0.25,0.25,0.15915494309189535,1.5707963267948966,0.125,24,2023,1,numpy_PCG64_SeedSequence,768,32.0,16.0,32,494209,0.003301098699430037,0.003301098699427851,0.00330109869942785,0.21127031676352237,0.21127031676338245,0.2112703167633824,1443.8178861922916,,0.0033143872329318164,0.0033143872329318164,0.001655170181036768,0.0016592170518950485,-4.046870858280606e-06,0.001221001221001221,1.0,0.0,3.141461854692479,1.0040254880910024,1.0040254880916675,1.0040254880916677,1.0040254880910024,1.0040254880916675,0.0031888967574068834,0.0031619790654652427,0.9660107278699281,0.957856566364158
32,0.25,0.25,0.15915494309189535,1.5707963267948966,0.125,24,2023,2,numpy_PCG64_SeedSequence,768,32.0,16.0,32,494209,0.003301098699430037,0.003301098699427851,0.00330109869942785,0.21127031676352237,0.21127031676338245,0.2112703167633824,1443.8178861922916,,0.003377113731235166,0.003377113731235166,0.001695638889619574,0.0016814748416155917,1.416404800398212e-05,0.004194128220491312,1.0,0.0,3.1412494393806316,1.0230271914675722,1.0230271914682496,1.0230271914682498,1.0230271914675722,1.0230271914682496,0.003188625233332667,0.0031608808827934464,0.9659284752325674,0.9575238944958536
32,0.25,0.25,0.15915494309189535,1.5707963267948966,0.125,24,2023,3,numpy_PCG64_SeedSequence,768,32.0,16.0,32,494209,0.003301098699430037,0.003301098699427851,0.00330109869942785,0.21127031676352237,0.21127031676338245,0.2112703167633824,1443.8178861922916,,0.0034094886981014105,0.0034094886981014105,0.0017057560667652755,0.0017037326313361352,2.023435429140303e-06,0.0005934718100890207,1.0,0.0,3.1411997846083763,1.0328345222425757,1.0328345222432598,1.03283452224326,1.0328345222425757,1.0328345222432598,0.0032985212381034996,0.003269869160603871,0.9992192110684293,0.9905396531065375
32,0.25,0.25,0.15915494309189535,1.5707963267948966,0.125,24,314159,0,numpy_PCG64_SeedSequence,768,32.0,16.0,32,494209,0.003301098699430037,0.003301098699427851,0.00330109869942785,0.21127031676352237,0.21127031676338245,0.2112703167633824,1443.8178861922916,,0.003423652746105393,0.003423652746105393,0.0017098029376235561,0.0017138498084818365,-4.046870858280606e-06,0.001182033096926714,1.0,0.0,3.140842105314546,1.03712522945664,1.0371252294573268,1.037125229457327,1.03712522945664,1.0371252294573268,0.003227704942199791,0.0032006376203765124,0.9777668697870445,0.9695673809841341
32,0.25,0.25,0.15915494309189535,1.5707963267948966,0.125,24,314159,1,numpy_PCG64_SeedSequence,768,32.0,16.0,32,494209,0.003301098699430037,0.003301098699427851,0.00330109869942785,0.21127031676352237,0.21127031676338245,0.2112703167633824,1443.8178861922916,,0.0033629496832311835,0.0033629496832311835,0.001689568583332153,0.0016733810998990305,1.6187483433122424e-05,0.0048134777376654635,1.0,0.0,3.1412515251298614,1.018736484253508,1.0187364842541826,1.0187364842541828,1.018736484253508,1.0187364842541826,0.0032351917966957173,0.003208939531577888,0.9800348584713026,0.9720822743445808
32,0.25,0.25,0.15915494309189535,1.5707963267948966,0.125,24,314159,2,numpy_PCG64_SeedSequence,768,32.0,16.0,32,494209,0.003301098699430037,0.003301098699427851,0.00330109869942785,0.21127031676352237,0.21127031676338245,0.2112703167633824,1443.8178861922916,,0.003364973118660324,0.003364973118660324,0.0016855217124738724,0.0016794514061864514,6.070306287420909e-06,0.0018039687312086591,1.0,0.0,3.141167340041328,1.0193494424269458,1.0193494424276208,1.019349442427621,1.0193494424269458,1.0193494424276208,0.003303115216899975,0.0032762371724119653,1.0006108625198895,0.9924687113952805
32,0.25,0.25,0.15915494309189535,1.5707963267948966,0.125,24,314159,3,numpy_PCG64_SeedSequence,768,32.0,16.0,32,494209,0.003301098699430037,0.003301098699427851,0.00330109869942785,0.21127031676352237,0.21127031676338245,0.2112703167633824,1443.8178861922916,,0.0033164106683609565,0.0033164106683609565,0.0016612404873241888,0.001655170181036768,6.070306287420909e-06,0.0018303843807199512,1.0,0.0,3.141558494179165,1.0046384462644402,1.0046384462651055,1.0046384462651057,1.0046384462644402,1.0046384462651055,0.0033270804611467714,0.003297847779561574,1.0078706406813043,0.9990152006454627
32,0.25,0.25,0.15915494309189535,1.5707963267948966,0.125,24,271828,0,numpy_PCG64_SeedSequence,768,32.0,16.0,32,494209,0.003301098699430037,0.003301098699427851,0.00330109869942785,0.21127031676352237,0.21127031676338245,0.2112703167633824,1443.8178861922916,,0.003344738764368921,0.003344738764368921,0.0016754045353281708,0.0016693342290407499,6.070306287420909e-06,0.0018148820326678765,1.0,0.0,3.1415796198821666,1.0132198606925684,1.0132198606932394,1.0132198606932397,1.0132198606925684,1.0132198606932394,0.003335838113365914,0.0033075336259608132,1.0105235914157535,1.00194932872861
32,0.25,0.25,0.15915494309189535,1.5707963267948966,0.125,24,271828,1,numpy_PCG64_SeedSequence,768,32.0,16.0,32,494209,0.003301098699430037,0.003301098699427851,0.00330109869942785,0.21127031676352237,0.21127031676338245,0.2112703167633824,1443.8178861922916,,0.0032557076054867476,0.0032557076054867476,0.001622795214170523,0.0016329123913162245,-1.0117177145701514e-05,0.003107520198881293,1.0,0.0,3.1409136207477233,0.9862497010613083,0.9862497010619614,0.9862497010619617,0.9862497010613083,0.9862497010619614,0.003340650795327641,0.0033134759162029995,1.011981494495888,1.0037494234192694
32,0.25,0.25,0.15915494309189535,1.5707963267948966,0.125,24,271828,2,numpy_PCG64_SeedSequence,768,32.0,16.0,32,494209,0.003301098699430037,0.003301098699427851,0.00330109869942785,0.21127031676352237,0.21127031676338245,0.2112703167633824,1443.8178861922916,,0.003306293491215255,0.003306293491215255,0.001655170181036768,0.0016511233101784873,4.046870858280606e-06,0.0012239902080783353,1.0,0.0,3.1415613716651625,1.0015736553972516,1.0015736553979149,1.001573655397915,1.0015736553972516,1.0015736553979149,0.0033185508505095443,0.003290821392016442,1.005286770456915,0.9968867009594807
32,0.25,0.25,0.15915494309189535,1.5707963267948966,0.125,24,271828,3,numpy_PCG64_SeedSequence,768,32.0,16.0,32,494209,0.003301098699430037,0.003301098699427851,0.00330109869942785,0.21127031676352237,0.21127031676338245,0.2112703167633824,1443.8178861922916,,0.0032698716534907296,0.0032698716534907296,0.0016248186495996632,0.0016450530038910663,-2.023435429140303e-05,0.006188118811881188,1.0,0.0,3.1414139261815897,0.9905404082753724,0.9905404082760283,0.9905404082760286,0.9905404082753724,0.9905404082760283,0.003262141352248434,0.003234500966661096,0.9881986724031216,0.9798255857116785
32,0.5,0.5,0.3183098861837907,1.5707963267948966,0.125,24,42,0,numpy_PCG64_SeedSequence,768,32.0,16.0,32,494209,0.0040002271345476285,0.0040002261993085705,0.00400022619930857,0.2560145366110482,0.2560144767557485,0.25601447675574845,2887.8462397432722,,0.003974027182831555,0.003974027182831555,0.001984990155986637,0.0019890370268449177,-4.046870858280606e-06,0.0010183299389002036,1.0,0.0,3.141418884158624,0.9934503839819995,0.9934506162472653,0.9934506162472655,0.9934503839819995,0.9934506162472653,0.003968345286633816,0.003921425959903442,0.9920299905876676,0.980300824929758
32,0.5,0.5,0.3183098861837907,1.5707963267948966,0.125,24,42,1,numpy_PCG64_SeedSequence,768,32.0,16.0,32,494209,0.0040002271345476285,0.0040002261993085705,0.00400022619930857,0.2560145366110482,0.2560144767557485,0.25601447675574845,2887.8462397432722,,0.004065081777142869,0.004065081777142869,0.0020274822999985834,0.002037599477144285,-1.0117177145701514e-05,0.0024888003982080635,1.0,0.0,3.14157231891784,1.016212740030467,1.0162129776174929,1.016212977617493,1.016212740030467,1.0162129776174929,0.003998401296251951,0.003950438544471822,0.9995435663440437,0.9875535592352216
32,0.5,0.5,0.3183098861837907,1.5707963267948966,0.125,24,42,2,numpy_PCG64_SeedSequence,768,32.0,16.0,32,494209,0.0040002271345476285,0.0040002261993085705,0.00400022619930857,0.2560145366110482,0.2560144767557485,0.25601447675574845,2887.8462397432722,,0.0040124724559852205,0.0040124724559852205,0.001997130768561479,0.002015341687423742,-1.8210918862262726e-05,0.0045385779122541605,1.0,0.0,3.1415344258191253,1.0030611565357967,1.003061391048028,1.0030613910480282,1.0030611565357967,1.003061391048028,0.0039640660536683844,0.00391712049596011,0.990960243090463,0.9792245200604299
32,0.5,0.5,0.3183098861837907,1.5707963267948966,0.125,24,42,3,numpy_PCG64_SeedSequence,768,32.0,16.0,32,494209,0.0040002271345476285,0.0040002261993085705,0.00400022619930857,0.2560145366110482,0.2560144767557485,0.25601447675574845,2887.8462397432722,,0.003986167795406397,0.003986167795406397,0.001997130768561479,0.0019890370268449177,8.093741716561212e-06,0.0020304568527918783,1.0,0.0,3.1412933469739532,0.9964853647884617,0.9964855977632956,0.9964855977632957,0.9964853647884617,0.9964855977632956,0.003949089503141788,0.0039006439212313877,0.9872163180524939,0.9751056102649275
32,0.5,0.5,0.3183098861837907,1.5707963267948966,0.125,24,7,0,numpy_PCG64_SeedSequence,768,32.0,16.0,32,494209,0.0040002271345476285,0.0040002261993085705,0.00400022619930857,0.2560145366110482,0.2560144767557485,0.25601447675574845,2887.8462397432722,,0.003994261537122958,0.003994261537122958,0.0020032010748489,0.0019910604622740582,1.2140612574841818e-05,0.00303951367781155,1.0,0.0,3.1414983361501863,0.9985086853261033,0.9985089187739824,0.9985089187739826,0.9985086853261033,0.9985089187739824,0.003910022287762699,0.003863244084544718,0.9774500687708748,0.9657561819878007
32,0.5,0.5,0.3183098861837907,1.5707963267948966,0.125,24,7,1,numpy_PCG64_SeedSequence,768,32.0,16.0,32,494209,0.0040002271345476285,0.0040002261993085705,0.00400022619930857,0.2560145366110482,0.2560144767557485,0.25601447675574845,2887.8462397432722,,0.003992238101693818,0.003992238101693818,0.0020011776394197596,0.0019910604622740582,1.0117177145701514e-05,0.002534211860111505,1.0,0.0,3.1411333017098673,0.998002855191693,0.9980030885213108,0.998003088521311,0.998002855191693,0.9980030885213108,0.0039880724475979,0.00394098898792775,0.9969615007996032,0.9851913042366337
32,0.5,0.5,0.3183098861837907,1.5707963267948966,0.125,24,7,2,numpy_PCG64_SeedSequence,768,32.0,16.0,32,494209,0.0040002271345476285,0.0040002261993085705,0.00400022619930857,0.2560145366110482,0.2560144767557485,0.25601447675574845,2887.8462397432722,,0.0040064021496978,0.0040064021496978,0.001997130768561479,0.002009271381136321,-1.2140612574841818e-05,0.0030303030303030303,1.0,0.0,3.1415881066681295,1.0015436661325658,1.0015439002900128,1.001543900290013,1.0015436661325658,1.0015439002900128,0.00397050977905317,0.003919860114348543,0.9925710829673127,0.9799093857683723
32,0.5,0.5,0.3183098861837907,1.5707963267948966,0.125,24,7,3,numpy_PCG64_SeedSequence,768,32.0,16.0,32,494209,0.0040002271345476285,0.0040002261993085705,0.00400022619930857,0.2560145366110482,0.2560144767557485,0.25601447675574845,2887.8462397432722,,0.004004378714268659,0.004004378714268659,0.0020032010748489,0.0020011776394197596,2.023435429140303e-06,0.0005053057099545225,1.0,0.0,3.1412390607551623,1.001037835998155,1.0010380700373411,1.0010380700373411,1.001037835998155,1.0010380700373411,0.003909255946909434,0.0038633890774677953,0.977258494435846,0.9657924281603805
32,0.5,0.5,0.3183098861837907,1.5707963267948966,0.125,24,123,0,numpy_PCG64_SeedSequence,768,32.0,16.0,32,494209,0.0040002271345476285,0.0040002261993085705,0.00400022619930857,0.2560145366110482,0.2560144767557485,0.25601447675574845,2887.8462397432722,,0.004026636503989203,0.004026636503989203,0.002015341687423742,0.0020112948165654614,4.046870858280606e-06,0.0010050251256281408,1.0,0.0,3.141378748001653,1.0066019674766695,1.00660220281673,1.0066022028167303,1.0066019674766695,1.00660220281673,0.0038875960445776993,0.0038418734144909585,0.9718438263174608,0.9604138178332272
32,0.5,0.5,0.3183098861837907,1.5707963267948966,0.125,24,123,1,numpy_PCG64_SeedSequence,768,32.0,16.0,32,494209,0.0040002271345476285,0.0040002261993085705,0.00400022619930857,0.2560145366110482,0.2560144767557485,0.25601447675574845,2887.8462397432722,,0.003990214666264678,0.003990214666264678,0.0019890370268449177,0.0020011776394197596,-1.2140612574841818e-05,0.0030425963488843813,1.0,0.0,3.1415848788500336,0.9974970250572827,0.9974972582686391,0.9974972582686393,0.9974970250572827,0.9974972582686391,0.004037436943524435,0.003988870200798902,1.009301924047124,0.9971609277756647
32,0.5,0.5,0.3183098861837907,1.5707963267948966,0.125,24,123,2,numpy_PCG64_SeedSequence,768,32.0,16.0,32,494209,0.0040002271345476285,0.0040002261993085705,0.00400022619930857,0.2560145366110482,0.2560144767557485,0.25601447675574845,2887.8462397432722,,0.003860714798799698,0.003860714798799698,0.0019263105285415685,0.0019344042702581297,-8.093741716561212e-06,0.0020964360587002098,1.0,0.0,3.141095281624999,0.9651238964550178,0.9651241220976488,0.965124122097649,0.9651238964550178,0.9651241220976488,0.003907890035747435,0.0038603859541009324,0.9769170360345962,0.9650416899483109
32,0.5,0.5,0.3183098861837907,1.5707963267948966,0.125,24,123,3,numpy_PCG64_SeedSequence,768,32.0,16.0,32,494209,0.0040002271345476285,0.0040002261993085705,0.00400022619930857,0.2560145366110482,0.2560144767557485,0.25601447675574845,2887.8462397432722,,0.004018542762272642,0.004018542762272642,0.0020011776394197596,0.002017365122852882,-1.6187483433122424e-05,0.004028197381671702,1.0,0.0,3.1414292430307635,1.0045786469390279,1.0045788818060433,1.0045788818060433,1.0045786469390279,1.0045788818060433,0.004005025354208553,0.003958332438576898,1.001199486804008,0.9895269207068492
32,0.5,0.5,0.3183098861837907,1.5707963267948966,0.125,24,2023,0,numpy_PCG64_SeedSequence,768,32.0,16.0,32,494209,0.0040002271345476285,0.0040002261993085705,0.00400022619930857,0.2560145366110482,0.2560144767557485,0.25601447675574845,2887.8462397432722,,0.003990214666264678,0.003990214666264678,0.0019930838977031983,0.001997130768561479,-4.046870858280606e-06,0.0010141987829614604,1.0,0.0,3.1414735336923303,0.9974970250572827,0.9974972582686391,0.9974972582686393,0.9974970250572827,0.9974972582686391,0.004006781862448293,0.00395841540088149,1.0016385889301274,0.9895476601053388
32,0.5,0.5,0.3183098861837907,1.5707963267948966,0.125,24,2023,1,numpy_PCG64_SeedSequence,768,32.0,16.0,32,494209,0.0040002271345476285,0.0040002261993085705,0.00400022619930857,0.2560145366110482,0.2560144767557485,0.25601447675574845,2887.8462397432722,,0.00394367565139445,0.00394367565139445,0.0019789198496992164,0.0019647558016952344,1.416404800398212e-05,0.0035915854284248334,1.0,0.0,3.1413014137095554,0.9858629319658436,0.9858631624571893,0.9858631624571895,0.9858629319658436,0.9858631624571893,0.003935412339472956,0.0038879913205410598,0.9837972212840354,0.9719426396973178
32,0.5,0.5,0.3183098861837907,1.5707963267948966,0.125,24,2023,2,numpy_PCG64_SeedSequence,768,32.0,16.0,32,494209,0.0040002271345476285,0.0040002261993085705,0.00400022619930857,0.2560145366110482,0.2560144767557485,0.25601447675574845,2887.8462397432722,,0.003978074053689835,0.003978074053689835,0.0019991542039906195,0.0019789198496992164,2.023435429140303e-05,0.00508646998982706,1.0,0.0,3.141266615887511,0.9944620442508202,0.9944622767526087,0.9944622767526089,0.9944620442508202,0.9944622767526087,0.0040042931270467255,0.003956115767370693,1.0010164404075912,0.9889727843711744
32,0.5,0.5,0.3183098861837907,1.5707963267948966,0.125,24,2023,3,numpy_PCG64_SeedSequence,768,32.0,16.0,32,494209,0.0040002271345476285,0.0040002261993085705,0.00400022619930857,0.2560145366110482,0.2560144767557485,0.25601447675574845,2887.8462397432722,,0.003969980311973274,0.003969980311973274,0.0019890370268449177,0.0019809432851283565,8.093741716561212e-06,0.0020387359836901123,1.0,0.0,3.1414713479630105,0.9924387237131786,0.9924389557419218,0.992438955741922,0.9924387237131786,0.9924389557419218,0.003889716202193924,0.0038419914521320812,0.9723738356256608,0.9604433255679514
32,0.5,0.5,0.3183098861837907,1.5707963267948966,0.125,24,314159,0,numpy_PCG64_SeedSequence,768,32.0,16.0,32,494209,0.0040002271345476285,0.0040002261993085705,0.00400022619930857,0.2560145366110482,0.2560144767557485,0.25601447675574845,2887.8462397432722,,0.0039841443599772566,0.0039841443599772566,0.001995107333132339,0.0019890370268449177,6.070306287420909e-06,0.0015236160487557136,1.0,0.0,3.141305048427004,0.9959795346540514,0.9959797675106239,0.9959797675106241,0.9959795346540514,0.9959797675106239,0.003947599635511019,0.0039000459581747865,0.9868438722936265,0.9749561279889245
32,0.5,0.5,0.3183098861837907,1.5707963267948966,0.125,24,314159,1,numpy_PCG64_SeedSequence,768,32.0,16.0,32,494209,0.0040002271345476285,0.0040002261993085705,0.00400022619930857,0.2560145366110482,0.2560144767557485,0.25601447675574845,2887.8462397432722,,0.004117691098300517,0.004117691098300517,0.0020598572668648284,0.0020578338314356883,2.023435429140303e-06,0.0004914004914004914,1.0,0.0,3.141446448923997,1.029364323525137,1.0293645641869578,1.029364564186958,1.029364323525137,1.0293645641869578,0.003983247914090772,0.003935227689039547,0.9957554359075722,0.9837510612968151
32,0.5,0.5,0.3183098861837907,1.5707963267948966,0.125,24,314159,2,numpy_PCG64_SeedSequence,768,32.0,16.0,32,494209,0.0040002271345476285,0.0040002261993085705,0.00400022619930857,0.2560145366110482,0.2560144767557485,0.25601447675574845,2887.8462397432722,,0.0039214178616739075,0.0039214178616739075,0.0019586854954078132,0.001962732366266094,-4.046870858280606e-06,0.0010319917440660474,1.0,0.0,3.1401649773948144,0.9802988004873295,0.9802990296778006,0.9802990296778007,0.9802988004873295,0.9802990296778006,0.004039082330563023,0.00399082000232929,1.0097132474503323,0.9976483504806279
32,0.5,0.5,0.3183098861837907,1.5707963267948966,0.125,24,314159,3,numpy_PCG64_SeedSequence,768,32.0,16.0,32,494209,0.0040002271345476285,0.0040002261993085705,0.00400022619930857,0.2560145366110482,0.2560144767557485,0.25601447675574845,2887.8462397432722,,0.003955816263969293,0.003955816263969293,0.001982966720557497,0.001972849543411795,1.0117177145701514e-05,0.0025575447570332483,1.0,0.0,3.1415307192410697,0.9888979127723061,0.9888981439732198,0.9888981439732201,0.9888979127723061,0.9888981439732198,0.004017270588989796,0.003968642939378735,1.0042606216769476,0.9921043995486858
32,0.5,0.5,0.3183098861837907,1.5707963267948966,0.125,24,271828,0,numpy_PCG64_SeedSequence,768,32.0,16.0,32,494209,0.0040002271345476285,0.0040002261993085705,0.00400022619930857,0.2560145366110482,0.2560144767557485,0.25601447675574845,2887.8462397432722,,0.004046870858280606,0.004046870858280606,0.002015341687423742,0.002031529170856864,-1.6187483433122424e-05,0.004,1.0,0.0,3.141003057609572,1.0116602688207732,1.0116605053434473,1.0116605053434475,1.0116602688207732,1.0116605053434473,0.0039522907078045596,0.0039049623710305293,0.9880165737767563,0.9761851614138725
32,0.5,0.5,0.3183098861837907,1.5707963267948966,0.125,24,271828,1,numpy_PCG64_SeedSequence,768,32.0,16.0,32,494209,0.0040002271345476285,0.0040002261993085705,0.00400022619930857,0.2560145366110482,0.2560144767557485,0.25601447675574845,2887.8462397432722,,0.003907253813669925,0.003907253813669925,0.001956662059978673,0.001950591753691252,6.070306287420909e-06,0.0015535991714137752,1.0,0.0,3.1415888444664173,0.9767579895464568,0.9767582179090983,0.9767582179090986,0.9767579895464568,0.9767582179090983,0.003914168882573318,0.0038675634026504382,0.9784866586121884,0.9668359502010646
32,0.5,0.5,0.3183098861837907,1.5707963267948966,0.125,24,271828,2,numpy_PCG64_SeedSequence,768,32.0,16.0,32,494209,0.0040002271345476285,0.0040002261993085705,0.00400022619930857,0.2560145366110482,0.2560144767557485,0.25601447675574845,2887.8462397432722,,0.0038951132010950833,0.0038951132010950833,0.0019445214474038313,0.001950591753691252,-6.070306287420909e-06,0.0015584415584415584,1.0,0.0,3.141470625090841,0.9737230087399944,0.973723236393068,0.9737232363930682,0.9737230087399944,0.973723236393068,0.0038966213762789887,0.0038512107999638732,0.9741000311272684,0.9627480316563056
32,0.5,0.5,0.3183098861837907,1.5707963267948966,0.125,24,271828,3,numpy_PCG64_SeedSequence,768,32.0,16.0,32,494209,0.0040002271345476285,0.0040002261993085705,0.00400022619930857,0.2560145366110482,0.2560144767557485,0.25601447675574845,2887.8462397432722,,0.0039517693931110116,0.0039517693931110116,0.0019667792371243745,0.001984990155986637,-1.8210918862262726e-05,0.004608294930875576,1.0,0.0,3.1411632452431597,0.9878862525034852,0.9878864834678762,0.9878864834678764,0.9878862525034852,0.9878864834678762,0.0040095061774458205,0.003961961041966119,1.0023196290075767,0.990434020045755
32,0.75,0.75,0.477464829275686,1.5707963267948966,0.125,24,42,0,numpy_PCG64_SeedSequence,768,32.0,16.0,32,494209,0.005151385944777189,0.005151380414034681,0.005151380414034684,0.3296887004657401,0.3296883464982196,0.32968834649821976,4345.034731741177,,0.005115244764866686,0.005115244764866686,0.002557622382433343,0.002557622382433343,0.0,0.0,1.0,0.0,3.1414424566348487,0.9929841832279824,0.9929852493383045,0.992985249338304,0.9929841832279824,0.9929852493383045,0.005092014097609534,0.005004840507720365,0.9884745876538623,0.971552231064069
32,0.75,0.75,0.477464829275686,1.5707963267948966,0.125,24,42,1,numpy_PCG64_SeedSequence,768,32.0,16.0,32,494209,0.005151385944777189,0.005151380414034681,0.005151380414034684,0.3296887004657401,0.3296883464982196,0.32968834649821976,4345.034731741177,,0.005113221329437546,0.005113221329437546,0.0025535755115750625,0.002559645817862483,-6.070306287420909e-06,0.001187178472497032,1.0,0.0,3.1413923561638675,0.9925913888517056,0.9925924545403068,0.9925924545403063,0.9925913888517056,0.9925924545403068,0.005114496531014591,0.0050270428541135505,0.9928389341901283,0.9758622064049179
32,0.75,0.75,0.477464829275686,1.5707963267948966,0.125,24,42,2,numpy_PCG64_SeedSequence,768,32.0,16.0,32,494209,0.005151385944777189,0.005151380414034681,0.005151380414034684,0.3296887004657401,0.3296883464982196,0.32968834649821976,4345.034731741177,,0.00521236966546542,0.00521236966546542,0.0026082082681618507,0.00260416139730357,4.046870858280606e-06,0.0007763975155279503,1.0,0.0,3.14155599255795,1.0118383132892732,1.0118393996421964,1.0118393996421957,1.0118383132892732,1.0118393996421964,0.005160871723874917,0.005069908113006704,1.001841403303774,0.9841833183061944
32,0.75,0.75,0.477464829275686,1.5707963267948966,0.125,24,42,3,numpy_PCG64_SeedSequence,768,32.0,16.0,32,494209,0.005151385944777189,0.005151380414034681,0.005151380414034684,0.3296887004657401,0.3296883464982196,0.32968834649821976,4345.034731741177,,0.005111197894008405,0.005111197894008405,0.002551552076145922,0.002559645817862483,-8.093741716561212e-06,0.001583531274742676,1.0,0.0,3.140792156447703,0.9921985944754286,0.992199659742309,0.9921996597423084,0.9921985944754286,0.992199659742309,0.005131229432742847,0.005041207306578016,0.9960871671720155,0.9786118455537428
32,0.75,0.75,0.477464829275686,1.5707963267948966,0.125,24,7,0,numpy_PCG64_SeedSequence,768,32.0,16.0,32,494209,0.005151385944777189,0.005151380414034681,0.005151380414034684,0.3296887004657401,0.3296883464982196,0.32968834649821976,4345.034731741177,,0.00507275262085474,0.00507275262085474,0.0025313177218545192,0.0025414348990002206,-1.0117177145701514e-05,0.001994415636218588,1.0,0.0,3.141463443747912,0.9847355013261677,0.9847365585803518,0.9847365585803514,0.9847355013261677,0.9847365585803518,0.005116532024333552,0.005028674799910169,0.9932340692743135,0.9761790038287788
32,0.75,0.75,0.477464829275686,1.5707963267948966,0.125,24,7,1,numpy_PCG64_SeedSequence,768,32.0,16.0,32,494209,0.005151385944777189,0.005151380414034681,0.005151380414034684,0.3296887004657401,0.3296883464982196,0.32968834649821976,4345.034731741177,,0.005163807215166053,0.005163807215166053,0.0025819036075830264,0.0025819036075830264,0.0,0.0,1.0,0.0,3.1412555517394662,1.0024112482586278,1.0024123244902503,1.0024123244902499,1.0024112482586278,1.0024123244902503,0.005083349877379321,0.004995791950366382,0.9867926674244146,0.9697957023451993
32,0.75,0.75,0.477464829275686,1.5707963267948966,0.125,24,7,2,numpy_PCG64_SeedSequence,768,32.0,16.0,32,494209,0.005151385944777189,0.005151380414034681,0.005151380414034684,0.3296887004657401,0.3296883464982196,0.32968834649821976,4345.034731741177,,0.005254861809477367,0.005254861809477367,0.0026284426224532534,0.0026264191870241133,2.023435429140303e-06,0.0003850596842510589,1.0,0.0,3.141532430806808,1.020086995191088,1.020088090400149,1.0200880904001484,1.020086995191088,1.020088090400149,0.0051539463022329006,0.0050654046773588365,1.0004970230309198,0.9833091000480121
32,0.75,0.75,0.477464829275686,1.5707963267948966,0.125,24,7,3,numpy_PCG64_SeedSequence,768,32.0,16.0,32,494209,0.005151385944777189,0.005151380414034681,0.005151380414034684,0.3296887004657401,0.3296883464982196,0.32968834649821976,4345.034731741177,,0.004963487107681163,0.004963487107681163,0.0024827552715551517,0.0024807318361260117,2.023435429140303e-06,0.00040766408479412964,1.0,0.0,3.141068864162463,0.9635246050072156,0.9635256394884735,0.9635256394884729,0.9635246050072156,0.9635256394884735,0.005065481404652651,0.004978300579381083,0.983323994543326,0.9664002334028978
32,0.75,0.75,0.477464829275686,1.5707963267948966,0.125,24,123,0,numpy_PCG64_SeedSequence,768,32.0,16.0,32,494209,0.005151385944777189,0.005151380414034681,0.005151380414034684,0.3296887004657401,0.3296883464982196,0.32968834649821976,4345.034731741177,,0.005070729185425599,0.005070729185425599,0.00253738802814194,0.0025333411572836593,4.046870858280606e-06,0.0007980845969672786,1.0,0.0,3.141564968529205,0.9843427069498908,0.9843437637823539,0.9843437637823534,0.9843427069498908,0.9843437637823539,0.005162874521666411,0.005072251600694069,1.0022301914499088,0.984638242032059
32,0.75,0.75,0.477464829275686,1.5707963267948966,0.125,24,123,1,numpy_PCG64_SeedSequence,768,32.0,16.0,32,494209,0.005151385944777189,0.005151380414034681,0.005151380414034684,0.3296887004657401,0.3296883464982196,0.32968834649821976,4345.034731741177,,0.005222486842611122,0.005222486842611122,0.0026082082681618507,0.0026142785744492714,-6.070306287420909e-06,0.001162340178225494,1.0,0.0,3.1401193911741663,1.0138022851706576,1.013803373632185,1.0138033736321845,1.0138022851706576,1.013803373632185,0.005148026649071151,0.005059637188362955,0.9993478850658736,0.9821895005736747
32,0.75,0.75,0.477464829275686,1.5707963267948966,0.125,24,123,2,numpy_PCG64_SeedSequence,768,32.0,16.0,32,494209,0.005151385944777189,0.005151380414034681,0.005151380414034684,0.3296887004657401,0.3296883464982196,0.32968834649821976,4345.034731741177,,0.004973604284826865,0.004973604284826865,0.0024948958841299936,0.002478708400696871,1.6187483433122424e-05,0.0032546786004882017,1.0,0.0,3.140537827786529,0.9654885768886,0.9654896134784622,0.9654896134784616,0.9654885768886,0.9654896134784622,0.005114429736018964,0.005025949173391336,0.9928259677775271,0.9756498983515244
32,0.75,0.75,0.477464829275686,1.5707963267948966,0.125,24,123,3,numpy_PCG64_SeedSequence,768,32.0,16.0,32,494209,0.005151385944777189,0.005151380414034681,0.005151380414034684,0.3296887004657401,0.3296883464982196,0.32968834649821976,4345.034731741177,,0.005224510278040263,0.005224510278040263,0.002618325445307552,0.00260618483273271,1.2140612574841818e-05,0.0023237800154918666,1.0,0.0,3.141509651845974,1.0141950795469346,1.0141961684301828,1.0141961684301823,1.0141950795469346,1.0141961684301828,0.005071130191470125,0.004983768321020366,0.9844205512521476,0.9674616451662363
32,0.75,0.75,0.477464829275686,1.5707963267948966,0.125,24,2023,0,numpy_PCG64_SeedSequence,768,32.0,16.0,32,494209,0.005151385944777189,0.005151380414034681,0.005151380414034684,0.3296887004657401,0.3296883464982196,0.32968834649821976,4345.034731741177,,0.005151666602591211,0.005151666602591211,0.0025657161241499043,0.002585950478441307,-2.023435429140303e-05,0.003927729772191673,1.0,0.0,3.140668675360101,1.0000544820009665,1.000055555702264,1.0000555557022635,1.0000544820009665,1.000055555702264,0.0051606100150327905,0.00507221460008361,1.0017905997249057,0.9846310593804666
32,0.75,0.75,0.477464829275686,1.5707963267948966,0.125,24,2023,1,numpy_PCG64_SeedSequence,768,32.0,16.0,32,494209,0.005151385944777189,0.005151380414034681,0.005151380414034684,0.3296887004657401,0.3296883464982196,0.32968834649821976,4345.034731741177,,0.005175947827740895,0.005175947827740895,0.0025798801721538863,0.002596067655587009,-1.6187483433122424e-05,0.003127443315089914,1.0,0.0,3.141149144951621,1.0047680145162892,1.004769093278237,1.0047690932782363,1.0047680145162892,1.004769093278237,0.005198213869291311,0.005109599244719855,1.0090903545213108,0.9918882606534848
32,0.75,0.75,0.477464829275686,1.5707963267948966,0.125,24,2023,2,numpy_PCG64_SeedSequence,768,32.0,16.0,32,494209,0.005151385944777189,0.005151380414034681,0.005151380414034684,0.3296887004657401,0.3296883464982196,0.32968834649821976,4345.034731741177,,0.005129408812870668,0.005129408812870668,0.002559645817862483,0.002569762995008185,-1.0117177145701514e-05,0.0019723865877712033,1.0,0.0,3.1414806522893413,0.9957337438619206,0.9957348129242886,0.9957348129242881,0.9957337438619206,0.9957348129242886,0.00509118670775726,0.00500338000489912,0.9883139726541043,0.971268714581922
32,0.75,0.75,0.477464829275686,1.5707963267948966,0.125,24,2023,3,numpy_PCG64_SeedSequence,768,32.0,16.0,32,494209,0.005151385944777189,0.005151380414034681,0.005151380414034684,0.3296887004657401,0.3296883464982196,0.32968834649821976,4345.034731741177,,0.005080846362571301,0.005080846362571301,0.0025353645927127994,0.002545481769858501,-1.0117177145701514e-05,0.001991238550378335,1.0,0.0,3.140688756767449,0.9863066788312753,0.9863077377723428,0.9863077377723423,0.9863066788312753,0.9863077377723428,0.0049764397273358765,0.00489168214079147,0.9660390001221546,0.9495856441800825
32,0.75,0.75,0.477464829275686,1.5707963267948966,0.125,24,314159,0,numpy_PCG64_SeedSequence,768,32.0,16.0,32,494209,0.005151385944777189,0.005151380414034681,0.005151380414034684,0.3296887004657401,0.3296883464982196,0.32968834649821976,4345.034731741177,,0.004991815203689127,0.004991815203689127,0.002490849013271713,0.0025009661904174143,-1.0117177145701514e-05,0.002026753141467369,1.0,0.0,3.1414507243483683,0.969023726275092,0.9690247666604419,0.9690247666604414,0.969023726275092,0.9690247666604419,0.005071694806827433,0.004981830374173437,0.9845301558058269,0.9670854460486193
32,0.75,0.75,0.477464829275686,1.5707963267948966,0.125,24,314159,1,numpy_PCG64_SeedSequence,768,32.0,16.0,32,494209,0.005151385944777189,0.005151380414034681,0.005151380414034684,0.3296887004657401,0.3296883464982196,0.32968834649821976,4345.034731741177,,0.005131432248299809,0.005131432248299809,0.0025616692532916237,0.002569762995008185,-8.093741716561212e-06,0.0015772870662460567,1.0,0.0,3.1415824677962516,0.9961265382381976,0.9961276077222865,0.996127607722286,0.9961265382381976,0.9961276077222865,0.005165919338171911,0.005076038957740806,1.0028212588904266,0.9853734533106037
32,0.75,0.75,0.477464829275686,1.5707963267948966,0.125,24,314159,2,numpy_PCG64_SeedSequence,768,32.0,16.0,32,494209,0.005151385944777189,0.005151380414034681,0.005151380414034684,0.3296887004657401,0.3296883464982196,0.32968834649821976,4345.034731741177,,0.005269025857481349,0.005269025857481349,0.002630466057882394,0.002638559799598955,-8.093741716561212e-06,0.0015360983102918587,1.0,0.0,3.14156081698482,1.0228365558250263,1.0228376539861332,1.0228376539861328,1.0228365558250263,1.0228376539861332,0.005122769307794628,0.0050342938795338655,0.994444866432193,0.9772697937024036
32,0.75,0.75,0.477464829275686,1.5707963267948966,0.125,24,314159,3,numpy_PCG64_SeedSequence,768,32.0,16.0,32,494209,0.005151385944777189,0.005151380414034681,0.005151380414034684,0.3296887004657401,0.3296883464982196,0.32968834649821976,4345.034731741177,,0.005198205617461439,0.005198205617461439,0.0026001145264452894,0.002598091091016149,2.023435429140303e-06,0.00038925652004671076,1.0,0.0,3.1415249067267723,1.0090887526553352,1.0090898360562122,1.0090898360562117,1.0090887526553352,1.0090898360562122,0.005209818494187446,0.005118170880257761,1.0113430735022872,0.9935522081095275
32,0.75,0.75,0.477464829275686,1.5707963267948966,0.125,24,271828,0,numpy_PCG64_SeedSequence,768,32.0,16.0,32,494209,0.005151385944777189,0.005151380414034681,0.005151380414034684,0.3296887004657401,0.3296883464982196,0.32968834649821976,4345.034731741177,,0.005155713473449492,0.005155713473449492,0.002577856736724746,0.002577856736724746,0.0,0.0,1.0,0.0,3.1414923008634297,1.0008400707535203,1.0008411452982595,1.000841145298259,1.0008400707535203,1.0008411452982595,0.00516666516211438,0.00507712809999291,1.0029660401105613,0.9855848803447611
32,0.75,0.75,0.477464829275686,1.5707963267948966,0.125,24,271828,1,numpy_PCG64_SeedSequence,768,32.0,16.0,32,494209,0.005151385944777189,0.005151380414034681,0.005151380414034684,0.3296887004657401,0.3296883464982196,0.32968834649821976,4345.034731741177,,0.005086916668858721,0.005086916668858721,0.0025414348990002206,0.002545481769858501,-4.046870858280606e-06,0.0007955449482895784,1.0,0.0,3.141579591083437,0.9874850619601059,0.9874861221663359,0.9874861221663355,0.9874850619601059,0.9874861221663359,0.005089687530237516,0.005001643621976186,0.9880229485421826,0.9709316435603467
32,0.75,0.75,0.477464829275686,1.5707963267948966,0.125,24,271828,2,numpy_PCG64_SeedSequence,768,32.0,16.0,32,494209,0.005151385944777189,0.005151380414034681,0.005151380414034684,0.3296887004657401,0.3296883464982196,0.32968834649821976,4345.034731741177,,0.005167854086024334,0.005167854086024334,0.0025879739138704476,0.0025798801721538863,8.093741716561212e-06,0.0015661707126076742,1.0,0.0,3.141146982188083,1.0031968370111817,1.003197914086246,1.0031979140862455,1.0031968370111817,1.003197914086246,0.005117119049683338,0.005028836968971815,0.9933480241121143,0.9762104844950276
32,0.75,0.75,0.477464829275686,1.5707963267948966,0.125,24,271828,3,numpy_PCG64_SeedSequence,768,32.0,16.0,32,494209,0.005151385944777189,0.005151380414034681,0.005151380414034684,0.3296887004657401,0.3296883464982196,0.32968834649821976,4345.034731741177,,0.005169877521453474,0.005169877521453474,0.0025879739138704476,0.0025819036075830264,6.070306287420909e-06,0.0011741682974559687,1.0,0.0,3.141179620142951,1.0035896313874584,1.0035907088842435,1.003590708884243,1.0035896313874584,1.0035907088842435,0.005180309404113347,0.0050907742769196115,1.0056146946950233,0.988233910542263
48,0.1,0.1,0.06366197723675814,1.5707963267948966,0.08333333333333333,24,42,0,numpy_PCG64_SeedSequence,1152,48.0,24.0,48,1113025,0.0013801171180259756,0.0013801171180259754,0.0013801171180259756,0.1987368649957405,0.19873686499574048,0.1987368649957405,577.5271544749826,,0.0013791244581208867,0.0013791244581208867,0.0006927068125154422,0.0006864176456054446,6.2891669099975295e-06,0.004560260586319218,1.0,0.0,3.141516357926461,0.9992807422702584,0.9992807422702585,0.9992807422702584,0.9992807422702584,0.9992807422702585,0.0013747693926647398,0.0013703568643773035,0.9961251655447294,0.9929279526199686
48,0.1,0.1,0.06366197723675814,1.5707963267948966,0.08333333333333333,24,42,1,numpy_PCG64_SeedSequence,1152,48.0,24.0,48,1113025,0.0013801171180259756,0.0013801171180259754,0.0013801171180259756,0.1987368649957405,0.19873686499574048,0.1987368649957405,577.5271544749826,,0.0013926012443565958,0.0013926012443565958,0.0006989959794254397,0.000693605264931156,5.390714494283596e-06,0.003870967741935484,1.0,0.0,3.140725429758036,1.0090457006637787,1.009045700663779,1.0090457006637787,1.0090457006637787,1.009045700663779,0.0013807292719133291,0.0013760513703716414,1.0004435521300026,0.9970540560643508
48,0.1,0.1,0.06366197723675814,1.5707963267948966,0.08333333333333333,24,42,2,numpy_PCG64_SeedSequence,1152,48.0,24.0,48,1113025,0.0013801171180259756,0.0013801171180259754,0.0013801171180259756,0.1987368649957405,0.19873686499574048,0.1987368649957405,577.5271544749826,,0.0013539677904808966,0.0013539677904808966,0.0006756362166168774,0.0006783315738640192,-2.695357247141798e-06,0.0019907100199071004,1.0,0.0,3.1414702606926053,0.9810528199356869,0.981052819935687,0.9810528199356869,0.9810528199356869,0.981052819935687,0.0013233818183120655,0.0013194101799071157,0.9588909528235833,0.9560131982090831
48,0.1,0.1,0.06366197723675814,1.5707963267948966,0.08333333333333333,24,42,3,numpy_PCG64_SeedSequence,1152,48.0,24.0,48,1113025,0.0013801171180259756,0.0013801171180259754,0.0013801171180259756,0.1987368649957405,0.19873686499574048,0.1987368649957405,577.5271544749826,,0.0013692414815480334,0.0013692414815480334,0.0006846207407740167,0.0006846207407740167,0.0,0.0,1.0,0.0,3.141582289568531,0.9921197727816767,0.9921197727816768,0.9921197727816767,0.9921197727816767,0.9921197727816768,0.0013761352447019281,0.0013717009705670176,0.9971148294068384,0.9939018599588157
48,0.1,0.1,0.06366197723675814,1.5707963267948966,0.08333333333333333,24,7,0,numpy_PCG64_SeedSequence,1152,48.0,24.0,48,1113025,0.0013801171180259756,0.0013801171180259754,0.0013801171180259756,0.1987368649957405,0.19873686499574048,0.1987368649957405,577.5271544749826,,0.0013836167201994563,0.0013836167201994563,0.000695402169762584,0.0006882145504368724,7.187619325711462e-06,0.005194805194805195,1.0,0.0,3.141446551074713,1.0025357284014318,1.002535728401432,1.0025357284014318,1.0025357284014318,1.002535728401432,0.0013718562224985839,0.001367291993700892,0.9940143518115278,0.9907072203093693
48,0.1,0.1,0.06366197723675814,1.5707963267948966,0.08333333333333333,24,7,1,numpy_PCG64_SeedSequence,1152,48.0,24.0,48,1113025,0.0013801171180259756,0.0013801171180259754,0.0013801171180259756,0.1987368649957405,0.19873686499574048,0.1987368649957405,577.5271544749826,,0.0013863120774465982,0.0013863120774465982,0.0006918083600997282,0.00069450371734687,-2.695357247141798e-06,0.0019442644199611147,1.0,0.0,3.14104370597784,1.004488720080136,1.004488720080136,1.004488720080136,1.004488720080136,1.004488720080136,0.0013658846434977526,0.0013616057744938704,0.9896874878643777,0.9865871212737491
48,0.1,0.1,0.06366197723675814,1.5707963267948966,0.08333333333333333,24,7,2,numpy_PCG64_SeedSequence,1152,48.0,24.0,48,1113025,0.0013801171180259756,0.0013801171180259754,0.0013801171180259756,0.1987368649957405,0.19873686499574048,0.1987368649957405,577.5271544749826,,0.001442914579636576,0.001442914579636576,0.0007268480043125716,0.0007160665753240044,1.0781428988567192e-05,0.007471980074719801,1.0,0.0,3.1414480174914097,1.0455015453329217,1.045501545332922,1.0455015453329217,1.0455015453329217,1.045501545332922,0.0013972262680774132,0.0013921540234565835,1.012396882719569,1.0087216550489748
48,0.1,0.1,0.06366197723675814,1.5707963267948966,0.08333333333333333,24,7,3,numpy_PCG64_SeedSequence,1152,48.0,24.0,48,1113025,0.0013801171180259756,0.0013801171180259754,0.0013801171180259756,0.1987368649957405,0.19873686499574048,0.1987368649957405,577.5271544749826,,0.001362053862222322,0.001362053862222322,0.000681026931111161,0.000681026931111161,0.0,0.0,1.0,0.0,3.141221744597209,0.9869117949717992,0.9869117949717993,0.9869117949717992,0.9869117949717992,0.9869117949717993,0.001385573283514794,0.0013810418434868149,1.0039534075895113,1.0006700340491117
48,0.1,0.1,0.06366197723675814,1.5707963267948966,0.08333333333333333,24,123,0,numpy_PCG64_SeedSequence,1152,48.0,24.0,48,1113025,0.0013801171180259756,0.0013801171180259754,0.0013801171180259756,0.1987368649957405,0.19873686499574048,0.1987368649957405,577.5271544749826,,0.0013943981491880237,0.0013943981491880237,0.0006963006221782979,0.0006980975270097257,-1.7969048314278655e-06,0.001288659793814433,1.0,0.0,3.1415548998732943,1.0103476951162482,1.0103476951162484,1.0103476951162482,1.0103476951162482,1.0103476951162484,0.0013624259010886115,0.0013581521571418328,0.9871813654752225,0.984084712378932
48,0.1,0.1,0.06366197723675814,1.5707963267948966,0.08333333333333333,24,123,1,numpy_PCG64_SeedSequence,1152,48.0,24.0,48,1113025,0.0013801171180259756,0.0013801171180259754,0.0013801171180259756,0.1987368649957405,0.19873686499574048,0.1987368649957405,577.5271544749826,,0.001377327553289459,0.001377327553289459,0.0006891130028525864,0.0006882145504368724,8.984524157139328e-07,0.0006523157208088715,1.0,0.0,3.1415283282015696,0.9979787478177891,0.9979787478177892,0.9979787478177891,0.9979787478177891,0.9979787478177892,0.0013458943913869507,0.0013416071157050496,0.9752030271981738,0.9720965693288348
48,0.1,0.1,0.06366197723675814,1.5707963267948966,0.08333333333333333,24,123,2,numpy_PCG64_SeedSequence,1152,48.0,24.0,48,1113025,0.0013801171180259756,0.0013801171180259754,0.0013801171180259756,0.1987368649957405,0.19873686499574048,0.1987368649957405,577.5271544749826,,0.0013836167201994563,0.0013836167201994563,0.0006918083600997282,0.0006918083600997282,0.0,0.0,1.0,0.0,3.1415755642008802,1.0025357284014318,1.002535728401432,1.0025357284014318,1.0025357284014318,1.002535728401432,0.0014025657223523489,0.0013980293760161187,1.0162657241426598,1.0129787956081318
48,0.1,0.1,0.06366197723675814,1.5707963267948966,0.08333333333333333,24,123,3,numpy_PCG64_SeedSequence,1152,48.0,24.0,48,1113025,0.0013801171180259756,0.0013801171180259754,0.0013801171180259756,0.1987368649957405,0.19873686499574048,0.1987368649957405,577.5271544749826,,0.001361155409806608,0.001361155409806608,0.000681925383526875,0.0006792300262797331,2.695357247141798e-06,0.0019801980198019802,1.0,0.0,3.1412295553861735,0.9862607977455645,0.9862607977455646,0.9862607977455645,0.9862607977455645,0.9862607977455646,0.0014165609080831637,0.0014118594547717102,1.026406302466065,1.0229997413488623
48,0.1,0.1,0.06366197723675814,1.5707963267948966,0.08333333333333333,24,2023,0,numpy_PCG64_SeedSequence,1152,48.0,24.0,48,1113025,0.0013801171180259756,0.0013801171180259754,0.0013801171180259756,0.1987368649957405,0.19873686499574048,0.1987368649957405,577.5271544749826,,0.00136385076705375,0.00136385076705375,0.000681026931111161,0.0006828238359425889,-1.7969048314278655e-06,0.0013175230566534915,1.0,0.0,3.1413736829843835,0.9882137894242686,0.9882137894242687,0.9882137894242686,0.9882137894242686,0.9882137894242687,0.0014140832953796344,0.0014093825534592986,1.0246110832986708,1.021205037638532
48,0.1,0.1,0.06366197723675814,1.5707963267948966,0.08333333333333333,24,2023,1,numpy_PCG64_SeedSequence,1152,48.0,24.0,48,1113025,0.0013801171180259756,0.0013801171180259754,0.0013801171180259756,0.1987368649957405,0.19873686499574048,0.1987368649957405,577.5271544749826,,0.0013467801711551852,0.0013467801711551852,0.0006765346690325914,0.0006702455021225938,6.2891669099975295e-06,0.004669779853235491,1.0,0.0,3.14129162953311,0.9758448421258094,0.9758448421258095,0.9758448421258094,0.9758448421258094,0.9758448421258095,0.0013625731573126956,0.0013581401585270108,0.9872880638286888,0.9840760184683462
48,0.1,0.1,0.06366197723675814,1.5707963267948966,0.08333333333333333,24,2023,2,numpy_PCG64_SeedSequence,1152,48.0,24.0,48,1113025,0.0013801171180259756,0.0013801171180259754,0.0013801171180259756,0.1987368649957405,0.19873686499574048,0.1987368649957405,577.5271544749826,,0.0013530693380651828,0.0013530693380651828,0.0006774331214483053,0.0006756362166168774,1.7969048314278655e-06,0.0013280212483399733,1.0,0.0,3.1410833232929507,0.9804018227094523,0.9804018227094524,0.9804018227094523,0.9804018227094523,0.9804018227094524,0.0013993546423755354,0.0013948659888502182,1.0139390520545646,1.01068668059515
48,0.1,0.1,0.06366197723675814,1.5707963267948966,0.08333333333333333,24,2023,3,numpy_PCG64_SeedSequence,1152,48.0,24.0,48,1113025,0.0013801171180259756,0.0013801171180259754,0.0013801171180259756,0.1987368649957405,0.19873686499574048,0.1987368649957405,577.5271544749826,,0.0013917027919408819,0.0013917027919408819,0.0006971990745940119,0.00069450371734687,2.695357247141798e-06,0.001936733376371853,1.0,0.0,3.1414344659393123,1.0083947034375442,1.0083947034375444,1.0083947034375442,1.0083947034375442,1.0083947034375444,0.0013869242123227283,0.0013821856198996398,1.0049322584350588,1.0014987872019316
48,0.1,0.1,0.06366197723675814,1.5707963267948966,0.08333333333333333,24,314159,0,numpy_PCG64_SeedSequence,1152,48.0,24.0,48,1113025,0.0013801171180259756,0.0013801171180259754,0.0013801171180259756,0.1987368649957405,0.19873686499574048,0.1987368649957405,577.5271544749826,,0.0013647492194694638,0.0013647492194694638,0.0006801284786954471,0.0006846207407740167,-4.492262078569664e-06,0.0032916392363396972,1.0,0.0,3.141566786920661,0.9888647866505033,0.9888647866505034,0.9888647866505033,0.9888647866505033,0.9888647866505034,0.0013976787149835013,0.0013930911504713066,1.0127247149739325,1.0094006749687217
48,0.1,0.1,0.06366197723675814,1.5707963267948966,0.08333333333333333,24,314159,1,numpy_PCG64_SeedSequence,1152,48.0,24.0,48,1113025,0.0013801171180259756,0.0013801171180259754,0.0013801171180259756,0.1987368649957405,0.19873686499574048,0.1987368649957405,577.5271544749826,,0.0013809213629523147,0.0013809213629523147,0.0006900114552683003,0.0006909099076840143,-8.984524157139328e-07,0.0006506180871828237,1.0,0.0,3.140398048211994,1.0005827367227278,1.000582736722728,1.0005827367227278,1.0005827367227278,1.000582736722728,0.0013899901089322504,0.0013856136693911904,1.0071537341123602,1.0039826702338688
48,0.1,0.1,0.06366197723675814,1.5707963267948966,0.08333333333333333,24,314159,2,numpy_PCG64_SeedSequence,1152,48.0,24.0,48,1113025,0.0013801171180259756,0.0013801171180259754,0.0013801171180259756,0.1987368649957405,0.19873686499574048,0.1987368649957405,577.5271544749826,,0.0013979919588508795,0.0013979919588508795,0.0006989959794254397,0.0006989959794254397,0.0,0.0,1.0,0.0,3.141267333109088,1.0129516840211872,1.0129516840211872,1.0129516840211872,1.0129516840211872,1.0129516840211872,0.0014083377479726824,0.001403522554430563,1.0204479964621203,1.01695902188219
48,0.1,0.1,0.06366197723675814,1.5707963267948966,0.08333333333333333,24,314159,3,numpy_PCG64_SeedSequence,1152,48.0,24.0,48,1113025,0.0013801171180259756,0.0013801171180259754,0.0013801171180259756,0.1987368649957405,0.19873686499574048,0.1987368649957405,577.5271544749826,,0.0013782260057051729,0.0013782260057051729,0.0006855191931897307,0.0006927068125154422,-7.187619325711462e-06,0.005215123859191656,1.0,0.0,3.1401516368073517,0.9986297450440237,0.9986297450440239,0.9986297450440237,0.9986297450440237,0.9986297450440239,0.0012919830435239137,0.0012877574902347506,0.9361401482881954,0.9330784129948841
48,0.1,0.1,0.06366197723675814,1.5707963267948966,0.08333333333333333,24,271828,0,numpy_PCG64_SeedSequence,1152,48.0,24.0,48,1113025,0.0013801171180259756,0.0013801171180259754,0.0013801171180259756,0.1987368649957405,0.19873686499574048,0.1987368649957405,577.5271544749826,,0.0013593585049751803,0.0013593585049751803,0.0006756362166168774,0.0006837222883583028,-8.086071741425395e-06,0.005948446794448116,1.0,0.0,3.1406735749662387,0.9849588032930952,0.9849588032930953,0.9849588032930952,0.9849588032930952,0.9849588032930953,0.0013101131479797048,0.0013054768817042062,0.9492767902579169,0.9459174621147156
48,0.1,0.1,0.06366197723675814,1.5707963267948966,0.08333333333333333,24,271828,1,numpy_PCG64_SeedSequence,1152,48.0,24.0,48,1113025,0.0013801171180259756,0.0013801171180259754,0.0013801171180259756,0.1987368649957405,0.19873686499574048,0.1987368649957405,577.5271544749826,,0.0013845151726151704,0.0013845151726151704,0.00069450371734687,0.0006900114552683003,4.492262078569664e-06,0.003244646333549643,1.0,0.0,3.1409644966847057,1.0031867256276665,1.0031867256276668,1.0031867256276665,1.0031867256276665,1.0031867256276668,0.0014130437861211039,0.0014083859934903007,1.023857879643015,1.0204829540153513
48,0.1,0.1,0.06366197723675814,1.5707963267948966,0.08333333333333333,24,271828,2,numpy_PCG64_SeedSequence,1152,48.0,24.0,48,1113025,0.0013801171180259756,0.0013801171180259754,0.0013801171180259756,0.1987368649957405,0.19873686499574048,0.1987368649957405,577.5271544749826,,0.0014177579119965858,0.0014177579119965858,0.0007115743132454348,0.0007061835987511512,5.390714494283596e-06,0.0038022813688212928,1.0,0.0,3.1411353056757636,1.0272736229983503,1.0272736229983506,1.0272736229983503,1.0272736229983503,1.0272736229983506,0.00144871794013241,0.001443758603333305,1.0497065221570154,1.0461131048054515
48,0.1,0.1,0.06366197723675814,1.5707963267948966,0.08333333333333333,24,271828,3,numpy_PCG64_SeedSequence,1152,48.0,24.0,48,1113025,0.0013801171180259756,0.0013801171180259754,0.0013801171180259756,0.1987368649957405,0.19873686499574048,0.1987368649957405,577.5271544749826,,0.0013647492194694638,0.0013647492194694638,0.0006783315738640192,0.0006864176456054446,-8.086071741425395e-06,0.005924950625411455,1.0,0.0,3.141362730117278,0.9888647866505033,0.9888647866505034,0.9888647866505033,0.9888647866505033,0.9888647866505034,0.0013310937333989763,0.0013269183570661215,0.9644788228573535,0.9614534445917561
48,0.25,0.25,0.15915494309189535,1.5707963267948966,0.08333333333333333,24,42,0,numpy_PCG64_SeedSequence,1152,48.0,24.0,48,1113025,0.0014671549775244605,0.0014671549775234893,0.0014671549775234886,0.21127031676352231,0.21127031676338245,0.21127031676338237,1443.8178861922916,,0.0014734619617708497,0.0014734619617708497,0.0007358325284697109,0.0007376294333011387,-1.7969048314278655e-06,0.0012195121951219512,1.0,0.0,3.141416420405416,1.0042987852974,1.0042987852980647,1.0042987852980652,1.0042987852974,1.0042987852980647,0.0015014596473977371,0.0014960178874311233,1.023381762934928,1.0196727069388152
48,0.25,0.25,0.15915494309189535,1.5707963267948966,0.08333333333333333,24,42,1,numpy_PCG64_SeedSequence,1152,48.0,24.0,48,1113025,0.0014671549775244605,0.0014671549775234893,0.0014671549775234886,0.21127031676352231,0.21127031676338245,0.21127031676338237,1443.8178861922916,,0.0014590867231194268,0.0014590867231194268,0.0007277464567282855,0.0007313402663911413,-3.593809662855731e-06,0.0024630541871921183,1.0,0.0,3.1415299827459773,0.9945007483676692,0.9945007483683275,0.9945007483683279,0.9945007483676692,0.9945007483683275,0.0014636341585004514,0.0014579945085644302,0.9976002405485821,0.9937563044801941
48,0.25,0.25,0.15915494309189535,1.5707963267948966,0.08333333333333333,24,42,2,numpy_PCG64_SeedSequence,1152,48.0,24.0,48,1113025,0.0014671549775244605,0.0014671549775234893,0.0014671549775234886,0.21127031676352231,0.21127031676338245,0.21127031676338237,1443.8178861922916,,0.0014770557714337054,0.0014770557714337054,0.0007412232429639946,0.0007358325284697109,5.390714494283596e-06,0.0036496350364963502,1.0,0.0,3.1415444395888863,1.0067482945298325,1.006748294530499,1.0067482945304995,1.0067482945298325,1.006748294530499,0.0014678353278987774,0.0014620288803521846,1.0004637208643525,0.9965060970035182
48,0.25,0.25,0.15915494309189535,1.5707963267948966,0.08333333333333333,24,42,3,numpy_PCG64_SeedSequence,1152,48.0,24.0,48,1113025,0.0014671549775244605,0.0014671549775234893,0.0014671549775234886,0.21127031676352231,0.21127031676338245,0.21127031676338237,1443.8178861922916,,0.0014725635093551358,0.0014725635093551358,0.0007358325284697109,0.0007367309808854249,-8.984524157139328e-07,0.0006101281269066504,1.0,0.0,3.1415420462933885,1.0036864079892918,1.0036864079899561,1.0036864079899566,1.0036864079892918,1.0036864079899561,0.0014812275283750374,0.001475331878326721,1.0095917275721762,1.0055733040663892
48,0.25,0.25,0.15915494309189535,1.5707963267948966,0.08333333333333333,24,7,0,numpy_PCG64_SeedSequence,1152,48.0,24.0,48,1113025,0.0014671549775244605,0.0014671549775234893,0.0014671549775234886,0.21127031676352231,0.21127031676338245,0.21127031676338237,1443.8178861922916,,0.0014707666045237079,0.0014707666045237079,0.0007376294333011387,0.0007331371712225691,4.492262078569664e-06,0.0030543677458766036,1.0,0.0,3.1413953314885883,1.0024616533730752,1.002461653373739,1.0024616533737394,1.0024616533730752,1.002461653373739,0.001477831068052641,0.0014720209225606764,1.0072767299240564,1.0033165855760011
48,0.25,0.25,0.15915494309189535,1.5707963267948966,0.08333333333333333,24,7,1,numpy_PCG64_SeedSequence,1152,48.0,24.0,48,1113025,0.0014671549775244605,0.0014671549775234893,0.0014671549775234886,0.21127031676352231,0.21127031676338245,0.21127031676338237,1443.8178861922916,,0.0014779542238494193,0.0014779542238494193,0.0007385278857168527,0.0007394263381325666,-8.984524157139328e-07,0.0006079027355623101,1.0,0.0,3.141330192989574,1.0073606718379406,1.0073606718386077,1.0073606718386081,1.0073606718379406,1.0073606718386077,0.0014922194574600036,0.0014867136515061628,1.0170837302940106,1.0133310211131914
48,0.25,0.25,0.15915494309189535,1.5707963267948966,0.08333333333333333,24,7,2,numpy_PCG64_SeedSequence,1152,48.0,24.0,48,1113025,0.0014671549775244605,0.0014671549775234893,0.0014671549775234886,0.21127031676352231,0.21127031676338245,0.21127031676338237,1443.8178861922916,,0.0014572898182879988,0.0014572898182879988,0.0007277464567282855,0.0007295433615597134,-1.7969048314278655e-06,0.0012330456226880395,1.0,0.0,3.1414488383092847,0.9932759937514528,0.9932759937521103,0.9932759937521107,0.9932759937514528,0.9932759937521103,0.0014318120881881297,0.0014263873374563824,0.9759105957599892,0.9722131331095877
48,0.25,0.25,0.15915494309189535,1.5707963267948966,0.08333333333333333,24,7,3,numpy_PCG64_SeedSequence,1152,48.0,24.0,48,1113025,0.0014671549775244605,0.0014671549775234893,0.0014671549775234886,0.21127031676352231,0.21127031676338245,0.21127031676338237,1443.8178861922916,,0.0015399474405336808,0.0015399474405336808,0.0007681768154354125,0.0007717706250982683,-3.593809662855731e-06,0.002333722287047841,1.0,0.0,3.141404018522602,1.0496147060974046,1.0496147060980994,1.0496147060980998,1.0496147060974046,1.0496147060980994,0.0014484882373296149,0.0014433878573652326,0.9872769131545039,0.9838005387819831
48,0.25,0.25,0.15915494309189535,1.5707963267948966,0.08333333333333333,24,123,0,numpy_PCG64_SeedSequence,1152,48.0,24.0,48,1113025,0.0014671549775244605,0.0014671549775234893,0.0014671549775234886,0.21127031676352231,0.21127031676338245,0.21127031676338237,1443.8178861922916,,0.0014635789851979964,0.0014635789851979964,0.0007304418139754273,0.0007331371712225691,-2.695357247141798e-06,0.001841620626151013,1.0,0.0,3.141181094160217,0.99756263490821,0.9975626349088703,0.9975626349088708,0.99756263490821,0.9975626349088703,0.0014851173450361893,0.001479339882216424,1.01224299258558,1.0083051244610322
48,0.25,0.25,0.15915494309189535,1.5707963267948966,0.08333333333333333,24,123,1,numpy_PCG64_SeedSequence,1152,48.0,24.0,48,1113025,0.0014671549775244605,0.0014671549775234893,0.0014671549775234886,0.21127031676352231,0.21127031676338245,0.21127031676338237,1443.8178861922916,,0.001456391365872285,0.001456391365872285,0.0007268480043125716,0.0007295433615597134,-2.695357247141798e-06,0.001850709438618137,1.0,0.0,3.140646405748778,0.9926636164433447,0.9926636164440018,0.9926636164440023,0.9926636164433447,0.9926636164440018,0.0014655320311267842,0.0014601748980639275,0.9988938139306764,0.9952424388919632
48,0.25,0.25,0.15915494309189535,1.5707963267948966,0.08333333333333333,24,123,2,numpy_PCG64_SeedSequence,1152,48.0,24.0,48,1113025,0.0014671549775244605,0.0014671549775234893,0.0014671549775234886,0.21127031676352231,0.21127031676338245,0.21127031676338237,1443.8178861922916,,0.0014824464859279891,0.0014824464859279891,0.0007421216953797085,0.0007403247905482806,1.7969048314278655e-06,0.0012121212121212121,1.0,0.0,3.1406027612509004,1.0104225583784816,1.0104225583791506,1.010422558379151,1.0104225583784816,1.0104225583791506,0.0014012037613290753,0.0013961573808332034,0.9550482278929625,0.9516086590858645
48,0.25,0.25,0.15915494309189535,1.5707963267948966,0.08333333333333333,24,123,3,numpy_PCG64_SeedSequence,1152,48.0,24.0,48,1113025,0.0014671549775244605,0.0014671549775234893,0.0014671549775234886,0.21127031676352231,0.21127031676338245,0.21127031676338237,1443.8178861922916,,0.0014635789851979964,0.0014635789851979964,0.0007277464567282855,0.0007358325284697109,-8.086071741425395e-06,0.0055248618784530384,1.0,0.0,3.1411321895042006,0.99756263490821,0.9975626349088703,0.9975626349088708,0.99756263490821,0.9975626349088703,0.0014366041929394027,0.0014311694761302762,0.9791768524436278,0.9754725970020544
48,0.25,0.25,0.15915494309189535,1.5707963267948966,0.08333333333333333,24,2023,0,numpy_PCG64_SeedSequence,1152,48.0,24.0,48,1113025,0.0014671549775244605,0.0014671549775234893,0.0014671549775234886,0.21127031676352231,0.21127031676338245,0.21127031676338237,1443.8178861922916,,0.0014869387480065588,0.0014869387480065588,0.0007439186002111363,0.0007430201477954224,8.984524157139328e-07,0.0006042296072507553,1.0,0.0,3.14151218021195,1.0134844449190226,1.0134844449196934,1.0134844449196938,1.0134844449190226,1.0134844449196934,0.0014628081639801711,0.0014573009686317778,0.9970372499082382,0.9932835937282444
48,0.25,0.25,0.15915494309189535,1.5707963267948966,0.08333333333333333,24,2023,1,numpy_PCG64_SeedSequence,1152,48.0,24.0,48,1113025,0.0014671549775244605,0.0014671549775234893,0.0014671549775234886,0.21127031676352231,0.21127031676338245,0.21127031676338237,1443.8178861922916,,0.0014671727948608521,0.0014671727948608521,0.0007304418139754273,0.0007367309808854249,-6.2891669099975295e-06,0.004286589099816289,1.0,0.0,3.141552392254783,1.0000121441406427,1.0000121441413046,1.000012144141305,1.0000121441406427,1.0000121441413046,0.0014650127682241066,0.0014596160630421253,0.9985398888780186,0.9948615418290332
48,0.25,0.25,0.15915494309189535,1.5707963267948966,0.08333333333333333,24,2023,2,numpy_PCG64_SeedSequence,1152,48.0,24.0,48,1113025,0.0014671549775244605,0.0014671549775234893,0.0014671549775234886,0.21127031676352231,0.21127031676338245,0.21127031676338237,1443.8178861922916,,0.001469868152107994,0.001469868152107994,0.0007358325284697109,0.000734035623638283,1.7969048314278655e-06,0.0012224938875305623,1.0,0.0,3.1414420131605953,1.0018492760649673,1.0018492760656303,1.0018492760656308,1.0018492760649673,1.0018492760656303,0.001444624815139043,0.0014394294478544372,0.9846436383813845,0.9811025214822194
48,0.25,0.25,0.15915494309189535,1.5707963267948966,0.08333333333333333,24,2023,3,numpy_PCG64_SeedSequence,1152,48.0,24.0,48,1113025,0.0014671549775244605,0.0014671549775234893,0.0014671549775234886,0.21127031676352231,0.21127031676338245,0.21127031676338237,1443.8178861922916,,0.0015318613687922554,0.0015318613687922554,0.0007690752678511264,0.0007627861009411289,6.2891669099975295e-06,0.004105571847507331,1.0,0.0,3.140696617701531,1.044103310324431,1.0441033103251223,1.0441033103251227,1.044103310324431,1.0441033103251223,0.0014469357810514445,0.001441432367360809,0.9862187725340836,0.9824676938989407
48,0.25,0.25,0.15915494309189535,1.5707963267948966,0.08333333333333333,24,314159,0,numpy_PCG64_SeedSequence,1152,48.0,24.0,48,1113025,0.0014671549775244605,0.0014671549775234893,0.0014671549775234886,0.21127031676352231,0.21127031676338245,0.21127031676338237,1443.8178861922916,,0.0014384223175580063,0.0014384223175580063,0.0007169650277397184,0.000721457289818288,-4.492262078569664e-06,0.003123048094940662,1.0,0.0,3.14156888173434,0.9804160702811813,0.9804160702818302,0.9804160702818306,0.9804160702811813,0.9804160702818302,0.0014474998157621905,0.0014420590736027039,0.986603213659518,0.9828948513918406
48,0.25,0.25,0.15915494309189535,1.5707963267948966,0.08333333333333333,24,314159,1,numpy_PCG64_SeedSequence,1152,48.0,24.0,48,1113025,0.0014671549775244605,0.0014671549775234893,0.0014671549775234886,0.21127031676352231,0.21127031676338245,0.21127031676338237,1443.8178861922916,,0.0014761573190179916,0.0014761573190179916,0.0007376294333011387,0.0007385278857168527,-8.984524157139328e-07,0.0006086427267194157,1.0,0.0,3.141069775159581,1.0061359172217244,1.0061359172223905,1.006135917222391,1.0061359172217244,1.0061359172223905,0.001420338301204505,0.001415283643421677,0.9680901629090681,0.9646449523755791
48,0.25,0.25,0.15915494309189535,1.5707963267948966,0.08333333333333333,24,314159,2,numpy_PCG64_SeedSequence,1152,48.0,24.0,48,1113025,0.0014671549775244605,0.0014671549775234893,0.0014671549775234886,0.21127031676352231,0.21127031676338245,0.21127031676338237,1443.8178861922916,,0.0014599851755351407,0.0014599851755351407,0.0007232541946497158,0.0007367309808854249,-1.347678623570899e-05,0.009230769230769232,1.0,0.0,3.141381244825226,0.9951131256757774,0.9951131256764361,0.9951131256764365,0.9951131256757774,0.9951131256764361,0.0014784947500907743,0.0014732579936472586,1.0077290897962583,1.0041597624083964
48,0.25,0.25,0.15915494309189535,1.5707963267948966,0.08333333333333333,24,314159,3,numpy_PCG64_SeedSequence,1152,48.0,24.0,48,1113025,0.0014671549775244605,0.0014671549775234893,0.0014671549775234886,0.21127031676352231,0.21127031676338245,0.21127031676338237,1443.8178861922916,,0.0014599851755351407,0.0014599851755351407,0.0007331371712225691,0.0007268480043125716,6.2891669099975295e-06,0.0043076923076923075,1.0,0.0,3.139823811938371,0.9951131256757774,0.9951131256764361,0.9951131256764365,0.9951131256757774,0.9951131256764361,0.0014894385339719565,0.0014838970829150972,1.0151882771683025,1.0114112725970406
48,0.25,0.25,0.15915494309189535,1.5707963267948966,0.08333333333333333,24,271828,0,numpy_PCG64_SeedSequence,1152,48.0,24.0,48,1113025,0.0014671549775244605,0.0014671549775234893,0.0014671549775234886,0.21127031676352231,0.21127031676338245,0.21127031676338237,1443.8178861922916,,0.0014608836279508546,0.0014608836279508546,0.0007286449091439994,0.0007322387188068551,-3.593809662855731e-06,0.0024600246002460025,1.0,0.0,3.14130361862858,0.9957255029838854,0.9957255029845445,0.995725502984545,0.9957255029838854,0.9957255029845445,0.0014799757241469344,0.00147453112490759,1.0087385087593856,1.0050275175398138
48,0.25,0.25,0.15915494309189535,1.5707963267948966,0.08333333333333333,24,271828,1,numpy_PCG64_SeedSequence,1152,48.0,24.0,48,1113025,0.0014671549775244605,0.0014671549775234893,0.0014671549775234886,0.21127031676352231,0.21127031676338245,0.21127031676338237,1443.8178861922916,,0.0014905325576694145,0.0014905325576694145,0.0007421216953797085,0.000748410862289706,-6.2891669099975295e-06,0.004219409282700422,1.0,0.0,3.1404826953361282,1.0159339541514552,1.0159339541521277,1.0159339541521282,1.0159339541514552,1.0159339541521277,0.0014912032890944443,0.001485638416723616,1.0163911188241073,1.012598150490102
48,0.25,0.25,0.15915494309189535,1.5707963267948966,0.08333333333333333,24,271828,2,numpy_PCG64_SeedSequence,1152,48.0,24.0,48,1113025,0.0014671549775244605,0.0014671549775234893,0.0014671549775234886,0.21127031676352231,0.21127031676338245,0.21127031676338237,1443.8178861922916,,0.0014788526762651332,0.0014788526762651332,0.0007412232429639946,0.0007376294333011387,3.593809662855731e-06,0.002430133657351154,1.0,0.0,3.1415725913110624,1.0079730491460488,1.007973049146716,1.0079730491467165,1.0079730491460488,1.007973049146716,0.0014827194736790669,0.0014769174962336188,1.01060862444189,1.0066540473628973
48,0.25,0.25,0.15915494309189535,1.5707963267948966,0.08333333333333333,24,271828,3,numpy_PCG64_SeedSequence,1152,48.0,24.0,48,1113025,0.0014671549775244605,0.0014671549775234893,0.0014671549775234886,0.21127031676352231,0.21127031676338245,0.21127031676338237,1443.8178861922916,,0.0014635789851979964,0.0014635789851979964,0.0007331371712225691,0.0007304418139754273,2.695357247141798e-06,0.001841620626151013,1.0,0.0,3.1414367653927933,0.99756263490821,0.9975626349088703,0.9975626349088708,0.99756263490821,0.9975626349088703,0.0014624575433784554,0.0014571863284395558,0.996798269972862,0.9932054559759427
48,0.5,0.5,0.3183098861837907,1.5707963267948966,0.08333333333333333,24,42,0,numpy_PCG64_SeedSequence,1152,48.0,24.0,48,1113025,0.0017778787264656124,0.001777878310803809,0.0017778783108038086,0.25601453661104817,0.2560144767557485,0.25601447675574845,2887.846239743272,,0.0017816311403607286,0.0017816311403607286,0.0008903663439725073,0.0008912647963882213,-8.984524157139328e-07,0.0005042864346949068,1.0,0.0,3.1415035463147967,1.0021106129677224,1.0021108472577198,1.00211084725772,1.0021106129677224,1.0021108472577198,0.001766944210194361,0.001757346919257735,0.993849683834741,0.9884515142105929
48,0.5,0.5,0.3183098861837907,1.5707963267948966,0.08333333333333333,24,42,1,numpy_PCG64_SeedSequence,1152,48.0,24.0,48,1113025,0.0017778787264656124,0.001777878310803809,0.0017778783108038086,0.25601453661104817,0.2560144767557485,0.25601447675574845,2887.846239743272,,0.0018193661418207138,0.0018193661418207138,0.0009074369398710721,0.0009119292019496417,-4.492262078569664e-06,0.0024691358024691358,1.0,0.0,3.1413970548974968,1.023335346071426,1.0233355853236927,1.023335585323693,1.023335346071426,1.0233355853236927,0.0017700641913953727,0.001760515506462537,0.9956045736112863,0.9902337433118439
48,0.5,0.5,0.3183098861837907,1.5707963267948966,0.08333333333333333,24,42,2,numpy_PCG64_SeedSequence,1152,48.0,24.0,48,1113025,0.0017778787264656124,0.001777878310803809,0.0017778783108038086,0.25601453661104817,0.2560144767557485,0.25601447675574845,2887.846239743272,,0.001777138878282159,0.001777138878282159,0.0008903663439725073,0.0008867725343096516,3.593809662855731e-06,0.0020222446916076846,1.0,0.0,3.1409586368277815,0.9995838590268054,0.9995840927260563,0.9995840927260565,0.9995838590268054,0.9995840927260563,0.0017773573456526968,0.0017678234709446467,0.9997067399451075,0.9943442399240834
48,0.5,0.5,0.3183098861837907,1.5707963267948966,0.08333333333333333,24,42,3,numpy_PCG64_SeedSequence,1152,48.0,24.0,48,1113025,0.0017778787264656124,0.001777878310803809,0.0017778783108038086,0.25601453661104817,0.2560144767557485,0.25601447675574845,2887.846239743272,,0.0017915141169335819,0.0017915141169335819,0.0008993508681296467,0.0008921632488039352,7.187619325711462e-06,0.004012036108324975,1.0,0.0,3.1411800398102194,1.0076694716377401,1.0076697072273793,1.0076697072273795,1.0076694716377401,1.0076697072273793,0.0017654796403028074,0.0017562040661496128,0.9930259100476139,0.9878086958388391
48,0.5,0.5,0.3183098861837907,1.5707963267948966,0.08333333333333333,24,7,0,numpy_PCG64_SeedSequence,1152,48.0,24.0,48,1113025,0.0017778787264656124,0.001777878310803809,0.0017778783108038086,0.25601453661104817,0.2560144767557485,0.25601447675574845,2887.846239743272,,0.0017861234024392984,0.0017861234024392984,0.0008948586060510771,0.0008912647963882213,3.593809662855731e-06,0.002012072434607646,1.0,0.0,3.1411095517862737,1.0046373669086397,1.0046376017893832,1.0046376017893834,1.0046373669086397,1.0046376017893832,0.001779446899734256,0.0017701647044037797,1.000882047377754,0.995661108968232
48,0.5,0.5,0.3183098861837907,1.5707963267948966,0.08333333333333333,24,7,1,numpy_PCG64_SeedSequence,1152,48.0,24.0,48,1113025,0.0017778787264656124,0.001777878310803809,0.0017778783108038086,0.25601453661104817,0.2560144767557485,0.25601447675574845,2887.846239743272,,0.0017429976864850294,0.0017429976864850294,0.0008697019384110869,0.0008732957480739426,-3.593809662855731e-06,0.002061855670103093,1.0,0.0,3.1415791844728047,0.9803805290758354,0.9803807582854142,0.9803807582854144,0.9803805290758354,0.9803807582854142,0.001755568209470835,0.0017463110801983098,0.9874510467656418,0.9822442072131329
48,0.5,0.5,0.3183098861837907,1.5707963267948966,0.08333333333333333,24,7,2,numpy_PCG64_SeedSequence,1152,48.0,24.0,48,1113025,0.0017778787264656124,0.001777878310803809,0.0017778783108038086,0.25601453661104817,0.2560144767557485,0.25601447675574845,2887.846239743272,,0.0017726466162035894,0.0017726466162035894,0.0008831787246467959,0.0008894678915567935,-6.2891669099975295e-06,0.0035478966041561076,1.0,0.0,3.141176186694823,0.9970571050858883,0.9970573381943929,0.9970573381943931,0.9970571050858883,0.9970573381943929,0.0017820779537184302,0.0017728342554257964,1.0023619312106657,0.997162646155374
48,0.5,0.5,0.3183098861837907,1.5707963267948966,0.08333333333333333,24,7,3,numpy_PCG64_SeedSequence,1152,48.0,24.0,48,1113025,0.0017778787264656124,0.001777878310803809,0.0017778783108038086,0.25601453661104817,0.2560144767557485,0.25601447675574845,2887.846239743272,,0.0017717481637878755,0.0017717481637878755,0.000882280272231082,0.0008894678915567935,-7.187619325711462e-06,0.004056795131845842,1.0,0.0,3.1412322133452766,0.9965517542977049,0.9965519872880603,0.9965519872880605,0.9965517542977049,0.9965519872880603,0.001801644142499303,0.001792113022582373,1.0133672874757524,1.0080063369367482
48,0.5,0.5,0.3183098861837907,1.5707963267948966,0.08333333333333333,24,123,0,numpy_PCG64_SeedSequence,1152,48.0,24.0,48,1113025,0.0017778787264656124,0.001777878310803809,0.0017778783108038086,0.25601453661104817,0.2560144767557485,0.25601447675574845,2887.846239743272,,0.0018112800700792885,0.0018112800700792885,0.0009056400350396442,0.0009056400350396442,0.0,0.0,1.0,0.0,3.141443071004381,1.0187871889777753,1.0187874271666986,1.0187874271666988,1.0187871889777753,1.0187874271666986,0.001798395667975845,0.0017883651275090856,1.0115401243092772,1.005898265661978
48,0.5,0.5,0.3183098861837907,1.5707963267948966,0.08333333333333333,24,123,1,numpy_PCG64_SeedSequence,1152,48.0,24.0,48,1113025,0.0017778787264656124,0.001777878310803809,0.0017778783108038086,0.25601453661104817,0.2560144767557485,0.25601447675574845,2887.846239743272,,0.0017591698299678803,0.0017591698299678803,0.0008741942004896566,0.0008849756294782238,-1.0781428988567192e-05,0.006128702757916241,1.0,0.0,3.1407677051805587,0.989476843263137,0.9894770745994026,0.9894770745994028,0.989476843263137,0.9894770745994026,0.0017271216918693566,0.0017180800997470516,0.9714507891676281,0.9663651823780809
48,0.5,0.5,0.3183098861837907,1.5707963267948966,0.08333333333333333,24,123,2,numpy_PCG64_SeedSequence,1152,48.0,24.0,48,1113025,0.0017778787264656124,0.001777878310803809,0.0017778783108038086,0.25601453661104817,0.2560144767557485,0.25601447675574845,2887.846239743272,,0.0017591698299678803,0.0017591698299678803,0.0008786864625682262,0.0008804833673996541,-1.7969048314278655e-06,0.0010214504596527069,1.0,0.0,3.1413781211975356,0.989476843263137,0.9894770745994026,0.9894770745994028,0.989476843263137,0.9894770745994026,0.001801538069518048,0.0017921083721853487,1.0133076248116597,1.008003721236951
48,0.5,0.5,0.3183098861837907,1.5707963267948966,0.08333333333333333,24,123,3,numpy_PCG64_SeedSequence,1152,48.0,24.0,48,1113025,0.0017778787264656124,0.001777878310803809,0.0017778783108038086,0.25601453661104817,0.2560144767557485,0.25601447675574845,2887.846239743272,,0.0017420992340693156,0.0017420992340693156,0.0008706003908268008,0.0008714988432425147,-8.984524157139328e-07,0.0005157297576070139,1.0,0.0,3.1415456806864084,0.979875178287652,0.9798754073790815,0.9798754073790817,0.979875178287652,0.9798754073790815,0.0017495562326926167,0.0017404426724357271,0.984069501844313,0.9789434152776509
48,0.5,0.5,0.3183098861837907,1.5707963267948966,0.08333333333333333,24,2023,0,numpy_PCG64_SeedSequence,1152,48.0,24.0,48,1113025,0.0017778787264656124,0.001777878310803809,0.0017778783108038086,0.25601453661104817,0.2560144767557485,0.25601447675574845,2887.846239743272,,0.0017483884009793131,0.0017483884009793131,0.0008741942004896566,0.0008741942004896566,0.0,0.0,1.0,0.0,3.141491845653987,0.9834126338049359,0.9834128637234103,0.9834128637234105,0.9834126338049359,0.9834128637234103,0.0017515271969708267,0.0017420887651043594,0.9851781063002132,0.9798692898292322
48,0.5,0.5,0.3183098861837907,1.5707963267948966,0.08333333333333333,24,2023,1,numpy_PCG64_SeedSequence,1152,48.0,24.0,48,1113025,0.0017778787264656124,0.001777878310803809,0.0017778783108038086,0.25601453661104817,0.2560144767557485,0.25601447675574845,2887.846239743272,,0.0017807326879450147,0.0017807326879450147,0.0008903663439725073,0.0008903663439725073,0.0,0.0,1.0,0.0,3.1415612313605137,1.001605262179539,1.001605496351387,1.0016054963513874,1.001605262179539,1.001605496351387,0.0017937465249274844,0.0017839096407824514,1.0089251298334712,1.0033921966819572
48,0.5,0.5,0.3183098861837907,1.5707963267948966,0.08333333333333333,24,2023,2,numpy_PCG64_SeedSequence,1152,48.0,24.0,48,1113025,0.0017778787264656124,0.001777878310803809,0.0017778783108038086,0.25601453661104817,0.2560144767557485,0.25601447675574845,2887.846239743272,,0.0018247568563149975,0.0018247568563149975,0.0009146245591967836,0.0009101322971182138,4.492262078569664e-06,0.002461841457410143,1.0,0.0,3.1413613178916555,1.0263674508005267,1.0263676907616888,1.026367690761689,1.0263674508005267,1.0263676907616888,0.0018063258411063785,0.0017967494972751397,1.0160005934135443,1.0106142058671472
48,0.5,0.5,0.3183098861837907,1.5707963267948966,0.08333333333333333,24,2023,3,numpy_PCG64_SeedSequence,1152,48.0,24.0,48,1113025,0.0017778787264656124,0.001777878310803809,0.0017778783108038086,0.25601453661104817,0.2560144767557485,0.25601447675574845,2887.846239743272,,0.0017942094741807237,0.0017942094741807237,0.0008966555108825049,0.0008975539632982188,-8.984524157139328e-07,0.000500751126690035,1.0,0.0,3.1414559913309574,1.0091855240022904,1.0091857599463774,1.0091857599463776,1.0091855240022904,1.0091857599463774,0.0017905270786819606,0.0017809220891829116,1.0071142941462001,1.0017117943265732
48,0.5,0.5,0.3183098861837907,1.5707963267948966,0.08333333333333333,24,314159,0,numpy_PCG64_SeedSequence,1152,48.0,24.0,48,1113025,0.0017778787264656124,0.001777878310803809,0.0017778783108038086,0.25601453661104817,0.2560144767557485,0.25601447675574845,2887.846239743272,,0.0017897172121021541,0.0017897172121021541,0.0009011477729610745,0.0008885694391410795,1.2578333819995059e-05,0.007028112449799197,1.0,0.0,3.141497652061291,1.0066587700613734,1.006659005414714,1.0066590054147142,1.0066587700613734,1.006659005414714,0.0018018016584635092,0.00179227696965201,1.0134558851747189,1.0080985519271166
48,0.5,0.5,0.3183098861837907,1.5707963267948966,0.08333333333333333,24,314159,1,numpy_PCG64_SeedSequence,1152,48.0,24.0,48,1113025,0.0017778787264656124,0.001777878310803809,0.0017778783108038086,0.25601453661104817,0.2560144767557485,0.25601447675574845,2887.846239743272,,0.0017879203072707261,0.0017879203072707261,0.0008957570584667909,0.0008921632488039352,3.593809662855731e-06,0.0020100502512562816,1.0,0.0,3.1414342813061475,1.0056480684850064,1.0056483036020485,1.0056483036020487,1.0056480684850064,1.0056483036020485,0.0017692855944447055,0.0017600227181937408,0.99516663769413,0.9899565656498017
48,0.5,0.5,0.3183098861837907,1.5707963267948966,0.08333333333333333,24,314159,2,numpy_PCG64_SeedSequence,1152,48.0,24.0,48,1113025,0.0017778787264656124,0.001777878310803809,0.0017778783108038086,0.25601453661104817,0.2560144767557485,0.25601447675574845,2887.846239743272,,0.0017438961389007435,0.0017438961389007435,0.000868803485995373,0.0008750926529053705,-6.2891669099975295e-06,0.0036063884595569293,1.0,0.0,3.141574531631908,0.9808858798640189,0.9808861091917469,0.9808861091917471,0.9808858798640189,0.9808861091917469,0.0017547799061702546,0.001745282581610065,0.9870076513366703,0.9816657096064432
48,0.5,0.5,0.3183098861837907,1.5707963267948966,0.08333333333333333,24,314159,3,numpy_PCG64_SeedSequence,1152,48.0,24.0,48,1113025,0.0017778787264656124,0.001777878310803809,0.0017778783108038086,0.25601453661104817,0.2560144767557485,0.25601447675574845,2887.846239743272,,0.0017564744727207385,0.0017564744727207385,0.0008786864625682262,0.0008777880101525123,8.984524157139328e-07,0.0005115089514066496,1.0,0.0,3.1407468976556987,0.9879607908985867,0.9879610218804045,0.9879610218804047,0.9879607908985867,0.9879610218804045,0.001782931870374982,0.001773358459412319,1.0028422320567472,0.9974574941552512
48,0.5,0.5,0.3183098861837907,1.5707963267948966,0.08333333333333333,24,271828,0,numpy_PCG64_SeedSequence,1152,48.0,24.0,48,1113025,0.0017778787264656124,0.001777878310803809,0.0017778783108038086,0.25601453661104817,0.2560144767557485,0.25601447675574845,2887.846239743272,,0.0017987017362592933,0.0017987017362592933,0.0008966555108825049,0.0009020462253767885,-5.390714494283596e-06,0.002997002997002997,1.0,0.0,3.141265094912813,1.0117122779432075,1.0117125144780408,1.011712514478041,1.0117122779432075,1.0117125144780408,0.001792405116489377,0.0017828858891244662,1.008170630430256,1.0028163690719265
48,0.5,0.5,0.3183098861837907,1.5707963267948966,0.08333333333333333,24,271828,1,numpy_PCG64_SeedSequence,1152,48.0,24.0,48,1113025,0.0017778787264656124,0.001777878310803809,0.0017778783108038086,0.25601453661104817,0.2560144767557485,0.25601447675574845,2887.846239743272,,0.0018004986410907213,0.0018004986410907213,0.0009011477729610745,0.0008993508681296467,1.7969048314278655e-06,0.000998003992015968,1.0,0.0,3.1414841319780242,1.0127229795195745,1.0127232162907063,1.0127232162907065,1.0127229795195745,1.0127232162907063,0.0017857334629497788,0.001776369441336927,1.0044180384000554,0.9991510753201452
48,0.5,0.5,0.3183098861837907,1.5707963267948966,0.08333333333333333,24,271828,2,numpy_PCG64_SeedSequence,1152,48.0,24.0,48,1113025,0.0017778787264656124,0.001777878310803809,0.0017778783108038086,0.25601453661104817,0.2560144767557485,0.25601447675574845,2887.846239743272,,0.0017456930437321713,0.0017456930437321713,0.0008759911053210844,0.0008697019384110869,6.2891669099975295e-06,0.003602676273803397,1.0,0.0,3.1415417386181868,0.9818965814403856,0.9818968110044122,0.9818968110044125,0.9818965814403856,0.9818968110044122,0.0017983917085011567,0.0017885109231370493,1.0115378972312266,1.0059802710461436
48,0.5,0.5,0.3183098861837907,1.5707963267948966,0.08333333333333333,24,271828,3,numpy_PCG64_SeedSequence,1152,48.0,24.0,48,1113025,0.0017778787264656124,0.001777878310803809,0.0017778783108038086,0.25601453661104817,0.2560144767557485,0.25601447675574845,2887.846239743272,,0.0017843264976078704,0.0017843264976078704,0.0008939601536353631,0.0008903663439725073,3.593809662855731e-06,0.002014098690835851,1.0,0.0,3.1409478476948354,1.0036266653322727,1.0036268999767177,1.003626899976718,1.0036266653322727,1.0036268999767177,0.001749244374881031,0.001739622237913341,0.9838940917857171,0.9784819470626523
48,0.75,0.75,0.477464829275686,1.5707963267948966,0.08333333333333333,24,42,0,numpy_PCG64_SeedSequence,1152,48.0,24.0,48,1113025,0.0022895048643454172,0.002289502406237636,0.002289502406237636,0.3296887004657401,0.3296883464982196,0.3296883464982196,4345.034731741177,,0.002261404730351969,0.002261404730351969,0.0011284562341366995,0.0011329484962152691,-4.492262078569664e-06,0.001986491855383393,1.0,0.0,3.1412404238913814,0.9877265454068025,0.9877276058722994,0.9877276058722994,0.9877265454068025,0.9877276058722994,0.002249746801320599,0.0022321889708066824,0.9826346457507155,0.9749658127260098
48,0.75,0.75,0.477464829275686,1.5707963267948966,0.08333333333333333,24,42,1,numpy_PCG64_SeedSequence,1152,48.0,24.0,48,1113025,0.0022895048643454172,0.002289502406237636,0.002289502406237636,0.3296887004657401,0.3296883464982196,0.3296883464982196,4345.034731741177,,0.00234855461467622,0.00234855461467622,0.00117427730733811,0.00117427730733811,0.0,0.0,1.0,0.0,3.1410263711923823,1.0257914937200563,1.025792595053711,1.025792595053711,1.0257914937200563,1.025792595053711,0.002346768175059181,0.0023288236338566675,1.0250112203758674,1.0171734815346163
48,0.75,0.75,0.477464829275686,1.5707963267948966,0.08333333333333333,24,42,2,numpy_PCG64_SeedSequence,1152,48.0,24.0,48,1113025,0.0022895048643454172,0.002289502406237636,0.002289502406237636,0.3296887004657401,0.3296883464982196,0.3296883464982196,4345.034731741177,,0.002270389254509108,0.002270389254509108,0.001137440758293839,0.0011329484962152691,4.492262078569664e-06,0.0019786307874950534,1.0,0.0,3.141170859134541,0.9916507668823956,0.9916518315611046,0.9916518315611046,0.9916507668823956,0.9916518315611046,0.0022672817819038324,0.002250258160916339,0.9902934984818481,0.9828579951760448
48,0.75,0.75,0.477464829275686,1.5707963267948966,0.08333333333333333,24,42,3,numpy_PCG64_SeedSequence,1152,48.0,24.0,48,1113025,0.0022895048643454172,0.002289502406237636,0.002289502406237636,0.3296887004657401,0.3296883464982196,0.3296883464982196,4345.034731741177,,0.002246131039284832,0.002246131039284832,0.0011257608768895577,0.0011203701623952742,5.390714494283596e-06,0.0024,1.0,0.0,3.141576122057568,0.9810553688982941,0.9810564222013304,0.9810564222013304,0.9810553688982941,0.9810564222013304,0.0022413892727421443,0.002224277102144733,0.978984280683313,0.9715101010631252
48,0.75,0.75,0.477464829275686,1.5707963267948966,0.08333333333333333,24,7,0,numpy_PCG64_SeedSequence,1152,48.0,24.0,48,1113025,0.0022895048643454172,0.002289502406237636,0.002289502406237636,0.3296887004657401,0.3296883464982196,0.3296883464982196,4345.034731741177,,0.0022658969924305382,0.0022658969924305382,0.0011320500437995552,0.0011338469486309832,-1.7969048314278655e-06,0.0007930214115781126,1.0,0.0,3.1414396078651565,0.9896886561445989,0.9896897187167019,0.9896897187167019,0.9896886561445989,0.9896897187167019,0.002252441284195552,0.002235502407252584,0.983811530288903,0.9764130411191448
48,0.75,0.75,0.477464829275686,1.5707963267948966,0.08333333333333333,24,7,1,numpy_PCG64_SeedSequence,1152,48.0,24.0,48,1113025,0.0022895048643454172,0.002289502406237636,0.002289502406237636,0.3296887004657401,0.3296883464982196,0.3296883464982196,4345.034731741177,,0.002273983064171964,0.002273983064171964,0.0011410345679566947,0.0011329484962152691,8.086071741425395e-06,0.0035559067562228367,1.0,0.0,3.1407009823343395,0.9932204554726329,0.9932215218366268,0.9932215218366268,0.9932204554726329,0.9932215218366268,0.0022620452883691474,0.0022450319712508248,0.9880063255580281,0.9805753227314904
48,0.75,0.75,0.477464829275686,1.5707963267948966,0.08333333333333333,24,7,2,numpy_PCG64_SeedSequence,1152,48.0,24.0,48,1113025,0.0022895048643454172,0.002289502406237636,0.002289502406237636,0.3296887004657401,0.3296883464982196,0.3296883464982196,4345.034731741177,,0.0023593360436647876,0.0023593360436647876,0.0011823633790795354,0.001176972664585252,5.390714494283596e-06,0.002284843869002285,1.0,0.0,3.140958057652812,1.0305005594907681,1.0305016658802775,1.0305016658802775,1.0305005594907681,1.0305016658802775,0.0022927765353592203,0.002275435509590256,1.0014289862689323,0.9938548482799647
48,0.75,0.75,0.477464829275686,1.5707963267948966,0.08333333333333333,24,7,3,numpy_PCG64_SeedSequence,1152,48.0,24.0,48,1113025,0.0022895048643454172,0.002289502406237636,0.002289502406237636,0.3296887004657401,0.3296883464982196,0.3296883464982196,4345.034731741177,,0.002261404730351969,0.002261404730351969,0.0011302531389681275,0.0011311515913838414,-8.984524157139328e-07,0.0003972983710766786,1.0,0.0,3.141462352267202,0.9877265454068025,0.9877276058722994,0.9877276058722994,0.9877265454068025,0.9877276058722994,0.0022829818793147845,0.002265138316097604,0.9971509189029403,0.989357284787958
48,0.75,0.75,0.477464829275686,1.5707963267948966,0.08333333333333333,24,123,0,numpy_PCG64_SeedSequence,1152,48.0,24.0,48,1113025,0.0022895048643454172,0.002289502406237636,0.002289502406237636,0.3296887004657401,0.3296883464982196,0.3296883464982196,4345.034731741177,,0.002282967588329103,0.002282967588329103,0.0011446283776195504,0.0011383392107095528,6.2891669099975295e-06,0.0027548209366391185,1.0,0.0,3.141447238326905,0.9971446769482261,0.9971457475254322,0.9971457475254322,0.9971446769482261,0.9971457475254322,0.0022733226219842978,0.002255863847113796,0.9929319903997033,0.9853064224691048
48,0.75,0.75,0.477464829275686,1.5707963267948966,0.08333333333333333,24,123,1,numpy_PCG64_SeedSequence,1152,48.0,24.0,48,1113025,0.0022895048643454172,0.002289502406237636,0.002289502406237636,0.3296887004657401,0.3296883464982196,0.3296883464982196,4345.034731741177,,0.0022676938972619664,0.0022676938972619664,0.0011329484962152691,0.001134745401046697,-1.7969048314278655e-06,0.000792393026941363,1.0,0.0,3.141248687557546,0.9904735004397177,0.9904745638544631,0.9904745638544631,0.9904735004397177,0.9904745638544631,0.0023211906839184743,0.00230338759018629,1.0138395947816063,1.006063636752675
48,0.75,0.75,0.477464829275686,1.5707963267948966,0.08333333333333333,24,123,2,numpy_PCG64_SeedSequence,1152,48.0,24.0,48,1113025,0.0022895048643454172,0.002289502406237636,0.002289502406237636,0.3296887004657401,0.3296883464982196,0.3296883464982196,4345.034731741177,,0.002297342826980526,0.002297342826980526,0.0011500190921138339,0.001147323734866692,2.695357247141798e-06,0.0011732499022291747,1.0,0.0,3.141238563115298,1.0034234313091752,1.0034245086275206,1.0034245086275206,1.0034234313091752,1.0034245086275206,0.0022521341443829117,0.0022347809334785514,0.9836773790942829,0.9760979189347512
48,0.75,0.75,0.477464829275686,1.5707963267948966,0.08333333333333333,24,123,3,numpy_PCG64_SeedSequence,1152,48.0,24.0,48,1113025,0.0022895048643454172,0.002289502406237636,0.002289502406237636,0.3296887004657401,0.3296883464982196,0.3296883464982196,4345.034731741177,,0.0022730846117562497,0.0022730846117562497,0.0011401361155409806,0.0011329484962152691,7.187619325711462e-06,0.0031620553359683794,1.0,0.0,3.140999883037174,0.9928280333250734,0.9928290992677462,0.9928290992677462,0.9928280333250734,0.9928290992677462,0.0023321227845595183,0.0023138384563960437,1.0186144702628905,1.0106283207472389
48,0.75,0.75,0.477464829275686,1.5707963267948966,0.08333333333333333,24,2023,0,numpy_PCG64_SeedSequence,1152,48.0,24.0,48,1113025,0.0022895048643454172,0.002289502406237636,0.002289502406237636,0.3296887004657401,0.3296883464982196,0.3296883464982196,4345.034731741177,,0.002285662945576245,0.002285662945576245,0.0011419330203724085,0.0011437299252038363,-1.7969048314278655e-06,0.0007861635220125787,1.0,0.0,3.141364859832769,0.998321943390904,0.9983230152320737,0.9983230152320737,0.998321943390904,0.9983230152320737,0.002293142036005574,0.002275508675560276,1.0015886280552615,0.9938868053948674
48,0.75,0.75,0.477464829275686,1.5707963267948966,0.08333333333333333,24,2023,1,numpy_PCG64_SeedSequence,1152,48.0,24.0,48,1113025,0.0022895048643454172,0.002289502406237636,0.002289502406237636,0.3296887004657401,0.3296883464982196,0.3296883464982196,4345.034731741177,,0.0022730846117562497,0.0022730846117562497,0.0011392376631252667,0.0011338469486309832,5.390714494283596e-06,0.0023715415019762848,1.0,0.0,3.141584110621396,0.9928280333250734,0.9928290992677462,0.9928290992677462,0.9928280333250734,0.9928290992677462,0.002302113618485038,0.0022844483523051956,1.0055071969210363,0.9977914386123538
48,0.75,0.75,0.477464829275686,1.5707963267948966,0.08333333333333333,24,2023,2,numpy_PCG64_SeedSequence,1152,48.0,24.0,48,1113025,0.0022895048643454172,0.002289502406237636,0.002289502406237636,0.3296887004657401,0.3296883464982196,0.3296883464982196,4345.034731741177,,0.0022649985400148244,0.0022649985400148244,0.001134745401046697,0.0011302531389681275,4.492262078569664e-06,0.0019833399444664813,1.0,0.0,3.1415195412989876,0.9892962339970396,0.9892972961478214,0.9892972961478214,0.9892962339970396,0.9892972961478214,0.00228619052157045,0.00226827215250918,0.9985523757443884,0.9907260682574232
48,0.75,0.75,0.477464829275686,1.5707963267948966,0.08333333333333333,24,2023,3,numpy_PCG64_SeedSequence,1152,48.0,24.0,48,1113025,0.0022895048643454172,0.002289502406237636,0.002289502406237636,0.3296887004657401,0.3296883464982196,0.3296883464982196,4345.034731741177,,0.0023207025897890882,0.0023207025897890882,0.0011652927831809709,0.0011554098066081176,9.88297657285326e-06,0.004258614014711576,1.0,0.0,3.141554521313757,1.0136264071457173,1.0136274954184143,1.0136274954184143,1.0136264071457173,1.0136274954184143,0.00226293133956421,0.002245428357570614,0.9883933311542429,0.9807484546282434
48,0.75,0.75,0.477464829275686,1.5707963267948966,0.08333333333333333,24,314159,0,numpy_PCG64_SeedSequence,1152,48.0,24.0,48,1113025,0.0022895048643454172,0.002289502406237636,0.002289502406237636,0.3296887004657401,0.3296883464982196,0.3296883464982196,4345.034731741177,,0.0023009366366433816,0.0023009366366433816,0.0011500190921138339,0.0011509175445295478,-8.984524157139328e-07,0.0003904724716907458,1.0,0.0,3.1415150665960585,1.0049931198994124,1.0049941989030426,1.0049941989030426,1.0049931198994124,1.0049941989030426,0.0022873414410899302,0.0022697746223530792,0.9990550693780222,0.991382310516305
48,0.75,0.75,0.477464829275686,1.5707963267948966,0.08333333333333333,24,314159,1,numpy_PCG64_SeedSequence,1152,48.0,24.0,48,1113025,0.0022895048643454172,0.002289502406237636,0.002289502406237636,0.3296887004657401,0.3296883464982196,0.3296883464982196,4345.034731741177,,0.0022596078255205407,0.0022596078255205407,0.0011302531389681275,0.0011293546865524134,8.984524157139328e-07,0.00039761431411530816,1.0,0.0,3.1415776917621283,0.9869417011116837,0.9869427607345381,0.9869427607345381,0.9869417011116837,0.9869427607345381,0.0023036005324898238,0.0022858399335002194,1.0061566447680104,0.9983992474083493
48,0.75,0.75,0.477464829275686,1.5707963267948966,0.08333333333333333,24,314159,2,numpy_PCG64_SeedSequence,1152,48.0,24.0,48,1113025,0.0022895048643454172,0.002289502406237636,0.002289502406237636,0.3296887004657401,0.3296883464982196,0.3296883464982196,4345.034731741177,,0.002294647469733384,0.002294647469733384,0.0011455268300352643,0.00114912063969812,-3.593809662855731e-06,0.0015661707126076742,1.0,0.0,3.1412211759742217,1.002246164866497,1.002247240920879,1.002247240920879,1.002246164866497,1.002247240920879,0.0023071681606910807,0.00228948821389817,1.0077148979330575,0.9999927274899012
48,0.75,0.75,0.477464829275686,1.5707963267948966,0.08333333333333333,24,314159,3,numpy_PCG64_SeedSequence,1152,48.0,24.0,48,1113025,0.0022895048643454172,0.002289502406237636,0.002289502406237636,0.3296887004657401,0.3296883464982196,0.3296883464982196,4345.034731741177,,0.0022874598504076726,0.0022874598504076726,0.0011392376631252667,0.0011482221872824061,-8.984524157139327e-06,0.003927729772191673,1.0,0.0,3.1414868226687176,0.9991067876860226,0.9991078603698347,0.9991078603698347,0.9991067876860226,0.9991078603698347,0.002316073878582642,0.002297647033407253,1.0116046987499288,1.0035563012722244
48,0.75,0.75,0.477464829275686,1.5707963267948966,0.08333333333333333,24,271828,0,numpy_PCG64_SeedSequence,1152,48.0,24.0,48,1113025,0.0022895048643454172,0.002289502406237636,0.002289502406237636,0.3296887004657401,0.3296883464982196,0.3296883464982196,4345.034731741177,,0.002289256755239101,0.002289256755239101,0.00114912063969812,0.0011401361155409806,8.984524157139327e-06,0.003924646781789639,1.0,0.0,3.141500004283144,0.9998916319811413,0.9998927055075959,0.9998927055075959,0.9998916319811413,0.9998927055075959,0.0023009057728049067,0.00228310704936772,1.004979639325968,0.9972055901355219
48,0.75,0.75,0.477464829275686,1.5707963267948966,0.08333333333333333,24,271828,1,numpy_PCG64_SeedSequence,1152,48.0,24.0,48,1113025,0.0022895048643454172,0.002289502406237636,0.002289502406237636,0.3296887004657401,0.3296883464982196,0.3296883464982196,4345.034731741177,,0.0022757799690033918,0.0022757799690033918,0.001137440758293839,0.0011383392107095528,-8.984524157139328e-07,0.00039478878799842083,1.0,0.0,3.1415266885635695,0.9940052997677515,0.9940063669743878,0.9940063669743878,0.9940052997677515,0.9940063669743878,0.00229078717009848,0.0022735019357621993,1.000560079942625,0.9930103102935345
48,0.75,0.75,0.477464829275686,1.5707963267948966,0.08333333333333333,24,271828,2,numpy_PCG64_SeedSequence,1152,48.0,24.0,48,1113025,0.0022895048643454172,0.002289502406237636,0.002289502406237636,0.3296887004657401,0.3296883464982196,0.3296883464982196,4345.034731741177,,0.002229958895801981,0.002229958895801981,0.0011149794479009905,0.0011149794479009905,0.0,0.0,1.0,0.0,3.1415371898963795,0.9739917702422263,0.9739928159614807,0.9739928159614807,0.9739917702422263,0.9739928159614807,0.0022780635221013013,0.0022608893941899024,0.9950027001810337,0.9875014591140884
48,0.75,0.75,0.477464829275686,1.5707963267948966,0.08333333333333333,24,271828,3,numpy_PCG64_SeedSequence,1152,48.0,24.0,48,1113025,0.0022895048643454172,0.002289502406237636,0.002289502406237636,0.3296887004657401,0.3296883464982196,0.3296883464982196,4345.034731741177,,0.0023683205678219268,0.0023683205678219268,0.0011832618314952495,0.0011850587363266773,-1.7969048314278655e-06,0.0007587253414264037,1.0,0.0,3.141410981918333,1.0344247809663611,1.0344258915690827,1.0344258915690827,1.0344247809663611,1.0344258915690827,0.002301429799976753,0.0022841120860443522,1.0052085216402216,0.9976445656940734
64,0.1,0.1,0.06366197723675814,1.5707963267948966,0.0625,24,42,0,numpy_PCG64_SeedSequence,1536,64.0,32.0,64,1979649,0.0007763158788896112,0.0007763158788896112,0.0007763158788896113,0.19873686499574048,0.19873686499574048,0.1987368649957405,577.5271544749827,,0.000767307739907428,0.000767307739907428,0.0003818858797695955,0.00038542186013783254,-3.5359803682369956e-06,0.004608294930875576,1.0,0.0,3.1412913135644405,0.9883962968848868,0.9883962968848868,0.9883962968848867,0.9883962968848868,0.9883962968848868,0.0007691902133342677,0.0007677043064809822,0.9908211776299931,0.9889071283445259
64,0.1,0.1,0.06366197723675814,1.5707963267948966,0.0625,24,42,1,numpy_PCG64_SeedSequence,1536,64.0,32.0,64,1979649,0.0007763158788896112,0.0007763158788896112,0.0007763158788896113,0.19873686499574048,0.19873686499574048,0.1987368649957405,577.5271544749827,,0.0007824619414855866,0.0007824619414855866,0.0003889578405060695,0.0003935041009795171,-4.5462604734475655e-06,0.005810200129115558,1.0,0.0,3.1413969257910423,1.0079169610761618,1.0079169610761618,1.0079169610761616,1.0079169610761618,1.0079169610761618,0.0007793961962261419,0.0007779258236433428,1.0039678659425806,1.002073826901537
64,0.1,0.1,0.06366197723675814,1.5707963267948966,0.0625,24,42,2,numpy_PCG64_SeedSequence,1536,64.0,32.0,64,1979649,0.0007763158788896112,0.0007763158788896112,0.0007763158788896113,0.19873686499574048,0.19873686499574048,0.1987368649957405,577.5271544749827,,0.0007804413812751654,0.0007804413812751654,0.0003929989609269118,0.00038744242034825365,5.556540578658136e-06,0.007119741100323625,1.0,0.0,3.1402129185727623,1.0053142058506583,1.0053142058506583,1.0053142058506583,1.0053142058506583,1.0053142058506583,0.0008131969965099881,0.000811679858118355,1.0475078748526039,1.0455535951155939
64,0.1,0.1,0.06366197723675814,1.5707963267948966,0.0625,24,42,3,numpy_PCG64_SeedSequence,1536,64.0,32.0,64,1979649,0.0007763158788896112,0.0007763158788896112,0.0007763158788896113,0.19873686499574048,0.19873686499574048,0.1987368649957405,577.5271544749827,,0.0007703385802230598,0.0007703385802230598,0.00038744242034825365,0.0003828961598748061,4.5462604734475655e-06,0.005901639344262295,1.0,0.0,3.141488829289318,0.9923004297231418,0.9923004297231418,0.9923004297231417,0.9923004297231418,0.9923004297231418,0.0007811091278146869,0.0007797271223529066,1.006174353836394,1.0043941436160941
64,0.1,0.1,0.06366197723675814,1.5707963267948966,0.0625,24,7,0,numpy_PCG64_SeedSequence,1536,64.0,32.0,64,1979649,0.0007763158788896112,0.0007763158788896112,0.0007763158788896113,0.19873686499574048,0.19873686499574048,0.1987368649957405,577.5271544749827,,0.0007753899807491126,0.0007753899807491126,0.0003894629805586748,0.0003859270001904378,3.5359803682369956e-06,0.004560260586319218,1.0,0.0,3.141307155875509,0.9988073177869001,0.9988073177869001,0.9988073177869,0.9988073177869001,0.9988073177869001,0.0007469267543543346,0.000745552309501761,0.9621428269929081,0.9603723558613122
64,0.1,0.1,0.06366197723675814,1.5707963267948966,0.0625,24,7,1,numpy_PCG64_SeedSequence,1536,64.0,32.0,64,1979649,0.0007763158788896112,0.0007763158788896112,0.0007763158788896113,0.19873686499574048,0.19873686499574048,0.1987368649957405,577.5271544749827,,0.0007809465213277707,0.0007809465213277707,0.0003859270001904378,0.0003950195211373329,-9.092520946895131e-06,0.01164294954721863,1.0,0.0,3.1413309061296553,1.0059648946570343,1.0059648946570343,1.005964894657034,1.0059648946570343,1.0059648946570343,0.0008026321228370835,0.0008011877125727963,1.03389888660414,1.032038290545802
64,0.1,0.1,0.06366197723675814,1.5707963267948966,0.0625,24,7,2,numpy_PCG64_SeedSequence,1536,64.0,32.0,64,1979649,0.0007763158788896112,0.0007763158788896112,0.0007763158788896113,0.19873686499574048,0.19873686499574048,0.1987368649957405,577.5271544749827,,0.0007764002608543232,0.0007764002608543232,0.0003894629805586748,0.00038693728029564836,2.5257002630264253e-06,0.0032530904359141183,1.0,0.0,3.1415813940832003,1.0001086953996519,1.0001086953996519,1.0001086953996516,1.0001086953996519,1.0001086953996519,0.0007385083339211799,0.0007372109772387194,0.9512987612432858,0.9496275901159914
64,0.1,0.1,0.06366197723675814,1.5707963267948966,0.0625,24,7,3,numpy_PCG64_SeedSequence,1536,64.0,32.0,64,1979649,0.0007763158788896112,0.0007763158788896112,0.0007763158788896113,0.19873686499574048,0.19873686499574048,0.1987368649957405,577.5271544749827,,0.0007683180200126386,0.0007683180200126386,0.0003828961598748061,0.00038542186013783254,-2.5257002630264253e-06,0.003287310979618672,1.0,0.0,3.1415096687275095,0.9896976744976385,0.9896976744976385,0.9896976744976383,0.9896976744976385,0.9896976744976385,0.0007565669604939528,0.0007551412371187172,0.9745607182170408,0.9727241934028442
64,0.1,0.1,0.06366197723675814,1.5707963267948966,0.0625,24,123,0,numpy_PCG64_SeedSequence,1536,64.0,32.0,64,1979649,0.0007763158788896112,0.0007763158788896112,0.0007763158788896113,0.19873686499574048,0.19873686499574048,0.1987368649957405,577.5271544749827,,0.0007713488603282704,0.0007713488603282704,0.00038491672008522724,0.00038643214024304307,-1.5154201578158552e-06,0.0019646365422396855,1.0,0.0,3.1411974053234077,0.9936018073358935,0.9936018073358935,0.9936018073358934,0.9936018073358935,0.9936018073358935,0.0008036273294976227,0.0008021922603256512,1.0351808475785345,1.033332284112302
64,0.1,0.1,0.06366197723675814,1.5707963267948966,0.0625,24,123,1,numpy_PCG64_SeedSequence,1536,64.0,32.0,64,1979649,0.0007763158788896112,0.0007763158788896112,0.0007763158788896113,0.19873686499574048,0.19873686499574048,0.1987368649957405,577.5271544749827,,0.0007764002608543232,0.0007764002608543232,0.00038643214024304307,0.00038996812061128005,-3.5359803682369956e-06,0.004554326610279766,1.0,0.0,3.14059900271222,1.0001086953996519,1.0001086953996519,1.0001086953996516,1.0001086953996519,1.0001086953996519,0.000746035293957195,0.00074476990369343,0.9609945052576697,0.959364511207342
64,0.1,0.1,0.06366197723675814,1.5707963267948966,0.0625,24,123,2,numpy_PCG64_SeedSequence,1536,64.0,32.0,64,1979649,0.0007763158788896112,0.0007763158788896112,0.0007763158788896113,0.19873686499574048,0.19873686499574048,0.1987368649957405,577.5271544749827,,0.0008011521234319822,0.0008011521234319822,0.00040108120176859637,0.0004000709216633858,1.01028010521057e-06,0.0012610340479192938,1.0,0.0,3.1414420029877053,1.0319924469120676,1.0319924469120676,1.0319924469120674,1.0319924469120676,1.0319924469120676,0.000802038128985682,0.0008006765325612694,1.033133742070125,1.031379821454254
64,0.1,0.1,0.06366197723675814,1.5707963267948966,0.0625,24,123,3,numpy_PCG64_SeedSequence,1536,64.0,32.0,64,1979649,0.0007763158788896112,0.0007763158788896112,0.0007763158788896113,0.19873686499574048,0.19873686499574048,0.1987368649957405,577.5271544749827,,0.0007592254990657435,0.0007592254990657435,0.0003798653195591744,0.0003793601795065691,5.05140052605285e-07,0.0006653359946773121,1.0,0.0,3.1409278989515657,0.9779852759828735,0.9779852759828735,0.9779852759828734,0.9779852759828735,0.9779852759828735,0.0007556566145582434,0.0007542530190794681,0.9733880693501756,0.9715800482637296
64,0.1,0.1,0.06366197723675814,1.5707963267948966,0.0625,24,2023,0,numpy_PCG64_SeedSequence,1536,64.0,32.0,64,1979649,0.0007763158788896112,0.0007763158788896112,0.0007763158788896113,0.19873686499574048,0.19873686499574048,0.1987368649957405,577.5271544749827,,0.0007577100789079276,0.0007577100789079276,0.000377339619296148,0.00038037045961177967,-3.0308403156317105e-06,0.004,1.0,0.0,3.140994412272647,0.9760332095637461,0.9760332095637461,0.9760332095637458,0.9760332095637461,0.9760332095637461,0.0008148512447170218,0.000813406138925966,1.0496387706026689,1.0477772786116473
64,0.1,0.1,0.06366197723675814,1.5707963267948966,0.0625,24,2023,1,numpy_PCG64_SeedSequence,1536,64.0,32.0,64,1979649,0.0007763158788896112,0.0007763158788896112,0.0007763158788896113,0.19873686499574048,0.19873686499574048,0.1987368649957405,577.5271544749827,,0.0007688231600652439,0.0007688231600652439,0.00038441158003262195,0.00038441158003262195,0.0,0.0,1.0,0.0,3.1414793811894763,0.9903483633040143,0.9903483633040143,0.9903483633040142,0.9903483633040143,0.9903483633040143,0.0008075063783097283,0.0008059409532964047,1.0401775878457231,1.0381611083998012
64,0.1,0.1,0.06366197723675814,1.5707963267948966,0.0625,24,2023,2,numpy_PCG64_SeedSequence,1536,64.0,32.0,64,1979649,0.0007763158788896112,0.0007763158788896112,0.0007763158788896113,0.19873686499574048,0.19873686499574048,0.1987368649957405,577.5271544749827,,0.0007597306391183488,0.0007597306391183488,0.0003788550394539638,0.00038087559966438496,-2.02056021042114e-06,0.0026595744680851063,1.0,0.0,3.1414278401039257,0.9786359647892494,0.9786359647892494,0.9786359647892492,0.9786359647892494,0.9786359647892494,0.000771220070872909,0.000769745544517214,0.9934359090735192,0.9915365194103785
64,0.1,0.1,0.06366197723675814,1.5707963267948966,0.0625,24,2023,3,numpy_PCG64_SeedSequence,1536,64.0,32.0,64,1979649,0.0007763158788896112,0.0007763158788896112,0.0007763158788896113,0.19873686499574048,0.19873686499574048,0.1987368649957405,577.5271544749827,,0.0007789259611173496,0.0007789259611173496,0.00039047326066388535,0.00038845270045346423,2.02056021042114e-06,0.0025940337224383916,1.0,0.0,3.1410321674657027,1.003362139431531,1.003362139431531,1.0033621394315309,1.003362139431531,1.003362139431531,0.0007628540273789742,0.0007614385717280534,0.982659311915799,0.9808360133212304
64,0.1,0.1,0.06366197723675814,1.5707963267948966,0.0625,24,314159,0,numpy_PCG64_SeedSequence,1536,64.0,32.0,64,1979649,0.0007763158788896112,0.0007763158788896112,0.0007763158788896113,0.19873686499574048,0.19873686499574048,0.1987368649957405,577.5271544749827,,0.0007981212831163504,0.0007981212831163504,0.0003995657816107805,0.0003985555015055699,1.01028010521057e-06,0.0012658227848101266,1.0,0.0,3.141212884069859,1.0280883140738124,1.0280883140738124,1.0280883140738124,1.0280883140738124,1.0280883140738124,0.0007781518139603992,0.0007765892092268292,1.0023649330391309,1.000352086495524
64,0.1,0.1,0.06366197723675814,1.5707963267948966,0.0625,24,314159,1,numpy_PCG64_SeedSequence,1536,64.0,32.0,64,1979649,0.0007763158788896112,0.0007763158788896112,0.0007763158788896113,0.19873686499574048,0.19873686499574048,0.1987368649957405,577.5271544749827,,0.0007748848406965073,0.0007748848406965073,0.0003894629805586748,0.00038542186013783254,4.04112042084228e-06,0.005215123859191656,1.0,0.0,3.141465153728127,0.9981566289805243,0.9981566289805243,0.9981566289805242,0.9981566289805243,0.9981566289805243,0.0007765289038353988,0.0007750582425123322,1.000274404983307,0.9983799940056902
64,0.1,0.1,0.06366197723675814,1.5707963267948966,0.0625,24,314159,2,numpy_PCG64_SeedSequence,1536,64.0,32.0,64,1979649,0.0007763158788896112,0.0007763158788896112,0.0007763158788896113,0.19873686499574048,0.19873686499574048,0.1987368649957405,577.5271544749827,,0.0007703385802230598,0.0007703385802230598,0.00038744242034825365,0.0003828961598748061,4.5462604734475655e-06,0.005901639344262295,1.0,0.0,3.141319448158238,0.9923004297231418,0.9923004297231418,0.9923004297231417,0.9923004297231418,0.9923004297231418,0.0007857511652435209,0.0007843068439554518,1.0121539267848099,1.0102934453398922
64,0.1,0.1,0.06366197723675814,1.5707963267948966,0.0625,24,314159,3,numpy_PCG64_SeedSequence,1536,64.0,32.0,64,1979649,0.0007763158788896112,0.0007763158788896112,0.0007763158788896113,0.19873686499574048,0.19873686499574048,0.1987368649957405,577.5271544749827,,0.0007627614794339805,0.0007627614794339805,0.00038087559966438496,0.0003818858797695955,-1.01028010521057e-06,0.0013245033112582781,1.0,0.0,3.1404210857401105,0.9825400976275044,0.9825400976275044,0.9825400976275043,0.9825400976275044,0.9825400976275044,0.0007923526226507679,0.0007909869624961265,1.0206574980587728,1.0188983428079557
64,0.1,0.1,0.06366197723675814,1.5707963267948966,0.0625,24,271828,0,numpy_PCG64_SeedSequence,1536,64.0,32.0,64,1979649,0.0007763158788896112,0.0007763158788896112,0.0007763158788896113,0.19873686499574048,0.19873686499574048,0.1987368649957405,577.5271544749827,,0.000774379700643902,0.000774379700643902,0.00038845270045346423,0.0003859270001904378,2.5257002630264253e-06,0.0032615786040443573,1.0,0.0,3.1413679682002056,0.9975059401741484,0.9975059401741484,0.9975059401741483,0.9975059401741484,0.9975059401741484,0.000810782789150526,0.0008091370260970575,1.0443980487816555,1.042278083058653
64,0.1,0.1,0.06366197723675814,1.5707963267948966,0.0625,24,271828,1,numpy_PCG64_SeedSequence,1536,64.0,32.0,64,1979649,0.0007763158788896112,0.0007763158788896112,0.0007763158788896113,0.19873686499574048,0.19873686499574048,0.1987368649957405,577.5271544749827,,0.0007930698825902976,0.0007930698825902976,0.00039451438108472763,0.0003985555015055699,-4.04112042084228e-06,0.005095541401273885,1.0,0.0,3.14149912589746,1.0215814260100542,1.0215814260100542,1.021581426010054,1.0215814260100542,1.0215814260100542,0.0007820692885519621,0.0007807012906636475,1.0074111709148346,1.0056490043464124
64,0.1,0.1,0.06366197723675814,1.5707963267948966,0.0625,24,271828,2,numpy_PCG64_SeedSequence,1536,64.0,32.0,64,1979649,0.0007763158788896112,0.0007763158788896112,0.0007763158788896113,0.19873686499574048,0.19873686499574048,0.1987368649957405,577.5271544749827,,0.0007753899807491126,0.0007753899807491126,0.00038693728029564836,0.00038845270045346423,-1.5154201578158552e-06,0.001954397394136808,1.0,0.0,3.141526705977693,0.9988073177869001,0.9988073177869001,0.9988073177869,0.9988073177869001,0.9988073177869001,0.0008100467789392423,0.0008084080903880672,1.0434499679407272,1.0413391151348836
64,0.1,0.1,0.06366197723675814,1.5707963267948966,0.0625,24,271828,3,numpy_PCG64_SeedSequence,1536,64.0,32.0,64,1979649,0.0007763158788896112,0.0007763158788896112,0.0007763158788896113,0.19873686499574048,0.19873686499574048,0.1987368649957405,577.5271544749827,,0.0007698334401704545,0.0007698334401704545,0.00038542186013783254,0.00038441158003262195,1.01028010521057e-06,0.0013123359580052493,1.0,0.0,3.1413418852439663,0.991649740916766,0.991649740916766,0.9916497409167658,0.991649740916766,0.991649740916766,0.0007677644570678079,0.0007662862308507251,0.9889846104474448,0.9870804548617093
64,0.25,0.25,0.15915494309189535,1.5707963267948966,0.0625,24,42,0,numpy_PCG64_SeedSequence,1536,64.0,32.0,64,1979649,0.0008252746748575093,0.0008252746748569627,0.0008252746748569625,0.21127031676352237,0.21127031676338245,0.2112703167633824,1443.8178861922916,,0.0008006469833793769,0.0008006469833793769,0.0004020914818738069,0.0003985555015055699,3.5359803682369956e-06,0.004416403785488959,1.0,0.0,3.141469368509233,0.9701581882633384,0.9701581882639809,0.9701581882639811,0.9701581882633384,0.9701581882639809,0.00082756230655838,0.000825862921310428,1.002771964014606,1.0007127886882272
64,0.25,0.25,0.15915494309189535,1.5707963267948966,0.0625,24,42,1,numpy_PCG64_SeedSequence,1536,64.0,32.0,64,1979649,0.0008252746748575093,0.0008252746748569627,0.0008252746748569625,0.21127031676352237,0.21127031676338245,0.2112703167633824,1443.8178861922916,,0.0008557072491133529,0.0008557072491133529,0.00042835876460928175,0.00042734848450407117,1.01028010521057e-06,0.0011806375442739079,1.0,0.0,3.141574378231836,1.036875691430975,1.0368756914316617,1.036875691431662,1.036875691430975,1.0368756914316617,0.0008167929914354701,0.0008150424947381432,0.9897225933614119,0.9876014853828724
64,0.25,0.25,0.15915494309189535,1.5707963267948966,0.0625,24,42,2,numpy_PCG64_SeedSequence,1536,64.0,32.0,64,1979649,0.0008252746748575093,0.0008252746748569627,0.0008252746748569625,0.21127031676352237,0.21127031676338245,0.2112703167633824,1443.8178861922916,,0.0008304502464830887,0.0008304502464830887,0.00041421484313633374,0.0004162354033467549,-2.02056021042114e-06,0.0024330900243309003,1.0,0.0,3.1412491704079306,1.0062713321797654,1.006271332180432,1.0062713321804322,1.0062713321797654,1.006271332180432,0.0008139804133395691,0.0008124163595471018,0.9863145424644344,0.9844193506693665
64,0.25,0.25,0.15915494309189535,1.5707963267948966,0.0625,24,42,3,numpy_PCG64_SeedSequence,1536,64.0,32.0,64,1979649,0.0008252746748575093,0.0008252746748569627,0.0008252746748569625,0.21127031676352237,0.21127031676338245,0.2112703167633824,1443.8178861922916,,0.0008158011849575354,0.0008158011849575354,0.00040764802245246506,0.00040815316250507035,-5.05140052605285e-07,0.0006191950464396285,1.0,0.0,3.141526277113733,0.988520803814064,0.9885208038147187,0.988520803814719,0.988520803814064,0.9885208038147187,0.0008275670672236856,0.00082591576003296,1.0027777325974192,1.0007768143079896
64,0.25,0.25,0.15915494309189535,1.5707963267948966,0.0625,24,7,0,numpy_PCG64_SeedSequence,1536,64.0,32.0,64,1979649,0.0008252746748575093,0.0008252746748569627,0.0008252746748569625,0.21127031676352237,0.21127031676338245,0.2112703167633824,1443.8178861922916,,0.0008001418433267716,0.0008001418433267716,0.0003985555015055699,0.00040158634182120166,-3.0308403156317105e-06,0.003787878787878788,1.0,0.0,3.141276802102409,0.9695461010783142,0.9695461010789563,0.9695461010789566,0.9695461010783142,0.9695461010789563,0.0008148540073423894,0.0008132450723281175,0.9873730918534256,0.9854235166837408
64,0.25,0.25,0.15915494309189535,1.5707963267948966,0.0625,24,7,1,numpy_PCG64_SeedSequence,1536,64.0,32.0,64,1979649,0.0008252746748575093,0.0008252746748569627,0.0008252746748569625,0.21127031676352237,0.21127031676338245,0.2112703167633824,1443.8178861922916,,0.0008152960449049301,0.0008152960449049301,0.00040764802245246506,0.00040764802245246506,0.0,0.0,1.0,0.0,3.1408546048611394,0.9879087166290399,0.9879087166296942,0.9879087166296944,0.9879087166290399,0.9879087166296942,0.0008331378727421188,0.0008313254192094233,1.009527976713895,1.0073317945361147
64,0.25,0.25,0.15915494309189535,1.5707963267948966,0.0625,24,7,2,numpy_PCG64_SeedSequence,1536,64.0,32.0,64,1979649,0.0008252746748575093,0.0008252746748569627,0.0008252746748569625,0.21127031676352237,0.21127031676338245,0.2112703167633824,1443.8178861922916,,0.0008289348263252728,0.0008289348263252728,0.00041471998318893903,0.00041421484313633374,5.05140052605285e-07,0.0006093845216331506,1.0,0.0,3.141284884772912,1.004435070624693,1.0044350706253582,1.0044350706253584,1.004435070624693,1.0044350706253582,0.0008537719107966946,0.0008518716187419147,1.034530607575115,1.032227989898027
64,0.25,0.25,0.15915494309189535,1.5707963267948966,0.0625,24,7,3,numpy_PCG64_SeedSequence,1536,64.0,32.0,64,1979649,0.0008252746748575093,0.0008252746748569627,0.0008252746748569625,0.21127031676352237,0.21127031676338245,0.2112703167633824,1443.8178861922916,,0.0008284296862726675,0.0008284296862726675,0.0004157302632941496,0.0004126994229785179,3.0308403156317105e-06,0.003658536585365854,1.0,0.0,3.141363016082786,1.0038229834396688,1.0038229834403334,1.0038229834403338,1.0038229834396688,1.0038229834403334,0.0008205467843464394,0.0008186733697627974,0.9942711309881329,0.992001081220805
64,0.25,0.25,0.15915494309189535,1.5707963267948966,0.0625,24,123,0,numpy_PCG64_SeedSequence,1536,64.0,32.0,64,1979649,0.0008252746748575093,0.0008252746748569627,0.0008252746748569625,0.21127031676352237,0.21127031676338245,0.2112703167633824,1443.8178861922916,,0.0008360067870617468,0.0008360067870617468,0.0004162354033467549,0.0004197713837149919,-3.5359803682369956e-06,0.004229607250755287,1.0,0.0,3.141563195354001,1.0130042912150314,1.0130042912157025,1.0130042912157027,1.0130042912150314,1.0130042912157025,0.0008327968189684067,0.0008310290435518756,1.0091147157910743,1.0069726708811946
64,0.25,0.25,0.15915494309189535,1.5707963267948966,0.0625,24,123,1,numpy_PCG64_SeedSequence,1536,64.0,32.0,64,1979649,0.0008252746748575093,0.0008252746748569627,0.0008252746748569625,0.21127031676352237,0.21127031676338245,0.2112703167633824,1443.8178861922916,,0.0008173166051153513,0.0008173166051153513,0.00041067886276809675,0.00040663774234725447,4.04112042084228e-06,0.004944375772558714,1.0,0.0,3.140996507844821,0.9903570653691366,0.9903570653697925,0.9903570653697927,0.9903570653691366,0.9903570653697925,0.0008363319489789674,0.0008345019227180358,1.0133982956927248,1.0111808203276318
64,0.25,0.25,0.15915494309189535,1.5707963267948966,0.0625,24,123,2,numpy_PCG64_SeedSequence,1536,64.0,32.0,64,1979649,0.0008252746748575093,0.0008252746748569627,0.0008252746748569625,0.21127031676352237,0.21127031676338245,0.2112703167633824,1443.8178861922916,,0.0008132754846945089,0.0008132754846945089,0.00040562746224204394,0.00040764802245246506,-2.02056021042114e-06,0.002484472049689441,1.0,0.0,3.141511490986091,0.9854603678889431,0.9854603678895957,0.9854603678895959,0.9854603678889431,0.9854603678895957,0.0008153938631699236,0.0008136232903117979,0.9880272447603077,0.9858818101406989
64,0.25,0.25,0.15915494309189535,1.5707963267948966,0.0625,24,123,3,numpy_PCG64_SeedSequence,1536,64.0,32.0,64,1979649,0.0008252746748575093,0.0008252746748569627,0.0008252746748569625,0.21127031676352237,0.21127031676338245,0.2112703167633824,1443.8178861922916,,0.0008056983839054297,0.0008056983839054297,0.0004005760617159911,0.00040512232218943865,-4.5462604734475655e-06,0.005642633228840125,1.0,0.0,3.141089306028725,0.9762790601135802,0.9762790601142268,0.976279060114227,0.9762790601135802,0.9762790601142268,0.0007930515058098253,0.0007913377226177749,0.9609546130162693,0.958877991444977
64,0.25,0.25,0.15915494309189535,1.5707963267948966,0.0625,24,2023,0,numpy_PCG64_SeedSequence,1536,64.0,32.0,64,1979649,0.0008252746748575093,0.0008252746748569627,0.0008252746748569625,0.21127031676352237,0.21127031676338245,0.2112703167633824,1443.8178861922916,,0.0008334810867987204,0.0008334810867987204,0.000418255963557176,0.0004152251232415443,3.0308403156317105e-06,0.0036363636363636364,1.0,0.0,3.141420240956413,1.0099438552899107,1.0099438552905795,1.0099438552905797,1.0099438552899107,1.0099438552905795,0.0008295605382818612,0.000827724743714531,1.0051932569299935,1.0029687920054553
64,0.25,0.25,0.15915494309189535,1.5707963267948966,0.0625,24,2023,1,numpy_PCG64_SeedSequence,1536,64.0,32.0,64,1979649,0.0008252746748575093,0.0008252746748569627,0.0008252746748569625,0.21127031676352237,0.21127031676338245,0.2112703167633824,1443.8178861922916,,0.0008284296862726675,0.0008284296862726675,0.00041471998318893903,0.0004137097030837285,1.01028010521057e-06,0.0012195121951219512,1.0,0.0,3.140673593655744,1.0038229834396688,1.0038229834403334,1.0038229834403338,1.0038229834396688,1.0038229834403334,0.0008409430469705092,0.000839140999043999,1.0189856451316712,1.0168020716119563
64,0.25,0.25,0.15915494309189535,1.5707963267948966,0.0625,24,2023,2,numpy_PCG64_SeedSequence,1536,64.0,32.0,64,1979649,0.0008252746748575093,0.0008252746748569627,0.0008252746748569625,0.21127031676352237,0.21127031676338245,0.2112703167633824,1443.8178861922916,,0.0008132754846945089,0.0008132754846945089,0.00040663774234725447,0.00040663774234725447,0.0,0.0,1.0,0.0,3.1415347819197508,0.9854603678889431,0.9854603678895957,0.9854603678895959,0.9854603678889431,0.9854603678895957,0.0007954639065922186,0.0007938013214265149,0.9638777619458179,0.9618631779335425
64,0.25,0.25,0.15915494309189535,1.5707963267948966,0.0625,24,2023,3,numpy_PCG64_SeedSequence,1536,64.0,32.0,64,1979649,0.0008252746748575093,0.0008252746748569627,0.0008252746748569625,0.21127031676352237,0.21127031676338245,0.2112703167633824,1443.8178861922916,,0.0008375222072195626,0.0008375222072195626,0.0004162354033467549,0.0004212868038728078,-5.051400526052851e-06,0.006031363088057901,1.0,0.0,3.140563359219635,1.014840552770104,1.0148405527707762,1.0148405527707764,1.014840552770104,1.0148405527707762,0.000839905567055504,0.000838182006177366,1.0177285122683801,1.0156400429009715
64,0.25,0.25,0.15915494309189535,1.5707963267948966,0.0625,24,314159,0,numpy_PCG64_SeedSequence,1536,64.0,32.0,64,1979649,0.0008252746748575093,0.0008252746748569627,0.0008252746748569625,0.21127031676352237,0.21127031676338245,0.2112703167633824,1443.8178861922916,,0.0008284296862726675,0.0008284296862726675,0.0004157302632941496,0.0004126994229785179,3.0308403156317105e-06,0.003658536585365854,1.0,0.0,3.141591844951736,1.0038229834396688,1.0038229834403334,1.0038229834403338,1.0038229834396688,1.0038229834403334,0.0008192380576630535,0.0008175018861658269,0.9926853235918114,0.990581573712989
64,0.25,0.25,0.15915494309189535,1.5707963267948966,0.0625,24,314159,1,numpy_PCG64_SeedSequence,1536,64.0,32.0,64,1979649,0.0008252746748575093,0.0008252746748569627,0.0008252746748569625,0.21127031676352237,0.21127031676338245,0.2112703167633824,1443.8178861922916,,0.0007971110030111398,0.0007971110030111398,0.0004000709216633858,0.0003970400813477541,3.0308403156317105e-06,0.0038022813688212928,1.0,0.0,3.14072461942844,0.9658735779681691,0.9658735779688087,0.9658735779688089,0.9658735779681691,0.9658735779688087,0.0008444613391015951,0.0008425891771637329,1.0232488222753213,1.0209802903611616
64,0.25,0.25,0.15915494309189535,1.5707963267948966,0.0625,24,314159,2,numpy_PCG64_SeedSequence,1536,64.0,32.0,64,1979649,0.0008252746748575093,0.0008252746748569627,0.0008252746748569625,0.21127031676352237,0.21127031676338245,0.2112703167633824,1443.8178861922916,,0.0008178217451679566,0.0008178217451679566,0.00040663774234725447,0.00041118400282070204,-4.5462604734475655e-06,0.005558987029030266,1.0,0.0,3.1408609212737884,0.9909691525541608,0.9909691525548171,0.9909691525548173,0.9909691525541608,0.9909691525548171,0.0007878376548375204,0.0007862216533699385,0.9546368970713264,0.9526787593544978
64,0.25,0.25,0.15915494309189535,1.5707963267948966,0.0625,24,314159,3,numpy_PCG64_SeedSequence,1536,64.0,32.0,64,1979649,0.0008252746748575093,0.0008252746748569627,0.0008252746748569625,0.21127031676352237,0.21127031676338245,0.2112703167633824,1443.8178861922916,,0.0008294399663778781,0.0008294399663778781,0.0004167405433993602,0.0004126994229785179,4.04112042084228e-06,0.0048721071863581,1.0,0.0,3.1414668783483974,1.005047157809717,1.0050471578103828,1.005047157810383,1.005047157809717,1.0050471578103828,0.0008378335977152558,0.0008360505891165667,1.015217870171425,1.0130573669438214
64,0.25,0.25,0.15915494309189535,1.5707963267948966,0.0625,24,271828,0,numpy_PCG64_SeedSequence,1536,64.0,32.0,64,1979649,0.0008252746748575093,0.0008252746748569627,0.0008252746748569625,0.21127031676352237,0.21127031676338245,0.2112703167633824,1443.8178861922916,,0.0008334810867987204,0.0008334810867987204,0.00041421484313633374,0.0004192662436623866,-5.051400526052851e-06,0.006060606060606061,1.0,0.0,3.1413226224622908,1.0099438552899107,1.0099438552905795,1.0099438552905797,1.0099438552899107,1.0099438552905795,0.000847838482573807,0.0008459936617556507,1.027340967078862,1.0251055648856773
64,0.25,0.25,0.15915494309189535,1.5707963267948966,0.0625,24,271828,1,numpy_PCG64_SeedSequence,1536,64.0,32.0,64,1979649,0.0008252746748575093,0.0008252746748569627,0.0008252746748569625,0.21127031676352237,0.21127031676338245,0.2112703167633824,1443.8178861922916,,0.0008390376273773785,0.0008390376273773785,0.000418255963557176,0.0004207816638202025,-2.5257002630264253e-06,0.0030102347983142685,1.0,0.0,3.140933611083867,1.0166768143251768,1.01667681432585,1.0166768143258502,1.0166768143251768,1.01667681432585,0.000840550015471216,0.0008388338124499914,1.0185094018744052,1.016429848153069
64,0.25,0.25,0.15915494309189535,1.5707963267948966,0.0625,24,271828,2,numpy_PCG64_SeedSequence,1536,64.0,32.0,64,1979649,0.0008252746748575093,0.0008252746748569627,0.0008252746748569625,0.21127031676352237,0.21127031676338245,0.2112703167633824,1443.8178861922916,,0.0008183268852205619,0.0008183268852205619,0.00041017372271549146,0.00040815316250507035,2.02056021042114e-06,0.0024691358024691358,1.0,0.0,3.1415131907968488,0.991581239739185,0.9915812397398417,0.991581239739842,0.991581239739185,0.9915812397398417,0.0008163126974733095,0.0008145699513694712,0.9891406126260361,0.9870288961794613
64,0.25,0.25,0.15915494309189535,1.5707963267948966,0.0625,24,271828,3,numpy_PCG64_SeedSequence,1536,64.0,32.0,64,1979649,0.0008252746748575093,0.0008252746748569627,0.0008252746748569625,0.21127031676352237,0.21127031676338245,0.2112703167633824,1443.8178861922916,,0.0008329759467461151,0.0008329759467461151,0.0004162354033467549,0.0004167405433993602,-5.05140052605285e-07,0.0006064281382656155,1.0,0.0,3.141469335086759,1.0093317681048866,1.009331768105555,1.0093317681055551,1.0093317681048866,1.009331768105555,0.0008119045966931314,0.0008101392628171299,0.98379923851815,0.9816601520663498
64,0.5,0.5,0.3183098861837907,1.5707963267948966,0.0625,24,42,0,numpy_PCG64_SeedSequence,1536,64.0,32.0,64,1979649,0.0010000567836369071,0.0010000565498271426,0.0010000565498271424,0.2560145366110482,0.2560144767557485,0.25601447675574845,2887.8462397432722,,0.0010249291667361233,0.0010249291667361233,0.0005132222934469697,0.0005117068732891538,1.5154201578158552e-06,0.0014785608674223755,1.0,0.0,3.141557377263692,1.0248709708350388,1.0248712104463291,1.0248712104463293,1.0248709708350388,1.0248712104463291,0.0009857820256210983,0.0009828957639746003,0.9857260525108426,0.9828399547474721
64,0.5,0.5,0.3183098861837907,1.5707963267948966,0.0625,24,42,1,numpy_PCG64_SeedSequence,1536,64.0,32.0,64,1979649,0.0010000567836369071,0.0010000565498271426,0.0010000565498271424,0.2560145366110482,0.2560144767557485,0.25601447675574845,2887.8462397432722,,0.0009754254415808055,0.0009754254415808055,0.0004859447306062842,0.0004894807109745213,-3.5359803682369956e-06,0.0036250647332988087,1.0,0.0,3.141311801564461,0.9753700565216659,0.9753702845598136,0.9753702845598138,0.9753700565216659,0.9753702845598136,0.0009931017368170214,0.0009902054999203454,0.9930453480905431,0.9901492756433934
64,0.5,0.5,0.3183098861837907,1.5707963267948966,0.0625,24,42,2,numpy_PCG64_SeedSequence,1536,64.0,32.0,64,1979649,0.0010000567836369071,0.0010000565498271426,0.0010000565498271424,0.2560145366110482,0.2560144767557485,0.25601447675574845,2887.8462397432722,,0.0009860333826855164,0.0009860333826855164,0.0004940269714479688,0.0004920064112375476,2.02056021042114e-06,0.0020491803278688526,1.0,0.0,3.141149338312074,0.9859773953031029,0.9859776258212097,0.98597762582121,0.9859773953031029,0.9859776258212097,0.0009789384542456528,0.0009760881658595355,0.9788828697162042,0.9760327431706378
64,0.5,0.5,0.3183098861837907,1.5707963267948966,0.0625,24,42,3,numpy_PCG64_SeedSequence,1536,64.0,32.0,64,1979649,0.0010000567836369071,0.0010000565498271426,0.0010000565498271424,0.2560145366110482,0.2560144767557485,0.25601447675574845,2887.8462397432722,,0.00101886748610486,0.00101886748610486,0.0005096863130787326,0.0005091811730261273,5.05140052605285e-07,0.0004957858205255329,1.0,0.0,3.1413052992332453,1.0188096343885034,1.0188098725826744,1.0188098725826746,1.0188096343885034,1.0188098725826744,0.0009956945309470735,0.0009926638556984624,0.9956379950006744,0.9926074918350547
64,0.5,0.5,0.3183098861837907,1.5707963267948966,0.0625,24,7,0,numpy_PCG64_SeedSequence,1536,64.0,32.0,64,1979649,0.0010000567836369071,0.0010000565498271426,0.0010000565498271424,0.2560145366110482,0.2560144767557485,0.25601447675574845,2887.8462397432722,,0.0009764357216860161,0.0009764357216860161,0.0004859447306062842,0.0004904909910797318,-4.5462604734475655e-06,0.0046559751681324365,1.0,0.0,3.1414798496465886,0.9763802792627552,0.9763805075370894,0.9763805075370896,0.9763802792627552,0.9763805075370894,0.001010631616042948,0.001007553355102175,1.0105742319626927,1.0074961458068463
64,0.5,0.5,0.3183098861837907,1.5707963267948966,0.0625,24,7,1,numpy_PCG64_SeedSequence,1536,64.0,32.0,64,1979649,0.0010000567836369071,0.0010000565498271426,0.0010000565498271424,0.2560145366110482,0.2560144767557485,0.25601447675574845,2887.8462397432722,,0.0009956310436850168,0.0009956310436850168,0.0005005937921318375,0.0004950372515531794,5.556540578658136e-06,0.005580923389142567,1.0,0.0,3.1413044549797933,0.9955745113434508,0.9955747441053301,0.9955747441053303,0.9955745113434508,0.9955747441053301,0.000996044232208115,0.0009930397330587225,0.9959876764055339,0.9929833478528431
64,0.5,0.5,0.3183098861837907,1.5707963267948966,0.0625,24,7,2,numpy_PCG64_SeedSequence,1536,64.0,32.0,64,1979649,0.0010000567836369071,0.0010000565498271426,0.0010000565498271424,0.2560145366110482,0.2560144767557485,0.25601447675574845,2887.8462397432722,,0.0009895693630537535,0.0009895693630537535,0.0004945321115005741,0.0004950372515531794,-5.05140052605285e-07,0.0005104645227156713,1.0,0.0,3.1415098159539454,0.9895131748969154,0.9895134062416753,0.9895134062416755,0.9895131748969154,0.9895134062416753,0.0009831953546236677,0.0009802619585922135,0.9831395283856589,0.9802062989136419
64,0.5,0.5,0.3183098861837907,1.5707963267948966,0.0625,24,7,3,numpy_PCG64_SeedSequence,1536,64.0,32.0,64,1979649,0.0010000567836369071,0.0010000565498271426,0.0010000565498271424,0.2560145366110482,0.2560144767557485,0.25601447675574845,2887.8462397432722,,0.001002703004421491,0.001002703004421491,0.0005036246324474692,0.0004990783719740217,4.5462604734475655e-06,0.004534005037783375,1.0,0.0,3.1409843607480714,1.0026460705310756,1.002646304946261,1.0026463049462613,1.0026460705310756,1.002646304946261,0.0009898035554010798,0.0009868875903086937,0.9897473539467034,0.9868315544240188
64,0.5,0.5,0.3183098861837907,1.5707963267948966,0.0625,24,123,0,numpy_PCG64_SeedSequence,1536,64.0,32.0,64,1979649,0.0010000567836369071,0.0010000565498271426,0.0010000565498271424,0.2560145366110482,0.2560144767557485,0.25601447675574845,2887.8462397432722,,0.0009718894612125684,0.0009718894612125684,0.0004864498706588895,0.000485439590553679,1.01028010521057e-06,0.0010395010395010396,1.0,0.0,3.1412950562361313,0.9718342769278535,0.9718345041393481,0.9718345041393484,0.9718342769278535,0.9718345041393481,0.0009806710567592002,0.0009777778236425398,0.9806153738518658,0.9777223050141759
64,0.5,0.5,0.3183098861837907,1.5707963267948966,0.0625,24,123,1,numpy_PCG64_SeedSequence,1536,64.0,32.0,64,1979649,0.0010000567836369071,0.0010000565498271426,0.0010000565498271424,0.2560145366110482,0.2560144767557485,0.25601447675574845,2887.8462397432722,,0.0009809819821594637,0.0009809819821594637,0.0004904909910797318,0.0004904909910797318,0.0,0.0,1.0,0.0,3.1414815148712782,0.9809262815976568,0.9809265109348307,0.980926510934831,0.9809262815976568,0.9809265109348307,0.000992881015628989,0.0009899633309746632,0.9928246394351508,0.9899071204481639
64,0.5,0.5,0.3183098861837907,1.5707963267948966,0.0625,24,123,2,numpy_PCG64_SeedSequence,1536,64.0,32.0,64,1979649,0.0010000567836369071,0.0010000565498271426,0.0010000565498271424,0.2560145366110482,0.2560144767557485,0.25601447675574845,2887.8462397432722,,0.001004723564631912,0.001004723564631912,0.0005041297725000745,0.0005005937921318375,3.5359803682369956e-06,0.003519356460532931,1.0,0.0,3.1412094581163528,1.004666516013254,1.0046667509008127,1.004666750900813,1.004666516013254,1.0046667509008127,0.0010107312673617891,0.00100757569214834,1.0106738776232906,1.0075184815847045
64,0.5,0.5,0.3183098861837907,1.5707963267948966,0.0625,24,123,3,numpy_PCG64_SeedSequence,1536,64.0,32.0,64,1979649,0.0010000567836369071,0.0010000565498271426,0.0010000565498271424,0.2560145366110482,0.2560144767557485,0.25601447675574845,2887.8462397432722,,0.0010405885083668873,0.0010405885083668873,0.0005207993942360489,0.0005197891141308383,1.01028010521057e-06,0.000970873786407767,1.0,0.0,3.1414484548321973,1.0405294233219222,1.0405296665941046,1.0405296665941048,1.0405294233219222,1.0405296665941046,0.001014851727690795,0.001011654259191633,1.0147941039908586,1.0115968170452776
64,0.5,0.5,0.3183098861837907,1.5707963267948966,0.0625,24,2023,0,numpy_PCG64_SeedSequence,1536,64.0,32.0,64,1979649,0.0010000567836369071,0.0010000565498271426,0.0010000565498271424,0.2560145366110482,0.2560144767557485,0.25601447675574845,2887.8462397432722,,0.0010138160855788071,0.0010138160855788071,0.0005101914531313379,0.0005036246324474692,6.566820683868706e-06,0.0064773293472845045,1.0,0.0,3.1414574476825625,1.013758520683057,1.013758757696295,1.0137587576962952,1.013758520683057,1.013758757696295,0.0010106536653924252,0.0010077614110971021,1.0105962800601986,1.007704189988268
64,0.5,0.5,0.3183098861837907,1.5707963267948966,0.0625,24,2023,1,numpy_PCG64_SeedSequence,1536,64.0,32.0,64,1979649,0.0010000567836369071,0.0010000565498271426,0.0010000565498271424,0.2560145366110482,0.2560144767557485,0.25601447675574845,2887.8462397432722,,0.0009734048813703843,0.0009734048813703843,0.000488975570921916,0.0004844293104484684,4.5462604734475655e-06,0.00467047223663726,1.0,0.0,3.141228057263167,0.9733496110394874,0.9733498386052619,0.9733498386052621,0.9733496110394874,0.9733498386052619,0.0010001898467744237,0.0009972226906520435,1.0001330555821366,0.9971660679361056
64,0.5,0.5,0.3183098861837907,1.5707963267948966,0.0625,24,2023,2,numpy_PCG64_SeedSequence,1536,64.0,32.0,64,1979649,0.0010000567836369071,0.0010000565498271426,0.0010000565498271424,0.2560145366110482,0.2560144767557485,0.25601447675574845,2887.8462397432722,,0.0009744151614755949,0.0009744151614755949,0.0004869550107114948,0.0004874601507641001,-5.05140052605285e-07,0.0005184033177812338,1.0,0.0,3.1413067932137957,0.9743598337805766,0.9743600615825377,0.974360061582538,0.9743598337805766,0.9743600615825377,0.0010023965604165342,0.000999333958170454,1.0023396439261358,0.9992772155758752
64,0.5,0.5,0.3183098861837907,1.5707963267948966,0.0625,24,2023,3,numpy_PCG64_SeedSequence,1536,64.0,32.0,64,1979649,0.0010000567836369071,0.0010000565498271426,0.0010000565498271424,0.2560145366110482,0.2560144767557485,0.25601447675574845,2887.8462397432722,,0.0009799717020542531,0.0009799717020542531,0.0004884704308693107,0.0004915012711849424,-3.0308403156317105e-06,0.003092783505154639,1.0,0.0,3.14148415476498,0.9799160588565675,0.9799162879575549,0.9799162879575551,0.9799160588565675,0.9799162879575549,0.0009771822475858765,0.0009742856455243899,0.9771267627745669,0.9742303251833407
64,0.5,0.5,0.3183098861837907,1.5707963267948966,0.0625,24,314159,0,numpy_PCG64_SeedSequence,1536,64.0,32.0,64,1979649,0.0010000567836369071,0.0010000565498271426,0.0010000565498271424,0.2560145366110482,0.2560144767557485,0.25601447675574845,2887.8462397432722,,0.001008259545000149,0.001008259545000149,0.0005046349125526798,0.0005036246324474692,1.01028010521057e-06,0.001002004008016032,1.0,0.0,3.1414840269776727,1.0082022956070664,1.0082025313212781,1.0082025313212784,1.0082022956070664,1.0082025313212781,0.0010058880094967967,0.0010028334127908409,1.0058308947604786,1.0027764714957845
64,0.5,0.5,0.3183098861837907,1.5707963267948966,0.0625,24,314159,1,numpy_PCG64_SeedSequence,1536,64.0,32.0,64,1979649,0.0010000567836369071,0.0010000565498271426,0.0010000565498271424,0.2560145366110482,0.2560144767557485,0.25601447675574845,2887.8462397432722,,0.0009814871222120689,0.0009814871222120689,0.0004925115512901529,0.000488975570921916,3.5359803682369956e-06,0.003602676273803397,1.0,0.0,3.1415276557163927,0.9814313929682013,0.9814316224234685,0.9814316224234687,0.9814313929682013,0.9814316224234685,0.001000337379136234,0.0009973562327278706,1.0002805795669985,0.9972996024293587
64,0.5,0.5,0.3183098861837907,1.5707963267948966,0.0625,24,314159,2,numpy_PCG64_SeedSequence,1536,64.0,32.0,64,1979649,0.0010000567836369071,0.0010000565498271426,0.0010000565498271424,0.2560145366110482,0.2560144767557485,0.25601447675574845,2887.8462397432722,,0.0009754254415808055,0.0009754254415808055,0.000488975570921916,0.0004864498706588895,2.5257002630264253e-06,0.002589331952356292,1.0,0.0,3.1411386745860477,0.9753700565216659,0.9753702845598136,0.9753702845598138,0.9753700565216659,0.9753702845598136,0.0010043648104412655,0.0010012362077771475,1.0043077821928186,1.0011793571720509
64,0.5,0.5,0.3183098861837907,1.5707963267948966,0.0625,24,314159,3,numpy_PCG64_SeedSequence,1536,64.0,32.0,64,1979649,0.0010000567836369071,0.0010000565498271426,0.0010000565498271424,0.2560145366110482,0.2560144767557485,0.25601447675574845,2887.8462397432722,,0.0010138160855788071,0.0010138160855788071,0.0005051400526052851,0.000508676032973522,-3.5359803682369956e-06,0.003487792725460887,1.0,0.0,3.1414416193246257,1.013758520683057,1.013758757696295,1.0137587576962952,1.013758520683057,1.013758757696295,0.0010042736692148428,0.0010013016273705546,1.0042166461414321,1.0012447730509064
64,0.5,0.5,0.3183098861837907,1.5707963267948966,0.0625,24,271828,0,numpy_PCG64_SeedSequence,1536,64.0,32.0,64,1979649,0.0010000567836369071,0.0010000565498271426,0.0010000565498271424,0.2560145366110482,0.2560144767557485,0.25601447675574845,2887.8462397432722,,0.0010102801052105702,0.0010102801052105702,0.0005046349125526798,0.0005056451926578904,-1.01028010521057e-06,0.001,1.0,0.0,3.141577237959273,1.0102227410892448,1.0102229772758298,1.01022297727583,1.0102227410892448,1.0102229772758298,0.0009941431076859876,0.0009911710534003062,0.9940866598300415,0.9911147742988291
64,0.5,0.5,0.3183098861837907,1.5707963267948966,0.0625,24,271828,1,numpy_PCG64_SeedSequence,1536,64.0,32.0,64,1979649,0.0010000567836369071,0.0010000565498271426,0.0010000565498271424,0.2560145366110482,0.2560144767557485,0.25601447675574845,2887.8462397432722,,0.001003208144474096,0.001003208144474096,0.0005031194923948639,0.0005000886520792322,3.0308403156317105e-06,0.0030211480362537764,1.0,0.0,3.1410933885581214,1.0031511819016201,1.003151416434899,1.0031514164348991,1.0031511819016201,1.003151416434899,0.001003873678840817,0.0010007825199091784,1.003816678479025,1.0007256950646661
64,0.5,0.5,0.3183098861837907,1.5707963267948966,0.0625,24,271828,2,numpy_PCG64_SeedSequence,1536,64.0,32.0,64,1979649,0.0010000567836369071,0.0010000565498271426,0.0010000565498271424,0.2560145366110482,0.2560144767557485,0.25601447675574845,2887.8462397432722,,0.0010299805672621763,0.0010299805672621763,0.000513727433499575,0.0005162531337626013,-2.5257002630264253e-06,0.0024521824423737125,1.0,0.0,3.141117321401018,1.029922084540485,1.0299223253327083,1.0299223253327086,1.029922084540485,1.0299223253327083,0.001017143257662392,0.001014246455289103,1.0170855038484379,1.0141888659567833
64,0.5,0.5,0.3183098861837907,1.5707963267948966,0.0625,24,271828,3,numpy_PCG64_SeedSequence,1536,64.0,32.0,64,1979649,0.0010000567836369071,0.0010000565498271426,0.0010000565498271424,0.2560145366110482,0.2560144767557485,0.25601447675574845,2887.8462397432722,,0.0010001773041584644,0.0010001773041584644,0.000499583512026627,0.0005005937921318375,-1.01028010521057e-06,0.00101010101010101,1.0,0.0,3.1414938498391463,1.0001205136783522,1.0001207475030713,1.0001207475030716,1.0001205136783522,1.0001207475030713,0.0010095433014308383,0.0010063692056203964,1.0094859791455357,1.0063120635615639
64,0.75,0.75,0.477464829275686,1.5707963267948966,0.0625,24,42,0,numpy_PCG64_SeedSequence,1536,64.0,32.0,64,1979649,0.001287846486194297,0.0012878451035086703,0.001287845103508671,0.32968870046574006,0.3296883464982196,0.32968834649821976,4345.034731741178,,0.0012891174142486874,0.0012891174142486874,0.0006425381469139227,0.0006465792673347649,-4.04112042084228e-06,0.003134796238244514,1.0,0.0,3.141514306874354,1.000986863005812,1.0009879377081536,1.000987937708153,1.000986863005812,1.0009879377081536,0.0012794753316052786,0.0012739766226012234,0.9934998816405859,0.9892301887361898
64,0.75,0.75,0.477464829275686,1.5707963267948966,0.0625,24,42,1,numpy_PCG64_SeedSequence,1536,64.0,32.0,64,1979649,0.001287846486194297,0.0012878451035086703,0.001287845103508671,0.32968870046574006,0.3296883464982196,0.32968834649821976,4345.034731741178,,0.001235067428619922,0.001235067428619922,0.0006172811442836584,0.0006177862843362637,-5.05140052605285e-07,0.00040899795501022495,1.0,0.0,3.1410283587389496,0.9590175862261797,0.9590186158685092,0.9590186158685087,0.9590175862261797,0.9590186158685092,0.0012891903493224583,0.001283532029500949,1.0010434963658847,0.996649867247689
64,0.75,0.75,0.477464829275686,1.5707963267948966,0.0625,24,42,2,numpy_PCG64_SeedSequence,1536,64.0,32.0,64,1979649,0.001287846486194297,0.0012878451035086703,0.001287845103508671,0.32968870046574006,0.3296883464982196,0.32968834649821976,4345.034731741178,,0.0013027561956690302,0.0013027561956690302,0.0006506203877556072,0.000652135807913423,-1.5154201578158552e-06,0.0011632415664986429,1.0,0.0,3.141289411616639,1.0115772412586166,1.0115783273312415,1.0115783273312409,1.0115772412586166,1.0115783273312415,0.0013090039188218814,0.001303279089744377,1.0164285362070649,1.0119832633124501
64,0.75,0.75,0.477464829275686,1.5707963267948966,0.0625,24,42,3,numpy_PCG64_SeedSequence,1536,64.0,32.0,64,1979649,0.001287846486194297,0.0012878451035086703,0.001287845103508671,0.32968870046574006,0.3296883464982196,0.32968834649821976,4345.034731741178,,0.0012850762938278453,0.0012850762938278453,0.0006420330068613174,0.000643043286966528,-1.01028010521057e-06,0.0007861635220125787,1.0,0.0,3.141471309426587,0.9978489731531295,0.9978500444864981,0.9978500444864975,0.9978489731531295,0.9978500444864981,0.0012763776966238484,0.0012707769096649989,0.9910945988567783,0.9867456434347697
64,0.75,0.75,0.477464829275686,1.5707963267948966,0.0625,24,7,0,numpy_PCG64_SeedSequence,1536,64.0,32.0,64,1979649,0.001287846486194297,0.0012878451035086703,0.001287845103508671,0.32968870046574006,0.3296883464982196,0.32968834649821976,4345.034731741178,,0.0013123538566685306,0.0013123538566685306,0.0006566820683868706,0.00065567178828166,1.01028010521057e-06,0.0007698229407236335,1.0,0.0,3.1413693248339216,1.0190297296587383,1.0190308237326737,1.019030823732673,1.0190297296587383,1.0190308237326737,0.001305599628743966,0.0012998293569534973,1.0137851387878776,1.0093045800781821
64,0.75,0.75,0.477464829275686,1.5707963267948966,0.0625,24,7,1,numpy_PCG64_SeedSequence,1536,64.0,32.0,64,1979649,0.001287846486194297,0.0012878451035086703,0.001287845103508671,0.32968870046574006,0.3296883464982196,0.32968834649821976,4345.034731741178,,0.0013027561956690302,0.0013027561956690302,0.0006496101076503966,0.0006531460880186336,-3.5359803682369956e-06,0.002714230321830167,1.0,0.0,3.141437321908461,1.0115772412586166,1.0115783273312415,1.0115783273312409,1.0115772412586166,1.0115783273312415,0.0013206863119930817,0.0013149048801843564,1.025499798423824,1.0210105740708424
64,0.75,0.75,0.477464829275686,1.5707963267948966,0.0625,24,7,2,numpy_PCG64_SeedSequence,1536,64.0,32.0,64,1979649,0.001287846486194297,0.0012878451035086703,0.001287845103508671,0.32968870046574006,0.3296883464982196,0.32968834649821976,4345.034731741178,,0.0012502216301980805,0.0012502216301980805,0.0006238479649675271,0.0006263736652305535,-2.5257002630264253e-06,0.00202020202020202,1.0,0.0,3.141466424583715,0.9707846731737403,0.9707857154497179,0.9707857154497174,0.9707846731737403,0.9707857154497179,0.001284919217358877,0.0012794444381332008,0.9977270048357468,0.9934758931664867
64,0.75,0.75,0.477464829275686,1.5707963267948966,0.0625,24,7,3,numpy_PCG64_SeedSequence,1536,64.0,32.0,64,1979649,0.001287846486194297,0.0012878451035086703,0.001287845103508671,0.32968870046574006,0.3296883464982196,0.32968834649821976,4345.034731741178,,0.0012588090110923704,0.0012588090110923704,0.0006273839453357641,0.0006314250657566063,-4.04112042084228e-06,0.0032102728731942215,1.0,0.0,3.1410403532633464,0.9774526891106912,0.9774537385457361,0.9774537385457357,0.9774526891106912,0.9774537385457361,0.0012843627073224556,0.0012788166933866653,0.9972948803221598,0.9929884556083112
64,0.75,0.75,0.477464829275686,1.5707963267948966,0.0625,24,123,0,numpy_PCG64_SeedSequence,1536,64.0,32.0,64,1979649,0.001287846486194297,0.0012878451035086703,0.001287845103508671,0.32968870046574006,0.3296883464982196,0.32968834649821976,4345.034731741178,,0.001300735635458609,0.001300735635458609,0.0006511255278082125,0.0006496101076503966,1.5154201578158552e-06,0.0011650485436893205,1.0,0.0,3.1415402233878704,1.0100082963322752,1.0100093807204136,1.0100093807204131,1.0100082963322752,1.0100093807204136,0.0012715076440587725,0.0012658851555207794,0.9873130514306815,0.9829472449481029
64,0.75,0.75,0.477464829275686,1.5707963267948966,0.0625,24,123,1,numpy_PCG64_SeedSequence,1536,64.0,32.0,64,1979649,0.001287846486194297,0.0012878451035086703,0.001287845103508671,0.32968870046574006,0.3296883464982196,0.32968834649821976,4345.034731741178,,0.0012785094731439766,0.0012785094731439766,0.000637991886440475,0.0006405175867035015,-2.5257002630264253e-06,0.0019755037534571317,1.0,0.0,3.1413940664209115,0.9927499021425199,0.9927509680013076,0.9927509680013071,0.9927499021425199,0.9927509680013076,0.0012456416128260738,0.0012403461575932991,0.9672283351931622,0.9631164668225591
64,0.75,0.75,0.477464829275686,1.5707963267948966,0.0625,24,123,2,numpy_PCG64_SeedSequence,1536,64.0,32.0,64,1979649,0.001287846486194297,0.0012878451035086703,0.001287845103508671,0.32968870046574006,0.3296883464982196,0.32968834649821976,4345.034731741178,,0.001290127694353898,0.001290127694353898,0.000645063847176949,0.000645063847176949,0.0,0.0,1.0,0.0,3.141422900704849,1.0017713354689828,1.0017724110135675,1.001772411013567,1.0017713354689828,1.0017724110135675,0.0012741799625474355,0.0012687300879641505,0.9893880801839608,0.9851563067220557
64,0.75,0.75,0.477464829275686,1.5707963267948966,0.0625,24,123,3,numpy_PCG64_SeedSequence,1536,64.0,32.0,64,1979649,0.001287846486194297,0.0012878451035086703,0.001287845103508671,0.32968870046574006,0.3296883464982196,0.32968834649821976,4345.034731741178,,0.0012881071341434768,0.0012881071341434768,0.0006440535670717384,0.0006440535670717384,0.0,0.0,1.0,0.0,3.1415119243656835,1.0002023905426414,1.0002034644027396,1.000203464402739,1.0002023905426414,1.0002034644027396,0.0012778962613784752,0.0012722609131290564,0.9922737492997122,0.9878979573789906
64,0.75,0.75,0.477464829275686,1.5707963267948966,0.0625,24,2023,0,numpy_PCG64_SeedSequence,1536,64.0,32.0,64,1979649,0.001287846486194297,0.0012878451035086703,0.001287845103508671,0.32968870046574006,0.3296883464982196,0.32968834649821976,4345.034731741178,,0.0012557781707767386,0.0012557781707767386,0.0006283942254409746,0.0006273839453357641,1.01028010521057e-06,0.0008045052292839903,1.0,0.0,3.1412572962059686,0.975099271721179,0.9751003186294944,0.9751003186294939,0.975099271721179,0.9751003186294944,0.0012850455381964699,0.0012792887280754402,0.997825091710966,0.9933549858538296
64,0.75,0.75,0.477464829275686,1.5707963267948966,0.0625,24,2023,1,numpy_PCG64_SeedSequence,1536,64.0,32.0,64,1979649,0.001287846486194297,0.0012878451035086703,0.001287845103508671,0.32968870046574006,0.3296883464982196,0.32968834649821976,4345.034731741178,,0.001314879556931557,0.001314879556931557,0.0006592077686498971,0.00065567178828166,3.5359803682369956e-06,0.002689204763734153,1.0,0.0,3.1415533650360636,1.020990910816665,1.0209920069962084,1.020992006996208,1.020990910816665,1.0209920069962084,0.0013166611924296974,0.0013110221209154968,1.0223743330779667,1.0179956500791378
64,0.75,0.75,0.477464829275686,1.5707963267948966,0.0625,24,2023,2,numpy_PCG64_SeedSequence,1536,64.0,32.0,64,1979649,0.001287846486194297,0.0012878451035086703,0.001287845103508671,0.32968870046574006,0.3296883464982196,0.32968834649821976,4345.034731741178,,0.0013083127362476883,0.0013083127362476883,0.0006541563681238442,0.0006541563681238442,0.0,0.0,1.0,0.0,3.1414291179766307,1.0158918398060555,1.015892930511018,1.0158929305110174,1.0158918398060555,1.015892930511018,0.0012905978678924737,0.001285035993265142,1.0021364205498648,0.997817680166632
64,0.75,0.75,0.477464829275686,1.5707963267948966,0.0625,24,2023,3,numpy_PCG64_SeedSequence,1536,64.0,32.0,64,1979649,0.001287846486194297,0.0012878451035086703,0.001287845103508671,0.32968870046574006,0.3296883464982196,0.32968834649821976,4345.034731741178,,0.0012926533946169246,0.0012926533946169246,0.000648599827545186,0.0006440535670717384,4.5462604734475655e-06,0.0035169988276670576,1.0,0.0,3.141318862591389,1.0037325166269098,1.0037335942771024,1.003733594277102,1.0037325166269098,1.0037335942771024,0.0012709890171992667,0.001265470171601827,0.9869103428275479,0.9826250140584736
64,0.75,0.75,0.477464829275686,1.5707963267948966,0.0625,24,314159,0,numpy_PCG64_SeedSequence,1536,64.0,32.0,64,1979649,0.001287846486194297,0.0012878451035086703,0.001287845103508671,0.32968870046574006,0.3296883464982196,0.32968834649821976,4345.034731741178,,0.0012936636747221352,0.0012936636747221352,0.0006475895474399755,0.0006460741272821596,1.5154201578158552e-06,0.0011714174150722373,1.0,0.0,3.141157148649718,1.0045169890900805,1.0045180675825163,1.0045180675825158,1.0045169890900805,1.0045180675825163,0.001297123311148525,0.001291543674294229,1.0072033623989158,1.0028708298229376
64,0.75,0.75,0.477464829275686,1.5707963267948966,0.0625,24,314159,1,numpy_PCG64_SeedSequence,1536,64.0,32.0,64,1979649,0.001287846486194297,0.0012878451035086703,0.001287845103508671,0.32968870046574006,0.3296883464982196,0.32968834649821976,4345.034731741178,,0.0012744683527231343,0.0012744683527231343,0.0006364764662826592,0.000637991886440475,-1.5154201578158552e-06,0.0011890606420927466,1.0,0.0,3.1414181755600055,0.9896120122898371,0.9896130747796519,0.9896130747796514,0.9896120122898371,0.9896130747796519,0.0012845695565810043,0.0012790908387827454,0.9974554967160905,0.993201326784355
64,0.75,0.75,0.477464829275686,1.5707963267948966,0.0625,24,314159,2,numpy_PCG64_SeedSequence,1536,64.0,32.0,64,1979649,0.001287846486194297,0.0012878451035086703,0.001287845103508671,0.32968870046574006,0.3296883464982196,0.32968834649821976,4345.034731741178,,0.0012830557336174241,0.0012830557336174241,0.0006400124466508962,0.000643043286966528,-3.0308403156317105e-06,0.002362204724409449,1.0,0.0,3.1415673464288973,0.9962800282267881,0.9962810978756702,0.9962810978756697,0.9962800282267881,0.9962810978756702,0.0012831118796187819,0.0012776292641917572,0.9963236250389544,0.9920664286372107
64,0.75,0.75,0.477464829275686,1.5707963267948966,0.0625,24,314159,3,numpy_PCG64_SeedSequence,1536,64.0,32.0,64,1979649,0.001287846486194297,0.0012878451035086703,0.001287845103508671,0.32968870046574006,0.3296883464982196,0.32968834649821976,4345.034731741178,,0.0012724477925127131,0.0012724477925127131,0.0006364764662826592,0.0006359713262300539,5.05140052605285e-07,0.0003969829297340214,1.0,0.0,3.1413488684583832,0.9880430673634957,0.988044128168824,0.9880441281688236,0.9880430673634957,0.988044128168824,0.0013024675521957126,0.0012967104891289502,1.0113531124696562,1.0068828102026717
64,0.75,0.75,0.477464829275686,1.5707963267948966,0.0625,24,271828,0,numpy_PCG64_SeedSequence,1536,64.0,32.0,64,1979649,0.001287846486194297,0.0012878451035086703,0.001287845103508671,0.32968870046574006,0.3296883464982196,0.32968834649821976,4345.034731741178,,0.001291643114511714,0.001291643114511714,0.0006460741272821596,0.0006455689872295543,5.05140052605285e-07,0.00039108330074305825,1.0,0.0,3.1415890141229883,1.002948044163739,1.0029491209716885,1.0029491209716879,1.002948044163739,1.0029491209716885,0.0012761990916503143,0.0012707915302476815,0.9909559138695156,0.9867569961719471
64,0.75,0.75,0.477464829275686,1.5707963267948966,0.0625,24,271828,1,numpy_PCG64_SeedSequence,1536,64.0,32.0,64,1979649,0.001287846486194297,0.0012878451035086703,0.001287845103508671,0.32968870046574006,0.3296883464982196,0.32968834649821976,4345.034731741178,,0.0012431496694616066,0.0012431496694616066,0.0006208171246518953,0.0006223325448097112,-1.5154201578158552e-06,0.001219016659894352,1.0,0.0,3.141296967293383,0.9652933659315455,0.9652944023118206,0.9652944023118201,0.9652933659315455,0.9652944023118206,0.0012849824877401322,0.0012794474167712024,0.997776133658113,0.993478206049298
64,0.75,0.75,0.477464829275686,1.5707963267948966,0.0625,24,271828,2,numpy_PCG64_SeedSequence,1536,64.0,32.0,64,1979649,0.001287846486194297,0.0012878451035086703,0.001287845103508671,0.32968870046574006,0.3296883464982196,0.32968834649821976,4345.034731741178,,0.0012805300333543976,0.0012805300333543976,0.000637991886440475,0.0006425381469139227,-4.5462604734475655e-06,0.0035502958579881655,1.0,0.0,3.141560639394497,0.9943188470688612,0.9943199146121353,0.9943199146121348,0.9943188470688612,0.9943199146121353,0.0012748587973671927,0.0012693962789350009,0.9899151886763428,0.9856735973913954
64,0.75,0.75,0.477464829275686,1.5707963267948966,0.0625,24,271828,3,numpy_PCG64_SeedSequence,1536,64.0,32.0,64,1979649,0.001287846486194297,0.0012878451035086703,0.001287845103508671,0.32968870046574006,0.3296883464982196,0.32968834649821976,4345.034731741178,,0.0012997253553533985,0.0012997253553533985,0.0006491049675977913,0.0006506203877556072,-1.5154201578158552e-06,0.001165954139137194,1.0,0.0,3.140793316618932,1.0092238238691045,1.0092249074149997,1.0092249074149993,1.0092238238691045,1.0092249074149997,0.0013025670132751131,0.0012969353320528751,1.011430343009528,1.0070573984989752
